ISO-10303-21;
HEADER;
FILE_DESCRIPTION (( 'STEP AP214' ),
    '1' );
FILE_NAME ('REV-41-6457.STEP',
    '2025-10-13T21:49:39',
    ( '' ),
    ( '' ),
    'SwSTEP 2.0',
    'SolidWorks 2022',
    '' );
FILE_SCHEMA (( 'AUTOMOTIVE_DESIGN' ));
ENDSEC;

DATA;
#1 = DIRECTION ( 'NONE',  ( 0.000000000000000000, 0.000000000000000000, -1.000000000000000000 ) ) ;
#2 = EDGE_LOOP ( 'NONE', ( #2020, #903, #2050, #1067 ) ) ;
#3 = B_SPLINE_CURVE_WITH_KNOTS ( 'NONE', 3,
 ( #801, #976, #223, #201 ),
 .UNSPECIFIED., .F., .F.,
 ( 4, 4 ),
 ( 0.000000000000000000, 1.000000000000000000 ),
 .UNSPECIFIED. ) ;
#4 = EDGE_CURVE ( 'NONE', #434, #2154, #760, .T. ) ;
#5 = CARTESIAN_POINT ( 'NONE',  ( -240.0000000000000000, -2.164514257973801481, 3.298166616019893027 ) ) ;
#6 = CARTESIAN_POINT ( 'NONE',  ( 240.0000000000000000, 0.08660860652811631921, -3.438063111678937300 ) ) ;
#7 = DIRECTION ( 'NONE',  ( 1.000000000000000000, -0.000000000000000000, -0.000000000000000000 ) ) ;
#8 = CARTESIAN_POINT ( 'NONE',  ( -240.0000000000000000, 1.431487030455816711, -3.676121581454665055 ) ) ;
#9 = DIRECTION ( 'NONE',  ( 1.000000000000000000, -0.000000000000000000, -0.000000000000000000 ) ) ;
#10 = EDGE_CURVE ( 'NONE', #2386, #2170, #1533, .T. ) ;
#11 = CARTESIAN_POINT ( 'NONE',  ( 240.0000000000000000, 2.767374259251602631, 2.587545727148212293 ) ) ;
#12 = ADVANCED_FACE ( 'NONE', ( #569 ), #1260, .T. ) ;
#13 = EDGE_LOOP ( 'NONE', ( #1577, #67, #2295, #674 ) ) ;
#14 = CARTESIAN_POINT ( 'NONE',  ( -240.0000000000000000, 2.934145569853655378, -1.794036797507652103 ) ) ;
#15 = ORIENTED_EDGE ( 'NONE', *, *, #886, .F. ) ;
#16 = CARTESIAN_POINT ( 'NONE',  ( 240.0000000000000000, -0.7995295153656877263, 3.344926242037527420 ) ) ;
#17 = CARTESIAN_POINT ( 'NONE',  ( 240.0000000000000000, 1.774265283961502071, 2.774587047918120053 ) ) ;
#18 = CARTESIAN_POINT ( 'NONE',  ( -240.0000000000000000, 1.431487030455816711, -3.676121581454665055 ) ) ;
#19 = CYLINDRICAL_SURFACE ( 'NONE', #202, 3.945000000000000728 ) ;
#20 = EDGE_CURVE ( 'NONE', #489, #2057, #433, .T. ) ;
#21 = CARTESIAN_POINT ( 'NONE',  ( -240.0000000000000000, 3.938553204286449727, -0.2254410277765684645 ) ) ;
#22 = CARTESIAN_POINT ( 'NONE',  ( -240.0000000000000000, -0.7995295416882055584, -3.344926122931751067 ) ) ;
#23 = EDGE_CURVE ( 'NONE', #1496, #221, #720, .T. ) ;
#24 = ORIENTED_EDGE ( 'NONE', *, *, #1928, .F. ) ;
#25 = LINE ( 'NONE', #390, #1484 ) ;
#26 = ORIENTED_EDGE ( 'NONE', *, *, #1607, .T. ) ;
#27 = ORIENTED_EDGE ( 'NONE', *, *, #2334, .F. ) ;
#28 = LINE ( 'NONE', #418, #998 ) ;
#29 = B_SPLINE_CURVE_WITH_KNOTS ( 'NONE', 3,
 ( #589, #966, #1379, #1525 ),
 .UNSPECIFIED., .F., .F.,
 ( 4, 4 ),
 ( 0.000000000000000000, 1.000000000000000000 ),
 .UNSPECIFIED. ) ;
#30 = VECTOR ( 'NONE', #823, 1000.000000000000000 ) ;
#31 = DIRECTION ( 'NONE',  ( 0.000000000000000000, 0.000000000000000000, -1.000000000000000000 ) ) ;
#32 = CIRCLE ( 'NONE', #1758, 0.2985305544400576605 ) ;
#33 = DIRECTION ( 'NONE',  ( 0.000000000000000000, 0.000000000000000000, -1.000000000000000000 ) ) ;
#34 = CARTESIAN_POINT ( 'NONE',  ( 240.0000000000000000, -2.090910628036011687, 2.730544223443055696 ) ) ;
#35 = CARTESIAN_POINT ( 'NONE',  ( -240.0000000000000000, 3.598139827399269741, -0.4064013456434426019 ) ) ;
#36 = AXIS2_PLACEMENT_3D ( 'NONE', #1200, #2206, #2191 ) ;
#37 = CIRCLE ( 'NONE', #2431, 0.2985305544400572164 ) ;
#38 = EDGE_LOOP ( 'NONE', ( #2242, #768, #872, #1339 ) ) ;
#39 = EDGE_CURVE ( 'NONE', #123, #553, #70, .T. ) ;
#40 = CIRCLE ( 'NONE', #1254, 3.944999999999998952 ) ;
#41 = CARTESIAN_POINT ( 'NONE',  ( -240.0000000000000000, -3.759774023580451097, -0.4667466898233094685 ) ) ;
#42 = VERTEX_POINT ( 'NONE', #620 ) ;
#43 = DIRECTION ( 'NONE',  ( -1.000000000000000000, -0.000000000000000000, -0.000000000000000000 ) ) ;
#44 = ORIENTED_EDGE ( 'NONE', *, *, #1696, .F. ) ;
#45 = VERTEX_POINT ( 'NONE', #1731 ) ;
#46 = FACE_OUTER_BOUND ( 'NONE', #648, .T. ) ;
#47 = DIRECTION ( 'NONE',  ( 0.000000000000000000, 0.000000000000000000, -1.000000000000000000 ) ) ;
#48 = ADVANCED_FACE ( 'NONE', ( #242 ), #789, .T. ) ;
#49 = B_SPLINE_CURVE_WITH_KNOTS ( 'NONE', 3,
 ( #509, #1866, #1461, #359 ),
 .UNSPECIFIED., .F., .F.,
 ( 4, 4 ),
 ( 0.000000000000000000, 1.000000000000000000 ),
 .UNSPECIFIED. ) ;
#50 = CARTESIAN_POINT ( 'NONE',  ( 240.0000000000000000, -1.774038945033405978, 3.523607642956966934 ) ) ;
#51 = DIRECTION ( 'NONE',  ( -1.000000000000000000, -0.000000000000000000, -0.000000000000000000 ) ) ;
#52 = ORIENTED_EDGE ( 'NONE', *, *, #2027, .T. ) ;
#53 = CARTESIAN_POINT ( 'NONE',  ( 240.0000000000000000, 3.580571847001755348, 1.238248129136384712 ) ) ;
#54 = ADVANCED_FACE ( 'NONE', ( #1782 ), #1077, .T. ) ;
#55 = DIRECTION ( 'NONE',  ( -1.000000000000000000, -0.000000000000000000, -0.000000000000000000 ) ) ;
#56 = ORIENTED_EDGE ( 'NONE', *, *, #1860, .T. ) ;
#57 = ORIENTED_EDGE ( 'NONE', *, *, #2183, .T. ) ;
#58 = DIRECTION ( 'NONE',  ( 0.000000000000000000, 0.000000000000000000, -1.000000000000000000 ) ) ;
#59 = CARTESIAN_POINT ( 'NONE',  ( -240.0000000000000000, -1.096556253784097379, -3.374853104667172143 ) ) ;
#60 = DIRECTION ( 'NONE',  ( -1.000000000000000000, -0.000000000000000000, -0.000000000000000000 ) ) ;
#61 = CARTESIAN_POINT ( 'NONE',  ( -240.0000000000000000, 0.08660860652811561144, -3.438063111678937300 ) ) ;
#62 = ORIENTED_EDGE ( 'NONE', *, *, #261, .T. ) ;
#63 = CARTESIAN_POINT ( 'NONE',  ( -240.0000000000000000, -0.7995295153656872822, 3.344926242037527420 ) ) ;
#64 = B_SPLINE_CURVE_WITH_KNOTS ( 'NONE', 3,
 ( #1073, #76, #659, #92 ),
 .UNSPECIFIED., .F., .F.,
 ( 4, 4 ),
 ( 0.000000000000000000, 1.000000000000000000 ),
 .UNSPECIFIED. ) ;
#65 = B_SPLINE_SURFACE_WITH_KNOTS ( 'NONE', 3, 1, ( 
 ( #2470, #1921 ),
 ( #2296, #220 ),
 ( #771, #1182 ),
 ( #597, #575 ) ),
 .UNSPECIFIED., .F., .F., .F.,
 ( 4, 4 ),
 ( 2, 2 ),
 ( 0.000000000000000000, 1.000000000000000000 ),
 ( 0.000000000000000000, 1.000000000000000000 ),
 .UNSPECIFIED. ) ;
#66 = CARTESIAN_POINT ( 'NONE',  ( 240.0000000000000000, -3.805614542273635603, -1.039385855029505423 ) ) ;
#67 = ORIENTED_EDGE ( 'NONE', *, *, #2056, .T. ) ;
#68 = ORIENTED_EDGE ( 'NONE', *, *, #230, .F. ) ;
#69 = EDGE_CURVE ( 'NONE', #2121, #1183, #289, .T. ) ;
#70 = B_SPLINE_CURVE_WITH_KNOTS ( 'NONE', 3,
 ( #1583, #969, #1179, #607 ),
 .UNSPECIFIED., .F., .F.,
 ( 4, 4 ),
 ( 0.000000000000000000, 1.000000000000000000 ),
 .UNSPECIFIED. ) ;
#71 = ADVANCED_FACE ( 'NONE', ( #993 ), #1965, .T. ) ;
#72 = CARTESIAN_POINT ( 'NONE',  ( -240.0000000000000000, 2.467871160518345874, -3.077764925247186589 ) ) ;
#73 = CARTESIAN_POINT ( 'NONE',  ( -240.0000000000000000, -3.604007430198690631, -0.3505748341371561771 ) ) ;
#74 = CARTESIAN_POINT ( 'NONE',  ( -240.0000000000000000, 1.950774852829240347, -2.832358686584800278 ) ) ;
#75 =( NAMED_UNIT ( * ) SI_UNIT ( $, .STERADIAN. ) SOLID_ANGLE_UNIT ( ) );
#76 = CARTESIAN_POINT ( 'NONE',  ( 240.0000000000000000, -3.586133279109763539, -0.3427087420021801556 ) ) ;
#77 = ORIENTED_EDGE ( 'NONE', *, *, #119, .F. ) ;
#78 = CIRCLE ( 'NONE', #117, 3.945000000000001616 ) ;
#79 = DIRECTION ( 'NONE',  ( -1.000000000000000000, -0.000000000000000000, -0.000000000000000000 ) ) ;
#80 = AXIS2_PLACEMENT_3D ( 'NONE', #1065, #2021, #1610 ) ;
#81 = AXIS2_PLACEMENT_3D ( 'NONE', #2251, #1511, #1469 ) ;
#82 = AXIS2_PLACEMENT_3D ( 'NONE', #1367, #1943, #185 ) ;
#83 = CARTESIAN_POINT ( 'NONE',  ( -240.0000000000000000, -3.053845564128895074, 2.497409111549464544 ) ) ;
#84 = VERTEX_POINT ( 'NONE', #217 ) ;
#85 = ORIENTED_EDGE ( 'NONE', *, *, #2124, .T. ) ;
#86 = CARTESIAN_POINT ( 'NONE',  ( 240.0000000000000000, 0.000000000000000000, 0.000000000000000000 ) ) ;
#87 = CARTESIAN_POINT ( 'NONE',  ( -240.0000000000000000, 2.467871161712089201, 3.077764924290000703 ) ) ;
#88 = EDGE_CURVE ( 'NONE', #221, #1144, #1833, .T. ) ;
#89 = FACE_OUTER_BOUND ( 'NONE', #635, .T. ) ;
#90 = PRESENTATION_STYLE_ASSIGNMENT (( #1419 ) ) ;
#91 = B_SPLINE_SURFACE_WITH_KNOTS ( 'NONE', 3, 1, ( 
 ( #1752, #1740 ),
 ( #2302, #432 ),
 ( #189, #205 ),
 ( #1730, #952 ) ),
 .UNSPECIFIED., .F., .F., .F.,
 ( 4, 4 ),
 ( 2, 2 ),
 ( 0.000000000000000000, 1.000000000000000000 ),
 ( 0.000000000000000000, 1.000000000000000000 ),
 .UNSPECIFIED. ) ;
#92 = CARTESIAN_POINT ( 'NONE',  ( 240.0000000000000000, -3.899358192399956291, -0.5983566556522597057 ) ) ;
#93 = EDGE_CURVE ( 'NONE', #2382, #1870, #732, .T. ) ;
#94 = ORIENTED_EDGE ( 'NONE', *, *, #1141, .F. ) ;
#95 = CARTESIAN_POINT ( 'NONE',  ( 240.0000000000000000, 0.08660865703890625877, 3.438063000648665213 ) ) ;
#96 = CARTESIAN_POINT ( 'NONE',  ( 240.0000000000000000, 3.755146423663476618, 0.3370231869108027967 ) ) ;
#97 = EDGE_LOOP ( 'NONE', ( #811, #2046, #1438, #1008 ) ) ;
#98 = ORIENTED_EDGE ( 'NONE', *, *, #794, .T. ) ;
#99 = DIRECTION ( 'NONE',  ( 1.000000000000000000, 0.000000000000000000, 0.000000000000000000 ) ) ;
#100 = FACE_OUTER_BOUND ( 'NONE', #97, .T. ) ;
#101 = DIRECTION ( 'NONE',  ( -1.000000000000000000, -0.000000000000000000, -0.000000000000000000 ) ) ;
#102 = CARTESIAN_POINT ( 'NONE',  ( 240.0000000000000000, 0.6300975140089831728, 3.380940125682777797 ) ) ;
#103 = CARTESIAN_POINT ( 'NONE',  ( 240.0000000000000000, -3.318867386079217940, 2.132637867435469126 ) ) ;
#104 = ORIENTED_EDGE ( 'NONE', *, *, #1273, .F. ) ;
#105 = ADVANCED_FACE ( 'NONE', ( #2153 ), #1570, .T. ) ;
#106 = EDGE_CURVE ( 'NONE', #1094, #416, #1955, .T. ) ;
#107 = CARTESIAN_POINT ( 'NONE',  ( -240.0000000000000000, 2.709640541553635984, 2.402003415240399509 ) ) ;
#108 = DIRECTION ( 'NONE',  ( 1.000000000000000000, -0.000000000000000000, -0.000000000000000000 ) ) ;
#109 = ORIENTED_EDGE ( 'NONE', *, *, #2469, .F. ) ;
#110 = EDGE_LOOP ( 'NONE', ( #191, #2174, #190, #68 ) ) ;
#111 = CARTESIAN_POINT ( 'NONE',  ( -240.0000000000000000, 3.689742515767553410, -1.396003283426396235 ) ) ;
#112 = CARTESIAN_POINT ( 'NONE',  ( 240.0000000000000000, -3.604151532161276261, 0.3506381856051263290 ) ) ;
#113 = CARTESIAN_POINT ( 'NONE',  ( 240.0000000000000000, -3.243028794519929203, -1.144789608848203466 ) ) ;
#114 = DIRECTION ( 'NONE',  ( 1.000000000000000000, -0.000000000000000000, -0.000000000000000000 ) ) ;
#115 = VERTEX_POINT ( 'NONE', #1164 ) ;
#116 = CARTESIAN_POINT ( 'NONE',  ( -240.0000000000000000, -0.6358969506700028473, 3.893412393791416903 ) ) ;
#117 = AXIS2_PLACEMENT_3D ( 'NONE', #458, #267, #33 ) ;
#118 = PRESENTATION_LAYER_ASSIGNMENT (  '', '', ( #2273 ) ) ;
#119 = EDGE_CURVE ( 'NONE', #372, #1094, #314, .T. ) ;
#120 = AXIS2_PLACEMENT_3D ( 'NONE', #1180, #1385, #807 ) ;
#121 = VECTOR ( 'NONE', #1606, 1000.000000000000000 ) ;
#122 = LINE ( 'NONE', #887, #1050 ) ;
#123 = VERTEX_POINT ( 'NONE', #669 ) ;
#124 = AXIS2_PLACEMENT_3D ( 'NONE', #2090, #948, #1376 ) ;
#125 = EDGE_LOOP ( 'NONE', ( #2081, #1922, #2098, #2355 ) ) ;
#126 = DIRECTION ( 'NONE',  ( 1.000000000000000000, 0.000000000000000000, 0.000000000000000000 ) ) ;
#127 = B_SPLINE_CURVE_WITH_KNOTS ( 'NONE', 3,
 ( #2224, #1863, #1853, #515 ),
 .UNSPECIFIED., .F., .F.,
 ( 4, 4 ),
 ( 0.000000000000000000, 1.000000000000000000 ),
 .UNSPECIFIED. ) ;
#128 = CARTESIAN_POINT ( 'NONE',  ( 240.0000000000000000, -2.164514259253022654, -3.298166615180370798 ) ) ;
#129 = DIRECTION ( 'NONE',  ( -1.000000000000000000, -0.000000000000000000, -0.000000000000000000 ) ) ;
#130 = DIRECTION ( 'NONE',  ( 0.000000000000000000, 0.000000000000000000, -1.000000000000000000 ) ) ;
#131 = EDGE_CURVE ( 'NONE', #45, #2270, #1205, .T. ) ;
#132 = VERTEX_POINT ( 'NONE', #841 ) ;
#133 = MANIFOLD_SOLID_BREP ( 'ISO-5e-FITMENT-Cut-Extrude1', #1797 ) ;
#134 = CARTESIAN_POINT ( 'NONE',  ( -240.0000000000000000, -2.862578312587137130, -2.481737029811426964 ) ) ;
#135 = B_SPLINE_SURFACE_WITH_KNOTS ( 'NONE', 3, 1, ( 
 ( #865, #695 ),
 ( #1448, #473 ),
 ( #1236, #1085 ),
 ( #1989, #282 ) ),
 .UNSPECIFIED., .F., .F., .F.,
 ( 4, 4 ),
 ( 2, 2 ),
 ( 0.000000000000000000, 1.000000000000000000 ),
 ( 0.000000000000000000, 1.000000000000000000 ),
 .UNSPECIFIED. ) ;
#136 = EDGE_CURVE ( 'NONE', #42, #1692, #1122, .T. ) ;
#137 = CARTESIAN_POINT ( 'NONE',  ( 240.0000000000000000, 1.002672716347084325, 3.815451798135201411 ) ) ;
#138 = ORIENTED_EDGE ( 'NONE', *, *, #182, .T. ) ;
#139 = DIRECTION ( 'NONE',  ( 0.000000000000000000, 0.000000000000000000, -1.000000000000000000 ) ) ;
#140 = DIRECTION ( 'NONE',  ( 0.000000000000000000, 0.000000000000000000, -1.000000000000000000 ) ) ;
#141 = CARTESIAN_POINT ( 'NONE',  ( -240.0000000000000000, -3.899358192167881487, 0.5983566571646569132 ) ) ;
#142 = CARTESIAN_POINT ( 'NONE',  ( 240.0000000000000000, 3.410175861974695355, -0.4455096478287830508 ) ) ;
#143 = EDGE_LOOP ( 'NONE', ( #229, #689, #1105, #2418 ) ) ;
#144 = FACE_OUTER_BOUND ( 'NONE', #557, .T. ) ;
#145 = VERTEX_POINT ( 'NONE', #1274 ) ;
#146 = CARTESIAN_POINT ( 'NONE',  ( -240.0000000000000000, 0.6300975140089833948, 3.380940125682777797 ) ) ;
#147 = ORIENTED_EDGE ( 'NONE', *, *, #1976, .T. ) ;
#148 = CARTESIAN_POINT ( 'NONE',  ( 240.0000000000000000, 0.000000000000000000, 0.000000000000000000 ) ) ;
#149 = EDGE_CURVE ( 'NONE', #358, #1677, #2369, .T. ) ;
#150 = DIRECTION ( 'NONE',  ( 1.000000000000000000, -0.000000000000000000, -0.000000000000000000 ) ) ;
#151 = B_SPLINE_SURFACE_WITH_KNOTS ( 'NONE', 3, 1, ( 
 ( #2162, #66 ),
 ( #831, #1036 ),
 ( #1798, #1657 ),
 ( #315, #510 ) ),
 .UNSPECIFIED., .F., .F., .F.,
 ( 4, 4 ),
 ( 2, 2 ),
 ( 0.000000000000000000, 1.000000000000000000 ),
 ( 0.000000000000000000, 1.000000000000000000 ),
 .UNSPECIFIED. ) ;
#152 = CARTESIAN_POINT ( 'NONE',  ( -240.0000000000000000, 2.105610427389642769, -2.945874572911348022 ) ) ;
#153 = ORIENTED_EDGE ( 'NONE', *, *, #1100, .T. ) ;
#154 = FACE_OUTER_BOUND ( 'NONE', #2163, .T. ) ;
#155 = ORIENTED_EDGE ( 'NONE', *, *, #1617, .T. ) ;
#156 = VECTOR ( 'NONE', #939, 1000.000000000000000 ) ;
#157 = CARTESIAN_POINT ( 'NONE',  ( -240.0000000000000000, -2.374430395790492643, 2.338541570349263132 ) ) ;
#158 = EDGE_CURVE ( 'NONE', #221, #232, #1459, .T. ) ;
#159 = ORIENTED_EDGE ( 'NONE', *, *, #2344, .F. ) ;
#160 = ORIENTED_EDGE ( 'NONE', *, *, #1060, .F. ) ;
#161 = AXIS2_PLACEMENT_3D ( 'NONE', #169, #2033, #1290 ) ;
#162 = CARTESIAN_POINT ( 'NONE',  ( -240.0000000000000000, -2.168920902695631536, 3.106308967034898671 ) ) ;
#163 = CIRCLE ( 'NONE', #445, 3.945000000000000728 ) ;
#164 = VECTOR ( 'NONE', #108, 1000.000000000000000 ) ;
#165 = LINE ( 'NONE', #1887, #1363 ) ;
#166 = EDGE_CURVE ( 'NONE', #1154, #1683, #64, .T. ) ;
#167 = CARTESIAN_POINT ( 'NONE',  ( -240.0000000000000000, 0.000000000000000000, 0.000000000000000000 ) ) ;
#168 = ORIENTED_EDGE ( 'NONE', *, *, #2265, .T. ) ;
#169 = CARTESIAN_POINT ( 'NONE',  ( -240.0000000000000000, 3.470986649574610006, 0.7377809798778314221 ) ) ;
#170 = VERTEX_POINT ( 'NONE', #300 ) ;
#171 = EDGE_CURVE ( 'NONE', #2382, #2049, #2180, .T. ) ;
#172 = EDGE_LOOP ( 'NONE', ( #2125, #153, #608, #832 ) ) ;
#173 = B_SPLINE_CURVE_WITH_KNOTS ( 'NONE', 3,
 ( #568, #968, #804, #1569 ),
 .UNSPECIFIED., .F., .F.,
 ( 4, 4 ),
 ( 0.000000000000000000, 1.000000000000000000 ),
 .UNSPECIFIED. ) ;
#174 = CARTESIAN_POINT ( 'NONE',  ( 240.0000000000000000, -1.774038946400067651, -3.523607642268890228 ) ) ;
#175 = CARTESIAN_POINT ( 'NONE',  ( -240.0000000000000000, 3.506352262610188397, -1.807904535778472654 ) ) ;
#176 = DIRECTION ( 'NONE',  ( 1.000000000000000000, -0.000000000000000000, -0.000000000000000000 ) ) ;
#177 = ORIENTED_EDGE ( 'NONE', *, *, #752, .F. ) ;
#178 = DIRECTION ( 'NONE',  ( 1.000000000000000000, -0.000000000000000000, -0.000000000000000000 ) ) ;
#179 = CARTESIAN_POINT ( 'NONE',  ( 240.0000000000000000, 0.08660865703890625877, 3.438063000648665213 ) ) ;
#180 = VERTEX_POINT ( 'NONE', #103 ) ;
#181 = ADVANCED_FACE ( 'NONE', ( #1818 ), #135, .T. ) ;
#182 = EDGE_CURVE ( 'NONE', #2059, #180, #1049, .T. ) ;
#183 = CARTESIAN_POINT ( 'NONE',  ( -240.0000000000000000, 3.938553204373890892, 0.2254410262489605909 ) ) ;
#184 = ORIENTED_EDGE ( 'NONE', *, *, #1607, .F. ) ;
#185 = DIRECTION ( 'NONE',  ( 0.000000000000000000, 0.000000000000000000, -1.000000000000000000 ) ) ;
#186 = DIRECTION ( 'NONE',  ( 0.000000000000000000, 0.000000000000000000, -1.000000000000000000 ) ) ;
#187 = DIRECTION ( 'NONE',  ( 0.000000000000000000, 0.000000000000000000, -1.000000000000000000 ) ) ;
#188 = CARTESIAN_POINT ( 'NONE',  ( -240.0000000000000000, -3.243028794519929203, -1.144789608848203466 ) ) ;
#189 = CARTESIAN_POINT ( 'NONE',  ( -240.0000000000000000, 2.709719885431697950, -2.402139368663050778 ) ) ;
#190 = ORIENTED_EDGE ( 'NONE', *, *, #1586, .T. ) ;
#191 = ORIENTED_EDGE ( 'NONE', *, *, #2177, .F. ) ;
#192 = CARTESIAN_POINT ( 'NONE',  ( 240.0000000000000000, -0.7802830633297350715, -3.535948332815176176 ) ) ;
#193 = ADVANCED_FACE ( 'NONE', ( #879 ), #2408, .F. ) ;
#194 = VERTEX_POINT ( 'NONE', #1500 ) ;
#195 = EDGE_CURVE ( 'NONE', #293, #987, #1319, .T. ) ;
#196 = DIRECTION ( 'NONE',  ( 1.000000000000000000, 0.000000000000000000, 0.000000000000000000 ) ) ;
#197 = AXIS2_PLACEMENT_3D ( 'NONE', #1568, #2167, #667 ) ;
#198 = CARTESIAN_POINT ( 'NONE',  ( 240.0000000000000000, -2.164514259253023543, -3.298166615180369909 ) ) ;
#199 = AXIS2_PLACEMENT_3D ( 'NONE', #350, #733, #742 ) ;
#200 = CIRCLE ( 'NONE', #1719, 3.945000000000000728 ) ;
#201 = CARTESIAN_POINT ( 'NONE',  ( 240.0000000000000000, -2.164514259253023543, -3.298166615180369909 ) ) ;
#202 = AXIS2_PLACEMENT_3D ( 'NONE', #1371, #1595, #256 ) ;
#203 = VECTOR ( 'NONE', #7, 1000.000000000000000 ) ;
#204 = CARTESIAN_POINT ( 'NONE',  ( -240.0000000000000000, 2.934145569853655378, -1.794036797507652103 ) ) ;
#205 = CARTESIAN_POINT ( 'NONE',  ( 240.0000000000000000, 2.709719885431697950, -2.402139368663050778 ) ) ;
#206 = EDGE_CURVE ( 'NONE', #132, #340, #1518, .T. ) ;
#207 = CARTESIAN_POINT ( 'NONE',  ( -240.0000000000000000, -0.7802673424586730189, 3.536104958605929216 ) ) ;
#208 = ORIENTED_EDGE ( 'NONE', *, *, #913, .T. ) ;
#209 = CARTESIAN_POINT ( 'NONE',  ( 240.0000000000000000, 2.709640541553635984, 2.402003415240399509 ) ) ;
#210 = ORIENTED_EDGE ( 'NONE', *, *, #239, .T. ) ;
#211 = DIRECTION ( 'NONE',  ( -1.000000000000000000, -0.000000000000000000, -0.000000000000000000 ) ) ;
#212 = CARTESIAN_POINT ( 'NONE',  ( 240.0000000000000000, 1.002672714867224535, -3.815451798524097438 ) ) ;
#213 = EDGE_CURVE ( 'NONE', #1677, #809, #1640, .T. ) ;
#214 = DIRECTION ( 'NONE',  ( 1.000000000000000000, -0.000000000000000000, -0.000000000000000000 ) ) ;
#215 = CARTESIAN_POINT ( 'NONE',  ( -240.0000000000000000, -2.090910628036011687, 2.730544223443055696 ) ) ;
#216 = CARTESIAN_POINT ( 'NONE',  ( -240.0000000000000000, 2.612931280510966570, -2.236150516834563895 ) ) ;
#217 = CARTESIAN_POINT ( 'NONE',  ( 240.0000000000000000, 3.296555857072566820, -0.9800502496365862681 ) ) ;
#218 = CARTESIAN_POINT ( 'NONE',  ( 240.0000000000000000, -0.1874848772321598134, -3.940542401853994736 ) ) ;
#219 = ORIENTED_EDGE ( 'NONE', *, *, #2322, .F. ) ;
#220 = CARTESIAN_POINT ( 'NONE',  ( 240.0000000000000000, 2.284041966336621599, 3.022668618430507159 ) ) ;
#221 = VERTEX_POINT ( 'NONE', #1479 ) ;
#222 = CARTESIAN_POINT ( 'NONE',  ( -240.0000000000000000, 3.470986646337687276, -0.7377809951063523108 ) ) ;
#223 = CARTESIAN_POINT ( 'NONE',  ( 240.0000000000000000, -2.169443859141234832, -3.083540801933816411 ) ) ;
#224 = EDGE_CURVE ( 'NONE', #1692, #2387, #2261, .T. ) ;
#225 = DIRECTION ( 'NONE',  ( 1.000000000000000000, -0.000000000000000000, -0.000000000000000000 ) ) ;
#226 = CARTESIAN_POINT ( 'NONE',  ( 240.0000000000000000, 3.689742515767553410, -1.396003283426396235 ) ) ;
#227 = CARTESIAN_POINT ( 'NONE',  ( 240.0000000000000000, 1.477507147813548638, -3.105600044882157462 ) ) ;
#228 = CARTESIAN_POINT ( 'NONE',  ( -240.0000000000000000, 0.3709224534556705422, 3.230560777520209204 ) ) ;
#229 = ORIENTED_EDGE ( 'NONE', *, *, #1567, .F. ) ;
#230 = EDGE_CURVE ( 'NONE', #1609, #249, #163, .T. ) ;
#231 = CARTESIAN_POINT ( 'NONE',  ( -240.0000000000000000, -0.7995295416882055584, -3.344926122931751067 ) ) ;
#232 = VERTEX_POINT ( 'NONE', #142 ) ;
#233 = VERTEX_POINT ( 'NONE', #565 ) ;
#234 = CARTESIAN_POINT ( 'NONE',  ( 240.0000000000000000, -3.244857520251719141, 1.955574839809853360 ) ) ;
#235 = AXIS2_PLACEMENT_3D ( 'NONE', #1765, #1578, #812 ) ;
#236 = CARTESIAN_POINT ( 'NONE',  ( -240.0000000000000000, -2.374430395790492643, 2.637072124789320959 ) ) ;
#237 = AXIS2_PLACEMENT_3D ( 'NONE', #1349, #2105, #396 ) ;
#238 = AXIS2_PLACEMENT_3D ( 'NONE', #167, #927, #2452 ) ;
#239 = EDGE_CURVE ( 'NONE', #1302, #1720, #965, .T. ) ;
#240 = CARTESIAN_POINT ( 'NONE',  ( -240.0000000000000000, 2.870821528176310089, 2.085773920911397017 ) ) ;
#241 = LINE ( 'NONE', #1781, #1291 ) ;
#242 = FACE_OUTER_BOUND ( 'NONE', #455, .T. ) ;
#243 = VECTOR ( 'NONE', #1265, 1000.000000000000000 ) ;
#244 = VERTEX_POINT ( 'NONE', #370 ) ;
#245 = EDGE_CURVE ( 'NONE', #545, #2049, #200, .T. ) ;
#246 = CARTESIAN_POINT ( 'NONE',  ( -240.0000000000000000, -0.7995295153656877263, 3.344926242037527420 ) ) ;
#247 = ADVANCED_FACE ( 'NONE', ( #1308 ), #1299, .F. ) ;
#248 = FACE_OUTER_BOUND ( 'NONE', #1330, .T. ) ;
#249 = VERTEX_POINT ( 'NONE', #517 ) ;
#250 = ORIENTED_EDGE ( 'NONE', *, *, #1951, .T. ) ;
#251 = B_SPLINE_CURVE_WITH_KNOTS ( 'NONE', 3,
 ( #1092, #2060, #1078, #524 ),
 .UNSPECIFIED., .F., .F.,
 ( 4, 4 ),
 ( 0.000000000000000000, 1.000000000000000000 ),
 .UNSPECIFIED. ) ;
#252 = B_SPLINE_SURFACE_WITH_KNOTS ( 'NONE', 3, 1, ( 
 ( #2146, #1166 ),
 ( #1723, #1757 ),
 ( #41, #955 ),
 ( #436, #412 ) ),
 .UNSPECIFIED., .F., .F., .F.,
 ( 4, 4 ),
 ( 2, 2 ),
 ( 0.000000000000000000, 1.000000000000000000 ),
 ( 0.000000000000000000, 1.000000000000000000 ),
 .UNSPECIFIED. ) ;
#253 = CYLINDRICAL_SURFACE ( 'NONE', #2195, 0.2985305544400572164 ) ;
#254 = CARTESIAN_POINT ( 'NONE',  ( 240.0000000000000000, -3.428282106768813620, 0.2732412981614709135 ) ) ;
#255 = CARTESIAN_POINT ( 'NONE',  ( -240.0000000000000000, -1.605736549111472788, 3.431524925699785733 ) ) ;
#256 = DIRECTION ( 'NONE',  ( 0.000000000000000000, 0.000000000000000000, -1.000000000000000000 ) ) ;
#257 = CARTESIAN_POINT ( 'NONE',  ( -240.0000000000000000, 0.08660865703890625877, 3.438063000648665213 ) ) ;
#258 = ORIENTED_EDGE ( 'NONE', *, *, #2308, .T. ) ;
#259 = CARTESIAN_POINT ( 'NONE',  ( -240.0000000000000000, 2.802941827003310848, 2.776065942018551613 ) ) ;
#260 = EDGE_CURVE ( 'NONE', #1020, #972, #1249, .T. ) ;
#261 = EDGE_CURVE ( 'NONE', #1535, #1470, #2040, .T. ) ;
#262 = CARTESIAN_POINT ( 'NONE',  ( -240.0000000000000000, 3.316067900920530942, -1.832333718877594331 ) ) ;
#263 = ORIENTED_EDGE ( 'NONE', *, *, #853, .T. ) ;
#264 = ORIENTED_EDGE ( 'NONE', *, *, #870, .T. ) ;
#265 = CARTESIAN_POINT ( 'NONE',  ( -240.0000000000000000, 0.000000000000000000, 0.000000000000000000 ) ) ;
#266 = CARTESIAN_POINT ( 'NONE',  ( -240.0000000000000000, 2.612931280510966570, -2.236150516834563895 ) ) ;
#267 = DIRECTION ( 'NONE',  ( 1.000000000000000000, 0.000000000000000000, 0.000000000000000000 ) ) ;
#268 = CARTESIAN_POINT ( 'NONE',  ( 240.0000000000000000, 2.467871160518345874, -3.077764925247186589 ) ) ;
#269 = DIRECTION ( 'NONE',  ( 1.000000000000000000, -0.000000000000000000, -0.000000000000000000 ) ) ;
#270 = ORIENTED_EDGE ( 'NONE', *, *, #2468, .T. ) ;
#271 = CARTESIAN_POINT ( 'NONE',  ( -240.0000000000000000, -0.7802673424586730189, 3.536104958605929216 ) ) ;
#272 = ADVANCED_FACE ( 'NONE', ( #2092 ), #382, .F. ) ;
#273 = CARTESIAN_POINT ( 'NONE',  ( 240.0000000000000000, 2.802941825926581476, -2.776065943105698430 ) ) ;
#274 = ORIENTED_EDGE ( 'NONE', *, *, #563, .F. ) ;
#275 = ORIENTED_EDGE ( 'NONE', *, *, #206, .F. ) ;
#276 = EDGE_CURVE ( 'NONE', #232, #995, #783, .T. ) ;
#277 = FACE_OUTER_BOUND ( 'NONE', #917, .T. ) ;
#278 = CARTESIAN_POINT ( 'NONE',  ( -240.0000000000000000, 2.284041966336621599, 3.022668618430507159 ) ) ;
#279 = CARTESIAN_POINT ( 'NONE',  ( 240.0000000000000000, 0.6300974415174813714, -3.380940027580565665 ) ) ;
#280 = VECTOR ( 'NONE', #178, 1000.000000000000000 ) ;
#281 = CARTESIAN_POINT ( 'NONE',  ( -240.0000000000000000, -0.1874848757037880786, 3.940542401926713456 ) ) ;
#282 = CARTESIAN_POINT ( 'NONE',  ( 240.0000000000000000, -3.805614541870508294, 1.039385856505541605 ) ) ;
#283 = ORIENTED_EDGE ( 'NONE', *, *, #166, .T. ) ;
#284 = AXIS2_PLACEMENT_3D ( 'NONE', #1608, #1061, #803 ) ;
#285 = EDGE_CURVE ( 'NONE', #123, #866, #902, .T. ) ;
#286 = DIRECTION ( 'NONE',  ( 1.000000000000000000, -0.000000000000000000, -0.000000000000000000 ) ) ;
#287 = CIRCLE ( 'NONE', #2157, 3.944999999999998952 ) ;
#288 = AXIS2_PLACEMENT_3D ( 'NONE', #2150, #1566, #31 ) ;
#289 = B_SPLINE_CURVE_WITH_KNOTS ( 'NONE', 3,
 ( #1915, #777, #207, #2118 ),
 .UNSPECIFIED., .F., .F.,
 ( 4, 4 ),
 ( 0.000000000000000000, 1.000000000000000000 ),
 .UNSPECIFIED. ) ;
#290 = CIRCLE ( 'NONE', #922, 0.2985305544400576605 ) ;
#291 = VECTOR ( 'NONE', #415, 1000.000000000000000 ) ;
#292 = CARTESIAN_POINT ( 'NONE',  ( -240.0000000000000000, 3.506352262610188841, -1.807904535778472432 ) ) ;
#293 = VERTEX_POINT ( 'NONE', #2055 ) ;
#294 = EDGE_LOOP ( 'NONE', ( #2453, #56, #1127, #2293 ) ) ;
#295 = DIRECTION ( 'NONE',  ( 0.000000000000000000, 0.000000000000000000, -1.000000000000000000 ) ) ;
#296 = CARTESIAN_POINT ( 'NONE',  ( -240.0000000000000000, -3.243028794519929203, -1.144789608848203466 ) ) ;
#297 = EDGE_CURVE ( 'NONE', #1788, #438, #758, .T. ) ;
#298 = DIRECTION ( 'NONE',  ( 0.000000000000000000, 0.000000000000000000, -1.000000000000000000 ) ) ;
#299 = B_SPLINE_SURFACE_WITH_KNOTS ( 'NONE', 3, 1, ( 
 ( #996, #622 ),
 ( #2156, #633 ),
 ( #2209, #498 ),
 ( #1810, #2171 ) ),
 .UNSPECIFIED., .F., .F., .F.,
 ( 4, 4 ),
 ( 2, 2 ),
 ( 0.000000000000000000, 1.000000000000000000 ),
 ( 0.000000000000000000, 1.000000000000000000 ),
 .UNSPECIFIED. ) ;
#300 = CARTESIAN_POINT ( 'NONE',  ( 240.0000000000000000, -3.243028794519929203, -1.144789608848203466 ) ) ;
#301 = ORIENTED_EDGE ( 'NONE', *, *, #861, .F. ) ;
#302 = CARTESIAN_POINT ( 'NONE',  ( 240.0000000000000000, -0.1874848772321598134, -3.940542401853994736 ) ) ;
#303 = FACE_OUTER_BOUND ( 'NONE', #770, .T. ) ;
#304 = ORIENTED_EDGE ( 'NONE', *, *, #20, .T. ) ;
#305 = ORIENTED_EDGE ( 'NONE', *, *, #2159, .F. ) ;
#306 = CARTESIAN_POINT ( 'NONE',  ( 240.0000000000000000, 3.689742516309013176, 1.396003281995294998 ) ) ;
#307 = DIRECTION ( 'NONE',  ( 0.000000000000000000, 0.000000000000000000, -1.000000000000000000 ) ) ;
#308 = DIRECTION ( 'NONE',  ( 0.000000000000000000, 0.000000000000000000, -1.000000000000000000 ) ) ;
#309 = EDGE_CURVE ( 'NONE', #1859, #953, #1399, .T. ) ;
#310 = SURFACE_STYLE_FILL_AREA ( #1433 ) ;
#311 = ORIENTED_EDGE ( 'NONE', *, *, #1311, .T. ) ;
#312 = CARTESIAN_POINT ( 'NONE',  ( 240.0000000000000000, 0.08660865703890625877, 3.438063000648665213 ) ) ;
#313 = B_SPLINE_CURVE_WITH_KNOTS ( 'NONE', 3,
 ( #1572, #971, #423, #388 ),
 .UNSPECIFIED., .F., .F.,
 ( 4, 4 ),
 ( 0.000000000000000000, 1.000000000000000000 ),
 .UNSPECIFIED. ) ;
#314 = B_SPLINE_CURVE_WITH_KNOTS ( 'NONE', 3,
 ( #645, #1408, #2006, #1792 ),
 .UNSPECIFIED., .F., .F.,
 ( 4, 4 ),
 ( 0.000000000000000000, 1.000000000000000000 ),
 .UNSPECIFIED. ) ;
#315 = CARTESIAN_POINT ( 'NONE',  ( -240.0000000000000000, -3.243028794519929203, -1.144789608848203244 ) ) ;
#316 = EDGE_CURVE ( 'NONE', #2110, #1225, #1345, .T. ) ;
#317 = ORIENTED_EDGE ( 'NONE', *, *, #640, .T. ) ;
#318 = ORIENTED_EDGE ( 'NONE', *, *, #870, .F. ) ;
#319 = CARTESIAN_POINT ( 'NONE',  ( 240.0000000000000000, 3.436514508865184059, 1.080818767297457406 ) ) ;
#320 = EDGE_CURVE ( 'NONE', #1259, #1609, #3, .T. ) ;
#321 = CARTESIAN_POINT ( 'NONE',  ( -240.0000000000000000, 0.000000000000000000, 0.000000000000000000 ) ) ;
#322 = CARTESIAN_POINT ( 'NONE',  ( -240.0000000000000000, 3.938553204286449727, -0.2254410277765684645 ) ) ;
#323 = DIRECTION ( 'NONE',  ( 1.000000000000000000, -0.000000000000000000, -0.000000000000000000 ) ) ;
#324 = ORIENTED_EDGE ( 'NONE', *, *, #581, .F. ) ;
#325 = CARTESIAN_POINT ( 'NONE',  ( -240.0000000000000000, -3.053845565097534909, -2.497409110365004459 ) ) ;
#326 = AXIS2_PLACEMENT_3D ( 'NONE', #1282, #1895, #2014 ) ;
#327 = VECTOR ( 'NONE', #697, 1000.000000000000000 ) ;
#328 =( GEOMETRIC_REPRESENTATION_CONTEXT ( 3 ) GLOBAL_UNCERTAINTY_ASSIGNED_CONTEXT ( ( #1168 ) ) GLOBAL_UNIT_ASSIGNED_CONTEXT ( ( #827, #1808, #507 ) ) REPRESENTATION_CONTEXT ( 'NONE', 'WORKASPACE' ) );
#329 = APPLICATION_CONTEXT ( 'automotive_design' ) ;
#330 = FACE_OUTER_BOUND ( 'NONE', #1491, .T. ) ;
#331 = ORIENTED_EDGE ( 'NONE', *, *, #861, .T. ) ;
#332 = CIRCLE ( 'NONE', #1959, 3.944999999999995399 ) ;
#333 = VERTEX_POINT ( 'NONE', #1161 ) ;
#334 = CYLINDRICAL_SURFACE ( 'NONE', #1481, 3.944999999999995399 ) ;
#335 = CARTESIAN_POINT ( 'NONE',  ( 240.0000000000000000, -3.415487970906359472, 1.145531797017027120 ) ) ;
#336 = CARTESIAN_POINT ( 'NONE',  ( -240.0000000000000000, 0.3709224379722222964, -3.529091333587642598 ) ) ;
#337 = CARTESIAN_POINT ( 'NONE',  ( 240.0000000000000000, 0.000000000000000000, 0.000000000000000000 ) ) ;
#338 = ORIENTED_EDGE ( 'NONE', *, *, #499, .F. ) ;
#339 = CARTESIAN_POINT ( 'NONE',  ( 240.0000000000000000, -1.774038946400067651, -3.523607642268890228 ) ) ;
#340 = VERTEX_POINT ( 'NONE', #628 ) ;
#341 = ADVANCED_FACE ( 'NONE', ( #989 ), #1749, .F. ) ;
#342 = CARTESIAN_POINT ( 'NONE',  ( -240.0000000000000000, 0.7254537739770903215, 3.547755942255235606 ) ) ;
#343 = ORIENTED_EDGE ( 'NONE', *, *, #1016, .F. ) ;
#344 = ORIENTED_EDGE ( 'NONE', *, *, #136, .T. ) ;
#345 = CARTESIAN_POINT ( 'NONE',  ( -240.0000000000000000, -2.090910603638144405, -2.730544103928180366 ) ) ;
#346 = DIRECTION ( 'NONE',  ( -1.000000000000000000, -0.000000000000000000, -0.000000000000000000 ) ) ;
#347 = PRODUCT_CONTEXT ( 'NONE', #329, 'mechanical' ) ;
#348 = CARTESIAN_POINT ( 'NONE',  ( 240.0000000000000000, 0.000000000000000000, 0.000000000000000000 ) ) ;
#349 = ORIENTED_EDGE ( 'NONE', *, *, #1346, .T. ) ;
#350 = CARTESIAN_POINT ( 'NONE',  ( -240.0000000000000000, 0.000000000000000000, 0.000000000000000000 ) ) ;
#351 = ORIENTED_EDGE ( 'NONE', *, *, #2019, .F. ) ;
#352 = LINE ( 'NONE', #2422, #2438 ) ;
#353 = ORIENTED_EDGE ( 'NONE', *, *, #309, .F. ) ;
#354 = EDGE_CURVE ( 'NONE', #1377, #987, #1684, .T. ) ;
#355 = CARTESIAN_POINT ( 'NONE',  ( -240.0000000000000000, -2.151073146877044540, 2.913029303108606527 ) ) ;
#356 = CARTESIAN_POINT ( 'NONE',  ( 240.0000000000000000, -3.415487821490537090, -1.145531848486867066 ) ) ;
#357 = DIRECTION ( 'NONE',  ( -1.000000000000000000, -0.000000000000000000, -0.000000000000000000 ) ) ;
#358 = VERTEX_POINT ( 'NONE', #1737 ) ;
#359 = CARTESIAN_POINT ( 'NONE',  ( 240.0000000000000000, 1.950774958955290961, 2.832358746720685438 ) ) ;
#360 = ORIENTED_EDGE ( 'NONE', *, *, #1462, .F. ) ;
#361 = CIRCLE ( 'NONE', #1912, 0.2985305544400577160 ) ;
#362 = CARTESIAN_POINT ( 'NONE',  ( -240.0000000000000000, -2.164514259253023543, -3.298166615180369909 ) ) ;
#363 = ORIENTED_EDGE ( 'NONE', *, *, #309, .T. ) ;
#364 = VERTEX_POINT ( 'NONE', #17 ) ;
#365 = AXIS2_PLACEMENT_3D ( 'NONE', #868, #1394, #661 ) ;
#366 = CARTESIAN_POINT ( 'NONE',  ( -240.0000000000000000, -2.164514259253022654, -3.298166615180370798 ) ) ;
#367 = VECTOR ( 'NONE', #1663, 1000.000000000000000 ) ;
#368 = CIRCLE ( 'NONE', #2002, 3.945000000000000728 ) ;
#369 = CARTESIAN_POINT ( 'NONE',  ( -240.0000000000000000, -0.6358969521800951208, -3.893412393544777306 ) ) ;
#370 = CARTESIAN_POINT ( 'NONE',  ( -240.0000000000000000, 1.477507148797370995, 3.105599922906362220 ) ) ;
#371 = EDGE_CURVE ( 'NONE', #2007, #489, #1326, .T. ) ;
#372 = VERTEX_POINT ( 'NONE', #617 ) ;
#373 = CARTESIAN_POINT ( 'NONE',  ( -240.0000000000000000, -1.319265349640516227, -3.176053832643594532 ) ) ;
#374 = CARTESIAN_POINT ( 'NONE',  ( 240.0000000000000000, 3.102681911273950988, -1.830619057815325634 ) ) ;
#375 = CARTESIAN_POINT ( 'NONE',  ( 240.0000000000000000, 2.699803622512780166, 2.385133450616565565 ) ) ;
#376 = ORIENTED_EDGE ( 'NONE', *, *, #1794, .F. ) ;
#377 = B_SPLINE_CURVE_WITH_KNOTS ( 'NONE', 3,
 ( #1193, #961, #1544, #1172 ),
 .UNSPECIFIED., .F., .F.,
 ( 4, 4 ),
 ( 0.000000000000000000, 1.000000000000000000 ),
 .UNSPECIFIED. ) ;
#378 = CARTESIAN_POINT ( 'NONE',  ( -240.0000000000000000, -0.6358969521800951208, -3.893412393544777306 ) ) ;
#379 = ORIENTED_EDGE ( 'NONE', *, *, #276, .T. ) ;
#380 = FACE_OUTER_BOUND ( 'NONE', #1465, .T. ) ;
#381 = DIRECTION ( 'NONE',  ( 0.000000000000000000, 0.000000000000000000, -1.000000000000000000 ) ) ;
#382 = CYLINDRICAL_SURFACE ( 'NONE', #1130, 0.2985305544400577160 ) ;
#383 = ADVANCED_FACE ( 'NONE', ( #1537 ), #1711, .T. ) ;
#384 = CARTESIAN_POINT ( 'NONE',  ( -240.0000000000000000, 3.296555767085192379, 0.9800501672877265369 ) ) ;
#385 = DIRECTION ( 'NONE',  ( 0.000000000000000000, 0.000000000000000000, -1.000000000000000000 ) ) ;
#386 = EDGE_LOOP ( 'NONE', ( #1001, #1305, #1133, #1857 ) ) ;
#387 = ORIENTED_EDGE ( 'NONE', *, *, #1472, .F. ) ;
#388 = CARTESIAN_POINT ( 'NONE',  ( 240.0000000000000000, -2.497026341706861441, -2.364875992400921945 ) ) ;
#389 = ORIENTED_EDGE ( 'NONE', *, *, #640, .F. ) ;
#390 = CARTESIAN_POINT ( 'NONE',  ( -240.0000000000000000, 3.506352262610188841, -1.807904535778472432 ) ) ;
#391 = EDGE_CURVE ( 'NONE', #756, #438, #1579, .T. ) ;
#392 = LINE ( 'NONE', #564, #915 ) ;
#393 = CARTESIAN_POINT ( 'NONE',  ( 240.0000000000000000, 0.6300974415174813714, -3.380940027580565665 ) ) ;
#394 = LINE ( 'NONE', #384, #1641 ) ;
#395 = CARTESIAN_POINT ( 'NONE',  ( -240.0000000000000000, -1.319265349640516227, -3.176053832643594532 ) ) ;
#396 = DIRECTION ( 'NONE',  ( 0.000000000000000000, 0.000000000000000000, -1.000000000000000000 ) ) ;
#397 = CARTESIAN_POINT ( 'NONE',  ( -240.0000000000000000, 3.580571847001755348, 1.238248129136384712 ) ) ;
#398 = B_SPLINE_CURVE_WITH_KNOTS ( 'NONE', 3,
 ( #1160, #599, #1736, #16 ),
 .UNSPECIFIED., .F., .F.,
 ( 4, 4 ),
 ( 0.000000000000000000, 1.000000000000000000 ),
 .UNSPECIFIED. ) ;
#399 = EDGE_CURVE ( 'NONE', #1754, #1496, #29, .T. ) ;
#400 = ORIENTED_EDGE ( 'NONE', *, *, #1237, .T. ) ;
#401 = CARTESIAN_POINT ( 'NONE',  ( -240.0000000000000000, -3.242707496523502986, 1.144788931491478090 ) ) ;
#402 = EDGE_LOOP ( 'NONE', ( #585, #264, #263, #905 ) ) ;
#403 = VECTOR ( 'NONE', #2275, 1000.000000000000000 ) ;
#404 = DIRECTION ( 'NONE',  ( 1.000000000000000000, -0.000000000000000000, -0.000000000000000000 ) ) ;
#405 = AXIS2_PLACEMENT_3D ( 'NONE', #755, #126, #2087 ) ;
#406 = AXIS2_PLACEMENT_3D ( 'NONE', #764, #601, #1911 ) ;
#407 = CARTESIAN_POINT ( 'NONE',  ( -240.0000000000000000, 0.000000000000000000, 0.000000000000000000 ) ) ;
#408 = CIRCLE ( 'NONE', #486, 0.2985305544400572164 ) ;
#409 = LINE ( 'NONE', #2142, #1292 ) ;
#410 = CARTESIAN_POINT ( 'NONE',  ( 240.0000000000000000, 3.554995022728413723, 1.146182339937699579 ) ) ;
#411 = CARTESIAN_POINT ( 'NONE',  ( 240.0000000000000000, 0.08660860652811561144, -3.438063111678937300 ) ) ;
#412 = CARTESIAN_POINT ( 'NONE',  ( 240.0000000000000000, -3.899358192399958067, -0.5983566556522618152 ) ) ;
#413 = ORIENTED_EDGE ( 'NONE', *, *, #213, .F. ) ;
#414 = ADVANCED_FACE ( 'NONE', ( #1547 ), #1432, .T. ) ;
#415 = DIRECTION ( 'NONE',  ( 1.000000000000000000, -0.000000000000000000, -0.000000000000000000 ) ) ;
#416 = VERTEX_POINT ( 'NONE', #1197 ) ;
#417 = ORIENTED_EDGE ( 'NONE', *, *, #391, .F. ) ;
#418 = CARTESIAN_POINT ( 'NONE',  ( -240.0000000000000000, -3.243028794519929203, -1.144789608848203466 ) ) ;
#419 = CARTESIAN_POINT ( 'NONE',  ( -240.0000000000000000, -1.096556238977348663, 3.374853109478176183 ) ) ;
#420 = CARTESIAN_POINT ( 'NONE',  ( 240.0000000000000000, -3.428282001626595576, -0.2732412363215616091 ) ) ;
#421 = LINE ( 'NONE', #395, #641 ) ;
#422 = CARTESIAN_POINT ( 'NONE',  ( -240.0000000000000000, 1.431487030455816711, -3.676121581454665055 ) ) ;
#423 = CARTESIAN_POINT ( 'NONE',  ( 240.0000000000000000, -2.654273606366351235, -2.435699467749453895 ) ) ;
#424 = EDGE_LOOP ( 'NONE', ( #1493, #1320, #2145, #859 ) ) ;
#425 = CARTESIAN_POINT ( 'NONE',  ( 240.0000000000000000, 1.774265283961502071, 3.073117602358177436 ) ) ;
#426 = ADVANCED_FACE ( 'NONE', ( #1948 ), #785, .F. ) ;
#427 = VERTEX_POINT ( 'NONE', #6 ) ;
#428 = DIRECTION ( 'NONE',  ( 1.000000000000000000, -0.000000000000000000, -0.000000000000000000 ) ) ;
#429 = CARTESIAN_POINT ( 'NONE',  ( 240.0000000000000000, -2.862640259521560537, 2.481742115010684646 ) ) ;
#430 = B_SPLINE_CURVE_WITH_KNOTS ( 'NONE', 3,
 ( #87, #278, #1232, #1059 ),
 .UNSPECIFIED., .F., .F.,
 ( 4, 4 ),
 ( 0.000000000000000000, 1.000000000000000000 ),
 .UNSPECIFIED. ) ;
#431 = CARTESIAN_POINT ( 'NONE',  ( -240.0000000000000000, 0.000000000000000000, 0.000000000000000000 ) ) ;
#432 = CARTESIAN_POINT ( 'NONE',  ( 240.0000000000000000, 2.767362726691745767, -2.587484651113644230 ) ) ;
#433 = LINE ( 'NONE', #257, #1556 ) ;
#434 = VERTEX_POINT ( 'NONE', #1900 ) ;
#435 = ADVANCED_FACE ( 'NONE', ( #442 ), #1004, .T. ) ;
#436 = CARTESIAN_POINT ( 'NONE',  ( -240.0000000000000000, -3.899358192399958067, -0.5983566556522618152 ) ) ;
#437 = CARTESIAN_POINT ( 'NONE',  ( 240.0000000000000000, -2.839880210043157049, 2.479877200137465376 ) ) ;
#438 = VERTEX_POINT ( 'NONE', #1356 ) ;
#439 = EDGE_LOOP ( 'NONE', ( #2193, #1917, #1698, #2337 ) ) ;
#440 = CARTESIAN_POINT ( 'NONE',  ( -240.0000000000000000, 2.105610427389642769, -2.945874572911348022 ) ) ;
#441 = VECTOR ( 'NONE', #1390, 1000.000000000000000 ) ;
#442 = FACE_OUTER_BOUND ( 'NONE', #2186, .T. ) ;
#443 = AXIS2_PLACEMENT_3D ( 'NONE', #2018, #460, #1620 ) ;
#444 = CIRCLE ( 'NONE', #161, 0.2985305544400571054 ) ;
#445 = AXIS2_PLACEMENT_3D ( 'NONE', #337, #539, #130 ) ;
#446 = CARTESIAN_POINT ( 'NONE',  ( 240.0000000000000000, -1.319265258336537405, 3.176053751756989563 ) ) ;
#447 = APPLICATION_PROTOCOL_DEFINITION ( 'draft international standard', 'automotive_design', 1998, #329 ) ;
#448 = EDGE_CURVE ( 'NONE', #1984, #2059, #1997, .T. ) ;
#449 = CARTESIAN_POINT ( 'NONE',  ( -240.0000000000000000, 0.000000000000000000, 0.000000000000000000 ) ) ;
#450 = AXIS2_PLACEMENT_3D ( 'NONE', #1786, #1054, #2011 ) ;
#451 = ORIENTED_EDGE ( 'NONE', *, *, #572, .T. ) ;
#452 = DIRECTION ( 'NONE',  ( 1.000000000000000000, 0.000000000000000000, 0.000000000000000000 ) ) ;
#453 = CARTESIAN_POINT ( 'NONE',  ( 240.0000000000000000, 2.763140440850943236, -2.565105104240838152 ) ) ;
#454 = VERTEX_POINT ( 'NONE', #1935 ) ;
#455 = EDGE_LOOP ( 'NONE', ( #1453, #1220, #2247, #1885 ) ) ;
#456 = CARTESIAN_POINT ( 'NONE',  ( 240.0000000000000000, 3.506352263311408812, 1.807904534418496967 ) ) ;
#457 = FACE_OUTER_BOUND ( 'NONE', #125, .T. ) ;
#458 = CARTESIAN_POINT ( 'NONE',  ( 240.0000000000000000, 0.000000000000000000, 0.000000000000000000 ) ) ;
#459 = DIRECTION ( 'NONE',  ( -1.000000000000000000, -0.000000000000000000, -0.000000000000000000 ) ) ;
#460 = DIRECTION ( 'NONE',  ( 1.000000000000000000, 0.000000000000000000, 0.000000000000000000 ) ) ;
#461 = VERTEX_POINT ( 'NONE', #813 ) ;
#462 = EDGE_CURVE ( 'NONE', #145, #2412, #862, .T. ) ;
#463 = CARTESIAN_POINT ( 'NONE',  ( -240.0000000000000000, -0.6358969506700028473, 3.893412393791416903 ) ) ;
#464 = B_SPLINE_CURVE_WITH_KNOTS ( 'NONE', 3,
 ( #1548, #2082, #1162, #978 ),
 .UNSPECIFIED., .F., .F.,
 ( 4, 4 ),
 ( 0.000000000000000000, 1.000000000000000000 ),
 .UNSPECIFIED. ) ;
#465 = CARTESIAN_POINT ( 'NONE',  ( -240.0000000000000000, 2.467871160518345874, -3.077764925247186589 ) ) ;
#466 = VERTEX_POINT ( 'NONE', #639 ) ;
#467 = ORIENTED_EDGE ( 'NONE', *, *, #910, .F. ) ;
#468 = DIRECTION ( 'NONE',  ( -1.000000000000000000, -0.000000000000000000, -0.000000000000000000 ) ) ;
#469 = CARTESIAN_POINT ( 'NONE',  ( -240.0000000000000000, 1.498397002809060075, 3.296449407048503311 ) ) ;
#470 = EDGE_CURVE ( 'NONE', #244, #528, #2336, .T. ) ;
#471 = FACE_OUTER_BOUND ( 'NONE', #294, .T. ) ;
#472 = DIRECTION ( 'NONE',  ( -1.000000000000000000, -0.000000000000000000, -0.000000000000000000 ) ) ;
#473 = CARTESIAN_POINT ( 'NONE',  ( 240.0000000000000000, -3.435016248351995038, 1.145615836489462414 ) ) ;
#474 = ORIENTED_EDGE ( 'NONE', *, *, #171, .T. ) ;
#475 = FACE_OUTER_BOUND ( 'NONE', #1871, .T. ) ;
#476 = CARTESIAN_POINT ( 'NONE',  ( -240.0000000000000000, -1.774038946400067651, -3.523607642268890228 ) ) ;
#477 = ORIENTED_EDGE ( 'NONE', *, *, #1035, .T. ) ;
#478 = ORIENTED_EDGE ( 'NONE', *, *, #1770, .T. ) ;
#479 = CARTESIAN_POINT ( 'NONE',  ( -240.0000000000000000, 3.410175977676545678, 0.4455096092005208508 ) ) ;
#480 = CYLINDRICAL_SURFACE ( 'NONE', #1328, 0.2985305544400572164 ) ;
#481 = FACE_OUTER_BOUND ( 'NONE', #1521, .T. ) ;
#482 = CARTESIAN_POINT ( 'NONE',  ( -240.0000000000000000, 0.8571460764209021255, 3.690348748358029063 ) ) ;
#483 = ORIENTED_EDGE ( 'NONE', *, *, #546, .T. ) ;
#484 = VECTOR ( 'NONE', #778, 1000.000000000000000 ) ;
#485 = FACE_OUTER_BOUND ( 'NONE', #1939, .T. ) ;
#486 = AXIS2_PLACEMENT_3D ( 'NONE', #425, #211, #973 ) ;
#487 = CARTESIAN_POINT ( 'NONE',  ( 240.0000000000000000, -3.241743972480880753, -1.443317398453486833 ) ) ;
#488 = ORIENTED_EDGE ( 'NONE', *, *, #2016, .T. ) ;
#489 = VERTEX_POINT ( 'NONE', #836 ) ;
#490 = ADVANCED_FACE ( 'NONE', ( #677 ), #2365, .T. ) ;
#491 = DIRECTION ( 'NONE',  ( 0.000000000000000000, 0.000000000000000000, -1.000000000000000000 ) ) ;
#492 = DIRECTION ( 'NONE',  ( 1.000000000000000000, -0.000000000000000000, -0.000000000000000000 ) ) ;
#493 = B_SPLINE_CURVE_WITH_KNOTS ( 'NONE', 3,
 ( #1901, #1526, #1370, #188 ),
 .UNSPECIFIED., .F., .F.,
 ( 4, 4 ),
 ( 0.000000000000000000, 1.000000000000000000 ),
 .UNSPECIFIED. ) ;
#494 = CARTESIAN_POINT ( 'NONE',  ( -240.0000000000000000, 3.938553204373890892, 0.2254410262489605909 ) ) ;
#495 = B_SPLINE_SURFACE_WITH_KNOTS ( 'NONE', 3, 1, ( 
 ( #2450, #2079 ),
 ( #1710, #2298 ),
 ( #1899, #964 ),
 ( #175, #949 ) ),
 .UNSPECIFIED., .F., .F., .F.,
 ( 4, 4 ),
 ( 2, 2 ),
 ( 0.000000000000000000, 1.000000000000000000 ),
 ( 0.000000000000000000, 1.000000000000000000 ),
 .UNSPECIFIED. ) ;
#496 = CARTESIAN_POINT ( 'NONE',  ( -240.0000000000000000, 1.002672716347084325, 3.815451798135201411 ) ) ;
#497 = ORIENTED_EDGE ( 'NONE', *, *, #470, .T. ) ;
#498 = CARTESIAN_POINT ( 'NONE',  ( 240.0000000000000000, -3.244881499219086418, -1.955632183432516769 ) ) ;
#499 = EDGE_CURVE ( 'NONE', #2386, #2270, #656, .T. ) ;
#500 = DIRECTION ( 'NONE',  ( 1.000000000000000000, -0.000000000000000000, -0.000000000000000000 ) ) ;
#501 = ORIENTED_EDGE ( 'NONE', *, *, #230, .T. ) ;
#502 = ORIENTED_EDGE ( 'NONE', *, *, #2274, .T. ) ;
#503 = DIRECTION ( 'NONE',  ( 0.000000000000000000, 0.000000000000000000, -1.000000000000000000 ) ) ;
#504 = DIRECTION ( 'NONE',  ( 1.000000000000000000, 0.000000000000000000, 0.000000000000000000 ) ) ;
#505 = ADVANCED_FACE ( 'NONE', ( #100 ), #1806, .F. ) ;
#506 = CARTESIAN_POINT ( 'NONE',  ( -240.0000000000000000, -3.548530554440057827, 7.784367714227385937E-09 ) ) ;
#507 =( NAMED_UNIT ( * ) SI_UNIT ( $, .STERADIAN. ) SOLID_ANGLE_UNIT ( ) );
#508 = ORIENTED_EDGE ( 'NONE', *, *, #1334, .T. ) ;
#509 = CARTESIAN_POINT ( 'NONE',  ( 240.0000000000000000, 2.467871161712089201, 3.077764924290000703 ) ) ;
#510 = CARTESIAN_POINT ( 'NONE',  ( 240.0000000000000000, -3.243028794519929203, -1.144789608848203244 ) ) ;
#511 = ORIENTED_EDGE ( 'NONE', *, *, #672, .T. ) ;
#512 = VERTEX_POINT ( 'NONE', #1779 ) ;
#513 = CARTESIAN_POINT ( 'NONE',  ( 240.0000000000000000, 3.567576758606456178, 1.219469805533313078 ) ) ;
#514 = CARTESIAN_POINT ( 'NONE',  ( 240.0000000000000000, -1.585702570302589320, -3.420563791278294463 ) ) ;
#515 = CARTESIAN_POINT ( 'NONE',  ( -240.0000000000000000, -2.497026341706861441, -2.364875992400921945 ) ) ;
#516 = B_SPLINE_CURVE_WITH_KNOTS ( 'NONE', 3,
 ( #1095, #319, #513, #306 ),
 .UNSPECIFIED., .F., .F.,
 ( 4, 4 ),
 ( 0.000000000000000000, 1.000000000000000000 ),
 .UNSPECIFIED. ) ;
#517 = CARTESIAN_POINT ( 'NONE',  ( 240.0000000000000000, -1.774038946400067651, -3.523607642268890228 ) ) ;
#518 = EDGE_LOOP ( 'NONE', ( #1670, #632, #138, #1281 ) ) ;
#519 = ADVANCED_FACE ( 'NONE', ( #457 ), #480, .F. ) ;
#520 = CARTESIAN_POINT ( 'NONE',  ( 240.0000000000000000, -1.319265349640516449, -3.176053832643594532 ) ) ;
#521 = ORIENTED_EDGE ( 'NONE', *, *, #1716, .T. ) ;
#522 = CIRCLE ( 'NONE', #197, 0.2985305544400571054 ) ;
#523 = AXIS2_PLACEMENT_3D ( 'NONE', #2104, #943, #385 ) ;
#524 = CARTESIAN_POINT ( 'NONE',  ( -240.0000000000000000, -3.053845564128895074, 2.497409111549464544 ) ) ;
#525 = ORIENTED_EDGE ( 'NONE', *, *, #2177, .T. ) ;
#526 = VECTOR ( 'NONE', #826, 1000.000000000000000 ) ;
#527 = VECTOR ( 'NONE', #1634, 1000.000000000000000 ) ;
#528 = VERTEX_POINT ( 'NONE', #1790 ) ;
#529 = DIRECTION ( 'NONE',  ( 0.000000000000000000, 0.000000000000000000, -1.000000000000000000 ) ) ;
#530 = DIRECTION ( 'NONE',  ( -1.000000000000000000, -0.000000000000000000, -0.000000000000000000 ) ) ;
#531 = CARTESIAN_POINT ( 'NONE',  ( -240.0000000000000000, -3.548530554440057827, 7.784367714227385937E-09 ) ) ;
#532 = VERTEX_POINT ( 'NONE', #692 ) ;
#533 = FACE_OUTER_BOUND ( 'NONE', #518, .T. ) ;
#534 = ORIENTED_EDGE ( 'NONE', *, *, #650, .F. ) ;
#535 = CARTESIAN_POINT ( 'NONE',  ( -240.0000000000000000, -3.428282001626595576, -0.2732412363215616091 ) ) ;
#536 = ORIENTED_EDGE ( 'NONE', *, *, #2139, .F. ) ;
#537 = DIRECTION ( 'NONE',  ( 0.000000000000000000, 0.000000000000000000, -1.000000000000000000 ) ) ;
#538 = CARTESIAN_POINT ( 'NONE',  ( -240.0000000000000000, -3.604151532161276261, 0.3506381856051263290 ) ) ;
#539 = DIRECTION ( 'NONE',  ( 1.000000000000000000, 0.000000000000000000, 0.000000000000000000 ) ) ;
#540 = ORIENTED_EDGE ( 'NONE', *, *, #960, .T. ) ;
#541 = LINE ( 'NONE', #2083, #327 ) ;
#542 = VERTEX_POINT ( 'NONE', #2003 ) ;
#543 = CARTESIAN_POINT ( 'NONE',  ( -240.0000000000000000, -2.151023803159062275, -2.912879824074587898 ) ) ;
#544 = VERTEX_POINT ( 'NONE', #1028 ) ;
#545 = VERTEX_POINT ( 'NONE', #1417 ) ;
#546 = EDGE_CURVE ( 'NONE', #233, #683, #839, .T. ) ;
#547 = EDGE_CURVE ( 'NONE', #194, #2220, #722, .T. ) ;
#548 = DIRECTION ( 'NONE',  ( 1.000000000000000000, -0.000000000000000000, -0.000000000000000000 ) ) ;
#549 = FACE_OUTER_BOUND ( 'NONE', #402, .T. ) ;
#550 = ORIENTED_EDGE ( 'NONE', *, *, #69, .F. ) ;
#551 = DIRECTION ( 'NONE',  ( 1.000000000000000000, -0.000000000000000000, -0.000000000000000000 ) ) ;
#552 = CARTESIAN_POINT ( 'NONE',  ( 240.0000000000000000, 3.506352262610188841, -1.807904535778472432 ) ) ;
#553 = VERTEX_POINT ( 'NONE', #266 ) ;
#554 = CARTESIAN_POINT ( 'NONE',  ( 240.0000000000000000, 0.3709224379722222964, -3.529091333587642598 ) ) ;
#555 = CIRCLE ( 'NONE', #326, 0.2985305544400580491 ) ;
#556 = AXIS2_PLACEMENT_3D ( 'NONE', #1540, #9, #1550 ) ;
#557 = EDGE_LOOP ( 'NONE', ( #2075, #2267, #888, #944 ) ) ;
#558 = ORIENTED_EDGE ( 'NONE', *, *, #1531, .T. ) ;
#559 = AXIS2_PLACEMENT_3D ( 'NONE', #2357, #286, #844 ) ;
#560 = AXIS2_PLACEMENT_3D ( 'NONE', #2043, #176, #2226 ) ;
#561 = CARTESIAN_POINT ( 'NONE',  ( -240.0000000000000000, -1.096556253784097379, -3.374853104667172143 ) ) ;
#562 = CIRCLE ( 'NONE', #1519, 0.2985305544400572164 ) ;
#563 = EDGE_CURVE ( 'NONE', #1400, #333, #1262, .T. ) ;
#564 = CARTESIAN_POINT ( 'NONE',  ( -240.0000000000000000, 1.950774852829240347, -2.832358686584800278 ) ) ;
#565 = CARTESIAN_POINT ( 'NONE',  ( -240.0000000000000000, -3.020754297792186183, 1.644026302399764328 ) ) ;
#566 = ORIENTED_EDGE ( 'NONE', *, *, #672, .F. ) ;
#567 = CARTESIAN_POINT ( 'NONE',  ( -240.0000000000000000, 1.498414189809733843, -3.296605878742828732 ) ) ;
#568 = CARTESIAN_POINT ( 'NONE',  ( 240.0000000000000000, -3.020754226892541805, -1.644026203140997788 ) ) ;
#569 = FACE_OUTER_BOUND ( 'NONE', #1621, .T. ) ;
#570 = VERTEX_POINT ( 'NONE', #296 ) ;
#571 = CARTESIAN_POINT ( 'NONE',  ( -240.0000000000000000, -1.319265349640516227, -3.176053832643594532 ) ) ;
#572 = EDGE_CURVE ( 'NONE', #2394, #866, #2120, .T. ) ;
#573 = ORIENTED_EDGE ( 'NONE', *, *, #371, .T. ) ;
#574 = B_SPLINE_CURVE_WITH_KNOTS ( 'NONE', 3,
 ( #456, #2350, #2376, #637 ),
 .UNSPECIFIED., .F., .F.,
 ( 4, 4 ),
 ( 0.000000000000000000, 1.000000000000000000 ),
 .UNSPECIFIED. ) ;
#575 = CARTESIAN_POINT ( 'NONE',  ( 240.0000000000000000, 1.950774958955291183, 2.832358746720684994 ) ) ;
#576 = CARTESIAN_POINT ( 'NONE',  ( -240.0000000000000000, -2.374430395790492643, 2.338541570349263132 ) ) ;
#577 = B_SPLINE_CURVE_WITH_KNOTS ( 'NONE', 3,
 ( #14, #2306, #262, #292 ),
 .UNSPECIFIED., .F., .F.,
 ( 4, 4 ),
 ( 0.000000000000000000, 1.000000000000000000 ),
 .UNSPECIFIED. ) ;
#578 = CARTESIAN_POINT ( 'NONE',  ( -240.0000000000000000, -3.053845564128896850, 2.497409111549464100 ) ) ;
#579 = CARTESIAN_POINT ( 'NONE',  ( -240.0000000000000000, 3.938553204286449727, -0.2254410277765684645 ) ) ;
#580 = CARTESIAN_POINT ( 'NONE',  ( 240.0000000000000000, -0.1874848757037880786, 3.940542401926713456 ) ) ;
#581 = EDGE_CURVE ( 'NONE', #953, #466, #430, .T. ) ;
#582 = CARTESIAN_POINT ( 'NONE',  ( -240.0000000000000000, -0.1874848772321598134, -3.940542401853994736 ) ) ;
#583 = ORIENTED_EDGE ( 'NONE', *, *, #2056, .F. ) ;
#584 = FACE_OUTER_BOUND ( 'NONE', #13, .T. ) ;
#585 = ORIENTED_EDGE ( 'NONE', *, *, #1136, .F. ) ;
#586 = DIRECTION ( 'NONE',  ( 1.000000000000000000, -0.000000000000000000, -0.000000000000000000 ) ) ;
#587 = ORIENTED_EDGE ( 'NONE', *, *, #956, .T. ) ;
#588 = CARTESIAN_POINT ( 'NONE',  ( -240.0000000000000000, 0.8571932035384615123, -3.690389273865128494 ) ) ;
#589 = CARTESIAN_POINT ( 'NONE',  ( -240.0000000000000000, 3.689742515767553410, -1.396003283426396235 ) ) ;
#590 = LINE ( 'NONE', #1322, #2041 ) ;
#591 = CARTESIAN_POINT ( 'NONE',  ( -240.0000000000000000, -3.244857520251719141, 1.955574839809853360 ) ) ;
#592 = CARTESIAN_POINT ( 'NONE',  ( -240.0000000000000000, 3.774602928803443280, 0.3251861170160231795 ) ) ;
#593 = EDGE_CURVE ( 'NONE', #461, #1216, #1773, .T. ) ;
#594 = CARTESIAN_POINT ( 'NONE',  ( -240.0000000000000000, 2.802941827003309960, 2.776065942018552057 ) ) ;
#595 = ORIENTED_EDGE ( 'NONE', *, *, #547, .T. ) ;
#596 = VECTOR ( 'NONE', #708, 1000.000000000000000 ) ;
#597 = CARTESIAN_POINT ( 'NONE',  ( -240.0000000000000000, 1.950774958955291183, 2.832358746720684994 ) ) ;
#598 = AXIS2_PLACEMENT_3D ( 'NONE', #2353, #1250, #298 ) ;
#599 = CARTESIAN_POINT ( 'NONE',  ( 240.0000000000000000, -0.7276966236401798405, 3.699346822833818216 ) ) ;
#600 = VECTOR ( 'NONE', #895, 1000.000000000000000 ) ;
#601 = DIRECTION ( 'NONE',  ( 1.000000000000000000, -0.000000000000000000, -0.000000000000000000 ) ) ;
#602 = ADVANCED_FACE ( 'NONE', ( #1616 ), #654, .T. ) ;
#603 = PRODUCT_DEFINITION_FORMATION_WITH_SPECIFIED_SOURCE ( 'ANY', '', #1057, .NOT_KNOWN. ) ;
#604 = AXIS2_PLACEMENT_3D ( 'NONE', #321, #1660, #2448 ) ;
#605 = CARTESIAN_POINT ( 'NONE',  ( 240.0000000000000000, 1.002672716347084325, 3.815451798135201411 ) ) ;
#606 = DIRECTION ( 'NONE',  ( 1.000000000000000000, -0.000000000000000000, -0.000000000000000000 ) ) ;
#607 = CARTESIAN_POINT ( 'NONE',  ( -240.0000000000000000, 2.612931280510966570, -2.236150516834563895 ) ) ;
#608 = ORIENTED_EDGE ( 'NONE', *, *, #1774, .F. ) ;
#609 = DIRECTION ( 'NONE',  ( 1.000000000000000000, 0.000000000000000000, 0.000000000000000000 ) ) ;
#610 = EDGE_CURVE ( 'NONE', #1400, #1930, #37, .T. ) ;
#611 = PRODUCT_DEFINITION_CONTEXT ( 'detailed design', #928, 'design' ) ;
#612 = ORIENTED_EDGE ( 'NONE', *, *, #1009, .F. ) ;
#613 = CARTESIAN_POINT ( 'NONE',  ( 240.0000000000000000, -3.020754297792186183, 1.644026302399764328 ) ) ;
#614 = ORIENTED_EDGE ( 'NONE', *, *, #945, .T. ) ;
#615 = ORIENTED_EDGE ( 'NONE', *, *, #20, .F. ) ;
#616 = CARTESIAN_POINT ( 'NONE',  ( -240.0000000000000000, 1.774265270478582401, -3.073117610142545253 ) ) ;
#617 = CARTESIAN_POINT ( 'NONE',  ( 240.0000000000000000, 1.477507148797370995, 3.105599922906362220 ) ) ;
#618 = CARTESIAN_POINT ( 'NONE',  ( -240.0000000000000000, 2.870821528176310089, 1.787243366471339856 ) ) ;
#619 = CARTESIAN_POINT ( 'NONE',  ( 240.0000000000000000, 1.950774852829240347, -2.832358686584800278 ) ) ;
#620 = CARTESIAN_POINT ( 'NONE',  ( -240.0000000000000000, 1.002672716347084325, 3.815451798135201411 ) ) ;
#621 = ORIENTED_EDGE ( 'NONE', *, *, #885, .F. ) ;
#622 = CARTESIAN_POINT ( 'NONE',  ( 240.0000000000000000, -3.020754226892541805, -1.644026203140997788 ) ) ;
#623 = DIRECTION ( 'NONE',  ( 1.000000000000000000, -0.000000000000000000, -0.000000000000000000 ) ) ;
#624 = ORIENTED_EDGE ( 'NONE', *, *, #2456, .T. ) ;
#625 = EDGE_CURVE ( 'NONE', #249, #1788, #754, .T. ) ;
#626 = EDGE_CURVE ( 'NONE', #2220, #2394, #2131, .T. ) ;
#627 = FACE_OUTER_BOUND ( 'NONE', #1516, .T. ) ;
#628 = CARTESIAN_POINT ( 'NONE',  ( 240.0000000000000000, -1.319265258336537405, 3.176053751756989563 ) ) ;
#629 = DIRECTION ( 'NONE',  ( 1.000000000000000000, -0.000000000000000000, -0.000000000000000000 ) ) ;
#630 = CARTESIAN_POINT ( 'NONE',  ( 240.0000000000000000, 3.470986646337687276, -0.7377809951063523108 ) ) ;
#631 = CARTESIAN_POINT ( 'NONE',  ( 240.0000000000000000, 1.431487030455816711, -3.676121581454665055 ) ) ;
#632 = ORIENTED_EDGE ( 'NONE', *, *, #448, .T. ) ;
#633 = CARTESIAN_POINT ( 'NONE',  ( 240.0000000000000000, -3.149832985984393208, -1.786147931069062222 ) ) ;
#634 = DIRECTION ( 'NONE',  ( 0.000000000000000000, 0.000000000000000000, -1.000000000000000000 ) ) ;
#635 = EDGE_LOOP ( 'NONE', ( #1883, #2096, #349, #1165 ) ) ;
#636 = ORIENTED_EDGE ( 'NONE', *, *, #930, .T. ) ;
#637 = CARTESIAN_POINT ( 'NONE',  ( 240.0000000000000000, 2.934145691264086864, 1.794036809279159428 ) ) ;
#638 = VECTOR ( 'NONE', #1581, 1000.000000000000000 ) ;
#639 = CARTESIAN_POINT ( 'NONE',  ( -240.0000000000000000, 1.950774958955290961, 2.832358746720685438 ) ) ;
#640 = EDGE_CURVE ( 'NONE', #2423, #1116, #2371, .T. ) ;
#641 = VECTOR ( 'NONE', #1337, 1000.000000000000000 ) ;
#642 = VECTOR ( 'NONE', #1443, 1000.000000000000000 ) ;
#643 = CARTESIAN_POINT ( 'NONE',  ( 240.0000000000000000, -1.319265258336537405, 3.176053751756989563 ) ) ;
#644 = SURFACE_STYLE_FILL_AREA ( #2354 ) ;
#645 = CARTESIAN_POINT ( 'NONE',  ( 240.0000000000000000, 1.477507148797370995, 3.105599922906362220 ) ) ;
#646 = ADVANCED_FACE ( 'NONE', ( #2064 ), #1099, .T. ) ;
#647 = AXIS2_PLACEMENT_3D ( 'NONE', #787, #1913, #2290 ) ;
#648 = EDGE_LOOP ( 'NONE', ( #1831, #1658, #935, #1192 ) ) ;
#649 = CARTESIAN_POINT ( 'NONE',  ( 240.0000000000000000, -3.428282106768813620, 0.2732412981614706915 ) ) ;
#650 = EDGE_CURVE ( 'NONE', #1894, #1364, #1623, .T. ) ;
#651 = CARTESIAN_POINT ( 'NONE',  ( 240.0000000000000000, -0.6358969521800951208, -3.893412393544777306 ) ) ;
#652 = ORIENTED_EDGE ( 'NONE', *, *, #735, .F. ) ;
#653 = ORIENTED_EDGE ( 'NONE', *, *, #1825, .T. ) ;
#654 = B_SPLINE_SURFACE_WITH_KNOTS ( 'NONE', 3, 1, ( 
 ( #875, #666 ),
 ( #1070, #1428 ),
 ( #1826, #112 ),
 ( #2214, #254 ) ),
 .UNSPECIFIED., .F., .F., .F.,
 ( 4, 4 ),
 ( 2, 2 ),
 ( 0.000000000000000000, 1.000000000000000000 ),
 ( 0.000000000000000000, 1.000000000000000000 ),
 .UNSPECIFIED. ) ;
#655 = CARTESIAN_POINT ( 'NONE',  ( 240.0000000000000000, -3.149938862314341836, 1.786264417063385013 ) ) ;
#656 = LINE ( 'NONE', #1015, #642 ) ;
#657 = DIRECTION ( 'NONE',  ( 0.000000000000000000, 0.000000000000000000, -1.000000000000000000 ) ) ;
#658 = SURFACE_SIDE_STYLE ('',( #644 ) ) ;
#659 = CARTESIAN_POINT ( 'NONE',  ( 240.0000000000000000, -3.743158676034217702, -0.4510805484457469094 ) ) ;
#660 = EDGE_LOOP ( 'NONE', ( #2136, #85, #1202, #1157 ) ) ;
#661 = DIRECTION ( 'NONE',  ( 0.000000000000000000, 0.000000000000000000, -1.000000000000000000 ) ) ;
#662 = CARTESIAN_POINT ( 'NONE',  ( 240.0000000000000000, 3.598139827399269741, -0.4064013456434426019 ) ) ;
#663 = EDGE_LOOP ( 'NONE', ( #1219, #1776, #2326, #275 ) ) ;
#664 = EDGE_LOOP ( 'NONE', ( #2227, #2013, #1764, #1896 ) ) ;
#665 = DIRECTION ( 'NONE',  ( 1.000000000000000000, -0.000000000000000000, -0.000000000000000000 ) ) ;
#666 = CARTESIAN_POINT ( 'NONE',  ( 240.0000000000000000, -3.899358192167881487, 0.5983566571646569132 ) ) ;
#667 = DIRECTION ( 'NONE',  ( 0.000000000000000000, 0.000000000000000000, -1.000000000000000000 ) ) ;
#668 = CARTESIAN_POINT ( 'NONE',  ( -240.0000000000000000, 3.554995022728413723, 1.146182339937699579 ) ) ;
#669 = CARTESIAN_POINT ( 'NONE',  ( -240.0000000000000000, 2.802941825926581476, -2.776065943105698430 ) ) ;
#670 = ORIENTED_EDGE ( 'NONE', *, *, #1022, .T. ) ;
#671 = CARTESIAN_POINT ( 'NONE',  ( -240.0000000000000000, -0.07118640170142599699, 3.787965902310122424 ) ) ;
#672 = EDGE_CURVE ( 'NONE', #995, #740, #762, .T. ) ;
#673 = CARTESIAN_POINT ( 'NONE',  ( -240.0000000000000000, 2.467871161712089201, 3.077764924290000703 ) ) ;
#674 = ORIENTED_EDGE ( 'NONE', *, *, #4, .F. ) ;
#675 = ORIENTED_EDGE ( 'NONE', *, *, #462, .F. ) ;
#676 = LINE ( 'NONE', #2389, #1638 ) ;
#677 = FACE_OUTER_BOUND ( 'NONE', #439, .T. ) ;
#678 = CARTESIAN_POINT ( 'NONE',  ( 240.0000000000000000, 3.689742515767553410, -1.396003283426396235 ) ) ;
#679 = AXIS2_PLACEMENT_3D ( 'NONE', #1233, #629, #840 ) ;
#680 = DIRECTION ( 'NONE',  ( 0.000000000000000000, 0.000000000000000000, -1.000000000000000000 ) ) ;
#681 = CARTESIAN_POINT ( 'NONE',  ( -240.0000000000000000, 0.7254537739770903215, 3.547755942255235606 ) ) ;
#682 = ADVANCED_FACE ( 'NONE', ( #1886 ), #2427, .T. ) ;
#683 = VERTEX_POINT ( 'NONE', #1852 ) ;
#684 = VECTOR ( 'NONE', #1918, 1000.000000000000000 ) ;
#685 = CARTESIAN_POINT ( 'NONE',  ( 240.0000000000000000, 2.612931280510966570, -2.236150516834563895 ) ) ;
#686 = CIRCLE ( 'NONE', #1561, 0.2985305544400572164 ) ;
#687 = ADVANCED_FACE ( 'NONE', ( #1498 ), #1509, .T. ) ;
#688 = CARTESIAN_POINT ( 'NONE',  ( -240.0000000000000000, 3.316006250402888877, 1.832341624294019589 ) ) ;
#689 = ORIENTED_EDGE ( 'NONE', *, *, #1523, .T. ) ;
#690 = ORIENTED_EDGE ( 'NONE', *, *, #149, .T. ) ;
#691 = CARTESIAN_POINT ( 'NONE',  ( -240.0000000000000000, -2.497026225396974830, 2.364875955644003103 ) ) ;
#692 = CARTESIAN_POINT ( 'NONE',  ( -240.0000000000000000, -1.096556238977348663, 3.076322555038118800 ) ) ;
#693 = DIRECTION ( 'NONE',  ( 0.000000000000000000, 0.000000000000000000, -1.000000000000000000 ) ) ;
#694 = B_SPLINE_SURFACE_WITH_KNOTS ( 'NONE', 3, 1, ( 
 ( #1416, #1748 ),
 ( #440, #1804 ),
 ( #1778, #2165 ),
 ( #1615, #1592 ) ),
 .UNSPECIFIED., .F., .F., .F.,
 ( 4, 4 ),
 ( 2, 2 ),
 ( 0.000000000000000000, 1.000000000000000000 ),
 ( 0.000000000000000000, 1.000000000000000000 ),
 .UNSPECIFIED. ) ;
#695 = CARTESIAN_POINT ( 'NONE',  ( 240.0000000000000000, -3.243028673315168309, 1.144789622576578569 ) ) ;
#696 = ORIENTED_EDGE ( 'NONE', *, *, #166, .F. ) ;
#697 = DIRECTION ( 'NONE',  ( 1.000000000000000000, -0.000000000000000000, -0.000000000000000000 ) ) ;
#698 = B_SPLINE_CURVE_WITH_KNOTS ( 'NONE', 3,
 ( #2256, #543, #1313, #362 ),
 .UNSPECIFIED., .F., .F.,
 ( 4, 4 ),
 ( 0.000000000000000000, 1.000000000000000000 ),
 .UNSPECIFIED. ) ;
#699 = CARTESIAN_POINT ( 'NONE',  ( -240.0000000000000000, -1.447116024240208798, 3.319281169718055757 ) ) ;
#700 = EDGE_LOOP ( 'NONE', ( #2200, #2279, #525, #924 ) ) ;
#701 = DIRECTION ( 'NONE',  ( 0.000000000000000000, 0.000000000000000000, -1.000000000000000000 ) ) ;
#702 = CARTESIAN_POINT ( 'NONE',  ( 240.0000000000000000, 2.262226552124154022, -3.016130229618875891 ) ) ;
#703 = EDGE_CURVE ( 'NONE', #1754, #1470, #2425, .T. ) ;
#704 = CYLINDRICAL_SURFACE ( 'NONE', #957, 0.2985305544400576605 ) ;
#705 = CARTESIAN_POINT ( 'NONE',  ( 240.0000000000000000, 3.938553204286449727, -0.2254410277765684645 ) ) ;
#706 = EDGE_LOOP ( 'NONE', ( #483, #477, #984, #1487 ) ) ;
#707 = CARTESIAN_POINT ( 'NONE',  ( -240.0000000000000000, -2.497026341706861441, -2.364875992400921945 ) ) ;
#708 = DIRECTION ( 'NONE',  ( 1.000000000000000000, -0.000000000000000000, -0.000000000000000000 ) ) ;
#709 = ORIENTED_EDGE ( 'NONE', *, *, #1531, .F. ) ;
#710 = B_SPLINE_SURFACE_WITH_KNOTS ( 'NONE', 3, 1, ( 
 ( #2230, #137 ),
 ( #2446, #2022 ),
 ( #342, #1104 ),
 ( #146, #907 ) ),
 .UNSPECIFIED., .F., .F., .F.,
 ( 4, 4 ),
 ( 2, 2 ),
 ( 0.000000000000000000, 1.000000000000000000 ),
 ( 0.000000000000000000, 1.000000000000000000 ),
 .UNSPECIFIED. ) ;
#711 = CARTESIAN_POINT ( 'NONE',  ( -240.0000000000000000, 0.3709224534556705422, 3.529091331960267031 ) ) ;
#712 = DIRECTION ( 'NONE',  ( 1.000000000000000000, -0.000000000000000000, -0.000000000000000000 ) ) ;
#713 = CARTESIAN_POINT ( 'NONE',  ( -240.0000000000000000, -3.759728793951152781, 0.4667040569419915186 ) ) ;
#714 = ADVANCED_FACE ( 'NONE', ( #1861 ), #909, .T. ) ;
#715 = DIRECTION ( 'NONE',  ( -1.000000000000000000, -0.000000000000000000, -0.000000000000000000 ) ) ;
#716 = ORIENTED_EDGE ( 'NONE', *, *, #977, .T. ) ;
#717 = CIRCLE ( 'NONE', #2122, 0.2985305544400578825 ) ;
#718 = DIRECTION ( 'NONE',  ( 1.000000000000000000, -0.000000000000000000, -0.000000000000000000 ) ) ;
#719 = ORIENTED_EDGE ( 'NONE', *, *, #1848, .T. ) ;
#720 = CIRCLE ( 'NONE', #2398, 0.2985305544400574385 ) ;
#721 = AXIS2_PLACEMENT_3D ( 'NONE', #1820, #1267, #1632 ) ;
#722 = CIRCLE ( 'NONE', #800, 0.2985305544400572164 ) ;
#723 = LINE ( 'NONE', #1486, #884 ) ;
#724 = VECTOR ( 'NONE', #1587, 1000.000000000000000 ) ;
#725 = ORIENTED_EDGE ( 'NONE', *, *, #1119, .F. ) ;
#726 = B_SPLINE_CURVE_WITH_KNOTS ( 'NONE', 3,
 ( #2250, #713, #538, #1109 ),
 .UNSPECIFIED., .F., .F.,
 ( 4, 4 ),
 ( 0.000000000000000000, 1.000000000000000000 ),
 .UNSPECIFIED. ) ;
#727 = ADVANCED_FACE ( 'NONE', ( #728 ), #1872, .F. ) ;
#728 = FACE_OUTER_BOUND ( 'NONE', #848, .T. ) ;
#729 = DIRECTION ( 'NONE',  ( 1.000000000000000000, -0.000000000000000000, -0.000000000000000000 ) ) ;
#730 = CARTESIAN_POINT ( 'NONE',  ( 240.0000000000000000, -1.096556253784097379, -3.374853104667172143 ) ) ;
#731 = ORIENTED_EDGE ( 'NONE', *, *, #1738, .F. ) ;
#732 = B_SPLINE_CURVE_WITH_KNOTS ( 'NONE', 3,
 ( #582, #1769, #1201, #1391 ),
 .UNSPECIFIED., .F., .F.,
 ( 4, 4 ),
 ( 0.000000000000000000, 1.000000000000000000 ),
 .UNSPECIFIED. ) ;
#733 = DIRECTION ( 'NONE',  ( 1.000000000000000000, -0.000000000000000000, -0.000000000000000000 ) ) ;
#734 = ORIENTED_EDGE ( 'NONE', *, *, #2124, .F. ) ;
#735 = EDGE_CURVE ( 'NONE', #454, #1961, #1306, .T. ) ;
#736 = CARTESIAN_POINT ( 'NONE',  ( 240.0000000000000000, -3.805614541870506073, 1.039385856505544714 ) ) ;
#737 = VERTEX_POINT ( 'NONE', #2076 ) ;
#738 = ORIENTED_EDGE ( 'NONE', *, *, #974, .F. ) ;
#739 = CARTESIAN_POINT ( 'NONE',  ( -240.0000000000000000, 3.452362614352050052, 1.092229211421257951 ) ) ;
#740 = VERTEX_POINT ( 'NONE', #1931 ) ;
#741 = CARTESIAN_POINT ( 'NONE',  ( 240.0000000000000000, 1.480932159332435605, -3.467210583613713037 ) ) ;
#742 = DIRECTION ( 'NONE',  ( 0.000000000000000000, 0.000000000000000000, -1.000000000000000000 ) ) ;
#743 = ORIENTED_EDGE ( 'NONE', *, *, #581, .T. ) ;
#744 = ADVANCED_FACE ( 'NONE', ( #1352 ), #65, .T. ) ;
#745 = ORIENTED_EDGE ( 'NONE', *, *, #2300, .F. ) ;
#746 = ORIENTED_EDGE ( 'NONE', *, *, #2063, .T. ) ;
#747 = CARTESIAN_POINT ( 'NONE',  ( -240.0000000000000000, -2.164514257973801481, 3.298166616019893027 ) ) ;
#748 = DIRECTION ( 'NONE',  ( 1.000000000000000000, -0.000000000000000000, -0.000000000000000000 ) ) ;
#749 = ORIENTED_EDGE ( 'NONE', *, *, #1999, .F. ) ;
#750 = DIRECTION ( 'NONE',  ( 1.000000000000000000, 0.000000000000000000, 0.000000000000000000 ) ) ;
#751 = CARTESIAN_POINT ( 'NONE',  ( -240.0000000000000000, -0.7995295416882055584, -3.344926122931751067 ) ) ;
#752 = EDGE_CURVE ( 'NONE', #1822, #2382, #368, .T. ) ;
#753 = ORIENTED_EDGE ( 'NONE', *, *, #808, .F. ) ;
#754 = B_SPLINE_CURVE_WITH_KNOTS ( 'NONE', 3,
 ( #174, #514, #937, #1272 ),
 .UNSPECIFIED., .F., .F.,
 ( 4, 4 ),
 ( 0.000000000000000000, 1.000000000000000000 ),
 .UNSPECIFIED. ) ;
#755 = CARTESIAN_POINT ( 'NONE',  ( 240.0000000000000000, 0.000000000000000000, 0.000000000000000000 ) ) ;
#756 = VERTEX_POINT ( 'NONE', #231 ) ;
#757 = AXIS2_PLACEMENT_3D ( 'NONE', #554, #1329, #295 ) ;
#758 = CIRCLE ( 'NONE', #1958, 0.2985305544400572164 ) ;
#759 = ADVANCED_FACE ( 'NONE', ( #380 ), #1522, .F. ) ;
#760 = B_SPLINE_CURVE_WITH_KNOTS ( 'NONE', 3,
 ( #1312, #375, #1142, #2071 ),
 .UNSPECIFIED., .F., .F.,
 ( 4, 4 ),
 ( 0.000000000000000000, 1.000000000000000000 ),
 .UNSPECIFIED. ) ;
#761 = DIRECTION ( 'NONE',  ( -1.000000000000000000, -0.000000000000000000, -0.000000000000000000 ) ) ;
#762 = CIRCLE ( 'NONE', #802, 3.945000000000002505 ) ;
#763 = LINE ( 'NONE', #1174, #1796 ) ;
#764 = CARTESIAN_POINT ( 'NONE',  ( -240.0000000000000000, 0.000000000000000000, 0.000000000000000000 ) ) ;
#765 = CARTESIAN_POINT ( 'NONE',  ( 240.0000000000000000, 0.7156842291115113053, 3.530665143970592723 ) ) ;
#766 = CARTESIAN_POINT ( 'NONE',  ( -240.0000000000000000, -0.1874848772321598134, -3.940542401853994736 ) ) ;
#767 = ORIENTED_EDGE ( 'NONE', *, *, #2255, .F. ) ;
#768 = ORIENTED_EDGE ( 'NONE', *, *, #906, .T. ) ;
#769 = CARTESIAN_POINT ( 'NONE',  ( 240.0000000000000000, -0.7179315874801758257, -3.719990244147091563 ) ) ;
#770 = EDGE_LOOP ( 'NONE', ( #1743, #2023, #1802, #2465 ) ) ;
#771 = CARTESIAN_POINT ( 'NONE',  ( -240.0000000000000000, 2.105737342351572394, 2.945967693137705457 ) ) ;
#772 = CYLINDRICAL_SURFACE ( 'NONE', #2434, 3.945000000000000728 ) ;
#773 = CARTESIAN_POINT ( 'NONE',  ( -240.0000000000000000, 0.000000000000000000, 0.000000000000000000 ) ) ;
#774 = EDGE_CURVE ( 'NONE', #2035, #1302, #1132, .T. ) ;
#775 = CARTESIAN_POINT ( 'NONE',  ( -240.0000000000000000, 3.689742516309013176, 1.396003281995294998 ) ) ;
#776 = LINE ( 'NONE', #788, #1600 ) ;
#777 = CARTESIAN_POINT ( 'NONE',  ( -240.0000000000000000, -0.7179581570356491360, 3.719934053928570350 ) ) ;
#778 = DIRECTION ( 'NONE',  ( 1.000000000000000000, -0.000000000000000000, -0.000000000000000000 ) ) ;
#779 = VERTEX_POINT ( 'NONE', #795 ) ;
#780 = EDGE_CURVE ( 'NONE', #1942, #756, #562, .T. ) ;
#781 = CARTESIAN_POINT ( 'NONE',  ( -240.0000000000000000, -0.1874848757037880786, 3.940542401926713456 ) ) ;
#782 = EDGE_LOOP ( 'NONE', ( #305, #2084, #1181, #1771 ) ) ;
#783 = B_SPLINE_CURVE_WITH_KNOTS ( 'NONE', 3,
 ( #2461, #2068, #2417, #705 ),
 .UNSPECIFIED., .F., .F.,
 ( 4, 4 ),
 ( 0.000000000000000000, 1.000000000000000000 ),
 .UNSPECIFIED. ) ;
#784 = FACE_OUTER_BOUND ( 'NONE', #1835, .T. ) ;
#785 = CYLINDRICAL_SURFACE ( 'NONE', #2474, 0.2985305544400580491 ) ;
#786 = EDGE_CURVE ( 'NONE', #1144, #1485, #1673, .T. ) ;
#787 = CARTESIAN_POINT ( 'NONE',  ( -240.0000000000000000, 1.774265283961502071, 3.073117602358177436 ) ) ;
#788 = CARTESIAN_POINT ( 'NONE',  ( -240.0000000000000000, -1.096556238977348663, 3.076322555038118800 ) ) ;
#789 = CYLINDRICAL_SURFACE ( 'NONE', #556, 3.944999999999998952 ) ;
#790 = EDGE_LOOP ( 'NONE', ( #1746, #1783, #716, #389 ) ) ;
#791 = FACE_OUTER_BOUND ( 'NONE', #1819, .T. ) ;
#792 = VERTEX_POINT ( 'NONE', #810 ) ;
#793 = AXIS2_PLACEMENT_3D ( 'NONE', #1653, #346, #2416 ) ;
#794 = EDGE_CURVE ( 'NONE', #180, #1242, #2072, .T. ) ;
#795 = CARTESIAN_POINT ( 'NONE',  ( -240.0000000000000000, 3.689742516309013176, 1.396003281995294998 ) ) ;
#796 = ORIENTED_EDGE ( 'NONE', *, *, #650, .T. ) ;
#797 = AXIS2_PLACEMENT_3D ( 'NONE', #1991, #1969, #1256 ) ;
#798 = ORIENTED_EDGE ( 'NONE', *, *, #2047, .T. ) ;
#799 = CARTESIAN_POINT ( 'NONE',  ( -240.0000000000000000, -3.805614541870506073, 1.039385856505544714 ) ) ;
#800 = AXIS2_PLACEMENT_3D ( 'NONE', #1975, #1247, #2176 ) ;
#801 = CARTESIAN_POINT ( 'NONE',  ( 240.0000000000000000, -2.090910603638144405, -2.730544103928180366 ) ) ;
#802 = AXIS2_PLACEMENT_3D ( 'NONE', #148, #504, #529 ) ;
#803 = DIRECTION ( 'NONE',  ( 0.000000000000000000, 0.000000000000000000, -1.000000000000000000 ) ) ;
#804 = CARTESIAN_POINT ( 'NONE',  ( 240.0000000000000000, -3.236074617694923550, -1.934562380453745067 ) ) ;
#805 = CARTESIAN_POINT ( 'NONE',  ( -240.0000000000000000, 1.477507147813548638, -3.105600044882157462 ) ) ;
#806 = ORIENTED_EDGE ( 'NONE', *, *, #1155, .F. ) ;
#807 = DIRECTION ( 'NONE',  ( 0.000000000000000000, 0.000000000000000000, -1.000000000000000000 ) ) ;
#808 = EDGE_CURVE ( 'NONE', #779, #2386, #1763, .T. ) ;
#809 = VERTEX_POINT ( 'NONE', #1342 ) ;
#810 = CARTESIAN_POINT ( 'NONE',  ( 240.0000000000000000, 2.934145691264086864, 1.794036809279159428 ) ) ;
#811 = ORIENTED_EDGE ( 'NONE', *, *, #1100, .F. ) ;
#812 = DIRECTION ( 'NONE',  ( 0.000000000000000000, 0.000000000000000000, -1.000000000000000000 ) ) ;
#813 = CARTESIAN_POINT ( 'NONE',  ( -240.0000000000000000, -3.428282001626595576, -0.2732412363215616091 ) ) ;
#814 = LINE ( 'NONE', #2340, #638 ) ;
#815 = CARTESIAN_POINT ( 'NONE',  ( 240.0000000000000000, -1.096556238977348663, 3.374853109478176183 ) ) ;
#816 = CARTESIAN_POINT ( 'NONE',  ( -240.0000000000000000, 3.410175861974695355, -0.4455096478287830508 ) ) ;
#817 = ORIENTED_EDGE ( 'NONE', *, *, #1928, .T. ) ;
#818 = FACE_OUTER_BOUND ( 'NONE', #1507, .T. ) ;
#819 = EDGE_CURVE ( 'NONE', #683, #1732, #1386, .T. ) ;
#820 = LINE ( 'NONE', #1612, #724 ) ;
#821 = ORIENTED_EDGE ( 'NONE', *, *, #1904, .T. ) ;
#822 = ORIENTED_EDGE ( 'NONE', *, *, #1920, .F. ) ;
#823 = DIRECTION ( 'NONE',  ( 1.000000000000000000, -0.000000000000000000, -0.000000000000000000 ) ) ;
#824 = DIRECTION ( 'NONE',  ( 0.000000000000000000, 0.000000000000000000, -1.000000000000000000 ) ) ;
#825 = CARTESIAN_POINT ( 'NONE',  ( 240.0000000000000000, -1.774038945033406867, 3.523607642956966934 ) ) ;
#826 = DIRECTION ( 'NONE',  ( 1.000000000000000000, -0.000000000000000000, -0.000000000000000000 ) ) ;
#827 =( LENGTH_UNIT ( ) NAMED_UNIT ( * ) SI_UNIT ( .MILLI., .METRE. ) );
#828 = PRODUCT_RELATED_PRODUCT_CATEGORY ( 'part', '', ( #1057 ) ) ;
#829 = VERTEX_POINT ( 'NONE', #1709 ) ;
#830 = CARTESIAN_POINT ( 'NONE',  ( -240.0000000000000000, 0.000000000000000000, 0.000000000000000000 ) ) ;
#831 = CARTESIAN_POINT ( 'NONE',  ( -240.0000000000000000, -3.624508803112606703, -1.102864097244384167 ) ) ;
#832 = ORIENTED_EDGE ( 'NONE', *, *, #2151, .F. ) ;
#833 = VERTEX_POINT ( 'NONE', #781 ) ;
#834 = CARTESIAN_POINT ( 'NONE',  ( -240.0000000000000000, -3.149938862314341836, 1.786264417063385013 ) ) ;
#835 = VECTOR ( 'NONE', #729, 1000.000000000000000 ) ;
#836 = CARTESIAN_POINT ( 'NONE',  ( -240.0000000000000000, 0.08660865703890625877, 3.438063000648665213 ) ) ;
#837 = EDGE_CURVE ( 'NONE', #1116, #2323, #2160, .T. ) ;
#838 = AXIS2_PLACEMENT_3D ( 'NONE', #2330, #2314, #2133 ) ;
#839 = CIRCLE ( 'NONE', #2238, 0.2985305544400576605 ) ;
#840 = DIRECTION ( 'NONE',  ( 0.000000000000000000, 0.000000000000000000, -1.000000000000000000 ) ) ;
#841 = CARTESIAN_POINT ( 'NONE',  ( 240.0000000000000000, -1.096556238977348663, 3.076322555038118800 ) ) ;
#842 = AXIS2_PLACEMENT_3D ( 'NONE', #1488, #2249, #537 ) ;
#843 = EDGE_LOOP ( 'NONE', ( #52, #855, #1114, #725 ) ) ;
#844 = DIRECTION ( 'NONE',  ( 0.000000000000000000, 0.000000000000000000, -1.000000000000000000 ) ) ;
#845 = CARTESIAN_POINT ( 'NONE',  ( 240.0000000000000000, 3.410175977676545678, 0.4455096092005208508 ) ) ;
#846 = EDGE_CURVE ( 'NONE', #244, #372, #2099, .T. ) ;
#847 = EDGE_LOOP ( 'NONE', ( #2248, #168, #1812, #413 ) ) ;
#848 = EDGE_LOOP ( 'NONE', ( #2044, #502, #109, #822 ) ) ;
#849 = CARTESIAN_POINT ( 'NONE',  ( -240.0000000000000000, -3.318867386079217940, 2.132637867435469126 ) ) ;
#850 = DIRECTION ( 'NONE',  ( 1.000000000000000000, -0.000000000000000000, -0.000000000000000000 ) ) ;
#851 = CARTESIAN_POINT ( 'NONE',  ( -240.0000000000000000, -1.319265258336537405, 3.176053751756989563 ) ) ;
#852 = DIRECTION ( 'NONE',  ( 0.000000000000000000, 0.000000000000000000, -1.000000000000000000 ) ) ;
#853 = EDGE_CURVE ( 'NONE', #1980, #1535, #25, .T. ) ;
#854 = PRESENTATION_STYLE_ASSIGNMENT (( #2207 ) ) ;
#855 = ORIENTED_EDGE ( 'NONE', *, *, #1044, .T. ) ;
#856 = CARTESIAN_POINT ( 'NONE',  ( 240.0000000000000000, 0.02806700976938484443, 3.620909349075209338 ) ) ;
#857 = DIRECTION ( 'NONE',  ( 1.000000000000000000, -0.000000000000000000, -0.000000000000000000 ) ) ;
#858 = ORIENTED_EDGE ( 'NONE', *, *, #2300, .T. ) ;
#859 = ORIENTED_EDGE ( 'NONE', *, *, #2443, .F. ) ;
#860 = FACE_OUTER_BOUND ( 'NONE', #1983, .T. ) ;
#861 = EDGE_CURVE ( 'NONE', #145, #358, #377, .T. ) ;
#862 = LINE ( 'NONE', #1815, #1801 ) ;
#863 = DIRECTION ( 'NONE',  ( 0.000000000000000000, 0.000000000000000000, -1.000000000000000000 ) ) ;
#864 = CARTESIAN_POINT ( 'NONE',  ( 240.0000000000000000, -3.020754226892541805, -1.644026203140997788 ) ) ;
#865 = CARTESIAN_POINT ( 'NONE',  ( -240.0000000000000000, -3.243028673315168309, 1.144789622576578569 ) ) ;
#866 = VERTEX_POINT ( 'NONE', #1725 ) ;
#867 = EDGE_CURVE ( 'NONE', #364, #372, #408, .T. ) ;
#868 = CARTESIAN_POINT ( 'NONE',  ( -240.0000000000000000, 0.000000000000000000, 0.000000000000000000 ) ) ;
#869 = B_SPLINE_SURFACE_WITH_KNOTS ( 'NONE', 3, 1, ( 
 ( #1207, #2172 ),
 ( #1598, #662 ),
 ( #1424, #2361 ),
 ( #1575, #1821 ) ),
 .UNSPECIFIED., .F., .F., .F.,
 ( 4, 4 ),
 ( 2, 2 ),
 ( 0.000000000000000000, 1.000000000000000000 ),
 ( 0.000000000000000000, 1.000000000000000000 ),
 .UNSPECIFIED. ) ;
#870 = EDGE_CURVE ( 'NONE', #1229, #1980, #577, .T. ) ;
#871 = CARTESIAN_POINT ( 'NONE',  ( -240.0000000000000000, -1.774038945033405978, 3.523607642956966934 ) ) ;
#872 = ORIENTED_EDGE ( 'NONE', *, *, #735, .T. ) ;
#873 = ORIENTED_EDGE ( 'NONE', *, *, #1384, .F. ) ;
#874 = CARTESIAN_POINT ( 'NONE',  ( -240.0000000000000000, 3.452490395830195791, -1.092321138990354878 ) ) ;
#875 = CARTESIAN_POINT ( 'NONE',  ( -240.0000000000000000, -3.899358192167881487, 0.5983566571646569132 ) ) ;
#876 = CARTESIAN_POINT ( 'NONE',  ( 240.0000000000000000, -2.374430395790492643, 2.637072124789320959 ) ) ;
#877 = AXIS2_PLACEMENT_3D ( 'NONE', #222, #988, #1565 ) ;
#878 =( NAMED_UNIT ( * ) SI_UNIT ( $, .STERADIAN. ) SOLID_ANGLE_UNIT ( ) );
#879 = FACE_OUTER_BOUND ( 'NONE', #386, .T. ) ;
#880 = ORIENTED_EDGE ( 'NONE', *, *, #1738, .T. ) ;
#881 = AXIS2_PLACEMENT_3D ( 'NONE', #2243, #718, #1310 ) ;
#882 = VECTOR ( 'NONE', #2102, 1000.000000000000000 ) ;
#883 = CARTESIAN_POINT ( 'NONE',  ( 240.0000000000000000, -2.497026341706861441, -2.364875992400922389 ) ) ;
#884 = VECTOR ( 'NONE', #2246, 1000.000000000000000 ) ;
#885 = EDGE_CURVE ( 'NONE', #2402, #542, #1827, .T. ) ;
#886 = EDGE_CURVE ( 'NONE', #466, #894, #1090, .T. ) ;
#887 = CARTESIAN_POINT ( 'NONE',  ( -240.0000000000000000, 3.410175977676545678, 0.4455096092005208508 ) ) ;
#888 = ORIENTED_EDGE ( 'NONE', *, *, #316, .T. ) ;
#889 = ORIENTED_EDGE ( 'NONE', *, *, #1794, .T. ) ;
#890 = CARTESIAN_POINT ( 'NONE',  ( 240.0000000000000000, 0.000000000000000000, 0.000000000000000000 ) ) ;
#891 = CARTESIAN_POINT ( 'NONE',  ( -240.0000000000000000, 1.477507148797370995, 3.105599922906362220 ) ) ;
#892 = DIRECTION ( 'NONE',  ( 0.000000000000000000, 0.000000000000000000, -1.000000000000000000 ) ) ;
#893 = DIRECTION ( 'NONE',  ( 1.000000000000000000, -0.000000000000000000, -0.000000000000000000 ) ) ;
#894 = VERTEX_POINT ( 'NONE', #1413 ) ;
#895 = DIRECTION ( 'NONE',  ( 1.000000000000000000, -0.000000000000000000, -0.000000000000000000 ) ) ;
#896 = CARTESIAN_POINT ( 'NONE',  ( -240.0000000000000000, 3.121919794210273214, 1.834794866600343077 ) ) ;
#897 = ORIENTED_EDGE ( 'NONE', *, *, #626, .T. ) ;
#898 = EDGE_CURVE ( 'NONE', #1984, #542, #1437, .T. ) ;
#899 = CARTESIAN_POINT ( 'NONE',  ( -240.0000000000000000, -1.096556238977348663, 3.374853109478176183 ) ) ;
#900 = CARTESIAN_POINT ( 'NONE',  ( 240.0000000000000000, 2.467871160518345874, -3.077764925247186589 ) ) ;
#901 = CARTESIAN_POINT ( 'NONE',  ( 240.0000000000000000, -2.164514257973801481, 3.298166616019893027 ) ) ;
#902 = LINE ( 'NONE', #2441, #367 ) ;
#903 = ORIENTED_EDGE ( 'NONE', *, *, #1999, .T. ) ;
#904 = CARTESIAN_POINT ( 'NONE',  ( 240.0000000000000000, -2.862578312587137130, -2.481737029811426964 ) ) ;
#905 = ORIENTED_EDGE ( 'NONE', *, *, #2183, .F. ) ;
#906 = EDGE_CURVE ( 'NONE', #1216, #454, #2360, .T. ) ;
#907 = CARTESIAN_POINT ( 'NONE',  ( 240.0000000000000000, 0.6300975140089833948, 3.380940125682777797 ) ) ;
#908 = ORIENTED_EDGE ( 'NONE', *, *, #774, .T. ) ;
#909 = CYLINDRICAL_SURFACE ( 'NONE', #2203, 3.945000000000000728 ) ;
#910 = EDGE_CURVE ( 'NONE', #438, #545, #934, .T. ) ;
#911 = CARTESIAN_POINT ( 'NONE',  ( -240.0000000000000000, 2.870821528176310089, 2.085773920911397017 ) ) ;
#912 = DIRECTION ( 'NONE',  ( 1.000000000000000000, -0.000000000000000000, -0.000000000000000000 ) ) ;
#913 = EDGE_CURVE ( 'NONE', #740, #2012, #2245, .T. ) ;
#914 = ORIENTED_EDGE ( 'NONE', *, *, #774, .F. ) ;
#915 = VECTOR ( 'NONE', #1546, 1000.000000000000000 ) ;
#916 = CARTESIAN_POINT ( 'NONE',  ( 240.0000000000000000, 3.293417475526128957, -1.835241637238932189 ) ) ;
#917 = EDGE_LOOP ( 'NONE', ( #1576, #1392, #474, #1025 ) ) ;
#918 = EDGE_CURVE ( 'NONE', #833, #829, #820, .T. ) ;
#919 = VECTOR ( 'NONE', #2429, 1000.000000000000000 ) ;
#920 = CARTESIAN_POINT ( 'NONE',  ( -240.0000000000000000, -1.319265258336537405, 3.176053751756989563 ) ) ;
#921 = ORIENTED_EDGE ( 'NONE', *, *, #2289, .F. ) ;
#922 = AXIS2_PLACEMENT_3D ( 'NONE', #815, #1950, #1018 ) ;
#923 = AXIS2_PLACEMENT_3D ( 'NONE', #1331, #196, #1534 ) ;
#924 = ORIENTED_EDGE ( 'NONE', *, *, #320, .F. ) ;
#925 = CARTESIAN_POINT ( 'NONE',  ( 240.0000000000000000, -2.151023803159062275, -2.912879824074587898 ) ) ;
#926 = CARTESIAN_POINT ( 'NONE',  ( -240.0000000000000000, -3.428282106768813620, 0.2732412981614706915 ) ) ;
#927 = DIRECTION ( 'NONE',  ( 1.000000000000000000, 0.000000000000000000, 0.000000000000000000 ) ) ;
#928 = APPLICATION_CONTEXT ( 'automotive_design' ) ;
#929 = ORIENTED_EDGE ( 'NONE', *, *, #399, .T. ) ;
#930 = EDGE_CURVE ( 'NONE', #683, #2423, #2373, .T. ) ;
#931 = CARTESIAN_POINT ( 'NONE',  ( 240.0000000000000000, 2.934145569853655378, -1.794036797507652103 ) ) ;
#932 = ORIENTED_EDGE ( 'NONE', *, *, #1696, .T. ) ;
#933 = B_SPLINE_CURVE_WITH_KNOTS ( 'NONE', 3,
 ( #643, #1767, #2004, #50 ),
 .UNSPECIFIED., .F., .F.,
 ( 4, 4 ),
 ( 0.000000000000000000, 1.000000000000000000 ),
 .UNSPECIFIED. ) ;
#934 = B_SPLINE_CURVE_WITH_KNOTS ( 'NONE', 3,
 ( #1624, #1011, #1218, #651 ),
 .UNSPECIFIED., .F., .F.,
 ( 4, 4 ),
 ( 0.000000000000000000, 1.000000000000000000 ),
 .UNSPECIFIED. ) ;
#935 = ORIENTED_EDGE ( 'NONE', *, *, #1244, .T. ) ;
#936 = B_SPLINE_CURVE_WITH_KNOTS ( 'NONE', 3,
 ( #1176, #741, #1029, #1213 ),
 .UNSPECIFIED., .F., .F.,
 ( 4, 4 ),
 ( 0.000000000000000000, 1.000000000000000000 ),
 .UNSPECIFIED. ) ;
#937 = CARTESIAN_POINT ( 'NONE',  ( 240.0000000000000000, -1.434111371382738920, -3.304712521403195602 ) ) ;
#938 = ADVANCED_FACE ( 'NONE', ( #303 ), #869, .T. ) ;
#939 = DIRECTION ( 'NONE',  ( 1.000000000000000000, -0.000000000000000000, -0.000000000000000000 ) ) ;
#940 = DIRECTION ( 'NONE',  ( 0.000000000000000000, 0.000000000000000000, -1.000000000000000000 ) ) ;
#941 = ORIENTED_EDGE ( 'NONE', *, *, #39, .T. ) ;
#942 = LINE ( 'NONE', #1703, #280 ) ;
#943 = DIRECTION ( 'NONE',  ( 1.000000000000000000, 0.000000000000000000, 0.000000000000000000 ) ) ;
#944 = ORIENTED_EDGE ( 'NONE', *, *, #1951, .F. ) ;
#945 = EDGE_CURVE ( 'NONE', #1720, #2394, #1970, .T. ) ;
#946 = DIRECTION ( 'NONE',  ( 0.000000000000000000, 0.000000000000000000, -1.000000000000000000 ) ) ;
#947 = ORIENTED_EDGE ( 'NONE', *, *, #1463, .F. ) ;
#948 = DIRECTION ( 'NONE',  ( 1.000000000000000000, 0.000000000000000000, 0.000000000000000000 ) ) ;
#949 = CARTESIAN_POINT ( 'NONE',  ( 240.0000000000000000, 3.506352262610188397, -1.807904535778472654 ) ) ;
#950 = CARTESIAN_POINT ( 'NONE',  ( -240.0000000000000000, -0.7995295416882055584, -3.344926122931751067 ) ) ;
#951 = CARTESIAN_POINT ( 'NONE',  ( 240.0000000000000000, -2.497026341706861441, -2.364875992400921945 ) ) ;
#952 = CARTESIAN_POINT ( 'NONE',  ( 240.0000000000000000, 2.612931280510966126, -2.236150516834563895 ) ) ;
#953 = VERTEX_POINT ( 'NONE', #673 ) ;
#954 = VERTEX_POINT ( 'NONE', #2197 ) ;
#955 = CARTESIAN_POINT ( 'NONE',  ( 240.0000000000000000, -3.759774023580451097, -0.4667466898233094685 ) ) ;
#956 = EDGE_CURVE ( 'NONE', #1439, #1702, #40, .T. ) ;
#957 = AXIS2_PLACEMENT_3D ( 'NONE', #1674, #1446, #1307 ) ;
#958 = VERTEX_POINT ( 'NONE', #1066 ) ;
#959 = CIRCLE ( 'NONE', #1876, 3.945000000000001616 ) ;
#960 = EDGE_CURVE ( 'NONE', #170, #2412, #717, .T. ) ;
#961 = CARTESIAN_POINT ( 'NONE',  ( -240.0000000000000000, -3.149832985984393208, -1.786147931069062222 ) ) ;
#962 = VECTOR ( 'NONE', #2116, 1000.000000000000000 ) ;
#963 = ORIENTED_EDGE ( 'NONE', *, *, #2468, .F. ) ;
#964 = CARTESIAN_POINT ( 'NONE',  ( 240.0000000000000000, 3.316067900920530942, -1.832333718877594331 ) ) ;
#965 = B_SPLINE_CURVE_WITH_KNOTS ( 'NONE', 3,
 ( #2241, #152, #1148, #1137 ),
 .UNSPECIFIED., .F., .F.,
 ( 4, 4 ),
 ( 0.000000000000000000, 1.000000000000000000 ),
 .UNSPECIFIED. ) ;
#966 = CARTESIAN_POINT ( 'NONE',  ( -240.0000000000000000, 3.580536469622803253, -1.238197024117126066 ) ) ;
#967 = LINE ( 'NONE', #1188, #203 ) ;
#968 = CARTESIAN_POINT ( 'NONE',  ( 240.0000000000000000, -3.136703564356977836, -1.771691826118002355 ) ) ;
#969 = CARTESIAN_POINT ( 'NONE',  ( -240.0000000000000000, 2.767362726691745767, -2.587484651113644230 ) ) ;
#970 = ORIENTED_EDGE ( 'NONE', *, *, #2334, .T. ) ;
#971 = CARTESIAN_POINT ( 'NONE',  ( 240.0000000000000000, -2.839880014163242539, -2.479877173737480955 ) ) ;
#972 = VERTEX_POINT ( 'NONE', #476 ) ;
#973 = DIRECTION ( 'NONE',  ( 0.000000000000000000, 0.000000000000000000, -1.000000000000000000 ) ) ;
#974 = EDGE_CURVE ( 'NONE', #866, #2062, #1803, .T. ) ;
#975 = LINE ( 'NONE', #369, #1992 ) ;
#976 = CARTESIAN_POINT ( 'NONE',  ( 240.0000000000000000, -2.144909307269609045, -2.894333298183086267 ) ) ;
#977 = EDGE_CURVE ( 'NONE', #1732, #1116, #2335, .T. ) ;
#978 = CARTESIAN_POINT ( 'NONE',  ( -240.0000000000000000, 1.002672714867223647, -3.815451798524096105 ) ) ;
#979 = FACE_OUTER_BOUND ( 'NONE', #664, .T. ) ;
#980 = DIRECTION ( 'NONE',  ( 0.000000000000000000, 0.000000000000000000, -1.000000000000000000 ) ) ;
#981 = ADVANCED_FACE ( 'NONE', ( #248 ), #151, .T. ) ;
#982 = CARTESIAN_POINT ( 'NONE',  ( 240.0000000000000000, 0.08660860652811631921, -3.438063111678937300 ) ) ;
#983 = UNCERTAINTY_MEASURE_WITH_UNIT (LENGTH_MEASURE( 1.000000000000000082E-05 ), #1098, 'distance_accuracy_value', 'NONE');
#984 = ORIENTED_EDGE ( 'NONE', *, *, #1429, .F. ) ;
#985 = DIRECTION ( 'NONE',  ( 1.000000000000000000, -0.000000000000000000, -0.000000000000000000 ) ) ;
#986 = ORIENTED_EDGE ( 'NONE', *, *, #1650, .T. ) ;
#987 = VERTEX_POINT ( 'NONE', #1834 ) ;
#988 = DIRECTION ( 'NONE',  ( 1.000000000000000000, -0.000000000000000000, -0.000000000000000000 ) ) ;
#989 = FACE_OUTER_BOUND ( 'NONE', #663, .T. ) ;
#990 = LINE ( 'NONE', #1751, #962 ) ;
#991 = CARTESIAN_POINT ( 'NONE',  ( 240.0000000000000000, -3.899358192167881487, 0.5983566571646569132 ) ) ;
#992 = EDGE_CURVE ( 'NONE', #461, #1154, #2210, .T. ) ;
#993 = FACE_OUTER_BOUND ( 'NONE', #2430, .T. ) ;
#994 = B_SPLINE_CURVE_WITH_KNOTS ( 'NONE', 3,
 ( #1715, #591, #1358, #2117 ),
 .UNSPECIFIED., .F., .F.,
 ( 4, 4 ),
 ( 0.000000000000000000, 1.000000000000000000 ),
 .UNSPECIFIED. ) ;
#995 = VERTEX_POINT ( 'NONE', #1268 ) ;
#996 = CARTESIAN_POINT ( 'NONE',  ( -240.0000000000000000, -3.020754226892541805, -1.644026203140997788 ) ) ;
#997 = ORIENTED_EDGE ( 'NONE', *, *, #10, .T. ) ;
#998 = VECTOR ( 'NONE', #665, 1000.000000000000000 ) ;
#999 = CARTESIAN_POINT ( 'NONE',  ( -240.0000000000000000, 0.000000000000000000, 0.000000000000000000 ) ) ;
#1000 = AXIS2_PLACEMENT_3D ( 'NONE', #2008, #79, #2194 ) ;
#1001 = ORIENTED_EDGE ( 'NONE', *, *, #1744, .F. ) ;
#1002 = CARTESIAN_POINT ( 'NONE',  ( 240.0000000000000000, -3.899358192399956291, -0.5983566556522597057 ) ) ;
#1003 = VECTOR ( 'NONE', #912, 1000.000000000000000 ) ;
#1004 = CYLINDRICAL_SURFACE ( 'NONE', #1761, 3.945000000000003393 ) ;
#1005 = CARTESIAN_POINT ( 'NONE',  ( 240.0000000000000000, -3.548530554440057827, 7.784367714227385937E-09 ) ) ;
#1006 = CARTESIAN_POINT ( 'NONE',  ( 240.0000000000000000, -3.243028673315168309, 1.144789622576578569 ) ) ;
#1007 = CARTESIAN_POINT ( 'NONE',  ( 240.0000000000000000, -0.07114873015113890031, -3.787916464103896264 ) ) ;
#1008 = ORIENTED_EDGE ( 'NONE', *, *, #867, .F. ) ;
#1009 = EDGE_CURVE ( 'NONE', #2007, #2217, #1495, .T. ) ;
#1010 = LINE ( 'NONE', #246, #484 ) ;
#1011 = CARTESIAN_POINT ( 'NONE',  ( 240.0000000000000000, -0.7822407450659779604, -3.516518248799785695 ) ) ;
#1012 = ORIENTED_EDGE ( 'NONE', *, *, #1035, .F. ) ;
#1013 = ORIENTED_EDGE ( 'NONE', *, *, #846, .F. ) ;
#1014 = DIRECTION ( 'NONE',  ( 1.000000000000000000, -0.000000000000000000, -0.000000000000000000 ) ) ;
#1015 = CARTESIAN_POINT ( 'NONE',  ( -240.0000000000000000, 3.506352263311412365, 1.807904534418498965 ) ) ;
#1016 = EDGE_CURVE ( 'NONE', #1879, #1984, #251, .T. ) ;
#1017 = DIRECTION ( 'NONE',  ( 0.000000000000000000, 0.000000000000000000, -1.000000000000000000 ) ) ;
#1018 = DIRECTION ( 'NONE',  ( 0.000000000000000000, 0.000000000000000000, -1.000000000000000000 ) ) ;
#1019 = CARTESIAN_POINT ( 'NONE',  ( -240.0000000000000000, -0.07114873015113890031, -3.787916464103896264 ) ) ;
#1020 = VERTEX_POINT ( 'NONE', #1115 ) ;
#1021 = CARTESIAN_POINT ( 'NONE',  ( -240.0000000000000000, 1.774265283961502071, 3.073117602358177436 ) ) ;
#1022 = EDGE_CURVE ( 'NONE', #1614, #2012, #122, .T. ) ;
#1023 = DIRECTION ( 'NONE',  ( 1.000000000000000000, 0.000000000000000000, 0.000000000000000000 ) ) ;
#1024 = ORIENTED_EDGE ( 'NONE', *, *, #1785, .F. ) ;
#1025 = ORIENTED_EDGE ( 'NONE', *, *, #245, .F. ) ;
#1026 = B_SPLINE_CURVE_WITH_KNOTS ( 'NONE', 3,
 ( #1304, #2432, #1849, #1869 ),
 .UNSPECIFIED., .F., .F.,
 ( 4, 4 ),
 ( 0.000000000000000000, 1.000000000000000000 ),
 .UNSPECIFIED. ) ;
#1027 = CARTESIAN_POINT ( 'NONE',  ( -240.0000000000000000, -3.428282106768813620, 0.2732412981614706915 ) ) ;
#1028 = CARTESIAN_POINT ( 'NONE',  ( 240.0000000000000000, -0.6358969506700028473, 3.893412393791416903 ) ) ;
#1029 = CARTESIAN_POINT ( 'NONE',  ( 240.0000000000000000, 1.496272198451679580, -3.277036738089543988 ) ) ;
#1030 = DIRECTION ( 'NONE',  ( 1.000000000000000000, 0.000000000000000000, 0.000000000000000000 ) ) ;
#1031 = B_SPLINE_SURFACE_WITH_KNOTS ( 'NONE', 3, 1, ( 
 ( #1471, #339 ),
 ( #1847, #2228 ),
 ( #1140, #1126 ),
 ( #2253, #520 ) ),
 .UNSPECIFIED., .F., .F., .F.,
 ( 4, 4 ),
 ( 2, 2 ),
 ( 0.000000000000000000, 1.000000000000000000 ),
 ( 0.000000000000000000, 1.000000000000000000 ),
 .UNSPECIFIED. ) ;
#1032 = CARTESIAN_POINT ( 'NONE',  ( -240.0000000000000000, -3.318867386906378503, -2.132637866148219707 ) ) ;
#1033 = ORIENTED_EDGE ( 'NONE', *, *, #2435, .F. ) ;
#1034 = CARTESIAN_POINT ( 'NONE',  ( 240.0000000000000000, -0.7802673424586730189, 3.536104958605929216 ) ) ;
#1035 = EDGE_CURVE ( 'NONE', #683, #2423, #352, .T. ) ;
#1036 = CARTESIAN_POINT ( 'NONE',  ( 240.0000000000000000, -3.624508803112606703, -1.102864097244384167 ) ) ;
#1037 = ORIENTED_EDGE ( 'NONE', *, *, #1472, .T. ) ;
#1038 = ORIENTED_EDGE ( 'NONE', *, *, #1482, .T. ) ;
#1039 = VECTOR ( 'NONE', #1858, 1000.000000000000000 ) ;
#1040 = EDGE_CURVE ( 'NONE', #2323, #2089, #1026, .T. ) ;
#1041 = CARTESIAN_POINT ( 'NONE',  ( 240.0000000000000000, -3.020754297792185739, 1.644026302399764328 ) ) ;
#1042 = AXIS2_PLACEMENT_3D ( 'NONE', #336, #129, #863 ) ;
#1043 = CARTESIAN_POINT ( 'NONE',  ( -240.0000000000000000, -3.899358192399956291, -0.5983566556522597057 ) ) ;
#1044 = EDGE_CURVE ( 'NONE', #1635, #958, #2411, .T. ) ;
#1045 = VECTOR ( 'NONE', #1527, 1000.000000000000000 ) ;
#1046 = MECHANICAL_DESIGN_GEOMETRIC_PRESENTATION_REPRESENTATION (  '', ( #2273 ), #328 ) ;
#1047 = FACE_OUTER_BOUND ( 'NONE', #706, .T. ) ;
#1048 =( LENGTH_UNIT ( ) NAMED_UNIT ( * ) SI_UNIT ( .MILLI., .METRE. ) );
#1049 = LINE ( 'NONE', #1830, #1366 ) ;
#1050 = VECTOR ( 'NONE', #1647, 1000.000000000000000 ) ;
#1051 = ORIENTED_EDGE ( 'NONE', *, *, #119, .T. ) ;
#1052 = CARTESIAN_POINT ( 'NONE',  ( -240.0000000000000000, 0.02806700976938484443, 3.620909349075209338 ) ) ;
#1053 = EDGE_CURVE ( 'NONE', #1859, #2154, #2401, .T. ) ;
#1054 = DIRECTION ( 'NONE',  ( 1.000000000000000000, 0.000000000000000000, 0.000000000000000000 ) ) ;
#1055 = ORIENTED_EDGE ( 'NONE', *, *, #2443, .T. ) ;
#1056 = ORIENTED_EDGE ( 'NONE', *, *, #546, .F. ) ;
#1057 = PRODUCT ( 'REV-41-6457', 'REV-41-6457', '', ( #347 ) ) ;
#1058 = CARTESIAN_POINT ( 'NONE',  ( -240.0000000000000000, 2.802941827003310848, 2.776065942018551613 ) ) ;
#1059 = CARTESIAN_POINT ( 'NONE',  ( -240.0000000000000000, 1.950774958955290961, 2.832358746720685438 ) ) ;
#1060 = EDGE_CURVE ( 'NONE', #1434, #1613, #1064, .T. ) ;
#1061 = DIRECTION ( 'NONE',  ( 1.000000000000000000, -0.000000000000000000, -0.000000000000000000 ) ) ;
#1062 = CARTESIAN_POINT ( 'NONE',  ( -240.0000000000000000, -0.1874848772321598134, -3.940542401853994736 ) ) ;
#1063 = ORIENTED_EDGE ( 'NONE', *, *, #626, .F. ) ;
#1064 = B_SPLINE_CURVE_WITH_KNOTS ( 'NONE', 3,
 ( #920, #699, #2048, #871 ),
 .UNSPECIFIED., .F., .F.,
 ( 4, 4 ),
 ( 0.000000000000000000, 1.000000000000000000 ),
 .UNSPECIFIED. ) ;
#1065 = CARTESIAN_POINT ( 'NONE',  ( -240.0000000000000000, 0.3709224534556705422, 3.529091331960267031 ) ) ;
#1066 = CARTESIAN_POINT ( 'NONE',  ( 240.0000000000000000, -2.374430395790492643, 2.338541570349263132 ) ) ;
#1067 = ORIENTED_EDGE ( 'NONE', *, *, #572, .F. ) ;
#1068 = ORIENTED_EDGE ( 'NONE', *, *, #448, .F. ) ;
#1069 = CARTESIAN_POINT ( 'NONE',  ( -240.0000000000000000, 0.000000000000000000, 0.000000000000000000 ) ) ;
#1070 = CARTESIAN_POINT ( 'NONE',  ( -240.0000000000000000, -3.759728793951152781, 0.4667040569419915186 ) ) ;
#1071 = CARTESIAN_POINT ( 'NONE',  ( -240.0000000000000000, -3.241743972480880753, -1.443317398453486833 ) ) ;
#1072 = APPLICATION_PROTOCOL_DEFINITION ( 'draft international standard', 'automotive_design', 1998, #928 ) ;
#1073 = CARTESIAN_POINT ( 'NONE',  ( 240.0000000000000000, -3.428282001626595576, -0.2732412363215616091 ) ) ;
#1074 = ORIENTED_EDGE ( 'NONE', *, *, #2139, .T. ) ;
#1075 = ADVANCED_FACE ( 'NONE', ( #1884 ), #1591, .T. ) ;
#1076 = CARTESIAN_POINT ( 'NONE',  ( -240.0000000000000000, -0.7179581570356491360, 3.719934053928570350 ) ) ;
#1077 = B_SPLINE_SURFACE_WITH_KNOTS ( 'NONE', 3, 1, ( 
 ( #422, #631 ),
 ( #1927, #1190 ),
 ( #2144, #1938 ),
 ( #805, #227 ) ),
 .UNSPECIFIED., .F., .F., .F.,
 ( 4, 4 ),
 ( 2, 2 ),
 ( 0.000000000000000000, 1.000000000000000000 ),
 ( 0.000000000000000000, 1.000000000000000000 ),
 .UNSPECIFIED. ) ;
#1078 = CARTESIAN_POINT ( 'NONE',  ( -240.0000000000000000, -2.862640259521560537, 2.481742115010684646 ) ) ;
#1079 = ORIENTED_EDGE ( 'NONE', *, *, #1198, .T. ) ;
#1080 = ORIENTED_EDGE ( 'NONE', *, *, #261, .F. ) ;
#1081 = CARTESIAN_POINT ( 'NONE',  ( 240.0000000000000000, 2.934145569853655378, -1.794036797507652103 ) ) ;
#1082 = CARTESIAN_POINT ( 'NONE',  ( 240.0000000000000000, -3.805614541870506073, 1.039385856505544714 ) ) ;
#1083 = DIRECTION ( 'NONE',  ( 0.000000000000000000, 0.000000000000000000, -1.000000000000000000 ) ) ;
#1084 = DIRECTION ( 'NONE',  ( 0.000000000000000000, 0.000000000000000000, 1.000000000000000000 ) ) ;
#1085 = CARTESIAN_POINT ( 'NONE',  ( 240.0000000000000000, -3.624567462790040384, 1.102843546716906209 ) ) ;
#1086 = EDGE_LOOP ( 'NONE', ( #274, #1759, #1383, #1169 ) ) ;
#1087 = CIRCLE ( 'NONE', #1000, 0.2985305544400580491 ) ;
#1088 = AXIS2_PLACEMENT_3D ( 'NONE', #1404, #2189, #1628 ) ;
#1089 = CYLINDRICAL_SURFACE ( 'NONE', #881, 3.945000000000001616 ) ;
#1090 = CIRCLE ( 'NONE', #2320, 0.2985305544400572164 ) ;
#1091 = ADVANCED_FACE ( 'NONE', ( #330 ), #710, .T. ) ;
#1092 = CARTESIAN_POINT ( 'NONE',  ( -240.0000000000000000, -2.497026225396974830, 2.364875955644003103 ) ) ;
#1093 = ORIENTED_EDGE ( 'NONE', *, *, #2469, .T. ) ;
#1094 = VERTEX_POINT ( 'NONE', #1668 ) ;
#1095 = CARTESIAN_POINT ( 'NONE',  ( 240.0000000000000000, 3.296555767085192379, 0.9800501672877265369 ) ) ;
#1096 = CARTESIAN_POINT ( 'NONE',  ( 240.0000000000000000, 1.431487031881637062, 3.676121580899453622 ) ) ;
#1097 = FACE_OUTER_BOUND ( 'NONE', #2348, .T. ) ;
#1098 =( LENGTH_UNIT ( ) NAMED_UNIT ( * ) SI_UNIT ( .MILLI., .METRE. ) );
#1099 = B_SPLINE_SURFACE_WITH_KNOTS ( 'NONE', 3, 1, ( 
 ( #345, #1467 ),
 ( #2223, #925 ),
 ( #1840, #2459 ),
 ( #366, #128 ) ),
 .UNSPECIFIED., .F., .F., .F.,
 ( 4, 4 ),
 ( 2, 2 ),
 ( 0.000000000000000000, 1.000000000000000000 ),
 ( 0.000000000000000000, 1.000000000000000000 ),
 .UNSPECIFIED. ) ;
#1100 = EDGE_CURVE ( 'NONE', #894, #364, #723, .T. ) ;
#1101 = ORIENTED_EDGE ( 'NONE', *, *, #1167, .T. ) ;
#1102 = LINE ( 'NONE', #2410, #1398 ) ;
#1103 = ORIENTED_EDGE ( 'NONE', *, *, #2047, .F. ) ;
#1104 = CARTESIAN_POINT ( 'NONE',  ( 240.0000000000000000, 0.7254537739770903215, 3.547755942255235606 ) ) ;
#1105 = ORIENTED_EDGE ( 'NONE', *, *, #992, .T. ) ;
#1106 = EDGE_LOOP ( 'NONE', ( #746, #1195, #1645, #24 ) ) ;
#1107 = B_SPLINE_CURVE_WITH_KNOTS ( 'NONE', 3,
 ( #1832, #107, #1217, #259 ),
 .UNSPECIFIED., .F., .F.,
 ( 4, 4 ),
 ( 0.000000000000000000, 1.000000000000000000 ),
 .UNSPECIFIED. ) ;
#1108 = CARTESIAN_POINT ( 'NONE',  ( -240.0000000000000000, 1.431487031881637062, 3.676121580899453622 ) ) ;
#1109 = CARTESIAN_POINT ( 'NONE',  ( -240.0000000000000000, -3.428282106768813620, 0.2732412981614706915 ) ) ;
#1110 = EDGE_CURVE ( 'NONE', #1589, #1020, #698, .T. ) ;
#1111 = DIRECTION ( 'NONE',  ( 1.000000000000000000, -0.000000000000000000, -0.000000000000000000 ) ) ;
#1112 = ORIENTED_EDGE ( 'NONE', *, *, #224, .F. ) ;
#1113 = CARTESIAN_POINT ( 'NONE',  ( -240.0000000000000000, 2.934145691264086864, 1.794036809279159428 ) ) ;
#1114 = ORIENTED_EDGE ( 'NONE', *, *, #1770, .F. ) ;
#1115 = CARTESIAN_POINT ( 'NONE',  ( -240.0000000000000000, -2.164514259253023543, -3.298166615180369909 ) ) ;
#1116 = VERTEX_POINT ( 'NONE', #736 ) ;
#1117 = ORIENTED_EDGE ( 'NONE', *, *, #171, .F. ) ;
#1118 = DIRECTION ( 'NONE',  ( 1.000000000000000000, -0.000000000000000000, -0.000000000000000000 ) ) ;
#1119 = EDGE_CURVE ( 'NONE', #1364, #954, #1131, .T. ) ;
#1120 = CARTESIAN_POINT ( 'NONE',  ( -240.0000000000000000, 0.6300974415174813714, -3.380940027580565665 ) ) ;
#1121 = DIRECTION ( 'NONE',  ( 1.000000000000000000, 0.000000000000000000, 0.000000000000000000 ) ) ;
#1122 = B_SPLINE_CURVE_WITH_KNOTS ( 'NONE', 3,
 ( #496, #482, #681, #1420 ),
 .UNSPECIFIED., .F., .F.,
 ( 4, 4 ),
 ( 0.000000000000000000, 1.000000000000000000 ),
 .UNSPECIFIED. ) ;
#1123 = DIRECTION ( 'NONE',  ( 0.000000000000000000, 0.000000000000000000, -1.000000000000000000 ) ) ;
#1124 = ORIENTED_EDGE ( 'NONE', *, *, #1053, .F. ) ;
#1125 = CIRCLE ( 'NONE', #1204, 3.945000000000000728 ) ;
#1126 = CARTESIAN_POINT ( 'NONE',  ( 240.0000000000000000, -1.447220805021998569, -3.319398642148360778 ) ) ;
#1127 = ORIENTED_EDGE ( 'NONE', *, *, #1707, .T. ) ;
#1128 = CIRCLE ( 'NONE', #1718, 0.2985305544400576605 ) ;
#1129 = AXIS2_PLACEMENT_3D ( 'NONE', #1582, #1030, #680 ) ;
#1130 = AXIS2_PLACEMENT_3D ( 'NONE', #531, #893, #1854 ) ;
#1131 = LINE ( 'NONE', #215, #1361 ) ;
#1132 = CIRCLE ( 'NONE', #1173, 0.2985305544400572164 ) ;
#1133 = ORIENTED_EDGE ( 'NONE', *, *, #462, .T. ) ;
#1134 = DIRECTION ( 'NONE',  ( -1.000000000000000000, -0.000000000000000000, -0.000000000000000000 ) ) ;
#1135 = CARTESIAN_POINT ( 'NONE',  ( -240.0000000000000000, 3.296555767085192379, 0.9800501672877265369 ) ) ;
#1136 = EDGE_CURVE ( 'NONE', #1229, #1787, #942, .T. ) ;
#1137 = CARTESIAN_POINT ( 'NONE',  ( -240.0000000000000000, 2.467871160518345874, -3.077764925247186589 ) ) ;
#1138 = EDGE_LOOP ( 'NONE', ( #1705, #2297, #521, #653, #624, #1813, #932, #1074, #1270, #2457, #1051, #1998, #1855, #1734, #270, #1543, #1599, #1971, #1093, #1300, #1474, #587, #1664, #478, #1397, #1266, #2221, #98, #1695, #317, #2128, #1497, #311, #283, #719, #1038, #540, #970, #2349, #250, #1809, #1360, #501, #2467, #1275, #1836, #1823, #147, #1504, #1972, #858, #2252, #595, #897, #451, #1717, #798, #57, #62, #1269, #1055, #379, #511, #208, #508 ) ) ;
#1139 = CARTESIAN_POINT ( 'NONE',  ( 240.0000000000000000, 0.8398759632242116524, 3.675502368121400742 ) ) ;
#1140 = CARTESIAN_POINT ( 'NONE',  ( -240.0000000000000000, -1.447220805021998569, -3.319398642148360778 ) ) ;
#1141 = EDGE_CURVE ( 'NONE', #1602, #293, #464, .T. ) ;
#1142 = CARTESIAN_POINT ( 'NONE',  ( 240.0000000000000000, 2.763140487581313920, 2.565105296288090919 ) ) ;
#1143 = DIRECTION ( 'NONE',  ( 1.000000000000000000, -0.000000000000000000, -0.000000000000000000 ) ) ;
#1144 = VERTEX_POINT ( 'NONE', #579 ) ;
#1145 = CARTESIAN_POINT ( 'NONE',  ( -240.0000000000000000, -3.805614541870506073, 1.039385856505544714 ) ) ;
#1146 = DIRECTION ( 'NONE',  ( 1.000000000000000000, -0.000000000000000000, -0.000000000000000000 ) ) ;
#1147 = B_SPLINE_CURVE_WITH_KNOTS ( 'NONE', 3,
 ( #1135, #739, #1524, #1510 ),
 .UNSPECIFIED., .F., .F.,
 ( 4, 4 ),
 ( 0.000000000000000000, 1.000000000000000000 ),
 .UNSPECIFIED. ) ;
#1148 = CARTESIAN_POINT ( 'NONE',  ( -240.0000000000000000, 2.284101502309513698, -3.022686471997837909 ) ) ;
#1149 = B_SPLINE_CURVE_WITH_KNOTS ( 'NONE', 3,
 ( #2463, #1739, #2313, #373 ),
 .UNSPECIFIED., .F., .F.,
 ( 4, 4 ),
 ( 0.000000000000000000, 1.000000000000000000 ),
 .UNSPECIFIED. ) ;
#1150 = EDGE_CURVE ( 'NONE', #972, #1942, #1149, .T. ) ;
#1151 = DIRECTION ( 'NONE',  ( 0.000000000000000000, 0.000000000000000000, -1.000000000000000000 ) ) ;
#1152 = CARTESIAN_POINT ( 'NONE',  ( 240.0000000000000000, -2.164514257973801481, 3.298166616019893027 ) ) ;
#1153 = ORIENTED_EDGE ( 'NONE', *, *, #2225, .F. ) ;
#1154 = VERTEX_POINT ( 'NONE', #420 ) ;
#1155 = EDGE_CURVE ( 'NONE', #512, #1584, #394, .T. ) ;
#1156 = CARTESIAN_POINT ( 'NONE',  ( 240.0000000000000000, -3.805614542273635603, -1.039385855029505423 ) ) ;
#1157 = ORIENTED_EDGE ( 'NONE', *, *, #1334, .F. ) ;
#1158 = DIRECTION ( 'NONE',  ( 1.000000000000000000, 0.000000000000000000, 0.000000000000000000 ) ) ;
#1159 = ORIENTED_EDGE ( 'NONE', *, *, #1482, .F. ) ;
#1160 = CARTESIAN_POINT ( 'NONE',  ( 240.0000000000000000, -0.6358969506700028473, 3.893412393791416903 ) ) ;
#1161 = CARTESIAN_POINT ( 'NONE',  ( 240.0000000000000000, 2.870821528176310089, 1.787243366471339856 ) ) ;
#1162 = CARTESIAN_POINT ( 'NONE',  ( -240.0000000000000000, 0.8571932035384615123, -3.690389273865128494 ) ) ;
#1163 = LINE ( 'NONE', #216, #1045 ) ;
#1164 = CARTESIAN_POINT ( 'NONE',  ( 240.0000000000000000, 2.467871161712089201, 3.077764924290000703 ) ) ;
#1165 = ORIENTED_EDGE ( 'NONE', *, *, #1279, .F. ) ;
#1166 = CARTESIAN_POINT ( 'NONE',  ( 240.0000000000000000, -3.428282001626595576, -0.2732412363215616091 ) ) ;
#1167 = EDGE_CURVE ( 'NONE', #1980, #1754, #332, .T. ) ;
#1168 = UNCERTAINTY_MEASURE_WITH_UNIT (LENGTH_MEASURE( 1.000000000000000082E-05 ), #827, 'distance_accuracy_value', 'NONE');
#1169 = ORIENTED_EDGE ( 'NONE', *, *, #2456, .F. ) ;
#1170 = CIRCLE ( 'NONE', #405, 3.945000000000001616 ) ;
#1171 = VECTOR ( 'NONE', #1979, 1000.000000000000000 ) ;
#1172 = CARTESIAN_POINT ( 'NONE',  ( -240.0000000000000000, -3.318867386906378503, -2.132637866148219707 ) ) ;
#1173 = AXIS2_PLACEMENT_3D ( 'NONE', #1908, #761, #2271 ) ;
#1174 = CARTESIAN_POINT ( 'NONE',  ( -240.0000000000000000, 2.612931231797709586, 2.236150405003975550 ) ) ;
#1175 = DIRECTION ( 'NONE',  ( 1.000000000000000000, -0.000000000000000000, -0.000000000000000000 ) ) ;
#1176 = CARTESIAN_POINT ( 'NONE',  ( 240.0000000000000000, 1.431487030455816711, -3.676121581454665055 ) ) ;
#1177 = DIRECTION ( 'NONE',  ( -1.000000000000000000, 0.000000000000000000, 0.000000000000000000 ) ) ;
#1178 = EDGE_CURVE ( 'NONE', #416, #2387, #2009, .T. ) ;
#1179 = CARTESIAN_POINT ( 'NONE',  ( -240.0000000000000000, 2.709719885431697950, -2.402139368663050778 ) ) ;
#1180 = CARTESIAN_POINT ( 'NONE',  ( -240.0000000000000000, -2.374430395790492643, 2.637072124789320959 ) ) ;
#1181 = ORIENTED_EDGE ( 'NONE', *, *, #195, .T. ) ;
#1182 = CARTESIAN_POINT ( 'NONE',  ( 240.0000000000000000, 2.105737342351572394, 2.945967693137705457 ) ) ;
#1183 = VERTEX_POINT ( 'NONE', #1891 ) ;
#1184 = ORIENTED_EDGE ( 'NONE', *, *, #1940, .T. ) ;
#1185 = EDGE_CURVE ( 'NONE', #454, #570, #493, .T. ) ;
#1186 = CARTESIAN_POINT ( 'NONE',  ( -240.0000000000000000, -3.244857520251719141, 1.955574839809853360 ) ) ;
#1187 = CARTESIAN_POINT ( 'NONE',  ( 240.0000000000000000, -3.053845564128896850, 2.497409111549464100 ) ) ;
#1188 = CARTESIAN_POINT ( 'NONE',  ( -240.0000000000000000, 1.477507147813549082, -3.105600044882157018 ) ) ;
#1189 = DIRECTION ( 'NONE',  ( 1.000000000000000000, -0.000000000000000000, -0.000000000000000000 ) ) ;
#1190 = CARTESIAN_POINT ( 'NONE',  ( 240.0000000000000000, 1.475686827614554719, -3.489372675372512944 ) ) ;
#1191 = FACE_OUTER_BOUND ( 'NONE', #2285, .T. ) ;
#1192 = ORIENTED_EDGE ( 'NONE', *, *, #794, .F. ) ;
#1193 = CARTESIAN_POINT ( 'NONE',  ( -240.0000000000000000, -3.020754226892541805, -1.644026203140997788 ) ) ;
#1194 = B_SPLINE_CURVE_WITH_KNOTS ( 'NONE', 3,
 ( #226, #1914, #1549, #2282 ),
 .UNSPECIFIED., .F., .F.,
 ( 4, 4 ),
 ( 0.000000000000000000, 1.000000000000000000 ),
 .UNSPECIFIED. ) ;
#1195 = ORIENTED_EDGE ( 'NONE', *, *, #563, .T. ) ;
#1196 = ORIENTED_EDGE ( 'NONE', *, *, #1756, .F. ) ;
#1197 = CARTESIAN_POINT ( 'NONE',  ( 240.0000000000000000, 1.002672716347084325, 3.815451798135201411 ) ) ;
#1198 = EDGE_CURVE ( 'NONE', #2257, #2035, #1946, .T. ) ;
#1199 = LINE ( 'NONE', #1949, #441 ) ;
#1200 = CARTESIAN_POINT ( 'NONE',  ( 240.0000000000000000, 0.3709224534556705422, 3.529091331960267031 ) ) ;
#1201 = CARTESIAN_POINT ( 'NONE',  ( -240.0000000000000000, 0.02801906810408841958, -3.621059283663762507 ) ) ;
#1202 = ORIENTED_EDGE ( 'NONE', *, *, #1155, .T. ) ;
#1203 = CARTESIAN_POINT ( 'NONE',  ( -240.0000000000000000, 2.934145691264086864, 1.794036809279159428 ) ) ;
#1204 = AXIS2_PLACEMENT_3D ( 'NONE', #86, #1962, #1789 ) ;
#1205 = CIRCLE ( 'NONE', #443, 3.945000000000000728 ) ;
#1206 = ADVANCED_FACE ( 'NONE', ( #1514 ), #2093, .F. ) ;
#1207 = CARTESIAN_POINT ( 'NONE',  ( -240.0000000000000000, 3.410175861974695355, -0.4455096478287830508 ) ) ;
#1208 = ORIENTED_EDGE ( 'NONE', *, *, #1580, .F. ) ;
#1209 = CYLINDRICAL_SURFACE ( 'NONE', #1395, 3.945000000000000728 ) ;
#1210 =( GEOMETRIC_REPRESENTATION_CONTEXT ( 3 ) GLOBAL_UNCERTAINTY_ASSIGNED_CONTEXT ( ( #983 ) ) GLOBAL_UNIT_ASSIGNED_CONTEXT ( ( #1098, #1298, #878 ) ) REPRESENTATION_CONTEXT ( 'NONE', 'WORKASPACE' ) );
#1211 = AXIS2_PLACEMENT_3D ( 'NONE', #1729, #2132, #2103 ) ;
#1212 = CARTESIAN_POINT ( 'NONE',  ( -240.0000000000000000, -3.759774023580451097, -0.4667466898233094685 ) ) ;
#1213 = CARTESIAN_POINT ( 'NONE',  ( 240.0000000000000000, 1.477507147813549082, -3.105600044882157018 ) ) ;
#1214 = FACE_OUTER_BOUND ( 'NONE', #1990, .T. ) ;
#1215 = CARTESIAN_POINT ( 'NONE',  ( 240.0000000000000000, -0.1874848772321598134, -3.940542401853994736 ) ) ;
#1216 = VERTEX_POINT ( 'NONE', #2263 ) ;
#1217 = CARTESIAN_POINT ( 'NONE',  ( -240.0000000000000000, 2.767374259251602631, 2.587545727148212293 ) ) ;
#1218 = CARTESIAN_POINT ( 'NONE',  ( 240.0000000000000000, -0.7276965485632745922, -3.699347005670793997 ) ) ;
#1219 = ORIENTED_EDGE ( 'NONE', *, *, #2274, .F. ) ;
#1220 = ORIENTED_EDGE ( 'NONE', *, *, #2088, .T. ) ;
#1221 = CARTESIAN_POINT ( 'NONE',  ( 240.0000000000000000, -0.7995295153656877263, 3.344926242037527420 ) ) ;
#1222 = CARTESIAN_POINT ( 'NONE',  ( -240.0000000000000000, 1.475672521270960713, 3.489433161821147600 ) ) ;
#1223 = CYLINDRICAL_SURFACE ( 'NONE', #1713, 3.945000000000001616 ) ;
#1224 = CARTESIAN_POINT ( 'NONE',  ( -240.0000000000000000, 0.02806700976938484443, 3.620909349075209338 ) ) ;
#1225 = VERTEX_POINT ( 'NONE', #951 ) ;
#1226 = DIRECTION ( 'NONE',  ( -1.000000000000000000, -0.000000000000000000, -0.000000000000000000 ) ) ;
#1227 = ADVANCED_FACE ( 'NONE', ( #1714 ), #1347, .F. ) ;
#1228 = DIRECTION ( 'NONE',  ( 0.000000000000000000, 0.000000000000000000, -1.000000000000000000 ) ) ;
#1229 = VERTEX_POINT ( 'NONE', #204 ) ;
#1230 = ORIENTED_EDGE ( 'NONE', *, *, #39, .F. ) ;
#1231 = FACE_OUTER_BOUND ( 'NONE', #1449, .T. ) ;
#1232 = CARTESIAN_POINT ( 'NONE',  ( -240.0000000000000000, 2.105737342351572394, 2.945967693137705457 ) ) ;
#1233 = CARTESIAN_POINT ( 'NONE',  ( -240.0000000000000000, 2.870821519025235968, -2.085773933506769318 ) ) ;
#1234 = CARTESIAN_POINT ( 'NONE',  ( -240.0000000000000000, -0.07118640170142599699, 3.787965902310122424 ) ) ;
#1235 = B_SPLINE_SURFACE_WITH_KNOTS ( 'NONE', 3, 1, ( 
 ( #2042, #901 ),
 ( #1490, #1662 ),
 ( #1642, #2426 ),
 ( #2054, #2407 ) ),
 .UNSPECIFIED., .F., .F., .F.,
 ( 4, 4 ),
 ( 2, 2 ),
 ( 0.000000000000000000, 1.000000000000000000 ),
 ( 0.000000000000000000, 1.000000000000000000 ),
 .UNSPECIFIED. ) ;
#1236 = CARTESIAN_POINT ( 'NONE',  ( -240.0000000000000000, -3.624567462790040384, 1.102843546716906209 ) ) ;
#1237 = EDGE_CURVE ( 'NONE', #2035, #194, #967, .T. ) ;
#1238 = ORIENTED_EDGE ( 'NONE', *, *, #780, .F. ) ;
#1239 = DIRECTION ( 'NONE',  ( 0.000000000000000000, 0.000000000000000000, -1.000000000000000000 ) ) ;
#1240 = EDGE_CURVE ( 'NONE', #779, #45, #1538, .T. ) ;
#1241 = DIRECTION ( 'NONE',  ( -1.000000000000000000, -0.000000000000000000, -0.000000000000000000 ) ) ;
#1242 = VERTEX_POINT ( 'NONE', #2301 ) ;
#1243 = ORIENTED_EDGE ( 'NONE', *, *, #1150, .F. ) ;
#1244 = EDGE_CURVE ( 'NONE', #233, #1242, #590, .T. ) ;
#1245 = DIRECTION ( 'NONE',  ( -1.000000000000000000, -0.000000000000000000, -0.000000000000000000 ) ) ;
#1246 = CIRCLE ( 'NONE', #1325, 0.2985305544400572164 ) ;
#1247 = DIRECTION ( 'NONE',  ( -1.000000000000000000, -0.000000000000000000, -0.000000000000000000 ) ) ;
#1248 = CIRCLE ( 'NONE', #721, 0.2985305544400572164 ) ;
#1249 = CIRCLE ( 'NONE', #1880, 3.945000000000000728 ) ;
#1250 = DIRECTION ( 'NONE',  ( 1.000000000000000000, 0.000000000000000000, 0.000000000000000000 ) ) ;
#1251 = CARTESIAN_POINT ( 'NONE',  ( -240.0000000000000000, 3.506352263311408812, 1.807904534418496967 ) ) ;
#1252 = FILL_AREA_STYLE_COLOUR ( '', #1513 ) ;
#1253 = STYLED_ITEM ( 'NONE', ( #90 ), #2393 ) ;
#1254 = AXIS2_PLACEMENT_3D ( 'NONE', #2185, #1023, #634 ) ;
#1255 = ORIENTED_EDGE ( 'NONE', *, *, #547, .F. ) ;
#1256 = DIRECTION ( 'NONE',  ( 0.000000000000000000, 0.000000000000000000, -1.000000000000000000 ) ) ;
#1257 = CARTESIAN_POINT ( 'NONE',  ( 240.0000000000000000, 2.612931280510966570, -2.236150516834563895 ) ) ;
#1258 = ORIENTED_EDGE ( 'NONE', *, *, #1185, .T. ) ;
#1259 = VERTEX_POINT ( 'NONE', #1357 ) ;
#1260 = B_SPLINE_SURFACE_WITH_KNOTS ( 'NONE', 3, 1, ( 
 ( #1338, #1372 ),
 ( #592, #1966 ),
 ( #1952, #2342 ),
 ( #2134, #2315 ) ),
 .UNSPECIFIED., .F., .F., .F.,
 ( 4, 4 ),
 ( 2, 2 ),
 ( 0.000000000000000000, 1.000000000000000000 ),
 ( 0.000000000000000000, 1.000000000000000000 ),
 .UNSPECIFIED. ) ;
#1261 = CARTESIAN_POINT ( 'NONE',  ( 240.0000000000000000, 3.580536469622803253, -1.238197024117126066 ) ) ;
#1262 = LINE ( 'NONE', #2015, #121 ) ;
#1263 = EDGE_CURVE ( 'NONE', #1501, #2323, #990, .T. ) ;
#1264 = FACE_OUTER_BOUND ( 'NONE', #1777, .T. ) ;
#1265 = DIRECTION ( 'NONE',  ( 1.000000000000000000, -0.000000000000000000, -0.000000000000000000 ) ) ;
#1266 = ORIENTED_EDGE ( 'NONE', *, *, #885, .T. ) ;
#1267 = DIRECTION ( 'NONE',  ( -1.000000000000000000, -0.000000000000000000, -0.000000000000000000 ) ) ;
#1268 = CARTESIAN_POINT ( 'NONE',  ( 240.0000000000000000, 3.938553204286449727, -0.2254410277765684645 ) ) ;
#1269 = ORIENTED_EDGE ( 'NONE', *, *, #2322, .T. ) ;
#1270 = ORIENTED_EDGE ( 'NONE', *, *, #1774, .T. ) ;
#1271 = CARTESIAN_POINT ( 'NONE',  ( 240.0000000000000000, 1.774265283961502071, 3.073117602358177436 ) ) ;
#1272 = CARTESIAN_POINT ( 'NONE',  ( 240.0000000000000000, -1.319265349640516227, -3.176053832643594532 ) ) ;
#1273 = EDGE_CURVE ( 'NONE', #737, #194, #936, .T. ) ;
#1274 = CARTESIAN_POINT ( 'NONE',  ( -240.0000000000000000, -3.020754226892541805, -1.644026203140997788 ) ) ;
#1275 = ORIENTED_EDGE ( 'NONE', *, *, #297, .T. ) ;
#1276 = CARTESIAN_POINT ( 'NONE',  ( -240.0000000000000000, 0.6300974415174813714, -3.380940027580565665 ) ) ;
#1277 = B_SPLINE_SURFACE_WITH_KNOTS ( 'NONE', 3, 1, ( 
 ( #22, #1905 ),
 ( #2479, #192 ),
 ( #1941, #769 ),
 ( #1530, #2304 ) ),
 .UNSPECIFIED., .F., .F., .F.,
 ( 4, 4 ),
 ( 2, 2 ),
 ( 0.000000000000000000, 1.000000000000000000 ),
 ( 0.000000000000000000, 1.000000000000000000 ),
 .UNSPECIFIED. ) ;
#1278 = CARTESIAN_POINT ( 'NONE',  ( 240.0000000000000000, 3.316006250402888877, 1.832341624294019589 ) ) ;
#1279 = EDGE_CURVE ( 'NONE', #340, #1439, #933, .T. ) ;
#1280 = ORIENTED_EDGE ( 'NONE', *, *, #2151, .T. ) ;
#1281 = ORIENTED_EDGE ( 'NONE', *, *, #1898, .F. ) ;
#1282 = CARTESIAN_POINT ( 'NONE',  ( 240.0000000000000000, -2.374430395790492643, 2.637072124789320959 ) ) ;
#1283 = EDGE_CURVE ( 'NONE', #2257, #737, #409, .T. ) ;
#1284 = CARTESIAN_POINT ( 'NONE',  ( 240.0000000000000000, 1.475672521270960713, 3.489433161821147600 ) ) ;
#1285 = CARTESIAN_POINT ( 'NONE',  ( -240.0000000000000000, 3.296555857072566820, -0.9800502496365862681 ) ) ;
#1286 = CIRCLE ( 'NONE', #1042, 0.2985305544400572164 ) ;
#1287 = CARTESIAN_POINT ( 'NONE',  ( 240.0000000000000000, -1.096556238977348663, 3.374853109478176183 ) ) ;
#1288 = ORIENTED_EDGE ( 'NONE', *, *, #195, .F. ) ;
#1289 = VECTOR ( 'NONE', #269, 1000.000000000000000 ) ;
#1290 = DIRECTION ( 'NONE',  ( 0.000000000000000000, 0.000000000000000000, -1.000000000000000000 ) ) ;
#1291 = VECTOR ( 'NONE', #2179, 1000.000000000000000 ) ;
#1292 = VECTOR ( 'NONE', #1987, 1000.000000000000000 ) ;
#1293 = ORIENTED_EDGE ( 'NONE', *, *, #260, .F. ) ;
#1294 = DIRECTION ( 'NONE',  ( 1.000000000000000000, -0.000000000000000000, -0.000000000000000000 ) ) ;
#1295 = ORIENTED_EDGE ( 'NONE', *, *, #992, .F. ) ;
#1296 = CARTESIAN_POINT ( 'NONE',  ( -240.0000000000000000, 1.475672521270960713, 3.489433161821147600 ) ) ;
#1297 = CYLINDRICAL_SURFACE ( 'NONE', #1954, 0.2985305544400572164 ) ;
#1298 =( NAMED_UNIT ( * ) PLANE_ANGLE_UNIT ( ) SI_UNIT ( $, .RADIAN. ) );
#1299 = CYLINDRICAL_SURFACE ( 'NONE', #560, 0.2985305544400576605 ) ;
#1300 = ORIENTED_EDGE ( 'NONE', *, *, #206, .T. ) ;
#1301 = LINE ( 'NONE', #2444, #600 ) ;
#1302 = VERTEX_POINT ( 'NONE', #74 ) ;
#1303 = ADVANCED_FACE ( 'NONE', ( #471 ), #1223, .T. ) ;
#1304 = CARTESIAN_POINT ( 'NONE',  ( 240.0000000000000000, -3.899358192167881487, 0.5983566571646569132 ) ) ;
#1305 = ORIENTED_EDGE ( 'NONE', *, *, #1463, .T. ) ;
#1306 = LINE ( 'NONE', #2259, #1682 ) ;
#1307 = DIRECTION ( 'NONE',  ( 0.000000000000000000, 0.000000000000000000, -1.000000000000000000 ) ) ;
#1308 = FACE_OUTER_BOUND ( 'NONE', #1793, .T. ) ;
#1309 = ORIENTED_EDGE ( 'NONE', *, *, #2196, .T. ) ;
#1310 = DIRECTION ( 'NONE',  ( 0.000000000000000000, 0.000000000000000000, -1.000000000000000000 ) ) ;
#1311 = EDGE_CURVE ( 'NONE', #2089, #1154, #361, .T. ) ;
#1312 = CARTESIAN_POINT ( 'NONE',  ( 240.0000000000000000, 2.612931231797709586, 2.236150405003975550 ) ) ;
#1313 = CARTESIAN_POINT ( 'NONE',  ( -240.0000000000000000, -2.168919484819776144, -3.106371106165596085 ) ) ;
#1314 = ORIENTED_EDGE ( 'NONE', *, *, #1489, .F. ) ;
#1315 = EDGE_CURVE ( 'NONE', #953, #115, #814, .T. ) ;
#1316 = CARTESIAN_POINT ( 'NONE',  ( -240.0000000000000000, 3.689742515767553410, -1.396003283426396235 ) ) ;
#1317 = ADVANCED_FACE ( 'NONE', ( #481 ), #1791, .F. ) ;
#1318 = LINE ( 'NONE', #926, #156 ) ;
#1319 = LINE ( 'NONE', #2080, #1003 ) ;
#1320 = ORIENTED_EDGE ( 'NONE', *, *, #23, .T. ) ;
#1321 = CIRCLE ( 'NONE', #2115, 0.2985305544400578825 ) ;
#1322 = CARTESIAN_POINT ( 'NONE',  ( -240.0000000000000000, -3.020754297792186183, 1.644026302399764328 ) ) ;
#1323 = CARTESIAN_POINT ( 'NONE',  ( -240.0000000000000000, -2.672223053371509671, -2.443783819615557018 ) ) ;
#1324 = ORIENTED_EDGE ( 'NONE', *, *, #1868, .T. ) ;
#1325 = AXIS2_PLACEMENT_3D ( 'NONE', #1021, #1226, #1981 ) ;
#1326 = CIRCLE ( 'NONE', #288, 0.2985305544400576605 ) ;
#1327 = AXIS2_PLACEMENT_3D ( 'NONE', #2451, #1084, #1121 ) ;
#1328 = AXIS2_PLACEMENT_3D ( 'NONE', #59, #492, #824 ) ;
#1329 = DIRECTION ( 'NONE',  ( -1.000000000000000000, -0.000000000000000000, -0.000000000000000000 ) ) ;
#1330 = EDGE_LOOP ( 'NONE', ( #652, #1258, #2208, #1159 ) ) ;
#1331 = CARTESIAN_POINT ( 'NONE',  ( -240.0000000000000000, 0.000000000000000000, 0.000000000000000000 ) ) ;
#1332 = CARTESIAN_POINT ( 'NONE',  ( -240.0000000000000000, -2.090910603638144405, -2.730544103928180366 ) ) ;
#1333 = DIRECTION ( 'NONE',  ( 0.000000000000000000, 0.000000000000000000, -1.000000000000000000 ) ) ;
#1334 = EDGE_CURVE ( 'NONE', #2012, #1584, #522, .T. ) ;
#1335 = ORIENTED_EDGE ( 'NONE', *, *, #2368, .F. ) ;
#1336 = CARTESIAN_POINT ( 'NONE',  ( -240.0000000000000000, 1.477507147813549082, -3.105600044882157018 ) ) ;
#1337 = DIRECTION ( 'NONE',  ( 1.000000000000000000, -0.000000000000000000, -0.000000000000000000 ) ) ;
#1338 = CARTESIAN_POINT ( 'NONE',  ( -240.0000000000000000, 3.938553204373890892, 0.2254410262489605909 ) ) ;
#1339 = ORIENTED_EDGE ( 'NONE', *, *, #1848, .F. ) ;
#1340 = FACE_OUTER_BOUND ( 'NONE', #1558, .T. ) ;
#1341 = EDGE_LOOP ( 'NONE', ( #1421, #1388, #2069, #2231 ) ) ;
#1342 = CARTESIAN_POINT ( 'NONE',  ( 240.0000000000000000, -3.053845565097534909, -2.497409110365004459 ) ) ;
#1343 = EDGE_LOOP ( 'NONE', ( #2108, #1184, #26, #1686 ) ) ;
#1344 = LINE ( 'NONE', #2129, #2310 ) ;
#1345 = LINE ( 'NONE', #2113, #882 ) ;
#1346 = EDGE_CURVE ( 'NONE', #1613, #1439, #1199, .T. ) ;
#1347 = CYLINDRICAL_SURFACE ( 'NONE', #647, 0.2985305544400572164 ) ;
#1348 = CARTESIAN_POINT ( 'NONE',  ( 240.0000000000000000, 3.506352263311408812, 1.807904534418496967 ) ) ;
#1349 = CARTESIAN_POINT ( 'NONE',  ( 240.0000000000000000, 0.000000000000000000, 0.000000000000000000 ) ) ;
#1350 = CARTESIAN_POINT ( 'NONE',  ( 240.0000000000000000, 2.612931231797709586, 2.236150405003975550 ) ) ;
#1351 = ORIENTED_EDGE ( 'NONE', *, *, #1573, .F. ) ;
#1352 = FACE_OUTER_BOUND ( 'NONE', #2458, .T. ) ;
#1353 = ORIENTED_EDGE ( 'NONE', *, *, #2016, .F. ) ;
#1354 = ADVANCED_FACE ( 'NONE', ( #2329 ), #2366, .F. ) ;
#1355 = CARTESIAN_POINT ( 'NONE',  ( -240.0000000000000000, 1.002672714867224535, -3.815451798524097438 ) ) ;
#1356 = CARTESIAN_POINT ( 'NONE',  ( 240.0000000000000000, -0.7995295416882055584, -3.344926122931751067 ) ) ;
#1357 = CARTESIAN_POINT ( 'NONE',  ( 240.0000000000000000, -2.090910603638144405, -2.730544103928180366 ) ) ;
#1358 = CARTESIAN_POINT ( 'NONE',  ( -240.0000000000000000, -3.149938862314341836, 1.786264417063385013 ) ) ;
#1359 = CARTESIAN_POINT ( 'NONE',  ( -240.0000000000000000, 0.02801906810408841958, -3.621059283663762507 ) ) ;
#1360 = ORIENTED_EDGE ( 'NONE', *, *, #320, .T. ) ;
#1361 = VECTOR ( 'NONE', #2476, 1000.000000000000000 ) ;
#1362 = CARTESIAN_POINT ( 'NONE',  ( 240.0000000000000000, 3.452362614352050052, 1.092229211421257951 ) ) ;
#1363 = VECTOR ( 'NONE', #1910, 1000.000000000000000 ) ;
#1364 = VERTEX_POINT ( 'NONE', #1430 ) ;
#1365 = CIRCLE ( 'NONE', #120, 0.2985305544400580491 ) ;
#1366 = VECTOR ( 'NONE', #114, 1000.000000000000000 ) ;
#1367 = CARTESIAN_POINT ( 'NONE',  ( -240.0000000000000000, 0.000000000000000000, 0.000000000000000000 ) ) ;
#1368 = CARTESIAN_POINT ( 'NONE',  ( -240.0000000000000000, -3.053845565097534909, -2.497409110365004459 ) ) ;
#1369 = CARTESIAN_POINT ( 'NONE',  ( 240.0000000000000000, -2.672079551022297661, 2.443719121393896465 ) ) ;
#1370 = CARTESIAN_POINT ( 'NONE',  ( -240.0000000000000000, -3.435173659408773172, -1.145616573592185716 ) ) ;
#1371 = CARTESIAN_POINT ( 'NONE',  ( -240.0000000000000000, 0.000000000000000000, 0.000000000000000000 ) ) ;
#1372 = CARTESIAN_POINT ( 'NONE',  ( 240.0000000000000000, 3.938553204373890892, 0.2254410262489605909 ) ) ;
#1373 = CARTESIAN_POINT ( 'NONE',  ( 240.0000000000000000, 0.03402174820581699982, -3.602310757735534441 ) ) ;
#1374 = ORIENTED_EDGE ( 'NONE', *, *, #1523, .F. ) ;
#1375 = ADVANCED_FACE ( 'NONE', ( #1047 ), #1807, .F. ) ;
#1376 = DIRECTION ( 'NONE',  ( 0.000000000000000000, 0.000000000000000000, -1.000000000000000000 ) ) ;
#1377 = VERTEX_POINT ( 'NONE', #279 ) ;
#1378 = DIRECTION ( 'NONE',  ( 1.000000000000000000, -0.000000000000000000, -0.000000000000000000 ) ) ;
#1379 = CARTESIAN_POINT ( 'NONE',  ( -240.0000000000000000, 3.452490395830195791, -1.092321138990354878 ) ) ;
#1380 = DIRECTION ( 'NONE',  ( 0.000000000000000000, 0.000000000000000000, -1.000000000000000000 ) ) ;
#1381 = PLANE ( 'NONE',  #2319 ) ;
#1382 = CARTESIAN_POINT ( 'NONE',  ( -240.0000000000000000, 3.470986646337687276, -0.7377809951063523108 ) ) ;
#1383 = ORIENTED_EDGE ( 'NONE', *, *, #1590, .T. ) ;
#1384 = EDGE_CURVE ( 'NONE', #1732, #1501, #1873, .T. ) ;
#1385 = DIRECTION ( 'NONE',  ( -1.000000000000000000, -0.000000000000000000, -0.000000000000000000 ) ) ;
#1386 = B_SPLINE_CURVE_WITH_KNOTS ( 'NONE', 3,
 ( #401, #2137, #1897, #1145 ),
 .UNSPECIFIED., .F., .F.,
 ( 4, 4 ),
 ( 0.000000000000000000, 1.000000000000000000 ),
 .UNSPECIFIED. ) ;
#1387 = DIRECTION ( 'NONE',  ( 0.000000000000000000, 0.000000000000000000, -1.000000000000000000 ) ) ;
#1388 = ORIENTED_EDGE ( 'NONE', *, *, #69, .T. ) ;
#1389 = CARTESIAN_POINT ( 'NONE',  ( 240.0000000000000000, 0.8398761061768916791, -3.675502504614791111 ) ) ;
#1390 = DIRECTION ( 'NONE',  ( 1.000000000000000000, -0.000000000000000000, -0.000000000000000000 ) ) ;
#1391 = CARTESIAN_POINT ( 'NONE',  ( -240.0000000000000000, 0.08660860652811631921, -3.438063111678937300 ) ) ;
#1392 = ORIENTED_EDGE ( 'NONE', *, *, #752, .T. ) ;
#1393 = PRODUCT_DEFINITION ( 'UNKNOWN', '', #603, #611 ) ;
#1394 = DIRECTION ( 'NONE',  ( 1.000000000000000000, 0.000000000000000000, 0.000000000000000000 ) ) ;
#1395 = AXIS2_PLACEMENT_3D ( 'NONE', #265, #428, #1947 ) ;
#1396 = DIRECTION ( 'NONE',  ( 1.000000000000000000, -0.000000000000000000, -0.000000000000000000 ) ) ;
#1397 = ORIENTED_EDGE ( 'NONE', *, *, #1454, .T. ) ;
#1398 = VECTOR ( 'NONE', #2070, 1000.000000000000000 ) ;
#1399 = CIRCLE ( 'NONE', #238, 3.945000000000000728 ) ;
#1400 = VERTEX_POINT ( 'NONE', #618 ) ;
#1401 = CARTESIAN_POINT ( 'NONE',  ( -240.0000000000000000, -3.020754297792185739, 1.644026302399764328 ) ) ;
#1402 = VECTOR ( 'NONE', #551, 1000.000000000000000 ) ;
#1403 = ADVANCED_FACE ( 'NONE', ( #89 ), #2029, .T. ) ;
#1404 = CARTESIAN_POINT ( 'NONE',  ( -240.0000000000000000, 0.000000000000000000, 0.000000000000000000 ) ) ;
#1405 = CARTESIAN_POINT ( 'NONE',  ( 240.0000000000000000, -1.447116024240208798, 3.319281169718055757 ) ) ;
#1406 = PLANE ( 'NONE',  #1721 ) ;
#1407 = EDGE_CURVE ( 'NONE', #829, #544, #78, .T. ) ;
#1408 = CARTESIAN_POINT ( 'NONE',  ( 240.0000000000000000, 1.496272162881997936, 3.277036892066946372 ) ) ;
#1409 = ORIENTED_EDGE ( 'NONE', *, *, #1567, .T. ) ;
#1410 = DIRECTION ( 'NONE',  ( 1.000000000000000000, -0.000000000000000000, -0.000000000000000000 ) ) ;
#1411 = B_SPLINE_SURFACE_WITH_KNOTS ( 'NONE', 3, 1, ( 
 ( #463, #1784 ),
 ( #1076, #2396 ),
 ( #271, #1034 ),
 ( #63, #1795 ) ),
 .UNSPECIFIED., .F., .F., .F.,
 ( 4, 4 ),
 ( 2, 2 ),
 ( 0.000000000000000000, 1.000000000000000000 ),
 ( 0.000000000000000000, 1.000000000000000000 ),
 .UNSPECIFIED. ) ;
#1412 = B_SPLINE_CURVE_WITH_KNOTS ( 'NONE', 3,
 ( #1978, #1224, #1234, #281 ),
 .UNSPECIFIED., .F., .F.,
 ( 4, 4 ),
 ( 0.000000000000000000, 1.000000000000000000 ),
 .UNSPECIFIED. ) ;
#1413 = CARTESIAN_POINT ( 'NONE',  ( -240.0000000000000000, 1.774265283961502071, 2.774587047918120053 ) ) ;
#1414 = EDGE_LOOP ( 'NONE', ( #1505, #941, #1747, #738 ) ) ;
#1415 = EDGE_LOOP ( 'NONE', ( #1425, #1079, #400, #104 ) ) ;
#1416 = CARTESIAN_POINT ( 'NONE',  ( -240.0000000000000000, 1.950774852829240347, -2.832358686584800278 ) ) ;
#1417 = CARTESIAN_POINT ( 'NONE',  ( 240.0000000000000000, -0.6358969521800951208, -3.893412393544777306 ) ) ;
#1418 = CARTESIAN_POINT ( 'NONE',  ( -240.0000000000000000, -1.447116024240208798, 3.319281169718055757 ) ) ;
#1419 = SURFACE_STYLE_USAGE ( .BOTH. , #658 ) ;
#1420 = CARTESIAN_POINT ( 'NONE',  ( -240.0000000000000000, 0.6300975140089831728, 3.380940125682777797 ) ) ;
#1421 = ORIENTED_EDGE ( 'NONE', *, *, #1707, .F. ) ;
#1422 = ADVANCED_FACE ( 'NONE', ( #1618 ), #2379, .F. ) ;
#1423 = CYLINDRICAL_SURFACE ( 'NONE', #80, 0.2985305544400576605 ) ;
#1424 = CARTESIAN_POINT ( 'NONE',  ( -240.0000000000000000, 3.774656033931263810, -0.3251538195341683868 ) ) ;
#1425 = ORIENTED_EDGE ( 'NONE', *, *, #1283, .F. ) ;
#1426 = ORIENTED_EDGE ( 'NONE', *, *, #1890, .F. ) ;
#1427 = FACE_OUTER_BOUND ( 'NONE', #424, .T. ) ;
#1428 = CARTESIAN_POINT ( 'NONE',  ( 240.0000000000000000, -3.759728793951152781, 0.4667040569419915186 ) ) ;
#1429 = EDGE_CURVE ( 'NONE', #1242, #2423, #2036, .T. ) ;
#1430 = CARTESIAN_POINT ( 'NONE',  ( -240.0000000000000000, -2.090910628036011687, 2.730544223443055696 ) ) ;
#1431 = DIRECTION ( 'NONE',  ( 0.000000000000000000, 0.000000000000000000, -1.000000000000000000 ) ) ;
#1432 = B_SPLINE_SURFACE_WITH_KNOTS ( 'NONE', 3, 1, ( 
 ( #2288, #2311 ),
 ( #2141, #1369 ),
 ( #1766, #429 ),
 ( #578, #1187 ) ),
 .UNSPECIFIED., .F., .F., .F.,
 ( 4, 4 ),
 ( 2, 2 ),
 ( 0.000000000000000000, 1.000000000000000000 ),
 ( 0.000000000000000000, 1.000000000000000000 ),
 .UNSPECIFIED. ) ;
#1433 = FILL_AREA_STYLE ('',( #1252 ) ) ;
#1434 = VERTEX_POINT ( 'NONE', #2205 ) ;
#1435 = CARTESIAN_POINT ( 'NONE',  ( 240.0000000000000000, -0.07118640170142599699, 3.787965902310122424 ) ) ;
#1436 = ADVANCED_FACE ( 'NONE', ( #1097 ), #704, .F. ) ;
#1437 = LINE ( 'NONE', #83, #1805 ) ;
#1438 = ORIENTED_EDGE ( 'NONE', *, *, #846, .T. ) ;
#1439 = VERTEX_POINT ( 'NONE', #2017 ) ;
#1440 = AXIS2_PLACEMENT_3D ( 'NONE', #2391, #1629, #892 ) ;
#1441 = DIRECTION ( 'NONE',  ( 1.000000000000000000, 0.000000000000000000, 0.000000000000000000 ) ) ;
#1442 = AXIS2_PLACEMENT_3D ( 'NONE', #1637, #1245, #2424 ) ;
#1443 = DIRECTION ( 'NONE',  ( 1.000000000000000000, -0.000000000000000000, -0.000000000000000000 ) ) ;
#1444 =( GEOMETRIC_REPRESENTATION_CONTEXT ( 3 ) GLOBAL_UNCERTAINTY_ASSIGNED_CONTEXT ( ( #1687 ) ) GLOBAL_UNIT_ASSIGNED_CONTEXT ( ( #1048, #2341, #75 ) ) REPRESENTATION_CONTEXT ( 'NONE', 'WORKASPACE' ) );
#1445 = AXIS2_PLACEMENT_3D ( 'NONE', #419, #214, #187 ) ;
#1446 = DIRECTION ( 'NONE',  ( 1.000000000000000000, -0.000000000000000000, -0.000000000000000000 ) ) ;
#1447 = DIRECTION ( 'NONE',  ( -1.000000000000000000, -0.000000000000000000, -0.000000000000000000 ) ) ;
#1448 = CARTESIAN_POINT ( 'NONE',  ( -240.0000000000000000, -3.435016248351995038, 1.145615836489462414 ) ) ;
#1449 = EDGE_LOOP ( 'NONE', ( #1588, #908, #155, #1255 ) ) ;
#1450 = LINE ( 'NONE', #1585, #2399 ) ;
#1451 = CARTESIAN_POINT ( 'NONE',  ( 240.0000000000000000, 3.121919794210273214, 1.834794866600343077 ) ) ;
#1452 = ORIENTED_EDGE ( 'NONE', *, *, #1494, .F. ) ;
#1453 = ORIENTED_EDGE ( 'NONE', *, *, #1346, .F. ) ;
#1454 = EDGE_CURVE ( 'NONE', #958, #2402, #2233, .T. ) ;
#1455 = B_SPLINE_SURFACE_WITH_KNOTS ( 'NONE', 3, 1, ( 
 ( #2097, #1541 ),
 ( #1772, #1362 ),
 ( #397, #53 ),
 ( #1520, #2284 ) ),
 .UNSPECIFIED., .F., .F., .F.,
 ( 4, 4 ),
 ( 2, 2 ),
 ( 0.000000000000000000, 1.000000000000000000 ),
 ( 0.000000000000000000, 1.000000000000000000 ),
 .UNSPECIFIED. ) ;
#1456 = CARTESIAN_POINT ( 'NONE',  ( -240.0000000000000000, 3.689742515767553410, -1.396003283426396235 ) ) ;
#1457 = CARTESIAN_POINT ( 'NONE',  ( -240.0000000000000000, -3.428282001626595576, -0.2732412363215616091 ) ) ;
#1458 = CARTESIAN_POINT ( 'NONE',  ( 240.0000000000000000, 3.506352262610188841, -1.807904535778472432 ) ) ;
#1459 = LINE ( 'NONE', #1643, #1289 ) ;
#1460 = ORIENTED_EDGE ( 'NONE', *, *, #1940, .F. ) ;
#1461 = CARTESIAN_POINT ( 'NONE',  ( 240.0000000000000000, 2.089860965094608947, 2.934328103880290861 ) ) ;
#1462 = EDGE_CURVE ( 'NONE', #1144, #995, #2439, .T. ) ;
#1463 = EDGE_CURVE ( 'NONE', #570, #145, #1321, .T. ) ;
#1464 = CARTESIAN_POINT ( 'NONE',  ( -240.0000000000000000, 2.802941827003310848, 2.776065942018551613 ) ) ;
#1465 = EDGE_LOOP ( 'NONE', ( #1012, #636 ) ) ;
#1466 = CARTESIAN_POINT ( 'NONE',  ( 240.0000000000000000, 3.452490395830195791, -1.092321138990354878 ) ) ;
#1467 = CARTESIAN_POINT ( 'NONE',  ( 240.0000000000000000, -2.090910603638144405, -2.730544103928180366 ) ) ;
#1468 = CARTESIAN_POINT ( 'NONE',  ( 240.0000000000000000, -3.805614542273635603, -1.039385855029505423 ) ) ;
#1469 = DIRECTION ( 'NONE',  ( 0.000000000000000000, 0.000000000000000000, -1.000000000000000000 ) ) ;
#1470 = VERTEX_POINT ( 'NONE', #678 ) ;
#1471 = CARTESIAN_POINT ( 'NONE',  ( -240.0000000000000000, -1.774038946400067651, -3.523607642268890228 ) ) ;
#1472 = EDGE_CURVE ( 'NONE', #1870, #1602, #1286, .T. ) ;
#1473 = CARTESIAN_POINT ( 'NONE',  ( 240.0000000000000000, 2.934145691264086864, 1.794036809279158984 ) ) ;
#1474 = ORIENTED_EDGE ( 'NONE', *, *, #1279, .T. ) ;
#1475 = FACE_OUTER_BOUND ( 'NONE', #1726, .T. ) ;
#1476 = CARTESIAN_POINT ( 'NONE',  ( -240.0000000000000000, -2.090910628036011687, 2.730544223443055696 ) ) ;
#1477 = FACE_OUTER_BOUND ( 'NONE', #1086, .T. ) ;
#1478 = AXIS2_PLACEMENT_3D ( 'NONE', #506, #530, #693 ) ;
#1479 = CARTESIAN_POINT ( 'NONE',  ( -240.0000000000000000, 3.410175861974695355, -0.4455096478287830508 ) ) ;
#1480 = ORIENTED_EDGE ( 'NONE', *, *, #786, .F. ) ;
#1481 = AXIS2_PLACEMENT_3D ( 'NONE', #1069, #1659, #946 ) ;
#1482 = EDGE_CURVE ( 'NONE', #1961, #170, #2395, .T. ) ;
#1483 = CARTESIAN_POINT ( 'NONE',  ( 240.0000000000000000, -2.672223053371509671, -2.443783819615557018 ) ) ;
#1484 = VECTOR ( 'NONE', #586, 1000.000000000000000 ) ;
#1485 = VERTEX_POINT ( 'NONE', #494 ) ;
#1486 = CARTESIAN_POINT ( 'NONE',  ( -240.0000000000000000, 1.774265283961502071, 2.774587047918120053 ) ) ;
#1487 = ORIENTED_EDGE ( 'NONE', *, *, #1244, .F. ) ;
#1488 = CARTESIAN_POINT ( 'NONE',  ( -240.0000000000000000, -1.096556238977348663, 3.374853109478176183 ) ) ;
#1489 = EDGE_CURVE ( 'NONE', #1596, #2110, #127, .T. ) ;
#1490 = CARTESIAN_POINT ( 'NONE',  ( -240.0000000000000000, -2.168920902695631536, 3.106308967034898671 ) ) ;
#1491 = EDGE_LOOP ( 'NONE', ( #2181, #344, #1865, #1648 ) ) ;
#1492 = CARTESIAN_POINT ( 'NONE',  ( 240.0000000000000000, 0.3709224534556705422, 3.230560777520209204 ) ) ;
#1493 = ORIENTED_EDGE ( 'NONE', *, *, #2400, .F. ) ;
#1494 = EDGE_CURVE ( 'NONE', #2387, #2217, #1675, .T. ) ;
#1495 = LINE ( 'NONE', #1685, #527 ) ;
#1496 = VERTEX_POINT ( 'NONE', #1285 ) ;
#1497 = ORIENTED_EDGE ( 'NONE', *, *, #1040, .T. ) ;
#1498 = FACE_OUTER_BOUND ( 'NONE', #1889, .T. ) ;
#1499 = DIRECTION ( 'NONE',  ( 1.000000000000000000, -0.000000000000000000, -0.000000000000000000 ) ) ;
#1500 = CARTESIAN_POINT ( 'NONE',  ( 240.0000000000000000, 1.477507147813549082, -3.105600044882157018 ) ) ;
#1501 = VERTEX_POINT ( 'NONE', #141 ) ;
#1502 = CARTESIAN_POINT ( 'NONE',  ( -240.0000000000000000, 0.000000000000000000, 0.000000000000000000 ) ) ;
#1503 = CARTESIAN_POINT ( 'NONE',  ( 240.0000000000000000, -0.1874848757037905211, 3.940542401926713456 ) ) ;
#1504 = ORIENTED_EDGE ( 'NONE', *, *, #1890, .T. ) ;
#1505 = ORIENTED_EDGE ( 'NONE', *, *, #285, .F. ) ;
#1506 = VERTEX_POINT ( 'NONE', #1844 ) ;
#1507 = EDGE_LOOP ( 'NONE', ( #1708, #1037, #2307, #1426 ) ) ;
#1508 = ADVANCED_FACE ( 'NONE', ( #1264 ), #1235, .T. ) ;
#1509 = CYLINDRICAL_SURFACE ( 'NONE', #604, 3.945000000000002505 ) ;
#1510 = CARTESIAN_POINT ( 'NONE',  ( -240.0000000000000000, 3.689742516309013176, 1.396003281995294998 ) ) ;
#1511 = DIRECTION ( 'NONE',  ( 1.000000000000000000, 0.000000000000000000, 0.000000000000000000 ) ) ;
#1512 = ORIENTED_EDGE ( 'NONE', *, *, #1263, .T. ) ;
#1513 = COLOUR_RGB ( '',0.6470588235294117974, 0.6196078431372549211, 0.5882352941176470784 ) ;
#1514 = FACE_OUTER_BOUND ( 'NONE', #660, .T. ) ;
#1515 = CARTESIAN_POINT ( 'NONE',  ( -240.0000000000000000, -0.7179315874801758257, -3.719990244147091563 ) ) ;
#1516 = EDGE_LOOP ( 'NONE', ( #1655, #210, #614, #1063 ) ) ;
#1517 = CIRCLE ( 'NONE', #365, 3.944999999999998952 ) ;
#1518 = CIRCLE ( 'NONE', #2359, 0.2985305544400576605 ) ;
#1519 = AXIS2_PLACEMENT_3D ( 'NONE', #561, #43, #1745 ) ;
#1520 = CARTESIAN_POINT ( 'NONE',  ( -240.0000000000000000, 3.689742516309007847, 1.396003281995292777 ) ) ;
#1521 = EDGE_LOOP ( 'NONE', ( #1153, #880, #2404, #1103 ) ) ;
#1522 = CYLINDRICAL_SURFACE ( 'NONE', #1722, 0.2985305544400576605 ) ;
#1523 = EDGE_CURVE ( 'NONE', #1671, #461, #1837, .T. ) ;
#1524 = CARTESIAN_POINT ( 'NONE',  ( -240.0000000000000000, 3.580571847001755348, 1.238248129136384712 ) ) ;
#1525 = CARTESIAN_POINT ( 'NONE',  ( -240.0000000000000000, 3.296555857072566820, -0.9800502496365862681 ) ) ;
#1526 = CARTESIAN_POINT ( 'NONE',  ( -240.0000000000000000, -3.624508803112606703, -1.102864097244384167 ) ) ;
#1527 = DIRECTION ( 'NONE',  ( 1.000000000000000000, -0.000000000000000000, -0.000000000000000000 ) ) ;
#1528 = DIRECTION ( 'NONE',  ( 1.000000000000000000, -0.000000000000000000, -0.000000000000000000 ) ) ;
#1529 = ORIENTED_EDGE ( 'NONE', *, *, #786, .T. ) ;
#1530 = CARTESIAN_POINT ( 'NONE',  ( -240.0000000000000000, -0.6358969521800952318, -3.893412393544777306 ) ) ;
#1531 = EDGE_CURVE ( 'NONE', #1501, #1671, #726, .T. ) ;
#1532 = ORIENTED_EDGE ( 'NONE', *, *, #1185, .F. ) ;
#1533 = B_SPLINE_CURVE_WITH_KNOTS ( 'NONE', 3,
 ( #2254, #2455, #1893, #2283 ),
 .UNSPECIFIED., .F., .F.,
 ( 4, 4 ),
 ( 0.000000000000000000, 1.000000000000000000 ),
 .UNSPECIFIED. ) ;
#1534 = DIRECTION ( 'NONE',  ( 0.000000000000000000, 0.000000000000000000, -1.000000000000000000 ) ) ;
#1535 = VERTEX_POINT ( 'NONE', #1458 ) ;
#1536 = CARTESIAN_POINT ( 'NONE',  ( -240.0000000000000000, -1.774038945033405978, 3.523607642956966934 ) ) ;
#1537 = FACE_OUTER_BOUND ( 'NONE', #847, .T. ) ;
#1538 = LINE ( 'NONE', #775, #1402 ) ;
#1539 = CARTESIAN_POINT ( 'NONE',  ( -240.0000000000000000, -2.090910603638144405, -2.730544103928180366 ) ) ;
#1540 = CARTESIAN_POINT ( 'NONE',  ( -240.0000000000000000, 0.000000000000000000, 0.000000000000000000 ) ) ;
#1541 = CARTESIAN_POINT ( 'NONE',  ( 240.0000000000000000, 3.296555767085192823, 0.9800501672877256487 ) ) ;
#1542 = ADVANCED_FACE ( 'NONE', ( #2216 ), #2028, .T. ) ;
#1543 = ORIENTED_EDGE ( 'NONE', *, *, #2255, .T. ) ;
#1544 = CARTESIAN_POINT ( 'NONE',  ( -240.0000000000000000, -3.244881499219086418, -1.955632183432516769 ) ) ;
#1545 = ORIENTED_EDGE ( 'NONE', *, *, #1580, .T. ) ;
#1546 = DIRECTION ( 'NONE',  ( 1.000000000000000000, -0.000000000000000000, -0.000000000000000000 ) ) ;
#1547 = FACE_OUTER_BOUND ( 'NONE', #2442, .T. ) ;
#1548 = CARTESIAN_POINT ( 'NONE',  ( -240.0000000000000000, 0.6300974415174813714, -3.380940027580565665 ) ) ;
#1549 = CARTESIAN_POINT ( 'NONE',  ( 240.0000000000000000, 3.436514418238443280, -1.080818637833059759 ) ) ;
#1550 = DIRECTION ( 'NONE',  ( 0.000000000000000000, 0.000000000000000000, -1.000000000000000000 ) ) ;
#1551 = ORIENTED_EDGE ( 'NONE', *, *, #239, .F. ) ;
#1552 = CIRCLE ( 'NONE', #235, 0.2985305544400576605 ) ;
#1553 = ADVANCED_FACE ( 'NONE', ( #1477 ), #1297, .F. ) ;
#1554 = CARTESIAN_POINT ( 'NONE',  ( -240.0000000000000000, 2.709640541553635984, 2.402003415240399509 ) ) ;
#1555 = CIRCLE ( 'NONE', #838, 3.945000000000000728 ) ;
#1556 = VECTOR ( 'NONE', #2331, 1000.000000000000000 ) ;
#1557 = ADVANCED_FACE ( 'NONE', ( #549 ), #495, .T. ) ;
#1558 = EDGE_LOOP ( 'NONE', ( #806, #1545, #1799, #1196 ) ) ;
#1559 = CIRCLE ( 'NONE', #36, 0.2985305544400576605 ) ;
#1560 = AXIS2_PLACEMENT_3D ( 'NONE', #2204, #2406, #1986 ) ;
#1561 = AXIS2_PLACEMENT_3D ( 'NONE', #1619, #1447, #1768 ) ;
#1562 = CARTESIAN_POINT ( 'NONE',  ( 240.0000000000000000, -3.236074532056842035, 1.934562202318931723 ) ) ;
#1563 = ORIENTED_EDGE ( 'NONE', *, *, #93, .F. ) ;
#1564 = ORIENTED_EDGE ( 'NONE', *, *, #2449, .F. ) ;
#1565 = DIRECTION ( 'NONE',  ( 0.000000000000000000, 0.000000000000000000, -1.000000000000000000 ) ) ;
#1566 = DIRECTION ( 'NONE',  ( -1.000000000000000000, -0.000000000000000000, -0.000000000000000000 ) ) ;
#1567 = EDGE_CURVE ( 'NONE', #1671, #2089, #1318, .T. ) ;
#1568 = CARTESIAN_POINT ( 'NONE',  ( 240.0000000000000000, 3.470986649574610006, 0.7377809798778314221 ) ) ;
#1569 = CARTESIAN_POINT ( 'NONE',  ( 240.0000000000000000, -3.318867386906378503, -2.132637866148219707 ) ) ;
#1570 = CYLINDRICAL_SURFACE ( 'NONE', #1993, 3.944999999999998952 ) ;
#1571 = ORIENTED_EDGE ( 'NONE', *, *, #610, .F. ) ;
#1572 = CARTESIAN_POINT ( 'NONE',  ( 240.0000000000000000, -3.053845565097534909, -2.497409110365004459 ) ) ;
#1573 = EDGE_CURVE ( 'NONE', #1894, #1702, #2472, .T. ) ;
#1574 = EDGE_CURVE ( 'NONE', #1822, #545, #975, .T. ) ;
#1575 = CARTESIAN_POINT ( 'NONE',  ( -240.0000000000000000, 3.938553204286447063, -0.2254410277765679926 ) ) ;
#1576 = ORIENTED_EDGE ( 'NONE', *, *, #1574, .F. ) ;
#1577 = ORIENTED_EDGE ( 'NONE', *, *, #1590, .F. ) ;
#1578 = DIRECTION ( 'NONE',  ( -1.000000000000000000, -0.000000000000000000, -0.000000000000000000 ) ) ;
#1579 = LINE ( 'NONE', #950, #1601 ) ;
#1580 = EDGE_CURVE ( 'NONE', #512, #779, #1147, .T. ) ;
#1581 = DIRECTION ( 'NONE',  ( 1.000000000000000000, -0.000000000000000000, -0.000000000000000000 ) ) ;
#1582 = CARTESIAN_POINT ( 'NONE',  ( -240.0000000000000000, 0.000000000000000000, 0.000000000000000000 ) ) ;
#1583 = CARTESIAN_POINT ( 'NONE',  ( -240.0000000000000000, 2.802941825926581476, -2.776065943105698430 ) ) ;
#1584 = VERTEX_POINT ( 'NONE', #1700 ) ;
#1585 = CARTESIAN_POINT ( 'NONE',  ( -240.0000000000000000, -3.053845565097534909, -2.497409110365004459 ) ) ;
#1586 = EDGE_CURVE ( 'NONE', #972, #249, #1875, .T. ) ;
#1587 = DIRECTION ( 'NONE',  ( 1.000000000000000000, -0.000000000000000000, -0.000000000000000000 ) ) ;
#1588 = ORIENTED_EDGE ( 'NONE', *, *, #1237, .F. ) ;
#1589 = VERTEX_POINT ( 'NONE', #1332 ) ;
#1590 = EDGE_CURVE ( 'NONE', #1930, #434, #763, .T. ) ;
#1591 = B_SPLINE_SURFACE_WITH_KNOTS ( 'NONE', 3, 1, ( 
 ( #2073, #2219 ),
 ( #688, #1278 ),
 ( #896, #1451 ),
 ( #2034, #1473 ) ),
 .UNSPECIFIED., .F., .F., .F.,
 ( 4, 4 ),
 ( 2, 2 ),
 ( 0.000000000000000000, 1.000000000000000000 ),
 ( 0.000000000000000000, 1.000000000000000000 ),
 .UNSPECIFIED. ) ;
#1592 = CARTESIAN_POINT ( 'NONE',  ( 240.0000000000000000, 2.467871160518346318, -3.077764925247187477 ) ) ;
#1593 = CARTESIAN_POINT ( 'NONE',  ( -240.0000000000000000, -3.241743966148505685, 1.443317412676234257 ) ) ;
#1594 = DIRECTION ( 'NONE',  ( 1.000000000000000000, -0.000000000000000000, -0.000000000000000000 ) ) ;
#1595 = DIRECTION ( 'NONE',  ( 1.000000000000000000, -0.000000000000000000, -0.000000000000000000 ) ) ;
#1596 = VERTEX_POINT ( 'NONE', #1368 ) ;
#1597 = CYLINDRICAL_SURFACE ( 'NONE', #559, 0.2985305544400572164 ) ;
#1598 = CARTESIAN_POINT ( 'NONE',  ( -240.0000000000000000, 3.598139827399269741, -0.4064013456434426019 ) ) ;
#1599 = ORIENTED_EDGE ( 'NONE', *, *, #1407, .T. ) ;
#1600 = VECTOR ( 'NONE', #1189, 1000.000000000000000 ) ;
#1601 = VECTOR ( 'NONE', #2339, 1000.000000000000000 ) ;
#1602 = VERTEX_POINT ( 'NONE', #1120 ) ;
#1603 = CARTESIAN_POINT ( 'NONE',  ( 240.0000000000000000, -2.164514257973801481, 3.298166616019893027 ) ) ;
#1604 = CIRCLE ( 'NONE', #1681, 0.2985305544400576605 ) ;
#1605 = VECTOR ( 'NONE', #712, 1000.000000000000000 ) ;
#1606 = DIRECTION ( 'NONE',  ( 1.000000000000000000, -0.000000000000000000, -0.000000000000000000 ) ) ;
#1607 = EDGE_CURVE ( 'NONE', #1879, #2402, #165, .T. ) ;
#1608 = CARTESIAN_POINT ( 'NONE',  ( -240.0000000000000000, -2.374430395790492643, 2.637072124789320959 ) ) ;
#1609 = VERTEX_POINT ( 'NONE', #198 ) ;
#1610 = DIRECTION ( 'NONE',  ( 0.000000000000000000, 0.000000000000000000, -1.000000000000000000 ) ) ;
#1611 = ADVANCED_FACE ( 'NONE', ( #784 ), #772, .T. ) ;
#1612 = CARTESIAN_POINT ( 'NONE',  ( -240.0000000000000000, -0.1874848757037880786, 3.940542401926713456 ) ) ;
#1613 = VERTEX_POINT ( 'NONE', #1536 ) ;
#1614 = VERTEX_POINT ( 'NONE', #2101 ) ;
#1615 = CARTESIAN_POINT ( 'NONE',  ( -240.0000000000000000, 2.467871160518346318, -3.077764925247187477 ) ) ;
#1616 = FACE_OUTER_BOUND ( 'NONE', #2211, .T. ) ;
#1617 = EDGE_CURVE ( 'NONE', #1302, #2220, #392, .T. ) ;
#1618 = FACE_OUTER_BOUND ( 'NONE', #1343, .T. ) ;
#1619 = CARTESIAN_POINT ( 'NONE',  ( 240.0000000000000000, 2.870821528176310089, 2.085773920911397017 ) ) ;
#1620 = DIRECTION ( 'NONE',  ( 0.000000000000000000, 0.000000000000000000, -1.000000000000000000 ) ) ;
#1621 = EDGE_LOOP ( 'NONE', ( #376, #821, #670, #1631 ) ) ;
#1622 = CARTESIAN_POINT ( 'NONE',  ( -240.0000000000000000, 0.08660865703890625877, 3.438063000648665213 ) ) ;
#1623 = B_SPLINE_CURVE_WITH_KNOTS ( 'NONE', 3,
 ( #747, #162, #355, #1476 ),
 .UNSPECIFIED., .F., .F.,
 ( 4, 4 ),
 ( 0.000000000000000000, 1.000000000000000000 ),
 .UNSPECIFIED. ) ;
#1624 = CARTESIAN_POINT ( 'NONE',  ( 240.0000000000000000, -0.7995295416882055584, -3.344926122931751067 ) ) ;
#1625 = ORIENTED_EDGE ( 'NONE', *, *, #1574, .T. ) ;
#1626 = ORIENTED_EDGE ( 'NONE', *, *, #23, .F. ) ;
#1627 = DIRECTION ( 'NONE',  ( -1.000000000000000000, -0.000000000000000000, -0.000000000000000000 ) ) ;
#1628 = DIRECTION ( 'NONE',  ( 0.000000000000000000, 0.000000000000000000, -1.000000000000000000 ) ) ;
#1629 = DIRECTION ( 'NONE',  ( -1.000000000000000000, -0.000000000000000000, -0.000000000000000000 ) ) ;
#1630 = CARTESIAN_POINT ( 'NONE',  ( -240.0000000000000000, 3.296555857072566820, -0.9800502496365862681 ) ) ;
#1631 = ORIENTED_EDGE ( 'NONE', *, *, #913, .F. ) ;
#1632 = DIRECTION ( 'NONE',  ( 0.000000000000000000, 0.000000000000000000, -1.000000000000000000 ) ) ;
#1633 = ADVANCED_FACE ( 'NONE', ( #2287 ), #1649, .T. ) ;
#1634 = DIRECTION ( 'NONE',  ( 1.000000000000000000, -0.000000000000000000, -0.000000000000000000 ) ) ;
#1635 = VERTEX_POINT ( 'NONE', #576 ) ;
#1636 = ORIENTED_EDGE ( 'NONE', *, *, #1167, .F. ) ;
#1637 = CARTESIAN_POINT ( 'NONE',  ( 240.0000000000000000, 2.870821528176310089, 2.085773920911397017 ) ) ;
#1638 = VECTOR ( 'NONE', #1838, 1000.000000000000000 ) ;
#1639 = DIRECTION ( 'NONE',  ( 1.000000000000000000, 0.000000000000000000, 0.000000000000000000 ) ) ;
#1640 = CIRCLE ( 'NONE', #81, 3.945000000000000728 ) ;
#1641 = VECTOR ( 'NONE', #1925, 1000.000000000000000 ) ;
#1642 = CARTESIAN_POINT ( 'NONE',  ( -240.0000000000000000, -2.151073146877044540, 2.913029303108606527 ) ) ;
#1643 = CARTESIAN_POINT ( 'NONE',  ( -240.0000000000000000, 3.410175861974695355, -0.4455096478287830508 ) ) ;
#1644 = EDGE_CURVE ( 'NONE', #544, #1666, #398, .T. ) ;
#1645 = ORIENTED_EDGE ( 'NONE', *, *, #1825, .F. ) ;
#1646 = CARTESIAN_POINT ( 'NONE',  ( 240.0000000000000000, 2.802941827003310848, 2.776065942018551613 ) ) ;
#1647 = DIRECTION ( 'NONE',  ( 1.000000000000000000, -0.000000000000000000, -0.000000000000000000 ) ) ;
#1648 = ORIENTED_EDGE ( 'NONE', *, *, #1178, .F. ) ;
#1649 = B_SPLINE_SURFACE_WITH_KNOTS ( 'NONE', 3, 1, ( 
 ( #2111, #2309 ),
 ( #1727, #1923 ),
 ( #588, #1690 ),
 ( #1355, #212 ) ),
 .UNSPECIFIED., .F., .F., .F.,
 ( 4, 4 ),
 ( 2, 2 ),
 ( 0.000000000000000000, 1.000000000000000000 ),
 ( 0.000000000000000000, 1.000000000000000000 ),
 .UNSPECIFIED. ) ;
#1650 = EDGE_CURVE ( 'NONE', #528, #1094, #1344, .T. ) ;
#1651 = FACE_OUTER_BOUND ( 'NONE', #1919, .T. ) ;
#1652 = CARTESIAN_POINT ( 'NONE',  ( -240.0000000000000000, 1.498397002809060075, 3.296449407048503311 ) ) ;
#1653 = CARTESIAN_POINT ( 'NONE',  ( 240.0000000000000000, -3.241743966148505685, 1.443317412676234257 ) ) ;
#1654 = DIRECTION ( 'NONE',  ( 1.000000000000000000, 0.000000000000000000, 0.000000000000000000 ) ) ;
#1655 = ORIENTED_EDGE ( 'NONE', *, *, #1617, .F. ) ;
#1656 = CARTESIAN_POINT ( 'NONE',  ( 240.0000000000000000, -2.374430407360319961, -2.637072114371803000 ) ) ;
#1657 = CARTESIAN_POINT ( 'NONE',  ( 240.0000000000000000, -3.435173659408773172, -1.145616573592185716 ) ) ;
#1658 = ORIENTED_EDGE ( 'NONE', *, *, #2368, .T. ) ;
#1659 = DIRECTION ( 'NONE',  ( 1.000000000000000000, -0.000000000000000000, -0.000000000000000000 ) ) ;
#1660 = DIRECTION ( 'NONE',  ( 1.000000000000000000, -0.000000000000000000, -0.000000000000000000 ) ) ;
#1661 = ADVANCED_FACE ( 'NONE', ( #277 ), #1209, .T. ) ;
#1662 = CARTESIAN_POINT ( 'NONE',  ( 240.0000000000000000, -2.168920902695631536, 3.106308967034898671 ) ) ;
#1663 = DIRECTION ( 'NONE',  ( 1.000000000000000000, -0.000000000000000000, -0.000000000000000000 ) ) ;
#1664 = ORIENTED_EDGE ( 'NONE', *, *, #2344, .T. ) ;
#1665 = CARTESIAN_POINT ( 'NONE',  ( -240.0000000000000000, -2.497026341706861441, -2.364875992400922389 ) ) ;
#1666 = VERTEX_POINT ( 'NONE', #1221 ) ;
#1667 = PRODUCT_DEFINITION_SHAPE ( 'NONE', 'NONE',  #1393 ) ;
#1668 = CARTESIAN_POINT ( 'NONE',  ( 240.0000000000000000, 1.431487031881636618, 3.676121580899452734 ) ) ;
#1669 = ADVANCED_FACE ( 'NONE', ( #1231 ), #253, .F. ) ;
#1670 = ORIENTED_EDGE ( 'NONE', *, *, #898, .F. ) ;
#1671 = VERTEX_POINT ( 'NONE', #1027 ) ;
#1672 = CARTESIAN_POINT ( 'NONE',  ( -240.0000000000000000, 0.000000000000000000, 0.000000000000000000 ) ) ;
#1673 = CIRCLE ( 'NONE', #82, 3.945000000000002505 ) ;
#1674 = CARTESIAN_POINT ( 'NONE',  ( -240.0000000000000000, -2.374430407360319961, -2.637072114371803000 ) ) ;
#1675 = CIRCLE ( 'NONE', #1440, 0.2985305544400576605 ) ;
#1676 = DIRECTION ( 'NONE',  ( 1.000000000000000000, 0.000000000000000000, 0.000000000000000000 ) ) ;
#1677 = VERTEX_POINT ( 'NONE', #2140 ) ;
#1678 = CIRCLE ( 'NONE', #2316, 3.944999999999996287 ) ;
#1679 = FACE_OUTER_BOUND ( 'NONE', #2149, .T. ) ;
#1680 = ADVANCED_FACE ( 'NONE', ( #46 ), #2169, .T. ) ;
#1681 = AXIS2_PLACEMENT_3D ( 'NONE', #2005, #459, #1431 ) ;
#1682 = VECTOR ( 'NONE', #548, 1000.000000000000000 ) ;
#1683 = VERTEX_POINT ( 'NONE', #1002 ) ;
#1684 = B_SPLINE_CURVE_WITH_KNOTS ( 'NONE', 3,
 ( #393, #2328, #1389, #2475 ),
 .UNSPECIFIED., .F., .F.,
 ( 4, 4 ),
 ( 0.000000000000000000, 1.000000000000000000 ),
 .UNSPECIFIED. ) ;
#1685 = CARTESIAN_POINT ( 'NONE',  ( -240.0000000000000000, 0.3709224534556705422, 3.230560777520209204 ) ) ;
#1686 = ORIENTED_EDGE ( 'NONE', *, *, #1454, .F. ) ;
#1687 = UNCERTAINTY_MEASURE_WITH_UNIT (LENGTH_MEASURE( 1.000000000000000082E-05 ), #1048, 'distance_accuracy_value', 'NONE');
#1688 = ORIENTED_EDGE ( 'NONE', *, *, #1693, .F. ) ;
#1689 = CARTESIAN_POINT ( 'NONE',  ( 240.0000000000000000, 1.477507148797370995, 3.105599922906362220 ) ) ;
#1690 = CARTESIAN_POINT ( 'NONE',  ( 240.0000000000000000, 0.8571932035384615123, -3.690389273865128494 ) ) ;
#1691 = CARTESIAN_POINT ( 'NONE',  ( -240.0000000000000000, 0.000000000000000000, 0.000000000000000000 ) ) ;
#1692 = VERTEX_POINT ( 'NONE', #2327 ) ;
#1693 = EDGE_CURVE ( 'NONE', #532, #1434, #1552, .T. ) ;
#1694 = CARTESIAN_POINT ( 'NONE',  ( 240.0000000000000000, -3.053845565097534909, -2.497409110365004459 ) ) ;
#1695 = ORIENTED_EDGE ( 'NONE', *, *, #1429, .T. ) ;
#1696 = EDGE_CURVE ( 'NONE', #2154, #115, #1125, .T. ) ;
#1697 = ORIENTED_EDGE ( 'NONE', *, *, #1110, .F. ) ;
#1698 = ORIENTED_EDGE ( 'NONE', *, *, #2161, .T. ) ;
#1699 = CARTESIAN_POINT ( 'NONE',  ( 240.0000000000000000, -3.603016593758139319, 1.110397208326681318 ) ) ;
#1700 = CARTESIAN_POINT ( 'NONE',  ( 240.0000000000000000, 3.296555767085192379, 0.9800501672877265369 ) ) ;
#1701 = DIRECTION ( 'NONE',  ( 1.000000000000000000, 0.000000000000000000, 0.000000000000000000 ) ) ;
#1702 = VERTEX_POINT ( 'NONE', #1603 ) ;
#1703 = CARTESIAN_POINT ( 'NONE',  ( -240.0000000000000000, 2.934145569853655378, -1.794036797507652103 ) ) ;
#1704 = CARTESIAN_POINT ( 'NONE',  ( -240.0000000000000000, -0.6358969521800951208, -3.893412393544777306 ) ) ;
#1705 = ORIENTED_EDGE ( 'NONE', *, *, #1756, .T. ) ;
#1706 = CARTESIAN_POINT ( 'NONE',  ( -240.0000000000000000, -2.164514257973801481, 3.298166616019893027 ) ) ;
#1707 = EDGE_CURVE ( 'NONE', #2121, #544, #2364, .T. ) ;
#1708 = ORIENTED_EDGE ( 'NONE', *, *, #1817, .F. ) ;
#1709 = CARTESIAN_POINT ( 'NONE',  ( 240.0000000000000000, -0.1874848757037880786, 3.940542401926713456 ) ) ;
#1710 = CARTESIAN_POINT ( 'NONE',  ( -240.0000000000000000, 3.121765976215025606, -1.834761418006127798 ) ) ;
#1711 = CYLINDRICAL_SURFACE ( 'NONE', #406, 3.945000000000000728 ) ;
#1712 = ADVANCED_FACE ( 'NONE', ( #627 ), #694, .T. ) ;
#1713 = AXIS2_PLACEMENT_3D ( 'NONE', #431, #2178, #1017 ) ;
#1714 = FACE_OUTER_BOUND ( 'NONE', #172, .T. ) ;
#1715 = CARTESIAN_POINT ( 'NONE',  ( -240.0000000000000000, -3.318867386079217940, 2.132637867435469126 ) ) ;
#1716 = EDGE_CURVE ( 'NONE', #2270, #792, #574, .T. ) ;
#1717 = ORIENTED_EDGE ( 'NONE', *, *, #974, .T. ) ;
#1718 = AXIS2_PLACEMENT_3D ( 'NONE', #1656, #2058, #2454 ) ;
#1719 = AXIS2_PLACEMENT_3D ( 'NONE', #1888, #1654, #1864 ) ;
#1720 = VERTEX_POINT ( 'NONE', #72 ) ;
#1721 = AXIS2_PLACEMENT_3D ( 'NONE', #668, #2392, #1988 ) ;
#1722 = AXIS2_PLACEMENT_3D ( 'NONE', #1762, #985, #2109 ) ;
#1723 = CARTESIAN_POINT ( 'NONE',  ( -240.0000000000000000, -3.604007430198690631, -0.3505748341371561771 ) ) ;
#1724 = ORIENTED_EDGE ( 'NONE', *, *, #1150, .T. ) ;
#1725 = CARTESIAN_POINT ( 'NONE',  ( 240.0000000000000000, 2.802941825926581476, -2.776065943105698430 ) ) ;
#1726 = EDGE_LOOP ( 'NONE', ( #2212, #929, #2269, #219 ) ) ;
#1727 = CARTESIAN_POINT ( 'NONE',  ( -240.0000000000000000, 0.7253757067983905849, -3.547619251729861922 ) ) ;
#1728 = DIRECTION ( 'NONE',  ( 0.000000000000000000, 0.000000000000000000, -1.000000000000000000 ) ) ;
#1729 = CARTESIAN_POINT ( 'NONE',  ( -240.0000000000000000, 3.470986649574610006, 0.7377809798778314221 ) ) ;
#1730 = CARTESIAN_POINT ( 'NONE',  ( -240.0000000000000000, 2.612931280510966126, -2.236150516834563895 ) ) ;
#1731 = CARTESIAN_POINT ( 'NONE',  ( 240.0000000000000000, 3.689742516309013176, 1.396003281995294998 ) ) ;
#1732 = VERTEX_POINT ( 'NONE', #799 ) ;
#1733 = CARTESIAN_POINT ( 'NONE',  ( -240.0000000000000000, 2.612931231797709586, 2.236150405003975550 ) ) ;
#1734 = ORIENTED_EDGE ( 'NONE', *, *, #1494, .T. ) ;
#1735 = CARTESIAN_POINT ( 'NONE',  ( -240.0000000000000000, 1.774265283961502071, 3.073117602358177436 ) ) ;
#1736 = CARTESIAN_POINT ( 'NONE',  ( 240.0000000000000000, -0.7822408118720745041, 3.516518105582520981 ) ) ;
#1737 = CARTESIAN_POINT ( 'NONE',  ( -240.0000000000000000, -3.318867386906378503, -2.132637866148219707 ) ) ;
#1738 = EDGE_CURVE ( 'NONE', #553, #1229, #2077, .T. ) ;
#1739 = CARTESIAN_POINT ( 'NONE',  ( -240.0000000000000000, -1.605682026107785099, -3.431495084050956379 ) ) ;
#1740 = CARTESIAN_POINT ( 'NONE',  ( 240.0000000000000000, 2.802941825926581476, -2.776065943105698430 ) ) ;
#1741 = CARTESIAN_POINT ( 'NONE',  ( -240.0000000000000000, 3.774656033931263810, -0.3251538195341683868 ) ) ;
#1742 = CARTESIAN_POINT ( 'NONE',  ( -240.0000000000000000, 0.000000000000000000, 0.000000000000000000 ) ) ;
#1743 = ORIENTED_EDGE ( 'NONE', *, *, #158, .F. ) ;
#1744 = EDGE_CURVE ( 'NONE', #570, #170, #28, .T. ) ;
#1745 = DIRECTION ( 'NONE',  ( 0.000000000000000000, 0.000000000000000000, -1.000000000000000000 ) ) ;
#1746 = ORIENTED_EDGE ( 'NONE', *, *, #930, .F. ) ;
#1747 = ORIENTED_EDGE ( 'NONE', *, *, #2225, .T. ) ;
#1748 = CARTESIAN_POINT ( 'NONE',  ( 240.0000000000000000, 1.950774852829240347, -2.832358686584800278 ) ) ;
#1749 = CYLINDRICAL_SURFACE ( 'NONE', #1445, 0.2985305544400576605 ) ;
#1750 = ADVANCED_FACE ( 'NONE', ( #1427 ), #1934, .F. ) ;
#1751 = CARTESIAN_POINT ( 'NONE',  ( -240.0000000000000000, -3.899358192167881487, 0.5983566571646569132 ) ) ;
#1752 = CARTESIAN_POINT ( 'NONE',  ( -240.0000000000000000, 2.802941825926581476, -2.776065943105698430 ) ) ;
#1753 = CARTESIAN_POINT ( 'NONE',  ( 240.0000000000000000, 0.02801906810408841958, -3.621059283663762507 ) ) ;
#1754 = VERTEX_POINT ( 'NONE', #1456 ) ;
#1755 = AXIS2_PLACEMENT_3D ( 'NONE', #2240, #150, #1083 ) ;
#1756 = EDGE_CURVE ( 'NONE', #1584, #45, #516, .T. ) ;
#1757 = CARTESIAN_POINT ( 'NONE',  ( 240.0000000000000000, -3.604007430198690631, -0.3505748341371561771 ) ) ;
#1758 = AXIS2_PLACEMENT_3D ( 'NONE', #899, #1814, #503 ) ;
#1759 = ORIENTED_EDGE ( 'NONE', *, *, #610, .T. ) ;
#1760 = AXIS2_PLACEMENT_3D ( 'NONE', #630, #472, #852 ) ;
#1761 = AXIS2_PLACEMENT_3D ( 'NONE', #773, #2299, #2130 ) ;
#1762 = CARTESIAN_POINT ( 'NONE',  ( -240.0000000000000000, -3.241743966148505685, 1.443317412676234257 ) ) ;
#1763 = CIRCLE ( 'NONE', #923, 3.945000000000000728 ) ;
#1764 = ORIENTED_EDGE ( 'NONE', *, *, #499, .T. ) ;
#1765 = CARTESIAN_POINT ( 'NONE',  ( -240.0000000000000000, -1.096556238977348663, 3.374853109478176183 ) ) ;
#1766 = CARTESIAN_POINT ( 'NONE',  ( -240.0000000000000000, -2.862640259521560537, 2.481742115010684646 ) ) ;
#1767 = CARTESIAN_POINT ( 'NONE',  ( 240.0000000000000000, -1.434111509610971336, 3.304712598000730583 ) ) ;
#1768 = DIRECTION ( 'NONE',  ( 0.000000000000000000, 0.000000000000000000, -1.000000000000000000 ) ) ;
#1769 = CARTESIAN_POINT ( 'NONE',  ( -240.0000000000000000, -0.07114873015113890031, -3.787916464103896264 ) ) ;
#1770 = EDGE_CURVE ( 'NONE', #954, #958, #555, .T. ) ;
#1771 = ORIENTED_EDGE ( 'NONE', *, *, #354, .F. ) ;
#1772 = CARTESIAN_POINT ( 'NONE',  ( -240.0000000000000000, 3.452362614352050052, 1.092229211421257951 ) ) ;
#1773 = B_SPLINE_CURVE_WITH_KNOTS ( 'NONE', 3,
 ( #1457, #73, #1212, #1043 ),
 .UNSPECIFIED., .F., .F.,
 ( 4, 4 ),
 ( 0.000000000000000000, 1.000000000000000000 ),
 .UNSPECIFIED. ) ;
#1774 = EDGE_CURVE ( 'NONE', #1506, #364, #1916, .T. ) ;
#1775 = CARTESIAN_POINT ( 'NONE',  ( 240.0000000000000000, 3.579020681431027917, 0.4103793812279892261 ) ) ;
#1776 = ORIENTED_EDGE ( 'NONE', *, *, #1693, .T. ) ;
#1777 = EDGE_LOOP ( 'NONE', ( #1351, #796, #2325, #159 ) ) ;
#1778 = CARTESIAN_POINT ( 'NONE',  ( -240.0000000000000000, 2.284101502309513698, -3.022686471997837909 ) ) ;
#1779 = CARTESIAN_POINT ( 'NONE',  ( -240.0000000000000000, 3.296555767085192379, 0.9800501672877265369 ) ) ;
#1780 = CARTESIAN_POINT ( 'NONE',  ( 240.0000000000000000, -1.605736549111472788, 3.431524925699785733 ) ) ;
#1781 = CARTESIAN_POINT ( 'NONE',  ( -240.0000000000000000, -1.319265258336537405, 3.176053751756989563 ) ) ;
#1782 = FACE_OUTER_BOUND ( 'NONE', #1415, .T. ) ;
#1783 = ORIENTED_EDGE ( 'NONE', *, *, #819, .T. ) ;
#1784 = CARTESIAN_POINT ( 'NONE',  ( 240.0000000000000000, -0.6358969506700028473, 3.893412393791416903 ) ) ;
#1785 = EDGE_CURVE ( 'NONE', #1183, #532, #32, .T. ) ;
#1786 = CARTESIAN_POINT ( 'NONE',  ( -240.0000000000000000, 0.000000000000000000, 0.000000000000000000 ) ) ;
#1787 = VERTEX_POINT ( 'NONE', #1081 ) ;
#1788 = VERTEX_POINT ( 'NONE', #1851 ) ;
#1789 = DIRECTION ( 'NONE',  ( 0.000000000000000000, 0.000000000000000000, -1.000000000000000000 ) ) ;
#1790 = CARTESIAN_POINT ( 'NONE',  ( -240.0000000000000000, 1.431487031881636618, 3.676121580899452734 ) ) ;
#1791 = CYLINDRICAL_SURFACE ( 'NONE', #679, 0.2985305544400572164 ) ;
#1792 = CARTESIAN_POINT ( 'NONE',  ( 240.0000000000000000, 1.431487031881636618, 3.676121580899452734 ) ) ;
#1793 = EDGE_LOOP ( 'NONE', ( #1324, #2086, #1452, #1112 ) ) ;
#1794 = EDGE_CURVE ( 'NONE', #1485, #740, #2213, .T. ) ;
#1795 = CARTESIAN_POINT ( 'NONE',  ( 240.0000000000000000, -0.7995295153656872822, 3.344926242037527420 ) ) ;
#1796 = VECTOR ( 'NONE', #1499, 1000.000000000000000 ) ;
#1797 = CLOSED_SHELL ( 'NONE', ( #1354, #1227, #247, #727, #426, #1375, #2413, #1932, #1206, #12, #687, #938, #1750, #1878, #1862, #1557, #1317, #2352, #105, #1712, #1669, #54, #2215, #1633, #2078, #71, #1661, #1968, #519, #2114, #714, #646, #1436, #2192, #383, #2010, #193, #981, #1542, #1906, #272, #602, #435, #181, #759, #1680, #2126, #414, #1422, #1508, #48, #1403, #341, #2032, #1303, #2106, #2053, #1091, #490, #682, #505, #744, #1611, #1973, #1553, #1075, #2383, #2377 ) ) ;
#1798 = CARTESIAN_POINT ( 'NONE',  ( -240.0000000000000000, -3.435173659408773172, -1.145616573592185716 ) ) ;
#1799 = ORIENTED_EDGE ( 'NONE', *, *, #1240, .T. ) ;
#1800 = VECTOR ( 'NONE', #606, 1000.000000000000000 ) ;
#1801 = VECTOR ( 'NONE', #850, 1000.000000000000000 ) ;
#1802 = ORIENTED_EDGE ( 'NONE', *, *, #1462, .T. ) ;
#1803 = B_SPLINE_CURVE_WITH_KNOTS ( 'NONE', 3,
 ( #273, #453, #2147, #1257 ),
 .UNSPECIFIED., .F., .F.,
 ( 4, 4 ),
 ( 0.000000000000000000, 1.000000000000000000 ),
 .UNSPECIFIED. ) ;
#1804 = CARTESIAN_POINT ( 'NONE',  ( 240.0000000000000000, 2.105610427389642769, -2.945874572911348022 ) ) ;
#1805 = VECTOR ( 'NONE', #1396, 1000.000000000000000 ) ;
#1806 = CYLINDRICAL_SURFACE ( 'NONE', #1560, 0.2985305544400572164 ) ;
#1807 = CYLINDRICAL_SURFACE ( 'NONE', #2272, 0.2985305544400576605 ) ;
#1808 =( NAMED_UNIT ( * ) PLANE_ANGLE_UNIT ( ) SI_UNIT ( $, .RADIAN. ) );
#1809 = ORIENTED_EDGE ( 'NONE', *, *, #2201, .T. ) ;
#1810 = CARTESIAN_POINT ( 'NONE',  ( -240.0000000000000000, -3.318867386906378947, -2.132637866148225481 ) ) ;
#1811 = CARTESIAN_POINT ( 'NONE',  ( 240.0000000000000000, 3.938553204373890892, 0.2254410262489605909 ) ) ;
#1812 = ORIENTED_EDGE ( 'NONE', *, *, #2095, .T. ) ;
#1813 = ORIENTED_EDGE ( 'NONE', *, *, #4, .T. ) ;
#1814 = DIRECTION ( 'NONE',  ( -1.000000000000000000, -0.000000000000000000, -0.000000000000000000 ) ) ;
#1815 = CARTESIAN_POINT ( 'NONE',  ( -240.0000000000000000, -3.020754226892541805, -1.644026203140997788 ) ) ;
#1816 = DIRECTION ( 'NONE',  ( -1.000000000000000000, -0.000000000000000000, -0.000000000000000000 ) ) ;
#1817 = EDGE_CURVE ( 'NONE', #1870, #427, #676, .T. ) ;
#1818 = FACE_OUTER_BOUND ( 'NONE', #790, .T. ) ;
#1819 = EDGE_LOOP ( 'NONE', ( #417, #1995, #1625, #467 ) ) ;
#1820 = CARTESIAN_POINT ( 'NONE',  ( 240.0000000000000000, 2.870821519025235968, -2.085773933506769318 ) ) ;
#1821 = CARTESIAN_POINT ( 'NONE',  ( 240.0000000000000000, 3.938553204286447063, -0.2254410277765679926 ) ) ;
#1822 = VERTEX_POINT ( 'NONE', #378 ) ;
#1823 = ORIENTED_EDGE ( 'NONE', *, *, #245, .T. ) ;
#1824 = DIRECTION ( 'NONE',  ( 0.000000000000000000, 0.000000000000000000, -1.000000000000000000 ) ) ;
#1825 = EDGE_CURVE ( 'NONE', #792, #333, #2038, .T. ) ;
#1826 = CARTESIAN_POINT ( 'NONE',  ( -240.0000000000000000, -3.604151532161276261, 0.3506381856051263290 ) ) ;
#1827 = B_SPLINE_CURVE_WITH_KNOTS ( 'NONE', 3,
 ( #1994, #2385, #437, #1982 ),
 .UNSPECIFIED., .F., .F.,
 ( 4, 4 ),
 ( 0.000000000000000000, 1.000000000000000000 ),
 .UNSPECIFIED. ) ;
#1828 = CARTESIAN_POINT ( 'NONE',  ( 240.0000000000000000, -3.603016404075106038, -1.110397263880634755 ) ) ;
#1829 = B_SPLINE_SURFACE_WITH_KNOTS ( 'NONE', 3, 1, ( 
 ( #1622, #95 ),
 ( #1052, #856 ),
 ( #671, #1435 ),
 ( #1856, #1503 ) ),
 .UNSPECIFIED., .F., .F., .F.,
 ( 4, 4 ),
 ( 2, 2 ),
 ( 0.000000000000000000, 1.000000000000000000 ),
 ( 0.000000000000000000, 1.000000000000000000 ),
 .UNSPECIFIED. ) ;
#1830 = CARTESIAN_POINT ( 'NONE',  ( -240.0000000000000000, -3.318867386079217940, 2.132637867435469126 ) ) ;
#1831 = ORIENTED_EDGE ( 'NONE', *, *, #182, .F. ) ;
#1832 = CARTESIAN_POINT ( 'NONE',  ( -240.0000000000000000, 2.612931231797709586, 2.236150405003975550 ) ) ;
#1833 = B_SPLINE_CURVE_WITH_KNOTS ( 'NONE', 3,
 ( #816, #35, #1741, #21 ),
 .UNSPECIFIED., .F., .F.,
 ( 4, 4 ),
 ( 0.000000000000000000, 1.000000000000000000 ),
 .UNSPECIFIED. ) ;
#1834 = CARTESIAN_POINT ( 'NONE',  ( 240.0000000000000000, 1.002672714867223647, -3.815451798524096105 ) ) ;
#1835 = EDGE_LOOP ( 'NONE', ( #1124, #363, #2375, #44 ) ) ;
#1836 = ORIENTED_EDGE ( 'NONE', *, *, #910, .T. ) ;
#1837 = CIRCLE ( 'NONE', #1478, 0.2985305544400577160 ) ;
#1838 = DIRECTION ( 'NONE',  ( 1.000000000000000000, -0.000000000000000000, -0.000000000000000000 ) ) ;
#1839 = VECTOR ( 'NONE', #1143, 1000.000000000000000 ) ;
#1840 = CARTESIAN_POINT ( 'NONE',  ( -240.0000000000000000, -2.168919484819776144, -3.106371106165596085 ) ) ;
#1841 = AXIS2_PLACEMENT_3D ( 'NONE', #407, #1924, #47 ) ;
#1842 = PRESENTATION_LAYER_ASSIGNMENT (  '', '', ( #1253 ) ) ;
#1843 = VECTOR ( 'NONE', #623, 1000.000000000000000 ) ;
#1844 = CARTESIAN_POINT ( 'NONE',  ( 240.0000000000000000, 1.950774958955290961, 2.832358746720685438 ) ) ;
#1845 = DIRECTION ( 'NONE',  ( 0.000000000000000000, 0.000000000000000000, -1.000000000000000000 ) ) ;
#1846 = ORIENTED_EDGE ( 'NONE', *, *, #2265, .F. ) ;
#1847 = CARTESIAN_POINT ( 'NONE',  ( -240.0000000000000000, -1.605682026107785099, -3.431495084050956379 ) ) ;
#1848 = EDGE_CURVE ( 'NONE', #1683, #1961, #959, .T. ) ;
#1849 = CARTESIAN_POINT ( 'NONE',  ( 240.0000000000000000, -3.586133163546309621, 0.3427086342092607318 ) ) ;
#1850 = ORIENTED_EDGE ( 'NONE', *, *, #1860, .F. ) ;
#1851 = CARTESIAN_POINT ( 'NONE',  ( 240.0000000000000000, -1.319265349640516227, -3.176053832643594532 ) ) ;
#1852 = CARTESIAN_POINT ( 'NONE',  ( -240.0000000000000000, -3.242707496523502986, 1.144788931491478090 ) ) ;
#1853 = CARTESIAN_POINT ( 'NONE',  ( -240.0000000000000000, -2.672223053371509671, -2.443783819615557018 ) ) ;
#1854 = DIRECTION ( 'NONE',  ( 0.000000000000000000, 0.000000000000000000, -1.000000000000000000 ) ) ;
#1855 = ORIENTED_EDGE ( 'NONE', *, *, #1178, .T. ) ;
#1856 = CARTESIAN_POINT ( 'NONE',  ( -240.0000000000000000, -0.1874848757037905211, 3.940542401926713456 ) ) ;
#1857 = ORIENTED_EDGE ( 'NONE', *, *, #960, .F. ) ;
#1858 = DIRECTION ( 'NONE',  ( 1.000000000000000000, -0.000000000000000000, -0.000000000000000000 ) ) ;
#1859 = VERTEX_POINT ( 'NONE', #1058 ) ;
#1860 = EDGE_CURVE ( 'NONE', #833, #2121, #2276, .T. ) ;
#1861 = FACE_OUTER_BOUND ( 'NONE', #110, .T. ) ;
#1862 = ADVANCED_FACE ( 'NONE', ( #860 ), #334, .T. ) ;
#1863 = CARTESIAN_POINT ( 'NONE',  ( -240.0000000000000000, -2.862578312587137130, -2.481737029811426964 ) ) ;
#1864 = DIRECTION ( 'NONE',  ( 0.000000000000000000, 0.000000000000000000, -1.000000000000000000 ) ) ;
#1865 = ORIENTED_EDGE ( 'NONE', *, *, #224, .T. ) ;
#1866 = CARTESIAN_POINT ( 'NONE',  ( 240.0000000000000000, 2.262226366013541767, 3.016130163070062764 ) ) ;
#1867 = ORIENTED_EDGE ( 'NONE', *, *, #1315, .F. ) ;
#1868 = EDGE_CURVE ( 'NONE', #1692, #2007, #2236, .T. ) ;
#1869 = CARTESIAN_POINT ( 'NONE',  ( 240.0000000000000000, -3.428282106768813620, 0.2732412981614706915 ) ) ;
#1870 = VERTEX_POINT ( 'NONE', #2025 ) ;
#1871 = EDGE_LOOP ( 'NONE', ( #615, #2138, #2232, #767 ) ) ;
#1872 = CYLINDRICAL_SURFACE ( 'NONE', #842, 0.2985305544400576605 ) ;
#1873 = CIRCLE ( 'NONE', #598, 3.945000000000003393 ) ;
#1874 = B_SPLINE_CURVE_WITH_KNOTS ( 'NONE', 3,
 ( #931, #374, #916, #552 ),
 .UNSPECIFIED., .F., .F.,
 ( 4, 4 ),
 ( 0.000000000000000000, 1.000000000000000000 ),
 .UNSPECIFIED. ) ;
#1875 = LINE ( 'NONE', #2460, #403 ) ;
#1876 = AXIS2_PLACEMENT_3D ( 'NONE', #890, #99, #139 ) ;
#1877 = DIRECTION ( 'NONE',  ( 0.000000000000000000, 0.000000000000000000, -1.000000000000000000 ) ) ;
#1878 = ADVANCED_FACE ( 'NONE', ( #1475 ), #2346, .T. ) ;
#1879 = VERTEX_POINT ( 'NONE', #691 ) ;
#1880 = AXIS2_PLACEMENT_3D ( 'NONE', #1691, #1676, #940 ) ;
#1881 = DIRECTION ( 'NONE',  ( 1.000000000000000000, -0.000000000000000000, -0.000000000000000000 ) ) ;
#1882 = VECTOR ( 'NONE', #857, 1000.000000000000000 ) ;
#1883 = ORIENTED_EDGE ( 'NONE', *, *, #2420, .F. ) ;
#1884 = FACE_OUTER_BOUND ( 'NONE', #2363, .T. ) ;
#1885 = ORIENTED_EDGE ( 'NONE', *, *, #956, .F. ) ;
#1886 = FACE_OUTER_BOUND ( 'NONE', #2024, .T. ) ;
#1887 = CARTESIAN_POINT ( 'NONE',  ( -240.0000000000000000, -2.497026225396974830, 2.364875955644003103 ) ) ;
#1888 = CARTESIAN_POINT ( 'NONE',  ( 240.0000000000000000, 0.000000000000000000, 0.000000000000000000 ) ) ;
#1889 = EDGE_LOOP ( 'NONE', ( #360, #1529, #889, #566 ) ) ;
#1890 = EDGE_CURVE ( 'NONE', #427, #1377, #2119, .T. ) ;
#1891 = CARTESIAN_POINT ( 'NONE',  ( -240.0000000000000000, -0.7995295153656877263, 3.344926242037527420 ) ) ;
#1892 = CARTESIAN_POINT ( 'NONE',  ( 240.0000000000000000, -2.169443853360899066, 3.083540604367439375 ) ) ;
#1893 = CARTESIAN_POINT ( 'NONE',  ( -240.0000000000000000, 3.121919794210273214, 1.834794866600343077 ) ) ;
#1894 = VERTEX_POINT ( 'NONE', #1706 ) ;
#1895 = DIRECTION ( 'NONE',  ( -1.000000000000000000, -0.000000000000000000, -0.000000000000000000 ) ) ;
#1896 = ORIENTED_EDGE ( 'NONE', *, *, #131, .F. ) ;
#1897 = CARTESIAN_POINT ( 'NONE',  ( -240.0000000000000000, -3.624567462790040384, 1.102843546716906209 ) ) ;
#1898 = EDGE_CURVE ( 'NONE', #542, #180, #1170, .T. ) ;
#1899 = CARTESIAN_POINT ( 'NONE',  ( -240.0000000000000000, 3.316067900920530942, -1.832333718877594331 ) ) ;
#1900 = CARTESIAN_POINT ( 'NONE',  ( 240.0000000000000000, 2.612931231797709586, 2.236150405003975550 ) ) ;
#1901 = CARTESIAN_POINT ( 'NONE',  ( -240.0000000000000000, -3.805614542273635603, -1.039385855029505423 ) ) ;
#1902 = FACE_OUTER_BOUND ( 'NONE', #1414, .T. ) ;
#1903 = ORIENTED_EDGE ( 'NONE', *, *, #625, .F. ) ;
#1904 = EDGE_CURVE ( 'NONE', #1485, #1614, #2184, .T. ) ;
#1905 = CARTESIAN_POINT ( 'NONE',  ( 240.0000000000000000, -0.7995295416882055584, -3.344926122931751067 ) ) ;
#1906 = ADVANCED_FACE ( 'NONE', ( #1651 ), #252, .T. ) ;
#1907 = ORIENTED_EDGE ( 'NONE', *, *, #1716, .F. ) ;
#1908 = CARTESIAN_POINT ( 'NONE',  ( -240.0000000000000000, 1.774265270478582401, -3.073117610142545253 ) ) ;
#1909 = ORIENTED_EDGE ( 'NONE', *, *, #2201, .F. ) ;
#1910 = DIRECTION ( 'NONE',  ( 1.000000000000000000, -0.000000000000000000, -0.000000000000000000 ) ) ;
#1911 = DIRECTION ( 'NONE',  ( 0.000000000000000000, 0.000000000000000000, -1.000000000000000000 ) ) ;
#1912 = AXIS2_PLACEMENT_3D ( 'NONE', #1005, #60, #1380 ) ;
#1913 = DIRECTION ( 'NONE',  ( 1.000000000000000000, -0.000000000000000000, -0.000000000000000000 ) ) ;
#1914 = CARTESIAN_POINT ( 'NONE',  ( 240.0000000000000000, 3.567576637803438810, -1.219469649096329489 ) ) ;
#1915 = CARTESIAN_POINT ( 'NONE',  ( -240.0000000000000000, -0.6358969506700028473, 3.893412393791416903 ) ) ;
#1916 = CIRCLE ( 'NONE', #2436, 0.2985305544400572164 ) ;
#1917 = ORIENTED_EDGE ( 'NONE', *, *, #2435, .T. ) ;
#1918 = DIRECTION ( 'NONE',  ( 1.000000000000000000, -0.000000000000000000, -0.000000000000000000 ) ) ;
#1919 = EDGE_LOOP ( 'NONE', ( #1295, #2258, #1309, #696 ) ) ;
#1920 = EDGE_CURVE ( 'NONE', #1183, #1666, #1010, .T. ) ;
#1921 = CARTESIAN_POINT ( 'NONE',  ( 240.0000000000000000, 2.467871161712089201, 3.077764924290000703 ) ) ;
#1922 = ORIENTED_EDGE ( 'NONE', *, *, #780, .T. ) ;
#1923 = CARTESIAN_POINT ( 'NONE',  ( 240.0000000000000000, 0.7253757067983905849, -3.547619251729861922 ) ) ;
#1924 = DIRECTION ( 'NONE',  ( 1.000000000000000000, 0.000000000000000000, 0.000000000000000000 ) ) ;
#1925 = DIRECTION ( 'NONE',  ( 1.000000000000000000, -0.000000000000000000, -0.000000000000000000 ) ) ;
#1926 = DIRECTION ( 'NONE',  ( 0.000000000000000000, 0.000000000000000000, 1.000000000000000000 ) ) ;
#1927 = CARTESIAN_POINT ( 'NONE',  ( -240.0000000000000000, 1.475686827614554719, -3.489372675372512944 ) ) ;
#1928 = EDGE_CURVE ( 'NONE', #2170, #792, #1956, .T. ) ;
#1929 = CARTESIAN_POINT ( 'NONE',  ( -240.0000000000000000, 3.506352262610188841, -1.807904535778472432 ) ) ;
#1930 = VERTEX_POINT ( 'NONE', #2294 ) ;
#1931 = CARTESIAN_POINT ( 'NONE',  ( 240.0000000000000000, 3.938553204373890892, 0.2254410262489605909 ) ) ;
#1932 = ADVANCED_FACE ( 'NONE', ( #1340 ), #1455, .T. ) ;
#1933 = ORIENTED_EDGE ( 'NONE', *, *, #977, .F. ) ;
#1934 = CYLINDRICAL_SURFACE ( 'NONE', #877, 0.2985305544400574385 ) ;
#1935 = CARTESIAN_POINT ( 'NONE',  ( -240.0000000000000000, -3.805614542273635603, -1.039385855029505423 ) ) ;
#1936 = CARTESIAN_POINT ( 'NONE',  ( 240.0000000000000000, 0.6300975140089831728, 3.380940125682777797 ) ) ;
#1937 = CARTESIAN_POINT ( 'NONE',  ( -240.0000000000000000, -0.7802830633297350715, -3.535948332815176176 ) ) ;
#1938 = CARTESIAN_POINT ( 'NONE',  ( 240.0000000000000000, 1.498414189809733843, -3.296605878742828732 ) ) ;
#1939 = EDGE_LOOP ( 'NONE', ( #612, #573, #304, #963 ) ) ;
#1940 = EDGE_CURVE ( 'NONE', #1635, #1879, #1365, .T. ) ;
#1941 = CARTESIAN_POINT ( 'NONE',  ( -240.0000000000000000, -0.7179315874801758257, -3.719990244147091563 ) ) ;
#1942 = VERTEX_POINT ( 'NONE', #571 ) ;
#1943 = DIRECTION ( 'NONE',  ( 1.000000000000000000, 0.000000000000000000, 0.000000000000000000 ) ) ;
#1944 = ORIENTED_EDGE ( 'NONE', *, *, #371, .F. ) ;
#1945 = ORIENTED_EDGE ( 'NONE', *, *, #2027, .F. ) ;
#1946 = B_SPLINE_CURVE_WITH_KNOTS ( 'NONE', 3,
 ( #18, #2281, #567, #1336 ),
 .UNSPECIFIED., .F., .F.,
 ( 4, 4 ),
 ( 0.000000000000000000, 1.000000000000000000 ),
 .UNSPECIFIED. ) ;
#1947 = DIRECTION ( 'NONE',  ( 0.000000000000000000, 0.000000000000000000, -1.000000000000000000 ) ) ;
#1948 = FACE_OUTER_BOUND ( 'NONE', #843, .T. ) ;
#1949 = CARTESIAN_POINT ( 'NONE',  ( -240.0000000000000000, -1.774038945033405978, 3.523607642956966934 ) ) ;
#1950 = DIRECTION ( 'NONE',  ( -1.000000000000000000, -0.000000000000000000, -0.000000000000000000 ) ) ;
#1951 = EDGE_CURVE ( 'NONE', #809, #1225, #313, .T. ) ;
#1952 = CARTESIAN_POINT ( 'NONE',  ( -240.0000000000000000, 3.598293951899060428, 0.4063693390397383198 ) ) ;
#1953 = ORIENTED_EDGE ( 'NONE', *, *, #1817, .T. ) ;
#1954 = AXIS2_PLACEMENT_3D ( 'NONE', #911, #748, #381 ) ;
#1955 = CIRCLE ( 'NONE', #237, 3.944999999999998952 ) ;
#1956 = LINE ( 'NONE', #1203, #684 ) ;
#1957 = AXIS2_PLACEMENT_3D ( 'NONE', #2000, #1441, #1824 ) ;
#1958 = AXIS2_PLACEMENT_3D ( 'NONE', #730, #357, #1123 ) ;
#1959 = AXIS2_PLACEMENT_3D ( 'NONE', #1502, #750, #1151 ) ;
#1960 = CARTESIAN_POINT ( 'NONE',  ( -240.0000000000000000, -3.805614541870506073, 1.039385856505544714 ) ) ;
#1961 = VERTEX_POINT ( 'NONE', #1156 ) ;
#1962 = DIRECTION ( 'NONE',  ( 1.000000000000000000, 0.000000000000000000, 0.000000000000000000 ) ) ;
#1963 = CARTESIAN_POINT ( 'NONE',  ( 240.0000000000000000, 0.000000000000000000, 0.000000000000000000 ) ) ;
#1964 = DIRECTION ( 'NONE',  ( 1.000000000000000000, -0.000000000000000000, -0.000000000000000000 ) ) ;
#1965 = B_SPLINE_SURFACE_WITH_KNOTS ( 'NONE', 3, 1, ( 
 ( #2303, #1215 ),
 ( #1019, #1007 ),
 ( #1359, #1753 ),
 ( #61, #411 ) ),
 .UNSPECIFIED., .F., .F., .F.,
 ( 4, 4 ),
 ( 2, 2 ),
 ( 0.000000000000000000, 1.000000000000000000 ),
 ( 0.000000000000000000, 1.000000000000000000 ),
 .UNSPECIFIED. ) ;
#1966 = CARTESIAN_POINT ( 'NONE',  ( 240.0000000000000000, 3.774602928803443280, 0.3251861170160231795 ) ) ;
#1967 = ORIENTED_EDGE ( 'NONE', *, *, #316, .F. ) ;
#1968 = ADVANCED_FACE ( 'NONE', ( #791 ), #1277, .T. ) ;
#1969 = DIRECTION ( 'NONE',  ( -1.000000000000000000, -0.000000000000000000, -0.000000000000000000 ) ) ;
#1970 = LINE ( 'NONE', #465, #1882 ) ;
#1971 = ORIENTED_EDGE ( 'NONE', *, *, #1644, .T. ) ;
#1972 = ORIENTED_EDGE ( 'NONE', *, *, #354, .T. ) ;
#1973 = ADVANCED_FACE ( 'NONE', ( #584 ), #2051, .T. ) ;
#1974 = CARTESIAN_POINT ( 'NONE',  ( 240.0000000000000000, -3.318867386079217940, 2.132637867435469126 ) ) ;
#1975 = CARTESIAN_POINT ( 'NONE',  ( 240.0000000000000000, 1.774265270478582401, -3.073117610142545253 ) ) ;
#1976 = EDGE_CURVE ( 'NONE', #2049, #427, #2066, .T. ) ;
#1977 = CARTESIAN_POINT ( 'NONE',  ( -240.0000000000000000, -1.774038945033406867, 3.523607642956966934 ) ) ;
#1978 = CARTESIAN_POINT ( 'NONE',  ( -240.0000000000000000, 0.08660865703890625877, 3.438063000648665213 ) ) ;
#1979 = DIRECTION ( 'NONE',  ( 1.000000000000000000, -0.000000000000000000, -0.000000000000000000 ) ) ;
#1980 = VERTEX_POINT ( 'NONE', #1929 ) ;
#1981 = DIRECTION ( 'NONE',  ( 0.000000000000000000, 0.000000000000000000, -1.000000000000000000 ) ) ;
#1982 = CARTESIAN_POINT ( 'NONE',  ( 240.0000000000000000, -3.053845564128895074, 2.497409111549464544 ) ) ;
#1983 = EDGE_LOOP ( 'NONE', ( #2445, #1101, #2409, #1080 ) ) ;
#1984 = VERTEX_POINT ( 'NONE', #2333 ) ;
#1985 = DIRECTION ( 'NONE',  ( 0.000000000000000000, 0.000000000000000000, -1.000000000000000000 ) ) ;
#1986 = DIRECTION ( 'NONE',  ( 0.000000000000000000, 0.000000000000000000, -1.000000000000000000 ) ) ;
#1987 = DIRECTION ( 'NONE',  ( 1.000000000000000000, -0.000000000000000000, -0.000000000000000000 ) ) ;
#1988 = DIRECTION ( 'NONE',  ( 0.000000000000000000, 0.000000000000000000, 1.000000000000000000 ) ) ;
#1989 = CARTESIAN_POINT ( 'NONE',  ( -240.0000000000000000, -3.805614541870508294, 1.039385856505541605 ) ) ;
#1990 = EDGE_LOOP ( 'NONE', ( #753, #1208, #734, #2362, #1480, #2198, #1626, #2343, #1636, #318, #731, #1230, #749, #1551, #914, #2061, #1353, #94, #387, #1563, #177, #921, #1238, #1243, #1293, #1697, #1564, #1314, #1846, #301, #947, #1532, #2173, #2229, #1374, #709, #873, #2433, #1056, #1335, #1068, #343, #1460, #1945, #534, #2262, #160, #1688, #1024, #550, #1850, #2480, #1944, #2447, #2332, #1033, #2374, #351, #15, #324, #353, #583, #1571, #2100, #2074 ) ) ;
#1991 = CARTESIAN_POINT ( 'NONE',  ( -240.0000000000000000, 2.870821528176310089, 2.085773920911397017 ) ) ;
#1992 = VECTOR ( 'NONE', #1146, 1000.000000000000000 ) ;
#1993 = AXIS2_PLACEMENT_3D ( 'NONE', #449, #1528, #2292 ) ;
#1994 = CARTESIAN_POINT ( 'NONE',  ( 240.0000000000000000, -2.497026225396974830, 2.364875955644003103 ) ) ;
#1995 = ORIENTED_EDGE ( 'NONE', *, *, #2289, .T. ) ;
#1996 = CIRCLE ( 'NONE', #523, 3.944999999999996287 ) ;
#1997 = CIRCLE ( 'NONE', #1841, 3.945000000000001616 ) ;
#1998 = ORIENTED_EDGE ( 'NONE', *, *, #106, .T. ) ;
#1999 = EDGE_CURVE ( 'NONE', #1720, #123, #287, .T. ) ;
#2000 = CARTESIAN_POINT ( 'NONE',  ( -240.0000000000000000, 0.000000000000000000, 0.000000000000000000 ) ) ;
#2001 = CIRCLE ( 'NONE', #1129, 3.944999999999998952 ) ;
#2002 = AXIS2_PLACEMENT_3D ( 'NONE', #999, #1158, #1 ) ;
#2003 = CARTESIAN_POINT ( 'NONE',  ( 240.0000000000000000, -3.053845564128895074, 2.497409111549464544 ) ) ;
#2004 = CARTESIAN_POINT ( 'NONE',  ( 240.0000000000000000, -1.585702738509928045, 3.420563895067390003 ) ) ;
#2005 = CARTESIAN_POINT ( 'NONE',  ( -240.0000000000000000, -2.374430407360319961, -2.637072114371803000 ) ) ;
#2006 = CARTESIAN_POINT ( 'NONE',  ( 240.0000000000000000, 1.480932123910086551, 3.467210778064643506 ) ) ;
#2007 = VERTEX_POINT ( 'NONE', #228 ) ;
#2008 = CARTESIAN_POINT ( 'NONE',  ( -240.0000000000000000, -2.374430395790492643, 2.637072124789320959 ) ) ;
#2009 = B_SPLINE_CURVE_WITH_KNOTS ( 'NONE', 3,
 ( #605, #1139, #765, #1936 ),
 .UNSPECIFIED., .F., .F.,
 ( 4, 4 ),
 ( 0.000000000000000000, 1.000000000000000000 ),
 .UNSPECIFIED. ) ;
#2010 = ADVANCED_FACE ( 'NONE', ( #1191 ), #299, .T. ) ;
#2011 = DIRECTION ( 'NONE',  ( 0.000000000000000000, 0.000000000000000000, -1.000000000000000000 ) ) ;
#2012 = VERTEX_POINT ( 'NONE', #2384 ) ;
#2013 = ORIENTED_EDGE ( 'NONE', *, *, #808, .T. ) ;
#2014 = DIRECTION ( 'NONE',  ( 0.000000000000000000, 0.000000000000000000, -1.000000000000000000 ) ) ;
#2015 = CARTESIAN_POINT ( 'NONE',  ( -240.0000000000000000, 2.870821528176310089, 1.787243366471339856 ) ) ;
#2016 = EDGE_CURVE ( 'NONE', #293, #2257, #1678, .T. ) ;
#2017 = CARTESIAN_POINT ( 'NONE',  ( 240.0000000000000000, -1.774038945033405978, 3.523607642956966934 ) ) ;
#2018 = CARTESIAN_POINT ( 'NONE',  ( 240.0000000000000000, 0.000000000000000000, 0.000000000000000000 ) ) ;
#2019 = EDGE_CURVE ( 'NONE', #894, #244, #1246, .T. ) ;
#2020 = ORIENTED_EDGE ( 'NONE', *, *, #945, .F. ) ;
#2021 = DIRECTION ( 'NONE',  ( 1.000000000000000000, -0.000000000000000000, -0.000000000000000000 ) ) ;
#2022 = CARTESIAN_POINT ( 'NONE',  ( 240.0000000000000000, 0.8571460764209021255, 3.690348748358029063 ) ) ;
#2023 = ORIENTED_EDGE ( 'NONE', *, *, #88, .T. ) ;
#2024 = EDGE_LOOP ( 'NONE', ( #1013, #497, #986, #77 ) ) ;
#2025 = CARTESIAN_POINT ( 'NONE',  ( -240.0000000000000000, 0.08660860652811631921, -3.438063111678937300 ) ) ;
#2026 = CARTESIAN_POINT ( 'NONE',  ( 240.0000000000000000, 2.089861116227785143, -2.934328150064746676 ) ) ;
#2027 = EDGE_CURVE ( 'NONE', #1364, #1635, #1087, .T. ) ;
#2028 = CYLINDRICAL_SURFACE ( 'NONE', #1755, 3.945000000000001616 ) ;
#2029 = B_SPLINE_SURFACE_WITH_KNOTS ( 'NONE', 3, 1, ( 
 ( #851, #446 ),
 ( #1418, #1405 ),
 ( #255, #1780 ),
 ( #1977, #825 ) ),
 .UNSPECIFIED., .F., .F., .F.,
 ( 4, 4 ),
 ( 2, 2 ),
 ( 0.000000000000000000, 1.000000000000000000 ),
 ( 0.000000000000000000, 1.000000000000000000 ),
 .UNSPECIFIED. ) ;
#2030 = CARTESIAN_POINT ( 'NONE',  ( -240.0000000000000000, -3.241743972480880753, -1.443317398453486833 ) ) ;
#2031 = ORIENTED_EDGE ( 'NONE', *, *, #1586, .F. ) ;
#2032 = ADVANCED_FACE ( 'NONE', ( #2345 ), #1411, .T. ) ;
#2033 = DIRECTION ( 'NONE',  ( -1.000000000000000000, -0.000000000000000000, -0.000000000000000000 ) ) ;
#2034 = CARTESIAN_POINT ( 'NONE',  ( -240.0000000000000000, 2.934145691264086864, 1.794036809279158984 ) ) ;
#2035 = VERTEX_POINT ( 'NONE', #2182 ) ;
#2036 = CIRCLE ( 'NONE', #793, 0.2985305544400576605 ) ;
#2037 = DIRECTION ( 'NONE',  ( -1.000000000000000000, -0.000000000000000000, -0.000000000000000000 ) ) ;
#2038 = CIRCLE ( 'NONE', #1442, 0.2985305544400572164 ) ;
#2039 = CARTESIAN_POINT ( 'NONE',  ( 240.0000000000000000, 1.950774852829240347, -2.832358686584800278 ) ) ;
#2040 = CIRCLE ( 'NONE', #2277, 3.944999999999995399 ) ;
#2041 = VECTOR ( 'NONE', #225, 1000.000000000000000 ) ;
#2042 = CARTESIAN_POINT ( 'NONE',  ( -240.0000000000000000, -2.164514257973801481, 3.298166616019893027 ) ) ;
#2043 = CARTESIAN_POINT ( 'NONE',  ( -240.0000000000000000, 0.3709224534556705422, 3.529091331960267031 ) ) ;
#2044 = ORIENTED_EDGE ( 'NONE', *, *, #1785, .T. ) ;
#2045 = LINE ( 'NONE', #1276, #2473 ) ;
#2046 = ORIENTED_EDGE ( 'NONE', *, *, #2019, .T. ) ;
#2047 = EDGE_CURVE ( 'NONE', #2062, #1787, #1248, .T. ) ;
#2048 = CARTESIAN_POINT ( 'NONE',  ( -240.0000000000000000, -1.605736549111472788, 3.431524925699785733 ) ) ;
#2049 = VERTEX_POINT ( 'NONE', #302 ) ;
#2050 = ORIENTED_EDGE ( 'NONE', *, *, #285, .T. ) ;
#2051 = B_SPLINE_SURFACE_WITH_KNOTS ( 'NONE', 3, 1, ( 
 ( #1733, #1350 ),
 ( #1554, #209 ),
 ( #2107, #11 ),
 ( #594, #2123 ) ),
 .UNSPECIFIED., .F., .F., .F.,
 ( 4, 4 ),
 ( 2, 2 ),
 ( 0.000000000000000000, 1.000000000000000000 ),
 ( 0.000000000000000000, 1.000000000000000000 ),
 .UNSPECIFIED. ) ;
#2052 = CARTESIAN_POINT ( 'NONE',  ( 240.0000000000000000, 1.498397002809060075, 3.296449407048503311 ) ) ;
#2053 = ADVANCED_FACE ( 'NONE', ( #485 ), #1423, .F. ) ;
#2054 = CARTESIAN_POINT ( 'NONE',  ( -240.0000000000000000, -2.090910628036011243, 2.730544223443055252 ) ) ;
#2055 = CARTESIAN_POINT ( 'NONE',  ( -240.0000000000000000, 1.002672714867223647, -3.815451798524096105 ) ) ;
#2056 = EDGE_CURVE ( 'NONE', #1930, #1859, #1107, .T. ) ;
#2057 = VERTEX_POINT ( 'NONE', #312 ) ;
#2058 = DIRECTION ( 'NONE',  ( -1.000000000000000000, -0.000000000000000000, -0.000000000000000000 ) ) ;
#2059 = VERTEX_POINT ( 'NONE', #2372 ) ;
#2060 = CARTESIAN_POINT ( 'NONE',  ( -240.0000000000000000, -2.672079551022297661, 2.443719121393896465 ) ) ;
#2061 = ORIENTED_EDGE ( 'NONE', *, *, #1198, .F. ) ;
#2062 = VERTEX_POINT ( 'NONE', #685 ) ;
#2063 = EDGE_CURVE ( 'NONE', #2170, #1400, #2358, .T. ) ;
#2064 = FACE_OUTER_BOUND ( 'NONE', #700, .T. ) ;
#2065 = DIRECTION ( 'NONE',  ( 0.000000000000000000, 0.000000000000000000, -1.000000000000000000 ) ) ;
#2066 = B_SPLINE_CURVE_WITH_KNOTS ( 'NONE', 3,
 ( #218, #2321, #1373, #982 ),
 .UNSPECIFIED., .F., .F.,
 ( 4, 4 ),
 ( 0.000000000000000000, 1.000000000000000000 ),
 .UNSPECIFIED. ) ;
#2067 = SHAPE_DEFINITION_REPRESENTATION ( #1667, #2393 ) ;
#2068 = CARTESIAN_POINT ( 'NONE',  ( 240.0000000000000000, 3.579020816880597700, -0.4103792998175843088 ) ) ;
#2069 = ORIENTED_EDGE ( 'NONE', *, *, #1920, .T. ) ;
#2070 = DIRECTION ( 'NONE',  ( 1.000000000000000000, -0.000000000000000000, -0.000000000000000000 ) ) ;
#2071 = CARTESIAN_POINT ( 'NONE',  ( 240.0000000000000000, 2.802941827003310848, 2.776065942018551613 ) ) ;
#2072 = B_SPLINE_CURVE_WITH_KNOTS ( 'NONE', 3,
 ( #2286, #1562, #2324, #613 ),
 .UNSPECIFIED., .F., .F.,
 ( 4, 4 ),
 ( 0.000000000000000000, 1.000000000000000000 ),
 .UNSPECIFIED. ) ;
#2073 = CARTESIAN_POINT ( 'NONE',  ( -240.0000000000000000, 3.506352263311412365, 1.807904534418498965 ) ) ;
#2074 = ORIENTED_EDGE ( 'NONE', *, *, #10, .F. ) ;
#2075 = ORIENTED_EDGE ( 'NONE', *, *, #2095, .F. ) ;
#2076 = CARTESIAN_POINT ( 'NONE',  ( 240.0000000000000000, 1.431487030455816711, -3.676121581454665055 ) ) ;
#2077 = CIRCLE ( 'NONE', #2471, 0.2985305544400572164 ) ;
#2078 = ADVANCED_FACE ( 'NONE', ( #818 ), #1597, .F. ) ;
#2079 = CARTESIAN_POINT ( 'NONE',  ( 240.0000000000000000, 2.934145569853655378, -1.794036797507652103 ) ) ;
#2080 = CARTESIAN_POINT ( 'NONE',  ( -240.0000000000000000, 1.002672714867223647, -3.815451798524096105 ) ) ;
#2081 = ORIENTED_EDGE ( 'NONE', *, *, #2235, .F. ) ;
#2082 = CARTESIAN_POINT ( 'NONE',  ( -240.0000000000000000, 0.7253757067983905849, -3.547619251729861922 ) ) ;
#2083 = CARTESIAN_POINT ( 'NONE',  ( -240.0000000000000000, -2.164514259253023543, -3.298166615180369909 ) ) ;
#2084 = ORIENTED_EDGE ( 'NONE', *, *, #1141, .T. ) ;
#2085 = B_SPLINE_CURVE_WITH_KNOTS ( 'NONE', 3,
 ( #179, #2094, #2291, #580 ),
 .UNSPECIFIED., .F., .F.,
 ( 4, 4 ),
 ( 0.000000000000000000, 1.000000000000000000 ),
 .UNSPECIFIED. ) ;
#2086 = ORIENTED_EDGE ( 'NONE', *, *, #1009, .T. ) ;
#2087 = DIRECTION ( 'NONE',  ( 0.000000000000000000, 0.000000000000000000, -1.000000000000000000 ) ) ;
#2088 = EDGE_CURVE ( 'NONE', #1613, #1894, #1517, .T. ) ;
#2089 = VERTEX_POINT ( 'NONE', #649 ) ;
#2090 = CARTESIAN_POINT ( 'NONE',  ( 240.0000000000000000, 0.000000000000000000, 0.000000000000000000 ) ) ;
#2091 = CARTESIAN_POINT ( 'NONE',  ( -240.0000000000000000, 0.000000000000000000, 0.000000000000000000 ) ) ;
#2092 = FACE_OUTER_BOUND ( 'NONE', #143, .T. ) ;
#2093 = CYLINDRICAL_SURFACE ( 'NONE', #1211, 0.2985305544400571054 ) ;
#2094 = CARTESIAN_POINT ( 'NONE',  ( 240.0000000000000000, 0.03402165308306488029, 3.602310883933354635 ) ) ;
#2095 = EDGE_CURVE ( 'NONE', #1596, #809, #1450, .T. ) ;
#2096 = ORIENTED_EDGE ( 'NONE', *, *, #1060, .T. ) ;
#2097 = CARTESIAN_POINT ( 'NONE',  ( -240.0000000000000000, 3.296555767085192823, 0.9800501672877256487 ) ) ;
#2098 = ORIENTED_EDGE ( 'NONE', *, *, #391, .T. ) ;
#2099 = LINE ( 'NONE', #2127, #291 ) ;
#2100 = ORIENTED_EDGE ( 'NONE', *, *, #2063, .F. ) ;
#2101 = CARTESIAN_POINT ( 'NONE',  ( -240.0000000000000000, 3.410175977676545678, 0.4455096092005208508 ) ) ;
#2102 = DIRECTION ( 'NONE',  ( 1.000000000000000000, -0.000000000000000000, -0.000000000000000000 ) ) ;
#2103 = DIRECTION ( 'NONE',  ( 0.000000000000000000, 0.000000000000000000, -1.000000000000000000 ) ) ;
#2104 = CARTESIAN_POINT ( 'NONE',  ( 240.0000000000000000, 0.000000000000000000, 0.000000000000000000 ) ) ;
#2105 = DIRECTION ( 'NONE',  ( 1.000000000000000000, 0.000000000000000000, 0.000000000000000000 ) ) ;
#2106 = ADVANCED_FACE ( 'NONE', ( #475 ), #1829, .T. ) ;
#2107 = CARTESIAN_POINT ( 'NONE',  ( -240.0000000000000000, 2.767374259251602631, 2.587545727148212293 ) ) ;
#2108 = ORIENTED_EDGE ( 'NONE', *, *, #1044, .F. ) ;
#2109 = DIRECTION ( 'NONE',  ( 0.000000000000000000, 0.000000000000000000, -1.000000000000000000 ) ) ;
#2110 = VERTEX_POINT ( 'NONE', #707 ) ;
#2111 = CARTESIAN_POINT ( 'NONE',  ( -240.0000000000000000, 0.6300974415174813714, -3.380940027580565665 ) ) ;
#2112 = VECTOR ( 'NONE', #500, 1000.000000000000000 ) ;
#2113 = CARTESIAN_POINT ( 'NONE',  ( -240.0000000000000000, -2.497026341706861441, -2.364875992400921945 ) ) ;
#2114 = ADVANCED_FACE ( 'NONE', ( #1679 ), #1031, .T. ) ;
#2115 = AXIS2_PLACEMENT_3D ( 'NONE', #1071, #1816, #2065 ) ;
#2116 = DIRECTION ( 'NONE',  ( 1.000000000000000000, -0.000000000000000000, -0.000000000000000000 ) ) ;
#2117 = CARTESIAN_POINT ( 'NONE',  ( -240.0000000000000000, -3.020754297792186183, 1.644026302399764328 ) ) ;
#2118 = CARTESIAN_POINT ( 'NONE',  ( -240.0000000000000000, -0.7995295153656877263, 3.344926242037527420 ) ) ;
#2119 = CIRCLE ( 'NONE', #757, 0.2985305544400572164 ) ;
#2120 = CIRCLE ( 'NONE', #2199, 3.944999999999998952 ) ;
#2121 = VERTEX_POINT ( 'NONE', #116 ) ;
#2122 = AXIS2_PLACEMENT_3D ( 'NONE', #487, #1241, #1387 ) ;
#2123 = CARTESIAN_POINT ( 'NONE',  ( 240.0000000000000000, 2.802941827003309960, 2.776065942018552057 ) ) ;
#2124 = EDGE_CURVE ( 'NONE', #1614, #512, #444, .T. ) ;
#2125 = ORIENTED_EDGE ( 'NONE', *, *, #886, .T. ) ;
#2126 = ADVANCED_FACE ( 'NONE', ( #533 ), #1089, .T. ) ;
#2127 = CARTESIAN_POINT ( 'NONE',  ( -240.0000000000000000, 1.477507148797370995, 3.105599922906362220 ) ) ;
#2128 = ORIENTED_EDGE ( 'NONE', *, *, #837, .T. ) ;
#2129 = CARTESIAN_POINT ( 'NONE',  ( -240.0000000000000000, 1.431487031881636618, 3.676121580899452734 ) ) ;
#2130 = DIRECTION ( 'NONE',  ( 0.000000000000000000, 0.000000000000000000, -1.000000000000000000 ) ) ;
#2131 = B_SPLINE_CURVE_WITH_KNOTS ( 'NONE', 3,
 ( #2039, #2026, #702, #900 ),
 .UNSPECIFIED., .F., .F.,
 ( 4, 4 ),
 ( 0.000000000000000000, 1.000000000000000000 ),
 .UNSPECIFIED. ) ;
#2132 = DIRECTION ( 'NONE',  ( 1.000000000000000000, -0.000000000000000000, -0.000000000000000000 ) ) ;
#2133 = DIRECTION ( 'NONE',  ( 0.000000000000000000, 0.000000000000000000, -1.000000000000000000 ) ) ;
#2134 = CARTESIAN_POINT ( 'NONE',  ( -240.0000000000000000, 3.410175977676545678, 0.4455096092005197406 ) ) ;
#2135 = DIRECTION ( 'NONE',  ( 0.000000000000000000, 0.000000000000000000, -1.000000000000000000 ) ) ;
#2136 = ORIENTED_EDGE ( 'NONE', *, *, #1022, .F. ) ;
#2137 = CARTESIAN_POINT ( 'NONE',  ( -240.0000000000000000, -3.435016248351995038, 1.145615836489462414 ) ) ;
#2138 = ORIENTED_EDGE ( 'NONE', *, *, #2421, .T. ) ;
#2139 = EDGE_CURVE ( 'NONE', #115, #1506, #49, .T. ) ;
#2140 = CARTESIAN_POINT ( 'NONE',  ( 240.0000000000000000, -3.318867386906378503, -2.132637866148219707 ) ) ;
#2141 = CARTESIAN_POINT ( 'NONE',  ( -240.0000000000000000, -2.672079551022297661, 2.443719121393896465 ) ) ;
#2142 = CARTESIAN_POINT ( 'NONE',  ( -240.0000000000000000, 1.431487030455816711, -3.676121581454665055 ) ) ;
#2143 = CARTESIAN_POINT ( 'NONE',  ( 240.0000000000000000, -2.144909310048302320, 2.894333140175160413 ) ) ;
#2144 = CARTESIAN_POINT ( 'NONE',  ( -240.0000000000000000, 1.498414189809733843, -3.296605878742828732 ) ) ;
#2145 = ORIENTED_EDGE ( 'NONE', *, *, #158, .T. ) ;
#2146 = CARTESIAN_POINT ( 'NONE',  ( -240.0000000000000000, -3.428282001626595576, -0.2732412363215616091 ) ) ;
#2147 = CARTESIAN_POINT ( 'NONE',  ( 240.0000000000000000, 2.699803592379071748, -2.385133295483793159 ) ) ;
#2148 = ORIENTED_EDGE ( 'NONE', *, *, #2449, .T. ) ;
#2149 = EDGE_LOOP ( 'NONE', ( #2031, #1724, #2428, #1903 ) ) ;
#2150 = CARTESIAN_POINT ( 'NONE',  ( -240.0000000000000000, 0.3709224534556705422, 3.529091331960267031 ) ) ;
#2151 = EDGE_CURVE ( 'NONE', #466, #1506, #2264, .T. ) ;
#2152 = DIRECTION ( 'NONE',  ( 0.000000000000000000, 0.000000000000000000, -1.000000000000000000 ) ) ;
#2153 = FACE_OUTER_BOUND ( 'NONE', #2, .T. ) ;
#2154 = VERTEX_POINT ( 'NONE', #1646 ) ;
#2155 = VECTOR ( 'NONE', #404, 1000.000000000000000 ) ;
#2156 = CARTESIAN_POINT ( 'NONE',  ( -240.0000000000000000, -3.149832985984393208, -1.786147931069062222 ) ) ;
#2157 = AXIS2_PLACEMENT_3D ( 'NONE', #1742, #609, #2135 ) ;
#2158 = VECTOR ( 'NONE', #1111, 1000.000000000000000 ) ;
#2159 = EDGE_CURVE ( 'NONE', #1602, #1377, #2045, .T. ) ;
#2160 = CIRCLE ( 'NONE', #124, 3.945000000000003393 ) ;
#2161 = EDGE_CURVE ( 'NONE', #42, #416, #1102, .T. ) ;
#2162 = CARTESIAN_POINT ( 'NONE',  ( -240.0000000000000000, -3.805614542273635603, -1.039385855029505423 ) ) ;
#2163 = EDGE_LOOP ( 'NONE', ( #1288, #488, #2244, #745 ) ) ;
#2164 = ORIENTED_EDGE ( 'NONE', *, *, #1384, .T. ) ;
#2165 = CARTESIAN_POINT ( 'NONE',  ( 240.0000000000000000, 2.284101502309513698, -3.022686471997837909 ) ) ;
#2166 = CARTESIAN_POINT ( 'NONE',  ( -240.0000000000000000, 1.431487031881636618, 3.676121580899452734 ) ) ;
#2167 = DIRECTION ( 'NONE',  ( -1.000000000000000000, -0.000000000000000000, -0.000000000000000000 ) ) ;
#2168 = CARTESIAN_POINT ( 'NONE',  ( 240.0000000000000000, -2.497026225396974830, 2.364875955644003103 ) ) ;
#2169 = B_SPLINE_SURFACE_WITH_KNOTS ( 'NONE', 3, 1, ( 
 ( #849, #1974 ),
 ( #1186, #234 ),
 ( #834, #655 ),
 ( #1401, #1041 ) ),
 .UNSPECIFIED., .F., .F., .F.,
 ( 4, 4 ),
 ( 2, 2 ),
 ( 0.000000000000000000, 1.000000000000000000 ),
 ( 0.000000000000000000, 1.000000000000000000 ),
 .UNSPECIFIED. ) ;
#2170 = VERTEX_POINT ( 'NONE', #1113 ) ;
#2171 = CARTESIAN_POINT ( 'NONE',  ( 240.0000000000000000, -3.318867386906378947, -2.132637866148225481 ) ) ;
#2172 = CARTESIAN_POINT ( 'NONE',  ( 240.0000000000000000, 3.410175861974695355, -0.4455096478287830508 ) ) ;
#2173 = ORIENTED_EDGE ( 'NONE', *, *, #906, .F. ) ;
#2174 = ORIENTED_EDGE ( 'NONE', *, *, #260, .T. ) ;
#2175 = CARTESIAN_POINT ( 'NONE',  ( -240.0000000000000000, 2.870821519025235968, -2.085773933506769318 ) ) ;
#2176 = DIRECTION ( 'NONE',  ( 0.000000000000000000, 0.000000000000000000, -1.000000000000000000 ) ) ;
#2177 = EDGE_CURVE ( 'NONE', #1020, #1609, #541, .T. ) ;
#2178 = DIRECTION ( 'NONE',  ( 1.000000000000000000, -0.000000000000000000, -0.000000000000000000 ) ) ;
#2179 = DIRECTION ( 'NONE',  ( 1.000000000000000000, -0.000000000000000000, -0.000000000000000000 ) ) ;
#2180 = LINE ( 'NONE', #1062, #243 ) ;
#2181 = ORIENTED_EDGE ( 'NONE', *, *, #2161, .F. ) ;
#2182 = CARTESIAN_POINT ( 'NONE',  ( -240.0000000000000000, 1.477507147813549082, -3.105600044882157018 ) ) ;
#2183 = EDGE_CURVE ( 'NONE', #1787, #1535, #1874, .T. ) ;
#2184 = B_SPLINE_CURVE_WITH_KNOTS ( 'NONE', 3,
 ( #2414, #2188, #2222, #479 ),
 .UNSPECIFIED., .F., .F.,
 ( 4, 4 ),
 ( 0.000000000000000000, 1.000000000000000000 ),
 .UNSPECIFIED. ) ;
#2185 = CARTESIAN_POINT ( 'NONE',  ( 240.0000000000000000, 0.000000000000000000, 0.000000000000000000 ) ) ;
#2186 = EDGE_LOOP ( 'NONE', ( #1933, #2164, #1512, #2305 ) ) ;
#2187 = ORIENTED_EDGE ( 'NONE', *, *, #1976, .F. ) ;
#2188 = CARTESIAN_POINT ( 'NONE',  ( -240.0000000000000000, 3.774602928803443280, 0.3251861170160231795 ) ) ;
#2189 = DIRECTION ( 'NONE',  ( 1.000000000000000000, -0.000000000000000000, -0.000000000000000000 ) ) ;
#2190 = CARTESIAN_POINT ( 'NONE',  ( -240.0000000000000000, -3.241743966148505685, 1.443317412676234257 ) ) ;
#2191 = DIRECTION ( 'NONE',  ( 0.000000000000000000, 0.000000000000000000, -1.000000000000000000 ) ) ;
#2192 = ADVANCED_FACE ( 'NONE', ( #144 ), #2388, .T. ) ;
#2193 = ORIENTED_EDGE ( 'NONE', *, *, #1650, .F. ) ;
#2194 = DIRECTION ( 'NONE',  ( 0.000000000000000000, 0.000000000000000000, -1.000000000000000000 ) ) ;
#2195 = AXIS2_PLACEMENT_3D ( 'NONE', #616, #1378, #58 ) ;
#2196 = EDGE_CURVE ( 'NONE', #1216, #1683, #1301, .T. ) ;
#2197 = CARTESIAN_POINT ( 'NONE',  ( 240.0000000000000000, -2.090910628036011687, 2.730544223443055696 ) ) ;
#2198 = ORIENTED_EDGE ( 'NONE', *, *, #88, .F. ) ;
#2199 = AXIS2_PLACEMENT_3D ( 'NONE', #1963, #1639, #307 ) ;
#2200 = ORIENTED_EDGE ( 'NONE', *, *, #2308, .F. ) ;
#2201 = EDGE_CURVE ( 'NONE', #1225, #1259, #1128, .T. ) ;
#2202 = CARTESIAN_POINT ( 'NONE',  ( -240.0000000000000000, 3.580536469622803253, -1.238197024117126066 ) ) ;
#2203 = AXIS2_PLACEMENT_3D ( 'NONE', #1672, #1118, #2437 ) ;
#2204 = CARTESIAN_POINT ( 'NONE',  ( -240.0000000000000000, 1.774265283961502071, 3.073117602358177436 ) ) ;
#2205 = CARTESIAN_POINT ( 'NONE',  ( -240.0000000000000000, -1.319265258336537405, 3.176053751756989563 ) ) ;
#2206 = DIRECTION ( 'NONE',  ( -1.000000000000000000, -0.000000000000000000, -0.000000000000000000 ) ) ;
#2207 = SURFACE_STYLE_USAGE ( .BOTH. , #2381 ) ;
#2208 = ORIENTED_EDGE ( 'NONE', *, *, #1744, .T. ) ;
#2209 = CARTESIAN_POINT ( 'NONE',  ( -240.0000000000000000, -3.244881499219086418, -1.955632183432516769 ) ) ;
#2210 = LINE ( 'NONE', #535, #2112 ) ;
#2211 = EDGE_LOOP ( 'NONE', ( #2462, #558, #1409, #2318 ) ) ;
#2212 = ORIENTED_EDGE ( 'NONE', *, *, #703, .F. ) ;
#2213 = LINE ( 'NONE', #183, #1839 ) ;
#2214 = CARTESIAN_POINT ( 'NONE',  ( -240.0000000000000000, -3.428282106768813620, 0.2732412981614709135 ) ) ;
#2215 = ADVANCED_FACE ( 'NONE', ( #154 ), #2419, .T. ) ;
#2216 = FACE_OUTER_BOUND ( 'NONE', #38, .T. ) ;
#2217 = VERTEX_POINT ( 'NONE', #1492 ) ;
#2218 = CARTESIAN_POINT ( 'NONE',  ( -240.0000000000000000, 1.950774958955290961, 2.832358746720685438 ) ) ;
#2219 = CARTESIAN_POINT ( 'NONE',  ( 240.0000000000000000, 3.506352263311412365, 1.807904534418498965 ) ) ;
#2220 = VERTEX_POINT ( 'NONE', #619 ) ;
#2221 = ORIENTED_EDGE ( 'NONE', *, *, #1898, .T. ) ;
#2222 = CARTESIAN_POINT ( 'NONE',  ( -240.0000000000000000, 3.598293951899060428, 0.4063693390397383198 ) ) ;
#2223 = CARTESIAN_POINT ( 'NONE',  ( -240.0000000000000000, -2.151023803159062275, -2.912879824074587898 ) ) ;
#2224 = CARTESIAN_POINT ( 'NONE',  ( -240.0000000000000000, -3.053845565097534909, -2.497409110365004459 ) ) ;
#2225 = EDGE_CURVE ( 'NONE', #553, #2062, #1163, .T. ) ;
#2226 = DIRECTION ( 'NONE',  ( 0.000000000000000000, 0.000000000000000000, -1.000000000000000000 ) ) ;
#2227 = ORIENTED_EDGE ( 'NONE', *, *, #1240, .F. ) ;
#2228 = CARTESIAN_POINT ( 'NONE',  ( 240.0000000000000000, -1.605682026107785099, -3.431495084050956379 ) ) ;
#2229 = ORIENTED_EDGE ( 'NONE', *, *, #593, .F. ) ;
#2230 = CARTESIAN_POINT ( 'NONE',  ( -240.0000000000000000, 1.002672716347084325, 3.815451798135201411 ) ) ;
#2231 = ORIENTED_EDGE ( 'NONE', *, *, #1644, .F. ) ;
#2232 = ORIENTED_EDGE ( 'NONE', *, *, #918, .T. ) ;
#2233 = CIRCLE ( 'NONE', #2356, 0.2985305544400580491 ) ;
#2234 = CARTESIAN_POINT ( 'NONE',  ( 240.0000000000000000, 3.296555857072566376, -0.9800502496365864902 ) ) ;
#2235 = EDGE_CURVE ( 'NONE', #1942, #1788, #421, .T. ) ;
#2236 = CIRCLE ( 'NONE', #2312, 0.2985305544400576605 ) ;
#2237 = CARTESIAN_POINT ( 'NONE',  ( -240.0000000000000000, 2.870821528176310089, 2.085773920911397017 ) ) ;
#2238 = AXIS2_PLACEMENT_3D ( 'NONE', #1593, #2351, #2378 ) ;
#2239 = MECHANICAL_DESIGN_GEOMETRIC_PRESENTATION_REPRESENTATION (  '', ( #1253 ), #1210 ) ;
#2240 = CARTESIAN_POINT ( 'NONE',  ( -240.0000000000000000, 0.000000000000000000, 0.000000000000000000 ) ) ;
#2241 = CARTESIAN_POINT ( 'NONE',  ( -240.0000000000000000, 1.950774852829240347, -2.832358686584800278 ) ) ;
#2242 = ORIENTED_EDGE ( 'NONE', *, *, #2196, .F. ) ;
#2243 = CARTESIAN_POINT ( 'NONE',  ( -240.0000000000000000, 0.000000000000000000, 0.000000000000000000 ) ) ;
#2244 = ORIENTED_EDGE ( 'NONE', *, *, #1283, .T. ) ;
#2245 = B_SPLINE_CURVE_WITH_KNOTS ( 'NONE', 3,
 ( #1811, #96, #1775, #845 ),
 .UNSPECIFIED., .F., .F.,
 ( 4, 4 ),
 ( 0.000000000000000000, 1.000000000000000000 ),
 .UNSPECIFIED. ) ;
#2246 = DIRECTION ( 'NONE',  ( 1.000000000000000000, -0.000000000000000000, -0.000000000000000000 ) ) ;
#2247 = ORIENTED_EDGE ( 'NONE', *, *, #1573, .T. ) ;
#2248 = ORIENTED_EDGE ( 'NONE', *, *, #149, .F. ) ;
#2249 = DIRECTION ( 'NONE',  ( 1.000000000000000000, -0.000000000000000000, -0.000000000000000000 ) ) ;
#2250 = CARTESIAN_POINT ( 'NONE',  ( -240.0000000000000000, -3.899358192167881487, 0.5983566571646569132 ) ) ;
#2251 = CARTESIAN_POINT ( 'NONE',  ( 240.0000000000000000, 0.000000000000000000, 0.000000000000000000 ) ) ;
#2252 = ORIENTED_EDGE ( 'NONE', *, *, #1273, .T. ) ;
#2253 = CARTESIAN_POINT ( 'NONE',  ( -240.0000000000000000, -1.319265349640516449, -3.176053832643594532 ) ) ;
#2254 = CARTESIAN_POINT ( 'NONE',  ( -240.0000000000000000, 3.506352263311408812, 1.807904534418496967 ) ) ;
#2255 = EDGE_CURVE ( 'NONE', #2057, #829, #2085, .T. ) ;
#2256 = CARTESIAN_POINT ( 'NONE',  ( -240.0000000000000000, -2.090910603638144405, -2.730544103928180366 ) ) ;
#2257 = VERTEX_POINT ( 'NONE', #8 ) ;
#2258 = ORIENTED_EDGE ( 'NONE', *, *, #593, .T. ) ;
#2259 = CARTESIAN_POINT ( 'NONE',  ( -240.0000000000000000, -3.805614542273635603, -1.039385855029505423 ) ) ;
#2260 = DIRECTION ( 'NONE',  ( 1.000000000000000000, -0.000000000000000000, -0.000000000000000000 ) ) ;
#2261 = LINE ( 'NONE', #2278, #2158 ) ;
#2262 = ORIENTED_EDGE ( 'NONE', *, *, #2088, .F. ) ;
#2263 = CARTESIAN_POINT ( 'NONE',  ( -240.0000000000000000, -3.899358192399956291, -0.5983566556522597057 ) ) ;
#2264 = LINE ( 'NONE', #2218, #919 ) ;
#2265 = EDGE_CURVE ( 'NONE', #358, #1596, #1555, .T. ) ;
#2266 = ORIENTED_EDGE ( 'NONE', *, *, #93, .T. ) ;
#2267 = ORIENTED_EDGE ( 'NONE', *, *, #1489, .T. ) ;
#2268 = B_SPLINE_CURVE_WITH_KNOTS ( 'NONE', 3,
 ( #1152, #1892, #2143, #34 ),
 .UNSPECIFIED., .F., .F.,
 ( 4, 4 ),
 ( 0.000000000000000000, 1.000000000000000000 ),
 .UNSPECIFIED. ) ;
#2269 = ORIENTED_EDGE ( 'NONE', *, *, #2400, .T. ) ;
#2270 = VERTEX_POINT ( 'NONE', #1348 ) ;
#2271 = DIRECTION ( 'NONE',  ( 0.000000000000000000, 0.000000000000000000, -1.000000000000000000 ) ) ;
#2272 = AXIS2_PLACEMENT_3D ( 'NONE', #2190, #1594, #657 ) ;
#2273 = STYLED_ITEM ( 'NONE', ( #854 ), #133 ) ;
#2274 = EDGE_CURVE ( 'NONE', #532, #132, #776, .T. ) ;
#2275 = DIRECTION ( 'NONE',  ( 1.000000000000000000, -0.000000000000000000, -0.000000000000000000 ) ) ;
#2276 = CIRCLE ( 'NONE', #1957, 3.945000000000001616 ) ;
#2277 = AXIS2_PLACEMENT_3D ( 'NONE', #348, #1701, #1333 ) ;
#2278 = CARTESIAN_POINT ( 'NONE',  ( -240.0000000000000000, 0.6300975140089831728, 3.380940125682777797 ) ) ;
#2279 = ORIENTED_EDGE ( 'NONE', *, *, #1110, .T. ) ;
#2280 = CIRCLE ( 'NONE', #1760, 0.2985305544400574385 ) ;
#2281 = CARTESIAN_POINT ( 'NONE',  ( -240.0000000000000000, 1.475686827614554719, -3.489372675372512944 ) ) ;
#2282 = CARTESIAN_POINT ( 'NONE',  ( 240.0000000000000000, 3.296555857072566820, -0.9800502496365862681 ) ) ;
#2283 = CARTESIAN_POINT ( 'NONE',  ( -240.0000000000000000, 2.934145691264086864, 1.794036809279159428 ) ) ;
#2284 = CARTESIAN_POINT ( 'NONE',  ( 240.0000000000000000, 3.689742516309007847, 1.396003281995292777 ) ) ;
#2285 = EDGE_LOOP ( 'NONE', ( #675, #331, #690, #27 ) ) ;
#2286 = CARTESIAN_POINT ( 'NONE',  ( 240.0000000000000000, -3.318867386079217940, 2.132637867435469126 ) ) ;
#2287 = FACE_OUTER_BOUND ( 'NONE', #782, .T. ) ;
#2288 = CARTESIAN_POINT ( 'NONE',  ( -240.0000000000000000, -2.497026225396974830, 2.364875955644003103 ) ) ;
#2289 = EDGE_CURVE ( 'NONE', #756, #1822, #2440, .T. ) ;
#2290 = DIRECTION ( 'NONE',  ( 0.000000000000000000, 0.000000000000000000, -1.000000000000000000 ) ) ;
#2291 = CARTESIAN_POINT ( 'NONE',  ( 240.0000000000000000, -0.05734285783116736812, 3.769804017692703901 ) ) ;
#2292 = DIRECTION ( 'NONE',  ( 0.000000000000000000, 0.000000000000000000, -1.000000000000000000 ) ) ;
#2293 = ORIENTED_EDGE ( 'NONE', *, *, #1407, .F. ) ;
#2294 = CARTESIAN_POINT ( 'NONE',  ( -240.0000000000000000, 2.612931231797709586, 2.236150405003975550 ) ) ;
#2295 = ORIENTED_EDGE ( 'NONE', *, *, #1053, .T. ) ;
#2296 = CARTESIAN_POINT ( 'NONE',  ( -240.0000000000000000, 2.284041966336621599, 3.022668618430507159 ) ) ;
#2297 = ORIENTED_EDGE ( 'NONE', *, *, #131, .T. ) ;
#2298 = CARTESIAN_POINT ( 'NONE',  ( 240.0000000000000000, 3.121765976215025606, -1.834761418006127798 ) ) ;
#2299 = DIRECTION ( 'NONE',  ( 1.000000000000000000, -0.000000000000000000, -0.000000000000000000 ) ) ;
#2300 = EDGE_CURVE ( 'NONE', #987, #737, #1996, .T. ) ;
#2301 = CARTESIAN_POINT ( 'NONE',  ( 240.0000000000000000, -3.020754297792186183, 1.644026302399764328 ) ) ;
#2302 = CARTESIAN_POINT ( 'NONE',  ( -240.0000000000000000, 2.767362726691745767, -2.587484651113644230 ) ) ;
#2303 = CARTESIAN_POINT ( 'NONE',  ( -240.0000000000000000, -0.1874848772321598134, -3.940542401853994736 ) ) ;
#2304 = CARTESIAN_POINT ( 'NONE',  ( 240.0000000000000000, -0.6358969521800952318, -3.893412393544777306 ) ) ;
#2305 = ORIENTED_EDGE ( 'NONE', *, *, #837, .F. ) ;
#2306 = CARTESIAN_POINT ( 'NONE',  ( -240.0000000000000000, 3.121765976215025606, -1.834761418006127798 ) ) ;
#2307 = ORIENTED_EDGE ( 'NONE', *, *, #2159, .T. ) ;
#2308 = EDGE_CURVE ( 'NONE', #1589, #1259, #2464, .T. ) ;
#2309 = CARTESIAN_POINT ( 'NONE',  ( 240.0000000000000000, 0.6300974415174813714, -3.380940027580565665 ) ) ;
#2310 = VECTOR ( 'NONE', #1014, 1000.000000000000000 ) ;
#2311 = CARTESIAN_POINT ( 'NONE',  ( 240.0000000000000000, -2.497026225396974830, 2.364875955644003103 ) ) ;
#2312 = AXIS2_PLACEMENT_3D ( 'NONE', #711, #1627, #701 ) ;
#2313 = CARTESIAN_POINT ( 'NONE',  ( -240.0000000000000000, -1.447220805021998569, -3.319398642148360778 ) ) ;
#2314 = DIRECTION ( 'NONE',  ( 1.000000000000000000, 0.000000000000000000, 0.000000000000000000 ) ) ;
#2315 = CARTESIAN_POINT ( 'NONE',  ( 240.0000000000000000, 3.410175977676545678, 0.4455096092005197406 ) ) ;
#2316 = AXIS2_PLACEMENT_3D ( 'NONE', #830, #452, #1239 ) ;
#2317 = AXIS2_PLACEMENT_3D ( 'NONE', #2030, #323, #1845 ) ;
#2318 = ORIENTED_EDGE ( 'NONE', *, *, #1040, .F. ) ;
#2319 = AXIS2_PLACEMENT_3D ( 'NONE', #410, #1177, #1926 ) ;
#2320 = AXIS2_PLACEMENT_3D ( 'NONE', #1735, #55, #1228 ) ;
#2321 = CARTESIAN_POINT ( 'NONE',  ( 240.0000000000000000, -0.05734274638094144505, -3.769803854460553438 ) ) ;
#2322 = EDGE_CURVE ( 'NONE', #1470, #84, #1194, .T. ) ;
#2323 = VERTEX_POINT ( 'NONE', #991 ) ;
#2324 = CARTESIAN_POINT ( 'NONE',  ( 240.0000000000000000, -3.136703502627831597, 1.771691680640363531 ) ) ;
#2325 = ORIENTED_EDGE ( 'NONE', *, *, #1119, .T. ) ;
#2326 = ORIENTED_EDGE ( 'NONE', *, *, #2420, .T. ) ;
#2327 = CARTESIAN_POINT ( 'NONE',  ( -240.0000000000000000, 0.6300975140089831728, 3.380940125682777797 ) ) ;
#2328 = CARTESIAN_POINT ( 'NONE',  ( 240.0000000000000000, 0.7156843483936439210, -3.530665247633614445 ) ) ;
#2329 = FACE_OUTER_BOUND ( 'NONE', #1106, .T. ) ;
#2330 = CARTESIAN_POINT ( 'NONE',  ( -240.0000000000000000, 0.000000000000000000, 0.000000000000000000 ) ) ;
#2331 = DIRECTION ( 'NONE',  ( 1.000000000000000000, -0.000000000000000000, -0.000000000000000000 ) ) ;
#2332 = ORIENTED_EDGE ( 'NONE', *, *, #136, .F. ) ;
#2333 = CARTESIAN_POINT ( 'NONE',  ( -240.0000000000000000, -3.053845564128895074, 2.497409111549464544 ) ) ;
#2334 = EDGE_CURVE ( 'NONE', #2412, #1677, #173, .T. ) ;
#2335 = LINE ( 'NONE', #1960, #164 ) ;
#2336 = B_SPLINE_CURVE_WITH_KNOTS ( 'NONE', 3,
 ( #2390, #469, #1222, #2166 ),
 .UNSPECIFIED., .F., .F.,
 ( 4, 4 ),
 ( 0.000000000000000000, 1.000000000000000000 ),
 .UNSPECIFIED. ) ;
#2337 = ORIENTED_EDGE ( 'NONE', *, *, #106, .F. ) ;
#2338 = CARTESIAN_POINT ( 'NONE',  ( -240.0000000000000000, -0.6358969506700028473, 3.893412393791416903 ) ) ;
#2339 = DIRECTION ( 'NONE',  ( 1.000000000000000000, -0.000000000000000000, -0.000000000000000000 ) ) ;
#2340 = CARTESIAN_POINT ( 'NONE',  ( -240.0000000000000000, 2.467871161712089201, 3.077764924290000703 ) ) ;
#2341 =( NAMED_UNIT ( * ) PLANE_ANGLE_UNIT ( ) SI_UNIT ( $, .RADIAN. ) );
#2342 = CARTESIAN_POINT ( 'NONE',  ( 240.0000000000000000, 3.598293951899060428, 0.4063693390397383198 ) ) ;
#2343 = ORIENTED_EDGE ( 'NONE', *, *, #399, .F. ) ;
#2344 = EDGE_CURVE ( 'NONE', #1702, #954, #2268, .T. ) ;
#2345 = FACE_OUTER_BOUND ( 'NONE', #1341, .T. ) ;
#2346 = B_SPLINE_SURFACE_WITH_KNOTS ( 'NONE', 3, 1, ( 
 ( #111, #2466 ),
 ( #2202, #1261 ),
 ( #874, #1466 ),
 ( #2405, #2234 ) ),
 .UNSPECIFIED., .F., .F., .F.,
 ( 4, 4 ),
 ( 2, 2 ),
 ( 0.000000000000000000, 1.000000000000000000 ),
 ( 0.000000000000000000, 1.000000000000000000 ),
 .UNSPECIFIED. ) ;
#2347 = CARTESIAN_POINT ( 'NONE',  ( -240.0000000000000000, -3.243028673315168309, 1.144789622576578569 ) ) ;
#2348 = EDGE_LOOP ( 'NONE', ( #1967, #2148, #258, #1909 ) ) ;
#2349 = ORIENTED_EDGE ( 'NONE', *, *, #213, .T. ) ;
#2350 = CARTESIAN_POINT ( 'NONE',  ( 240.0000000000000000, 3.293417278437854367, 1.835241652141571533 ) ) ;
#2351 = DIRECTION ( 'NONE',  ( -1.000000000000000000, -0.000000000000000000, -0.000000000000000000 ) ) ;
#2352 = ADVANCED_FACE ( 'NONE', ( #1902 ), #91, .T. ) ;
#2353 = CARTESIAN_POINT ( 'NONE',  ( -240.0000000000000000, 0.000000000000000000, 0.000000000000000000 ) ) ;
#2354 = FILL_AREA_STYLE ('',( #2367 ) ) ;
#2355 = ORIENTED_EDGE ( 'NONE', *, *, #297, .F. ) ;
#2356 = AXIS2_PLACEMENT_3D ( 'NONE', #876, #101, #308 ) ;
#2357 = CARTESIAN_POINT ( 'NONE',  ( -240.0000000000000000, 0.3709224379722222964, -3.529091333587642598 ) ) ;
#2358 = CIRCLE ( 'NONE', #797, 0.2985305544400572164 ) ;
#2359 = AXIS2_PLACEMENT_3D ( 'NONE', #1287, #715, #1877 ) ;
#2360 = CIRCLE ( 'NONE', #450, 3.945000000000001616 ) ;
#2361 = CARTESIAN_POINT ( 'NONE',  ( 240.0000000000000000, 3.774656033931263810, -0.3251538195341683868 ) ) ;
#2362 = ORIENTED_EDGE ( 'NONE', *, *, #1904, .F. ) ;
#2363 = EDGE_LOOP ( 'NONE', ( #338, #997, #817, #1907 ) ) ;
#2364 = LINE ( 'NONE', #2338, #30 ) ;
#2365 = CYLINDRICAL_SURFACE ( 'NONE', #1088, 3.944999999999998952 ) ;
#2366 = CYLINDRICAL_SURFACE ( 'NONE', #2397, 0.2985305544400572164 ) ;
#2367 = FILL_AREA_STYLE_COLOUR ( '', #2403 ) ;
#2368 = EDGE_CURVE ( 'NONE', #2059, #233, #994, .T. ) ;
#2369 = LINE ( 'NONE', #1032, #1171 ) ;
#2370 = ORIENTED_EDGE ( 'NONE', *, *, #898, .T. ) ;
#2371 = B_SPLINE_CURVE_WITH_KNOTS ( 'NONE', 3,
 ( #2415, #335, #1699, #1082 ),
 .UNSPECIFIED., .F., .F.,
 ( 4, 4 ),
 ( 0.000000000000000000, 1.000000000000000000 ),
 .UNSPECIFIED. ) ;
#2372 = CARTESIAN_POINT ( 'NONE',  ( -240.0000000000000000, -3.318867386079217940, 2.132637867435469126 ) ) ;
#2373 = LINE ( 'NONE', #2347, #1843 ) ;
#2374 = ORIENTED_EDGE ( 'NONE', *, *, #470, .F. ) ;
#2375 = ORIENTED_EDGE ( 'NONE', *, *, #1315, .T. ) ;
#2376 = CARTESIAN_POINT ( 'NONE',  ( 240.0000000000000000, 3.102681754422079052, 1.830619077095124725 ) ) ;
#2377 = ADVANCED_FACE ( 'NONE', ( #2477 ), #1381, .F. ) ;
#2378 = DIRECTION ( 'NONE',  ( 0.000000000000000000, 0.000000000000000000, -1.000000000000000000 ) ) ;
#2379 = CYLINDRICAL_SURFACE ( 'NONE', #284, 0.2985305544400580491 ) ;
#2380 = LINE ( 'NONE', #1630, #526 ) ;
#2381 = SURFACE_SIDE_STYLE ('',( #310 ) ) ;
#2382 = VERTEX_POINT ( 'NONE', #766 ) ;
#2383 = ADVANCED_FACE ( 'NONE', ( #979 ), #19, .T. ) ;
#2384 = CARTESIAN_POINT ( 'NONE',  ( 240.0000000000000000, 3.410175977676545678, 0.4455096092005208508 ) ) ;
#2385 = CARTESIAN_POINT ( 'NONE',  ( 240.0000000000000000, -2.654273763799182895, 2.435699481502311414 ) ) ;
#2386 = VERTEX_POINT ( 'NONE', #1251 ) ;
#2387 = VERTEX_POINT ( 'NONE', #102 ) ;
#2388 = B_SPLINE_SURFACE_WITH_KNOTS ( 'NONE', 3, 1, ( 
 ( #325, #1694 ),
 ( #134, #904 ),
 ( #1323, #1483 ),
 ( #1665, #883 ) ),
 .UNSPECIFIED., .F., .F., .F.,
 ( 4, 4 ),
 ( 2, 2 ),
 ( 0.000000000000000000, 1.000000000000000000 ),
 ( 0.000000000000000000, 1.000000000000000000 ),
 .UNSPECIFIED. ) ;
#2389 = CARTESIAN_POINT ( 'NONE',  ( -240.0000000000000000, 0.08660860652811631921, -3.438063111678937300 ) ) ;
#2390 = CARTESIAN_POINT ( 'NONE',  ( -240.0000000000000000, 1.477507148797370995, 3.105599922906362220 ) ) ;
#2391 = CARTESIAN_POINT ( 'NONE',  ( 240.0000000000000000, 0.3709224534556705422, 3.529091331960267031 ) ) ;
#2392 = DIRECTION ( 'NONE',  ( -1.000000000000000000, 0.000000000000000000, 0.000000000000000000 ) ) ;
#2393 = ADVANCED_BREP_SHAPE_REPRESENTATION ( 'REV-41-6457', ( #133, #1327 ), #1444 ) ;
#2394 = VERTEX_POINT ( 'NONE', #268 ) ;
#2395 = B_SPLINE_CURVE_WITH_KNOTS ( 'NONE', 3,
 ( #1468, #1828, #356, #113 ),
 .UNSPECIFIED., .F., .F.,
 ( 4, 4 ),
 ( 0.000000000000000000, 1.000000000000000000 ),
 .UNSPECIFIED. ) ;
#2396 = CARTESIAN_POINT ( 'NONE',  ( 240.0000000000000000, -0.7179581570356491360, 3.719934053928570350 ) ) ;
#2397 = AXIS2_PLACEMENT_3D ( 'NONE', #240, #1964, #2152 ) ;
#2398 = AXIS2_PLACEMENT_3D ( 'NONE', #1382, #51, #980 ) ;
#2399 = VECTOR ( 'NONE', #1410, 1000.000000000000000 ) ;
#2400 = EDGE_CURVE ( 'NONE', #1496, #84, #2380, .T. ) ;
#2401 = LINE ( 'NONE', #1464, #1039 ) ;
#2402 = VERTEX_POINT ( 'NONE', #2168 ) ;
#2403 = COLOUR_RGB ( '',0.6470588235294117974, 0.6196078431372549211, 0.5882352941176470784 ) ;
#2404 = ORIENTED_EDGE ( 'NONE', *, *, #1136, .T. ) ;
#2405 = CARTESIAN_POINT ( 'NONE',  ( -240.0000000000000000, 3.296555857072566376, -0.9800502496365864902 ) ) ;
#2406 = DIRECTION ( 'NONE',  ( 1.000000000000000000, -0.000000000000000000, -0.000000000000000000 ) ) ;
#2407 = CARTESIAN_POINT ( 'NONE',  ( 240.0000000000000000, -2.090910628036011243, 2.730544223443055252 ) ) ;
#2408 = CYLINDRICAL_SURFACE ( 'NONE', #2317, 0.2985305544400578825 ) ;
#2409 = ORIENTED_EDGE ( 'NONE', *, *, #703, .T. ) ;
#2410 = CARTESIAN_POINT ( 'NONE',  ( -240.0000000000000000, 1.002672716347084325, 3.815451798135201411 ) ) ;
#2411 = LINE ( 'NONE', #157, #596 ) ;
#2412 = VERTEX_POINT ( 'NONE', #864 ) ;
#2413 = ADVANCED_FACE ( 'NONE', ( #1214 ), #1406, .T. ) ;
#2414 = CARTESIAN_POINT ( 'NONE',  ( -240.0000000000000000, 3.938553204373890892, 0.2254410262489605909 ) ) ;
#2415 = CARTESIAN_POINT ( 'NONE',  ( 240.0000000000000000, -3.243028673315168309, 1.144789622576578569 ) ) ;
#2416 = DIRECTION ( 'NONE',  ( 0.000000000000000000, 0.000000000000000000, -1.000000000000000000 ) ) ;
#2417 = CARTESIAN_POINT ( 'NONE',  ( 240.0000000000000000, 3.755146597651182194, -0.3370230931335125857 ) ) ;
#2418 = ORIENTED_EDGE ( 'NONE', *, *, #1311, .F. ) ;
#2419 = CYLINDRICAL_SURFACE ( 'NONE', #199, 3.944999999999996287 ) ;
#2420 = EDGE_CURVE ( 'NONE', #1434, #340, #241, .T. ) ;
#2421 = EDGE_CURVE ( 'NONE', #489, #833, #1412, .T. ) ;
#2422 = CARTESIAN_POINT ( 'NONE',  ( -240.0000000000000000, -3.241743966148505685, 1.144786858236176652 ) ) ;
#2423 = VERTEX_POINT ( 'NONE', #1006 ) ;
#2424 = DIRECTION ( 'NONE',  ( 0.000000000000000000, 0.000000000000000000, -1.000000000000000000 ) ) ;
#2425 = LINE ( 'NONE', #1316, #1605 ) ;
#2426 = CARTESIAN_POINT ( 'NONE',  ( 240.0000000000000000, -2.151073146877044540, 2.913029303108606527 ) ) ;
#2427 = B_SPLINE_SURFACE_WITH_KNOTS ( 'NONE', 3, 1, ( 
 ( #891, #1689 ),
 ( #1652, #2052 ),
 ( #1296, #1284 ),
 ( #1108, #1096 ) ),
 .UNSPECIFIED., .F., .F., .F.,
 ( 4, 4 ),
 ( 2, 2 ),
 ( 0.000000000000000000, 1.000000000000000000 ),
 ( 0.000000000000000000, 1.000000000000000000 ),
 .UNSPECIFIED. ) ;
#2428 = ORIENTED_EDGE ( 'NONE', *, *, #2235, .T. ) ;
#2429 = DIRECTION ( 'NONE',  ( 1.000000000000000000, -0.000000000000000000, -0.000000000000000000 ) ) ;
#2430 = EDGE_LOOP ( 'NONE', ( #1117, #2266, #1953, #2187 ) ) ;
#2431 = AXIS2_PLACEMENT_3D ( 'NONE', #2237, #1134, #140 ) ;
#2432 = CARTESIAN_POINT ( 'NONE',  ( 240.0000000000000000, -3.743158525345998910, 0.4510804205436561021 ) ) ;
#2433 = ORIENTED_EDGE ( 'NONE', *, *, #819, .F. ) ;
#2434 = AXIS2_PLACEMENT_3D ( 'NONE', #2091, #2260, #186 ) ;
#2435 = EDGE_CURVE ( 'NONE', #528, #42, #2001, .T. ) ;
#2436 = AXIS2_PLACEMENT_3D ( 'NONE', #1271, #2037, #491 ) ;
#2437 = DIRECTION ( 'NONE',  ( 0.000000000000000000, 0.000000000000000000, -1.000000000000000000 ) ) ;
#2438 = VECTOR ( 'NONE', #1294, 1000.000000000000000 ) ;
#2439 = LINE ( 'NONE', #322, #835 ) ;
#2440 = B_SPLINE_CURVE_WITH_KNOTS ( 'NONE', 3,
 ( #751, #1937, #1515, #1704 ),
 .UNSPECIFIED., .F., .F.,
 ( 4, 4 ),
 ( 0.000000000000000000, 1.000000000000000000 ),
 .UNSPECIFIED. ) ;
#2441 = CARTESIAN_POINT ( 'NONE',  ( -240.0000000000000000, 2.802941825926581476, -2.776065943105698430 ) ) ;
#2442 = EDGE_LOOP ( 'NONE', ( #184, #2478, #2370, #621 ) ) ;
#2443 = EDGE_CURVE ( 'NONE', #84, #232, #2280, .T. ) ;
#2444 = CARTESIAN_POINT ( 'NONE',  ( -240.0000000000000000, -3.899358192399956291, -0.5983566556522597057 ) ) ;
#2445 = ORIENTED_EDGE ( 'NONE', *, *, #853, .F. ) ;
#2446 = CARTESIAN_POINT ( 'NONE',  ( -240.0000000000000000, 0.8571460764209021255, 3.690348748358029063 ) ) ;
#2447 = ORIENTED_EDGE ( 'NONE', *, *, #1868, .F. ) ;
#2448 = DIRECTION ( 'NONE',  ( 0.000000000000000000, 0.000000000000000000, -1.000000000000000000 ) ) ;
#2449 = EDGE_CURVE ( 'NONE', #2110, #1589, #1604, .T. ) ;
#2450 = CARTESIAN_POINT ( 'NONE',  ( -240.0000000000000000, 2.934145569853655378, -1.794036797507652103 ) ) ;
#2451 = CARTESIAN_POINT ( 'NONE',  ( 0.000000000000000000, 0.000000000000000000, 0.000000000000000000 ) ) ;
#2452 = DIRECTION ( 'NONE',  ( 0.000000000000000000, 0.000000000000000000, -1.000000000000000000 ) ) ;
#2453 = ORIENTED_EDGE ( 'NONE', *, *, #918, .F. ) ;
#2454 = DIRECTION ( 'NONE',  ( 0.000000000000000000, 0.000000000000000000, -1.000000000000000000 ) ) ;
#2455 = CARTESIAN_POINT ( 'NONE',  ( -240.0000000000000000, 3.316006250402888877, 1.832341624294019589 ) ) ;
#2456 = EDGE_CURVE ( 'NONE', #333, #434, #686, .T. ) ;
#2457 = ORIENTED_EDGE ( 'NONE', *, *, #867, .T. ) ;
#2458 = EDGE_LOOP ( 'NONE', ( #1867, #743, #1280, #536 ) ) ;
#2459 = CARTESIAN_POINT ( 'NONE',  ( 240.0000000000000000, -2.168919484819776144, -3.106371106165596085 ) ) ;
#2460 = CARTESIAN_POINT ( 'NONE',  ( -240.0000000000000000, -1.774038946400067651, -3.523607642268890228 ) ) ;
#2461 = CARTESIAN_POINT ( 'NONE',  ( 240.0000000000000000, 3.410175861974695355, -0.4455096478287830508 ) ) ;
#2462 = ORIENTED_EDGE ( 'NONE', *, *, #1263, .F. ) ;
#2463 = CARTESIAN_POINT ( 'NONE',  ( -240.0000000000000000, -1.774038946400067651, -3.523607642268890228 ) ) ;
#2464 = LINE ( 'NONE', #1539, #1800 ) ;
#2465 = ORIENTED_EDGE ( 'NONE', *, *, #276, .F. ) ;
#2466 = CARTESIAN_POINT ( 'NONE',  ( 240.0000000000000000, 3.689742515767553410, -1.396003283426396235 ) ) ;
#2467 = ORIENTED_EDGE ( 'NONE', *, *, #625, .T. ) ;
#2468 = EDGE_CURVE ( 'NONE', #2217, #2057, #1559, .T. ) ;
#2469 = EDGE_CURVE ( 'NONE', #1666, #132, #290, .T. ) ;
#2470 = CARTESIAN_POINT ( 'NONE',  ( -240.0000000000000000, 2.467871161712089201, 3.077764924290000703 ) ) ;
#2471 = AXIS2_PLACEMENT_3D ( 'NONE', #2175, #468, #1985 ) ;
#2472 = LINE ( 'NONE', #5, #2155 ) ;
#2473 = VECTOR ( 'NONE', #1881, 1000.000000000000000 ) ;
#2474 = AXIS2_PLACEMENT_3D ( 'NONE', #236, #1175, #1728 ) ;
#2475 = CARTESIAN_POINT ( 'NONE',  ( 240.0000000000000000, 1.002672714867223647, -3.815451798524096105 ) ) ;
#2476 = DIRECTION ( 'NONE',  ( 1.000000000000000000, -0.000000000000000000, -0.000000000000000000 ) ) ;
#2477 = FACE_OUTER_BOUND ( 'NONE', #1138, .T. ) ;
#2478 = ORIENTED_EDGE ( 'NONE', *, *, #1016, .T. ) ;
#2479 = CARTESIAN_POINT ( 'NONE',  ( -240.0000000000000000, -0.7802830633297350715, -3.535948332815176176 ) ) ;
#2480 = ORIENTED_EDGE ( 'NONE', *, *, #2421, .F. ) ;
ENDSEC;
END-ISO-10303-21;
