ISO-10303-21;
HEADER;
FILE_DESCRIPTION (( 'STEP AP214' ),
    '1' );
FILE_NAME ('am-5654 500in Hex 3D Print Insert.STEP',
    '2025-06-05T19:21:41',
    ( '' ),
    ( '' ),
    'SwSTEP 2.0',
    'SolidWorks 2024',
    '' );
FILE_SCHEMA (( 'AUTOMOTIVE_DESIGN' ));
ENDSEC;

DATA;
#1 = LINE ( 'NONE', #1575, #3133 ) ;
#2 = EDGE_CURVE ( 'NONE', #3008, #2904, #1609, .T. ) ;
#3 = EDGE_LOOP ( 'NONE', ( #1129, #3012, #2664, #930 ) ) ;
#4 = CARTESIAN_POINT ( 'NONE',  ( -0.1150000000000000050, 0.4291858428704204975, 0.000000000000000000 ) ) ;
#5 = ORIENTED_EDGE ( 'NONE', *, *, #1358, .F. ) ;
#6 = VECTOR ( 'NONE', #2190, 39.37007874015748143 ) ;
#7 = EDGE_CURVE ( 'NONE', #3260, #1939, #600, .T. ) ;
#8 = DIRECTION ( 'NONE',  ( -0.000000000000000000, -0.000000000000000000, 1.000000000000000000 ) ) ;
#9 = ORIENTED_EDGE ( 'NONE', *, *, #781, .T. ) ;
#10 = LINE ( 'NONE', #2373, #3178 ) ;
#11 = CARTESIAN_POINT ( 'NONE',  ( -0.4793485162175847858, 0.04499999999999990119, 0.2200000000000000011 ) ) ;
#12 = DIRECTION ( 'NONE',  ( -0.000000000000000000, -0.000000000000000000, -1.000000000000000000 ) ) ;
#13 = ORIENTED_EDGE ( 'NONE', *, *, #3176, .T. ) ;
#14 = LINE ( 'NONE', #2665, #1545 ) ;
#15 = CARTESIAN_POINT ( 'NONE',  ( -0.4979708826829136736, 0.04499999999999989425, 0.000000000000000000 ) ) ;
#16 = ORIENTED_EDGE ( 'NONE', *, *, #1236, .F. ) ;
#17 = FACE_OUTER_BOUND ( 'NONE', #2274, .T. ) ;
#18 = VERTEX_POINT ( 'NONE', #1384 ) ;
#19 = VECTOR ( 'NONE', #1724, 39.37007874015748143 ) ;
#20 = CYLINDRICAL_SURFACE ( 'NONE', #3099, 0.01999999999999999001 ) ;
#21 = EDGE_CURVE ( 'NONE', #1285, #3156, #1911, .T. ) ;
#22 = VECTOR ( 'NONE', #3167, 39.37007874015748143 ) ;
#23 = VERTEX_POINT ( 'NONE', #1657 ) ;
#24 = FACE_OUTER_BOUND ( 'NONE', #1233, .T. ) ;
#25 = EDGE_CURVE ( 'NONE', #2831, #2303, #1962, .T. ) ;
#26 = DIRECTION ( 'NONE',  ( 1.000000000000000000, 0.000000000000000000, 0.000000000000000000 ) ) ;
#27 = DIRECTION ( 'NONE',  ( -1.000000000000000000, 0.000000000000000000, 0.000000000000000000 ) ) ;
#28 = EDGE_LOOP ( 'NONE', ( #691, #2813, #3277, #2752 ) ) ;
#29 = CYLINDRICAL_SURFACE ( 'NONE', #1705, 0.5000000000000001110 ) ;
#30 = CARTESIAN_POINT ( 'NONE',  ( 0.4376279923108054026, 0.2007031149384927160, 0.2200000000000000011 ) ) ;
#31 = VERTEX_POINT ( 'NONE', #1402 ) ;
#32 = DIRECTION ( 'NONE',  ( -1.000000000000000000, 0.000000000000000000, 0.000000000000000000 ) ) ;
#33 = VERTEX_POINT ( 'NONE', #2445 ) ;
#34 = CARTESIAN_POINT ( 'NONE',  ( 0.000000000000000000, 0.000000000000000000, 0.000000000000000000 ) ) ;
#35 = AXIS2_PLACEMENT_3D ( 'NONE', #2406, #865, #1907 ) ;
#36 = EDGE_CURVE ( 'NONE', #2710, #1556, #97, .T. ) ;
#37 = DIRECTION ( 'NONE',  ( 0.8660254037844388186, 0.4999999999999995559, 0.000000000000000000 ) ) ;
#38 = VECTOR ( 'NONE', #907, 39.37007874015748143 ) ;
#39 = DIRECTION ( 'NONE',  ( 0.000000000000000000, 0.000000000000000000, 1.000000000000000000 ) ) ;
#40 = EDGE_CURVE ( 'NONE', #998, #3377, #496, .T. ) ;
#41 = AXIS2_PLACEMENT_3D ( 'NONE', #1321, #1368, #2364 ) ;
#42 = FACE_OUTER_BOUND ( 'NONE', #2577, .T. ) ;
#43 = ORIENTED_EDGE ( 'NONE', *, *, #222, .T. ) ;
#44 = CARTESIAN_POINT ( 'NONE',  ( -0.3050000000000000488, 0.000000000000000000, 0.000000000000000000 ) ) ;
#45 = DIRECTION ( 'NONE',  ( 0.000000000000000000, 0.000000000000000000, 1.000000000000000000 ) ) ;
#46 = ORIENTED_EDGE ( 'NONE', *, *, #777, .T. ) ;
#47 = CARTESIAN_POINT ( 'NONE',  ( -0.4276279923108055603, 0.2180236230141810450, 0.000000000000000000 ) ) ;
#48 = ORIENTED_EDGE ( 'NONE', *, *, #1733, .T. ) ;
#49 = DIRECTION ( 'NONE',  ( -0.4999999999999995559, -0.8660254037844388186, 0.000000000000000000 ) ) ;
#50 = DIRECTION ( 'NONE',  ( 0.8660254037844387076, -0.4999999999999998890, 0.000000000000000000 ) ) ;
#51 = CARTESIAN_POINT ( 'NONE',  ( -0.2510000000000000009, 3.073560255265701809E-17, 0.1960000000000001741 ) ) ;
#52 = EDGE_CURVE ( 'NONE', #1489, #2805, #234, .T. ) ;
#53 = DIRECTION ( 'NONE',  ( 0.000000000000000000, 0.000000000000000000, -1.000000000000000000 ) ) ;
#54 = CARTESIAN_POINT ( 'NONE',  ( -0.2510000000000000564, -0.05028068632826741130, 0.05006945156390884416 ) ) ;
#55 = ORIENTED_EDGE ( 'NONE', *, *, #1698, .T. ) ;
#56 = DIRECTION ( 'NONE',  ( 0.000000000000000000, 0.000000000000000000, 1.000000000000000000 ) ) ;
#57 = EDGE_CURVE ( 'NONE', #1153, #61, #2354, .T. ) ;
#58 = DIRECTION ( 'NONE',  ( -0.000000000000000000, -0.000000000000000000, -1.000000000000000000 ) ) ;
#59 = EDGE_CURVE ( 'NONE', #23, #1400, #2404, .T. ) ;
#60 = ORIENTED_EDGE ( 'NONE', *, *, #161, .T. ) ;
#61 = VERTEX_POINT ( 'NONE', #1000 ) ;
#62 = CARTESIAN_POINT ( 'NONE',  ( 0.2786454012790921531, 0.3926279923108054737, 0.2200000000000000011 ) ) ;
#63 = CARTESIAN_POINT ( 'NONE',  ( 0.1150000000000000744, -0.4291858428704207751, 0.000000000000000000 ) ) ;
#64 = EDGE_CURVE ( 'NONE', #2742, #1966, #1493, .T. ) ;
#65 = CYLINDRICAL_SURFACE ( 'NONE', #1219, 0.01999999999999999001 ) ;
#66 = EDGE_CURVE ( 'NONE', #839, #1797, #3059, .T. ) ;
#67 = AXIS2_PLACEMENT_3D ( 'NONE', #304, #271, #2832 ) ;
#68 = FACE_OUTER_BOUND ( 'NONE', #1621, .T. ) ;
#69 = DIRECTION ( 'NONE',  ( -1.000000000000000000, 0.000000000000000000, 0.000000000000000000 ) ) ;
#70 = CIRCLE ( 'NONE', #3345, 0.02000000000000000042 ) ;
#71 = CIRCLE ( 'NONE', #3289, 0.07000000000000000666 ) ;
#72 = CARTESIAN_POINT ( 'NONE',  ( 0.000000000000000000, 0.000000000000000000, 0.2200000000000000011 ) ) ;
#73 = AXIS2_PLACEMENT_3D ( 'NONE', #606, #1360, #2131 ) ;
#74 = CARTESIAN_POINT ( 'NONE',  ( -0.02604166666666659843, -0.4993213710599841426, 0.2200000000000000011 ) ) ;
#75 = ORIENTED_EDGE ( 'NONE', *, *, #3194, .F. ) ;
#76 = CARTESIAN_POINT ( 'NONE',  ( -0.4291858428704207751, -0.04500000000000008854, 0.2200000000000000011 ) ) ;
#77 = DIRECTION ( 'NONE',  ( -1.000000000000000000, 0.000000000000000000, 0.000000000000000000 ) ) ;
#78 = ORIENTED_EDGE ( 'NONE', *, *, #318, .T. ) ;
#79 = EDGE_CURVE ( 'NONE', #3221, #839, #2187, .T. ) ;
#80 = ORIENTED_EDGE ( 'NONE', *, *, #1423, .T. ) ;
#81 = FACE_OUTER_BOUND ( 'NONE', #2226, .T. ) ;
#82 = EDGE_LOOP ( 'NONE', ( #778, #3204, #220, #13 ) ) ;
#83 = LINE ( 'NONE', #1898, #1599 ) ;
#84 = ADVANCED_FACE ( 'NONE', ( #3368 ), #1546, .F. ) ;
#85 = DIRECTION ( 'NONE',  ( -1.000000000000000000, 0.000000000000000000, 0.000000000000000000 ) ) ;
#86 = CARTESIAN_POINT ( 'NONE',  ( -0.2510000000000000009, -0.1449149175665960243, 0.01517016486680787361 ) ) ;
#87 = ORIENTED_EDGE ( 'NONE', *, *, #2977, .T. ) ;
#88 = CARTESIAN_POINT ( 'NONE',  ( -0.1480319883208521259, -0.2043635268274726080, 0.1970441451243644393 ) ) ;
#89 = CARTESIAN_POINT ( 'NONE',  ( -0.2509999999999999454, -0.08662625656543135322, 0.03972614602337620759 ) ) ;
#90 = ORIENTED_EDGE ( 'NONE', *, *, #2, .T. ) ;
#91 = CARTESIAN_POINT ( 'NONE',  ( -0.4454458253237555398, -0.2271079406397724931, 0.2200000000000000011 ) ) ;
#92 = AXIS2_PLACEMENT_3D ( 'NONE', #808, #3179, #49 ) ;
#93 = DIRECTION ( 'NONE',  ( -2.328077799116352879E-16, 1.000000000000000000, 0.000000000000000000 ) ) ;
#94 = AXIS2_PLACEMENT_3D ( 'NONE', #1550, #50, #1003 ) ;
#95 = ORIENTED_EDGE ( 'NONE', *, *, #379, .T. ) ;
#96 = DIRECTION ( 'NONE',  ( -1.293376555064641091E-16, 1.000000000000000000, 0.000000000000000000 ) ) ;
#97 = LINE ( 'NONE', #1141, #6 ) ;
#98 = AXIS2_PLACEMENT_3D ( 'NONE', #2090, #2654, #2890 ) ;
#99 = CARTESIAN_POINT ( 'NONE',  ( 0.2535640646055102865, -0.3491858428704208150, 0.2200000000000000011 ) ) ;
#100 = EDGE_CURVE ( 'NONE', #805, #3070, #3216, .T. ) ;
#101 = DIRECTION ( 'NONE',  ( -0.8660254037844383745, -0.5000000000000004441, 0.000000000000000000 ) ) ;
#102 = CYLINDRICAL_SURFACE ( 'NONE', #1357, 0.01999999999999999001 ) ;
#103 = ORIENTED_EDGE ( 'NONE', *, *, #2720, .T. ) ;
#104 = EDGE_CURVE ( 'NONE', #720, #2411, #2590, .T. ) ;
#105 = DIRECTION ( 'NONE',  ( 0.000000000000000000, 0.000000000000000000, 1.000000000000000000 ) ) ;
#106 = DIRECTION ( 'NONE',  ( 0.000000000000000000, 0.000000000000000000, 1.000000000000000000 ) ) ;
#107 = ORIENTED_EDGE ( 'NONE', *, *, #1654, .T. ) ;
#108 = CARTESIAN_POINT ( 'NONE',  ( -0.2510000000000000564, 0.05030208649516675068, 0.04930439041412616741 ) ) ;
#109 = FACE_OUTER_BOUND ( 'NONE', #2018, .T. ) ;
#110 = ORIENTED_EDGE ( 'NONE', *, *, #1647, .F. ) ;
#111 = CYLINDRICAL_SURFACE ( 'NONE', #3051, 0.5000000000000001110 ) ;
#112 = LINE ( 'NONE', #1931, #3075 ) ;
#113 = CARTESIAN_POINT ( 'NONE',  ( -0.2879565845117567080, 0.4087554347483633999, 0.2200000000000000011 ) ) ;
#114 = DIRECTION ( 'NONE',  ( -0.000000000000000000, -0.000000000000000000, -1.000000000000000000 ) ) ;
#115 = ORIENTED_EDGE ( 'NONE', *, *, #3003, .T. ) ;
#116 = CIRCLE ( 'NONE', #2640, 0.02000000000000000042 ) ;
#117 = ORIENTED_EDGE ( 'NONE', *, *, #2, .F. ) ;
#118 = B_SPLINE_CURVE_WITH_KNOTS ( 'NONE', 3,
 ( #2165, #3198, #863, #2438, #879, #88, #1133, #3279, #1718, #1953, #965, #1170 ),
 .UNSPECIFIED., .F., .F.,
 ( 4, 2, 2, 2, 2, 4 ),
 ( 2.544317530285430405E-07, 0.001901334009213947497, 0.002851873797944408893, 0.003802413586674869856, 0.005703493164135789613, 0.007604572741596710671 ),
 .UNSPECIFIED. ) ;
#119 = ADVANCED_FACE ( 'NONE', ( #705 ), #1750, .T. ) ;
#120 = CIRCLE ( 'NONE', #3130, 0.01999999999999999695 ) ;
#121 = DIRECTION ( 'NONE',  ( 1.000000000000000000, 0.000000000000000000, 0.000000000000000000 ) ) ;
#122 = VECTOR ( 'NONE', #93, 39.37007874015748143 ) ;
#123 = EDGE_CURVE ( 'NONE', #2525, #2898, #2351, .T. ) ;
#124 = CARTESIAN_POINT ( 'NONE',  ( 0.07082123142235226265, -0.2489411781071562135, 0.2035640573093287498 ) ) ;
#125 = ORIENTED_EDGE ( 'NONE', *, *, #1302, .F. ) ;
#126 = CARTESIAN_POINT ( 'NONE',  ( -0.2510000000000000564, 0.1224277761593304398, 0.02641373557044673220 ) ) ;
#127 = EDGE_CURVE ( 'NONE', #138, #159, #214, .T. ) ;
#128 = VECTOR ( 'NONE', #144, 39.37007874015748143 ) ;
#129 = DIRECTION ( 'NONE',  ( -0.000000000000000000, -0.000000000000000000, -1.000000000000000000 ) ) ;
#130 = ORIENTED_EDGE ( 'NONE', *, *, #36, .F. ) ;
#131 = AXIS2_PLACEMENT_3D ( 'NONE', #1442, #2484, #3005 ) ;
#132 = ORIENTED_EDGE ( 'NONE', *, *, #1283, .F. ) ;
#133 = CARTESIAN_POINT ( 'NONE',  ( -0.4291858428704207751, -0.1150000000000001021, 0.2200000000000000011 ) ) ;
#134 = CARTESIAN_POINT ( 'NONE',  ( -0.3941858428704207440, -0.1756217782649107662, 0.2200000000000000011 ) ) ;
#135 = DIRECTION ( 'NONE',  ( -0.000000000000000000, -0.000000000000000000, -1.000000000000000000 ) ) ;
#136 = CARTESIAN_POINT ( 'NONE',  ( 0.3141858428704209505, -0.3141858428704207840, 0.2200000000000000011 ) ) ;
#137 = VERTEX_POINT ( 'NONE', #762 ) ;
#138 = VERTEX_POINT ( 'NONE', #2555 ) ;
#139 = LINE ( 'NONE', #2757, #2864 ) ;
#140 = EDGE_CURVE ( 'NONE', #2859, #676, #2519, .T. ) ;
#141 = LINE ( 'NONE', #158, #2722 ) ;
#142 = VERTEX_POINT ( 'NONE', #2093 ) ;
#143 = DIRECTION ( 'NONE',  ( -1.000000000000000000, 0.000000000000000000, 0.000000000000000000 ) ) ;
#144 = DIRECTION ( 'NONE',  ( -0.000000000000000000, -0.000000000000000000, 1.000000000000000000 ) ) ;
#145 = EDGE_CURVE ( 'NONE', #1939, #142, #588, .T. ) ;
#146 = VERTEX_POINT ( 'NONE', #982 ) ;
#147 = VECTOR ( 'NONE', #2400, 39.37007874015748854 ) ;
#148 = DIRECTION ( 'NONE',  ( -1.000000000000000000, 4.878299988686184121E-15, 0.000000000000000000 ) ) ;
#149 = EDGE_LOOP ( 'NONE', ( #2871, #2266, #735, #1825 ) ) ;
#150 = CARTESIAN_POINT ( 'NONE',  ( -0.4993213710599841426, -0.02604166666666677538, 0.2200000000000000011 ) ) ;
#151 = DIRECTION ( 'NONE',  ( -0.4999999999999998890, 0.8660254037844387076, 0.000000000000000000 ) ) ;
#152 = AXIS2_PLACEMENT_3D ( 'NONE', #2201, #3232, #898 ) ;
#153 = VERTEX_POINT ( 'NONE', #724 ) ;
#154 = DIRECTION ( 'NONE',  ( -0.000000000000000000, -0.000000000000000000, -1.000000000000000000 ) ) ;
#155 = CARTESIAN_POINT ( 'NONE',  ( -0.1140821431559787963, -0.2239644790723583634, 0.05397254373829187685 ) ) ;
#156 = ORIENTED_EDGE ( 'NONE', *, *, #777, .F. ) ;
#157 = CARTESIAN_POINT ( 'NONE',  ( 0.4793485162175847858, -0.02499999999999995975, 0.000000000000000000 ) ) ;
#158 = CARTESIAN_POINT ( 'NONE',  ( -0.4537554347483636064, -0.2100142981711572987, 0.2200000000000000011 ) ) ;
#159 = VERTEX_POINT ( 'NONE', #1769 ) ;
#160 = DIRECTION ( 'NONE',  ( 0.7071067811865486830, 8.659560562354947649E-17, -0.7071067811865462405 ) ) ;
#161 = EDGE_CURVE ( 'NONE', #146, #942, #2810, .T. ) ;
#162 = CARTESIAN_POINT ( 'NONE',  ( -0.2510000000000000009, 0.1222056202788551760, 0.2239608930475335269 ) ) ;
#163 = ORIENTED_EDGE ( 'NONE', *, *, #2284, .F. ) ;
#164 = CARTESIAN_POINT ( 'NONE',  ( 0.2509999999999999454, 0.02544294910121022366, 0.1969866832090361453 ) ) ;
#165 = ORIENTED_EDGE ( 'NONE', *, *, #2533, .F. ) ;
#166 = DIRECTION ( 'NONE',  ( -1.000000000000000000, 0.000000000000000000, 0.000000000000000000 ) ) ;
#167 = ADVANCED_FACE ( 'NONE', ( #333 ), #20, .T. ) ;
#168 = LINE ( 'NONE', #1727, #3230 ) ;
#169 = DIRECTION ( 'NONE',  ( 0.4999999999999988898, 0.8660254037844392627, -0.000000000000000000 ) ) ;
#170 = DIRECTION ( 'NONE',  ( -0.000000000000000000, -0.000000000000000000, -1.000000000000000000 ) ) ;
#171 = ORIENTED_EDGE ( 'NONE', *, *, #2826, .T. ) ;
#172 = EDGE_CURVE ( 'NONE', #2139, #1838, #2656, .T. ) ;
#173 = AXIS2_PLACEMENT_3D ( 'NONE', #2582, #698, #426 ) ;
#174 = CARTESIAN_POINT ( 'NONE',  ( 0.4291858428704208861, 0.1150000000000000189, 0.000000000000000000 ) ) ;
#175 = CARTESIAN_POINT ( 'NONE',  ( -0.4291858428704207751, -0.04500000000000008854, 0.2200000000000000011 ) ) ;
#176 = ORIENTED_EDGE ( 'NONE', *, *, #1529, .F. ) ;
#177 = CARTESIAN_POINT ( 'NONE',  ( 0.4376279923108054581, -0.2007031149384925772, 0.000000000000000000 ) ) ;
#178 = CARTESIAN_POINT ( 'NONE',  ( -0.2510000000000000564, 0.05028068632826752926, 0.1999305484360912044 ) ) ;
#179 = ORIENTED_EDGE ( 'NONE', *, *, #1441, .F. ) ;
#180 = B_SPLINE_CURVE_WITH_KNOTS ( 'NONE', 3,
 ( #1687, #610, #2728, #1636, #3248, #913, #1956, #2929 ),
 .UNSPECIFIED., .F., .F.,
 ( 4, 2, 2, 4 ),
 ( 0.01356065480558663570, 0.01451917015327068052, 0.01547768550095472706, 0.01739471619632281668 ),
 .UNSPECIFIED. ) ;
#181 = CARTESIAN_POINT ( 'NONE',  ( -0.4026279923108057046, 0.2613248932034030192, 0.2200000000000000011 ) ) ;
#182 = EDGE_LOOP ( 'NONE', ( #2980, #1534, #1587, #742 ) ) ;
#183 = CARTESIAN_POINT ( 'NONE',  ( 0.4979708826829136736, -0.04499999999999995670, 0.000000000000000000 ) ) ;
#184 = VECTOR ( 'NONE', #821, 39.37007874015748143 ) ;
#185 = CARTESIAN_POINT ( 'NONE',  ( 0.04499999999999999833, 0.4291858428704209971, 0.2200000000000000011 ) ) ;
#186 = AXIS2_PLACEMENT_3D ( 'NONE', #2021, #195, #1239 ) ;
#187 = ADVANCED_FACE ( 'NONE', ( #1837 ), #1340, .F. ) ;
#188 = ORIENTED_EDGE ( 'NONE', *, *, #671, .F. ) ;
#189 = VERTEX_POINT ( 'NONE', #2877 ) ;
#190 = FACE_OUTER_BOUND ( 'NONE', #537, .T. ) ;
#191 = VERTEX_POINT ( 'NONE', #1094 ) ;
#192 = CIRCLE ( 'NONE', #2160, 0.5000000000000001110 ) ;
#193 = EDGE_CURVE ( 'NONE', #2713, #3324, #535, .T. ) ;
#194 = DIRECTION ( 'NONE',  ( -0.000000000000000000, -0.000000000000000000, 1.000000000000000000 ) ) ;
#195 = DIRECTION ( 'NONE',  ( -0.000000000000000000, -0.000000000000000000, -1.000000000000000000 ) ) ;
#196 = DIRECTION ( 'NONE',  ( -0.000000000000000000, -0.000000000000000000, -1.000000000000000000 ) ) ;
#197 = VERTEX_POINT ( 'NONE', #2417 ) ;
#198 = LINE ( 'NONE', #1499, #2642 ) ;
#199 = DIRECTION ( 'NONE',  ( -0.000000000000000000, -0.000000000000000000, 1.000000000000000000 ) ) ;
#200 = ORIENTED_EDGE ( 'NONE', *, *, #2634, .F. ) ;
#201 = DIRECTION ( 'NONE',  ( -1.000000000000000000, 0.000000000000000000, 0.000000000000000000 ) ) ;
#202 = VERTEX_POINT ( 'NONE', #2892 ) ;
#203 = LINE ( 'NONE', #183, #1490 ) ;
#204 = CYLINDRICAL_SURFACE ( 'NONE', #3181, 0.01999999999999999001 ) ;
#205 = CIRCLE ( 'NONE', #640, 0.01999999999999999001 ) ;
#206 = B_SPLINE_CURVE_WITH_KNOTS ( 'NONE', 3,
 ( #3286, #1758, #2509, #2237, #955, #1449, #2783, #3323 ),
 .UNSPECIFIED., .F., .F.,
 ( 4, 2, 2, 4 ),
 ( 0.009720893769677288465, 0.01068083402865462744, 0.01164077428763196469, 0.01356065480558664264 ),
 .UNSPECIFIED. ) ;
#207 = VERTEX_POINT ( 'NONE', #2672 ) ;
#208 = ORIENTED_EDGE ( 'NONE', *, *, #1399, .T. ) ;
#209 = CARTESIAN_POINT ( 'NONE',  ( -0.2313887467447751090, 0.1562374799126462210, 0.02649272721285782922 ) ) ;
#210 = ORIENTED_EDGE ( 'NONE', *, *, #2865, .F. ) ;
#211 = VECTOR ( 'NONE', #690, 39.37007874015748143 ) ;
#212 = EDGE_CURVE ( 'NONE', #1153, #2107, #1887, .T. ) ;
#213 = AXIS2_PLACEMENT_3D ( 'NONE', #3294, #3329, #2517 ) ;
#214 = LINE ( 'NONE', #2283, #988 ) ;
#215 = B_SPLINE_CURVE_WITH_KNOTS ( 'NONE', 3,
 ( #1537, #3104, #525, #2895, #1584, #2881, #273, #2646, #2083, #1314, #1328, #493 ),
 .UNSPECIFIED., .F., .F.,
 ( 4, 2, 2, 2, 2, 4 ),
 ( 2.544317530285430405E-07, 0.001901334009213947063, 0.002851873797944405858, 0.003802413586674865519, 0.005703493164135787011, 0.007604572741596708936 ),
 .UNSPECIFIED. ) ;
#216 = EDGE_CURVE ( 'NONE', #513, #2347, #1624, .T. ) ;
#217 = AXIS2_PLACEMENT_3D ( 'NONE', #2207, #2222, #1383 ) ;
#218 = SHAPE_DEFINITION_REPRESENTATION ( #628, #2938 ) ;
#219 = CARTESIAN_POINT ( 'NONE',  ( 0.4537554347483636619, -0.2100142981711569934, 0.2200000000000000011 ) ) ;
#220 = ORIENTED_EDGE ( 'NONE', *, *, #193, .F. ) ;
#221 = LINE ( 'NONE', #2304, #2531 ) ;
#222 = EDGE_CURVE ( 'NONE', #1396, #1455, #585, .T. ) ;
#223 = CARTESIAN_POINT ( 'NONE',  ( 0.000000000000000000, 0.000000000000000000, 0.2200000000000000011 ) ) ;
#224 = ORIENTED_EDGE ( 'NONE', *, *, #587, .F. ) ;
#225 = CYLINDRICAL_SURFACE ( 'NONE', #944, 0.02000000000000000042 ) ;
#226 = VERTEX_POINT ( 'NONE', #1113 ) ;
#227 = COLOUR_RGB ( '',0.7921568627450980005, 0.8196078431372548767, 0.9333333333333333481 ) ;
#228 = DIRECTION ( 'NONE',  ( 1.000000000000000000, 0.000000000000000000, 0.000000000000000000 ) ) ;
#229 = DIRECTION ( 'NONE',  ( -0.000000000000000000, -0.000000000000000000, -1.000000000000000000 ) ) ;
#230 = ORIENTED_EDGE ( 'NONE', *, *, #52, .T. ) ;
#231 = EDGE_LOOP ( 'NONE', ( #3055, #668, #792, #1592 ) ) ;
#232 = DIRECTION ( 'NONE',  ( 1.034701244051712405E-16, -1.000000000000000000, 0.000000000000000000 ) ) ;
#233 = ORIENTED_EDGE ( 'NONE', *, *, #1532, .T. ) ;
#234 = LINE ( 'NONE', #2335, #437 ) ;
#235 = EDGE_CURVE ( 'NONE', #2000, #2411, #1625, .T. ) ;
#236 = CARTESIAN_POINT ( 'NONE',  ( -0.4454458253237558174, 0.2271079406397719380, 0.2200000000000000011 ) ) ;
#237 = ORIENTED_EDGE ( 'NONE', *, *, #1905, .F. ) ;
#238 = CARTESIAN_POINT ( 'NONE',  ( 0.04499999999999999833, 0.4291858428704209971, 0.2200000000000000011 ) ) ;
#239 = DIRECTION ( 'NONE',  ( -0.000000000000000000, -0.000000000000000000, -1.000000000000000000 ) ) ;
#240 = VECTOR ( 'NONE', #2293, 39.37007874015748143 ) ;
#241 = ADVANCED_FACE ( 'NONE', ( #68 ), #1854, .T. ) ;
#242 = DIRECTION ( 'NONE',  ( -0.000000000000000000, -0.000000000000000000, -1.000000000000000000 ) ) ;
#243 = ORIENTED_EDGE ( 'NONE', *, *, #3189, .F. ) ;
#244 = DIRECTION ( 'NONE',  ( -1.000000000000000000, 0.000000000000000000, 0.000000000000000000 ) ) ;
#245 = CIRCLE ( 'NONE', #3011, 0.02000000000000000042 ) ;
#246 = CARTESIAN_POINT ( 'NONE',  ( 0.2007031149384926327, 0.4376279923108054581, 0.2200000000000000011 ) ) ;
#247 = CIRCLE ( 'NONE', #1112, 0.5000000000000002220 ) ;
#248 = ORIENTED_EDGE ( 'NONE', *, *, #2101, .T. ) ;
#249 = CARTESIAN_POINT ( 'NONE',  ( -0.04003825278222977735, 0.2667137391114895451, 0.03632510724101628563 ) ) ;
#250 = ORIENTED_EDGE ( 'NONE', *, *, #316, .T. ) ;
#251 = CIRCLE ( 'NONE', #73, 0.07000000000000000666 ) ;
#252 = CARTESIAN_POINT ( 'NONE',  ( 0.2312732565561709530, 0.1563041582041254651, 0.02655940550434258973 ) ) ;
#253 = DIRECTION ( 'NONE',  ( 0.8660254037844382635, 0.5000000000000005551, 0.000000000000000000 ) ) ;
#254 = ORIENTED_EDGE ( 'NONE', *, *, #1614, .T. ) ;
#255 = DIRECTION ( 'NONE',  ( -0.8660254037844385966, -0.5000000000000001110, 0.000000000000000000 ) ) ;
#256 = EDGE_CURVE ( 'NONE', #676, #1502, #2361, .T. ) ;
#257 = FACE_OUTER_BOUND ( 'NONE', #3328, .T. ) ;
#258 = ORIENTED_EDGE ( 'NONE', *, *, #826, .F. ) ;
#259 = DIRECTION ( 'NONE',  ( -0.000000000000000000, -0.000000000000000000, -1.000000000000000000 ) ) ;
#260 = ORIENTED_EDGE ( 'NONE', *, *, #1507, .T. ) ;
#261 = LINE ( 'NONE', #1845, #3337 ) ;
#262 = ADVANCED_FACE ( 'NONE', ( #1389 ), #300, .F. ) ;
#263 = DIRECTION ( 'NONE',  ( 0.8660254037844388186, -0.4999999999999996114, 0.000000000000000000 ) ) ;
#264 = ORIENTED_EDGE ( 'NONE', *, *, #468, .T. ) ;
#265 = DIRECTION ( 'NONE',  ( -0.000000000000000000, -0.000000000000000000, 1.000000000000000000 ) ) ;
#266 = EDGE_LOOP ( 'NONE', ( #648, #1834, #1542, #1165 ) ) ;
#267 = DIRECTION ( 'NONE',  ( -0.000000000000000000, -0.000000000000000000, -1.000000000000000000 ) ) ;
#268 = VECTOR ( 'NONE', #2210, 39.37007874015748143 ) ;
#269 = CIRCLE ( 'NONE', #2122, 0.01999999999999999001 ) ;
#270 = ORIENTED_EDGE ( 'NONE', *, *, #2964, .F. ) ;
#271 = DIRECTION ( 'NONE',  ( 0.000000000000000000, 0.000000000000000000, -1.000000000000000000 ) ) ;
#272 = AXIS2_PLACEMENT_3D ( 'NONE', #47, #1048, #2669 ) ;
#273 = CARTESIAN_POINT ( 'NONE',  ( 0.1369178568440211630, 0.2107802736274298483, 0.1960274562617080885 ) ) ;
#274 = EDGE_LOOP ( 'NONE', ( #117, #1759, #421, #87 ) ) ;
#275 = CARTESIAN_POINT ( 'NONE',  ( 0.4376279923108054026, 0.2007031149384927160, 0.2200000000000000011 ) ) ;
#276 = ORIENTED_EDGE ( 'NONE', *, *, #545, .T. ) ;
#277 = CARTESIAN_POINT ( 'NONE',  ( 0.3491858428704209261, -0.2535640646055101199, 0.000000000000000000 ) ) ;
#278 = CARTESIAN_POINT ( 'NONE',  ( -4.186125334006127528E-17, -0.2898298351331921041, 0.01517016486680783371 ) ) ;
#279 = EDGE_CURVE ( 'NONE', #2195, #1004, #2065, .T. ) ;
#280 = ORIENTED_EDGE ( 'NONE', *, *, #991, .F. ) ;
#281 = CARTESIAN_POINT ( 'NONE',  ( 0.3141858428704208950, 0.3141858428704210615, 0.2200000000000000011 ) ) ;
#282 = ORIENTED_EDGE ( 'NONE', *, *, #861, .T. ) ;
#283 = EDGE_CURVE ( 'NONE', #2760, #2000, #1029, .T. ) ;
#284 = CARTESIAN_POINT ( 'NONE',  ( -0.4276279923108055603, 0.2180236230141810450, 0.000000000000000000 ) ) ;
#285 = EDGE_LOOP ( 'NONE', ( #2365, #1564 ) ) ;
#286 = DIRECTION ( 'NONE',  ( 1.000000000000000000, 0.000000000000000000, 0.000000000000000000 ) ) ;
#287 = CARTESIAN_POINT ( 'NONE',  ( 0.3941858428704210771, -0.1756217782649107106, 0.2200000000000000011 ) ) ;
#288 = CIRCLE ( 'NONE', #2798, 0.5000000000000002220 ) ;
#289 = FACE_OUTER_BOUND ( 'NONE', #231, .T. ) ;
#290 = EDGE_LOOP ( 'NONE', ( #2988, #2279, #740, #1860 ) ) ;
#291 = DIRECTION ( 'NONE',  ( -1.000000000000000000, 0.000000000000000000, 0.000000000000000000 ) ) ;
#292 = FACE_OUTER_BOUND ( 'NONE', #959, .T. ) ;
#293 = VECTOR ( 'NONE', #1996, 39.37007874015748143 ) ;
#294 = ORIENTED_EDGE ( 'NONE', *, *, #127, .T. ) ;
#295 = DIRECTION ( 'NONE',  ( 0.000000000000000000, 0.000000000000000000, 1.000000000000000000 ) ) ;
#296 = EDGE_LOOP ( 'NONE', ( #1801, #308 ) ) ;
#297 = VECTOR ( 'NONE', #1991, 39.37007874015748854 ) ;
#298 = EDGE_CURVE ( 'NONE', #3239, #2264, #483, .T. ) ;
#299 = AXIS2_PLACEMENT_3D ( 'NONE', #2803, #958, #2767 ) ;
#300 = CYLINDRICAL_SURFACE ( 'NONE', #2611, 0.07000000000000000666 ) ;
#301 = CIRCLE ( 'NONE', #1932, 0.01999999999999999001 ) ;
#302 = EDGE_CURVE ( 'NONE', #3175, #996, #2772, .T. ) ;
#303 = AXIS2_PLACEMENT_3D ( 'NONE', #306, #782, #3086 ) ;
#304 = CARTESIAN_POINT ( 'NONE',  ( -0.1149999999999999495, -0.4291858428704211081, 0.2200000000000000011 ) ) ;
#305 = CIRCLE ( 'NONE', #3187, 0.07000000000000000666 ) ;
#306 = CARTESIAN_POINT ( 'NONE',  ( 0.2509999999999999454, 0.1449149175665961076, 0.000000000000000000 ) ) ;
#307 = DIRECTION ( 'NONE',  ( -0.000000000000000000, 0.000000000000000000, -1.000000000000000000 ) ) ;
#308 = ORIENTED_EDGE ( 'NONE', *, *, #1052, .F. ) ;
#309 = DIRECTION ( 'NONE',  ( -1.000000000000000000, 0.000000000000000000, 0.000000000000000000 ) ) ;
#310 = LINE ( 'NONE', #2331, #2209 ) ;
#311 = ORIENTED_EDGE ( 'NONE', *, *, #1404, .F. ) ;
#312 = FACE_OUTER_BOUND ( 'NONE', #3335, .T. ) ;
#313 = ORIENTED_EDGE ( 'NONE', *, *, #1167, .T. ) ;
#314 = DIRECTION ( 'NONE',  ( -1.000000000000000000, 0.000000000000000000, 0.000000000000000000 ) ) ;
#315 = FACE_OUTER_BOUND ( 'NONE', #933, .T. ) ;
#316 = EDGE_CURVE ( 'NONE', #2359, #2564, #1933, .T. ) ;
#317 = VECTOR ( 'NONE', #366, 39.37007874015748143 ) ;
#318 = EDGE_CURVE ( 'NONE', #3270, #2149, #1712, .T. ) ;
#319 = EDGE_CURVE ( 'NONE', #202, #1897, #1793, .T. ) ;
#320 = CARTESIAN_POINT ( 'NONE',  ( -0.2510000000000000564, -0.1224277761593302455, 0.2235862644295531776 ) ) ;
#321 = CARTESIAN_POINT ( 'NONE',  ( -0.2813248932034035921, 0.4026279923108053715, 0.2200000000000000011 ) ) ;
#322 = VECTOR ( 'NONE', #1184, 39.37007874015748143 ) ;
#323 = EDGE_CURVE ( 'NONE', #2475, #1950, #2769, .T. ) ;
#324 = CARTESIAN_POINT ( 'NONE',  ( 0.2312732565561710085, -0.1563041582041256039, 0.2234405944956575074 ) ) ;
#325 = ORIENTED_EDGE ( 'NONE', *, *, #737, .F. ) ;
#326 = CARTESIAN_POINT ( 'NONE',  ( 0.2535640646055102310, 0.3491858428704209816, 0.000000000000000000 ) ) ;
#327 = CARTESIAN_POINT ( 'NONE',  ( -0.3050000000000000488, 0.000000000000000000, 0.000000000000000000 ) ) ;
#328 = ORIENTED_EDGE ( 'NONE', *, *, #2034, .F. ) ;
#329 = ORIENTED_EDGE ( 'NONE', *, *, #1196, .F. ) ;
#330 = DIRECTION ( 'NONE',  ( -0.000000000000000000, -0.000000000000000000, -1.000000000000000000 ) ) ;
#331 = ORIENTED_EDGE ( 'NONE', *, *, #2410, .T. ) ;
#332 = CARTESIAN_POINT ( 'NONE',  ( 0.2441858428704208883, 0.3141858428704210615, 0.000000000000000000 ) ) ;
#333 = FACE_OUTER_BOUND ( 'NONE', #1678, .T. ) ;
#334 = LINE ( 'NONE', #1869, #1901 ) ;
#335 = VECTOR ( 'NONE', #936, 39.37007874015748143 ) ;
#336 = LINE ( 'NONE', #2421, #521 ) ;
#337 = EDGE_CURVE ( 'NONE', #1950, #2710, #2227, .T. ) ;
#338 = CARTESIAN_POINT ( 'NONE',  ( 0.08138790294799017055, -0.2428405074573909417, 0.2008199234546016176 ) ) ;
#339 = ORIENTED_EDGE ( 'NONE', *, *, #3361, .F. ) ;
#340 = DIRECTION ( 'NONE',  ( -0.000000000000000000, -0.000000000000000000, -1.000000000000000000 ) ) ;
#341 = LINE ( 'NONE', #2458, #2320 ) ;
#342 = ADVANCED_FACE ( 'NONE', ( #1145 ), #393, .T. ) ;
#343 = ORIENTED_EDGE ( 'NONE', *, *, #2135, .T. ) ;
#344 = CARTESIAN_POINT ( 'NONE',  ( 0.2722134304202120103, -0.4194041586570889102, 0.000000000000000000 ) ) ;
#345 = DIRECTION ( 'NONE',  ( -0.5000000000000002220, 0.8660254037844384856, 0.000000000000000000 ) ) ;
#346 = VECTOR ( 'NONE', #2854, 39.37007874015748143 ) ;
#347 = CARTESIAN_POINT ( 'NONE',  ( -0.02499999999999993547, -0.4793485162175847858, 0.000000000000000000 ) ) ;
#348 = AXIS2_PLACEMENT_3D ( 'NONE', #3373, #1040, #3119 ) ;
#349 = CARTESIAN_POINT ( 'NONE',  ( 0.2509999999999999454, 3.073560258445991467E-17, 0.05399999999999990224 ) ) ;
#350 = CARTESIAN_POINT ( 'NONE',  ( 0.2613248932034035188, -0.4026279923108053715, 0.2200000000000000011 ) ) ;
#351 = VERTEX_POINT ( 'NONE', #1676 ) ;
#352 = AXIS2_PLACEMENT_3D ( 'NONE', #1284, #307, #1043 ) ;
#353 = B_SPLINE_CURVE_WITH_KNOTS ( 'NONE', 3,
 ( #658, #2185, #1102, #108, #2993, #900, #126, #3219 ),
 .UNSPECIFIED., .F., .F.,
 ( 4, 2, 2, 4 ),
 ( 0.01356065480558663050, 0.01451917015327067531, 0.01547768550095472012, 0.01739471619632280974 ),
 .UNSPECIFIED. ) ;
#354 = VECTOR ( 'NONE', #3220, 39.37007874015748143 ) ;
#355 = CARTESIAN_POINT ( 'NONE',  ( -0.1150000000000000050, 0.4291858428704204975, 0.2200000000000000011 ) ) ;
#356 = VECTOR ( 'NONE', #726, 39.37007874015748143 ) ;
#357 = CARTESIAN_POINT ( 'NONE',  ( 0.3491858428704209261, -0.2535640646055101199, 0.2200000000000000011 ) ) ;
#358 = ORIENTED_EDGE ( 'NONE', *, *, #1259, .T. ) ;
#359 = DIRECTION ( 'NONE',  ( -0.4999999999999996114, -0.8660254037844388186, 0.000000000000000000 ) ) ;
#360 = EDGE_CURVE ( 'NONE', #2313, #1810, #2497, .T. ) ;
#361 = CARTESIAN_POINT ( 'NONE',  ( 0.02500000000000006731, -0.4793485162175847858, 0.000000000000000000 ) ) ;
#362 = EDGE_LOOP ( 'NONE', ( #3233, #880, #2332, #2257 ) ) ;
#363 = DIRECTION ( 'NONE',  ( -0.000000000000000000, -0.000000000000000000, -1.000000000000000000 ) ) ;
#364 = EDGE_CURVE ( 'NONE', #1004, #2627, #809, .T. ) ;
#365 = DIRECTION ( 'NONE',  ( -0.000000000000000000, -0.000000000000000000, -1.000000000000000000 ) ) ;
#366 = DIRECTION ( 'NONE',  ( 0.000000000000000000, 0.000000000000000000, 1.000000000000000000 ) ) ;
#367 = CARTESIAN_POINT ( 'NONE',  ( -0.2100142981711572987, 0.4537554347483635508, 0.2200000000000000011 ) ) ;
#368 = ORIENTED_EDGE ( 'NONE', *, *, #2241, .F. ) ;
#369 = FACE_OUTER_BOUND ( 'NONE', #362, .T. ) ;
#370 = DIRECTION ( 'NONE',  ( -1.000000000000000000, -1.707404996040165350E-15, 0.000000000000000000 ) ) ;
#371 = ORIENTED_EDGE ( 'NONE', *, *, #2554, .T. ) ;
#372 = DIRECTION ( 'NONE',  ( -1.000000000000000000, 0.000000000000000000, 0.000000000000000000 ) ) ;
#373 = CARTESIAN_POINT ( 'NONE',  ( 0.3050000000000000488, 0.000000000000000000, 0.2500000000000000000 ) ) ;
#374 = CIRCLE ( 'NONE', #644, 0.06999999999999999278 ) ;
#375 = ORIENTED_EDGE ( 'NONE', *, *, #1679, .F. ) ;
#376 = DIRECTION ( 'NONE',  ( -1.000000000000000000, 0.000000000000000000, 0.000000000000000000 ) ) ;
#377 = AXIS2_PLACEMENT_3D ( 'NONE', #773, #330, #2157 ) ;
#378 = DIRECTION ( 'NONE',  ( -1.000000000000000000, 0.000000000000000000, 0.000000000000000000 ) ) ;
#379 = EDGE_CURVE ( 'NONE', #3377, #191, #2721, .T. ) ;
#380 = DIRECTION ( 'NONE',  ( 0.000000000000000000, 0.000000000000000000, 1.000000000000000000 ) ) ;
#381 = DIRECTION ( 'NONE',  ( 0.000000000000000000, 0.000000000000000000, -1.000000000000000000 ) ) ;
#382 = ORIENTED_EDGE ( 'NONE', *, *, #1548, .T. ) ;
#383 = EDGE_CURVE ( 'NONE', #714, #800, #2705, .T. ) ;
#384 = CARTESIAN_POINT ( 'NONE',  ( 0.4194041586570890767, -0.2722134304202117328, 0.000000000000000000 ) ) ;
#385 = VECTOR ( 'NONE', #1351, 39.37007874015748143 ) ;
#386 = DIRECTION ( 'NONE',  ( 0.000000000000000000, 0.000000000000000000, -1.000000000000000000 ) ) ;
#387 = ORIENTED_EDGE ( 'NONE', *, *, #1172, .T. ) ;
#388 = CARTESIAN_POINT ( 'NONE',  ( -0.4291858428704214412, 0.1149999999999999217, 0.2200000000000000011 ) ) ;
#389 = DIRECTION ( 'NONE',  ( 0.000000000000000000, 0.000000000000000000, -1.000000000000000000 ) ) ;
#390 = VERTEX_POINT ( 'NONE', #1948 ) ;
#391 = DIRECTION ( 'NONE',  ( -1.000000000000000000, 0.000000000000000000, 0.000000000000000000 ) ) ;
#392 = DIRECTION ( 'NONE',  ( -1.034701244051712898E-16, 1.000000000000000000, 0.000000000000000000 ) ) ;
#393 = CYLINDRICAL_SURFACE ( 'NONE', #3311, 0.5000000000000002220 ) ;
#394 = DIRECTION ( 'NONE',  ( 0.000000000000000000, 0.000000000000000000, 1.000000000000000000 ) ) ;
#395 = ORIENTED_EDGE ( 'NONE', *, *, #635, .T. ) ;
#396 = CIRCLE ( 'NONE', #2468, 0.5000000000000002220 ) ;
#397 = EDGE_CURVE ( 'NONE', #1558, #2958, #205, .T. ) ;
#398 = AXIS2_PLACEMENT_3D ( 'NONE', #1212, #2032, #994 ) ;
#399 = ADVANCED_FACE ( 'NONE', ( #2952 ), #652, .T. ) ;
#400 = DIRECTION ( 'NONE',  ( -1.000000000000000000, 0.000000000000000000, 0.000000000000000000 ) ) ;
#401 = AXIS2_PLACEMENT_3D ( 'NONE', #3091, #753, #804 ) ;
#402 = LINE ( 'NONE', #2005, #2667 ) ;
#403 = ORIENTED_EDGE ( 'NONE', *, *, #530, .T. ) ;
#404 = DIRECTION ( 'NONE',  ( 1.000000000000000000, 0.000000000000000000, 0.000000000000000000 ) ) ;
#405 = VECTOR ( 'NONE', #3046, 39.37007874015748143 ) ;
#406 = CARTESIAN_POINT ( 'NONE',  ( -0.1469496247054966620, 0.2049884297521593068, 0.1959467884420535710 ) ) ;
#407 = ORIENTED_EDGE ( 'NONE', *, *, #3237, .F. ) ;
#408 = CYLINDRICAL_SURFACE ( 'NONE', #2038, 0.02000000000000000042 ) ;
#409 = ORIENTED_EDGE ( 'NONE', *, *, #2448, .T. ) ;
#410 = LINE ( 'NONE', #2278, #1658 ) ;
#411 = DIRECTION ( 'NONE',  ( -0.000000000000000000, -0.000000000000000000, 1.000000000000000000 ) ) ;
#412 = FACE_OUTER_BOUND ( 'NONE', #290, .T. ) ;
#413 = ORIENTED_EDGE ( 'NONE', *, *, #897, .T. ) ;
#414 = EDGE_CURVE ( 'NONE', #2232, #3031, #2719, .T. ) ;
#415 = DIRECTION ( 'NONE',  ( -0.000000000000000000, -0.000000000000000000, 1.000000000000000000 ) ) ;
#416 = EDGE_CURVE ( 'NONE', #1747, #722, #2449, .T. ) ;
#417 = CARTESIAN_POINT ( 'NONE',  ( 0.4793485162175847858, 0.04500000000000003997, 0.000000000000000000 ) ) ;
#418 = EDGE_LOOP ( 'NONE', ( #469, #1855, #1884, #2054, #3293, #343 ) ) ;
#419 = CARTESIAN_POINT ( 'NONE',  ( -0.3141858428704208950, 0.3141858428704205064, 0.2200000000000000011 ) ) ;
#420 = CARTESIAN_POINT ( 'NONE',  ( 0.3141858428704208950, 0.3141858428704210615, 0.000000000000000000 ) ) ;
#421 = ORIENTED_EDGE ( 'NONE', *, *, #1302, .T. ) ;
#422 = ADVANCED_FACE ( 'NONE', ( #3257 ), #3019, .T. ) ;
#423 = VECTOR ( 'NONE', #1324, 39.37007874015748143 ) ;
#424 = DIRECTION ( 'NONE',  ( 0.000000000000000000, 0.000000000000000000, 1.000000000000000000 ) ) ;
#425 = ORIENTED_EDGE ( 'NONE', *, *, #1867, .T. ) ;
#426 = DIRECTION ( 'NONE',  ( -1.000000000000000000, 0.000000000000000000, 0.000000000000000000 ) ) ;
#427 = CARTESIAN_POINT ( 'NONE',  ( -0.04500000000000000527, 0.4793485162175848413, 0.000000000000000000 ) ) ;
#428 = AXIS2_PLACEMENT_3D ( 'NONE', #2455, #1923, #2927 ) ;
#429 = PLANE ( 'NONE',  #1243 ) ;
#430 = CARTESIAN_POINT ( 'NONE',  ( 0.000000000000000000, 0.000000000000000000, 0.2200000000000000011 ) ) ;
#431 = ORIENTED_EDGE ( 'NONE', *, *, #3213, .T. ) ;
#432 = CARTESIAN_POINT ( 'NONE',  ( 0.4291858428704210526, -0.1149999999999999911, 0.2200000000000000011 ) ) ;
#433 = VECTOR ( 'NONE', #2949, 39.37007874015748143 ) ;
#434 = DIRECTION ( 'NONE',  ( 1.000000000000000000, -0.000000000000000000, 0.000000000000000000 ) ) ;
#435 = ORIENTED_EDGE ( 'NONE', *, *, #2623, .F. ) ;
#436 = CARTESIAN_POINT ( 'NONE',  ( 0.1756217782649107384, 0.3941858428704210215, 0.2200000000000000011 ) ) ;
#437 = VECTOR ( 'NONE', #502, 39.37007874015748854 ) ;
#438 = ADVANCED_FACE ( 'NONE', ( #3000 ), #429, .F. ) ;
#439 = CYLINDRICAL_SURFACE ( 'NONE', #1986, 0.01999999999999999001 ) ;
#440 = ORIENTED_EDGE ( 'NONE', *, *, #59, .T. ) ;
#441 = CARTESIAN_POINT ( 'NONE',  ( 0.3926279923108054737, 0.2786454012790922641, 0.000000000000000000 ) ) ;
#442 = VERTEX_POINT ( 'NONE', #2176 ) ;
#443 = CARTESIAN_POINT ( 'NONE',  ( -0.2813248932034032590, -0.4026279923108055381, 0.000000000000000000 ) ) ;
#444 = ADVANCED_FACE ( 'NONE', ( #3210 ), #873, .T. ) ;
#445 = CARTESIAN_POINT ( 'NONE',  ( -0.2180236230141816833, 0.4276279923108053382, 0.2200000000000000011 ) ) ;
#446 = ORIENTED_EDGE ( 'NONE', *, *, #1841, .F. ) ;
#447 = ORIENTED_EDGE ( 'NONE', *, *, #1404, .T. ) ;
#448 = LINE ( 'NONE', #2314, #1310 ) ;
#449 = ORIENTED_EDGE ( 'NONE', *, *, #3132, .F. ) ;
#450 = DIRECTION ( 'NONE',  ( 0.000000000000000000, 0.000000000000000000, -1.000000000000000000 ) ) ;
#451 = AXIS2_PLACEMENT_3D ( 'NONE', #835, #1573, #2872 ) ;
#452 = CARTESIAN_POINT ( 'NONE',  ( -0.4376279923108055137, 0.2007031149384922719, 0.000000000000000000 ) ) ;
#453 = AXIS2_PLACEMENT_3D ( 'NONE', #1205, #1754, #1517 ) ;
#454 = FACE_OUTER_BOUND ( 'NONE', #1063, .T. ) ;
#455 = ORIENTED_EDGE ( 'NONE', *, *, #3087, .F. ) ;
#456 = DIRECTION ( 'NONE',  ( -0.000000000000000000, -0.000000000000000000, 1.000000000000000000 ) ) ;
#457 = CARTESIAN_POINT ( 'NONE',  ( -0.03966486509693473161, 0.2669293145921067256, 0.2138803070709860699 ) ) ;
#458 = AXIS2_PLACEMENT_3D ( 'NONE', #1859, #2897, #1813 ) ;
#459 = ORIENTED_EDGE ( 'NONE', *, *, #1419, .F. ) ;
#460 = EDGE_CURVE ( 'NONE', #2836, #3155, #882, .T. ) ;
#461 = DIRECTION ( 'NONE',  ( -2.586753110129281628E-17, 1.000000000000000000, 0.000000000000000000 ) ) ;
#462 = VERTEX_POINT ( 'NONE', #2915 ) ;
#463 = DIRECTION ( 'NONE',  ( -0.000000000000000000, -0.000000000000000000, 1.000000000000000000 ) ) ;
#464 = CIRCLE ( 'NONE', #3235, 0.02000000000000000042 ) ;
#465 = LINE ( 'NONE', #1783, #2147 ) ;
#466 = AXIS2_PLACEMENT_3D ( 'NONE', #1023, #1857, #2597 ) ;
#467 = ORIENTED_EDGE ( 'NONE', *, *, #2715, .F. ) ;
#468 = EDGE_CURVE ( 'NONE', #1803, #825, #2994, .T. ) ;
#469 = ORIENTED_EDGE ( 'NONE', *, *, #861, .F. ) ;
#470 = CARTESIAN_POINT ( 'NONE',  ( 0.2509999999999999454, 0.1449149175665961076, 0.2348298351331921385 ) ) ;
#471 = VERTEX_POINT ( 'NONE', #625 ) ;
#472 = EDGE_CURVE ( 'NONE', #2149, #1427, #1304, .T. ) ;
#473 = DIRECTION ( 'NONE',  ( 0.000000000000000000, 0.000000000000000000, 1.000000000000000000 ) ) ;
#474 = DIRECTION ( 'NONE',  ( -1.000000000000000000, 1.707404996040164166E-15, 0.000000000000000000 ) ) ;
#475 = ORIENTED_EDGE ( 'NONE', *, *, #64, .F. ) ;
#476 = DIRECTION ( 'NONE',  ( -0.000000000000000000, -0.000000000000000000, -1.000000000000000000 ) ) ;
#477 = CARTESIAN_POINT ( 'NONE',  ( -0.07082123142235234592, 0.2489411781071562135, 0.2035640573093287498 ) ) ;
#478 = ORIENTED_EDGE ( 'NONE', *, *, #945, .T. ) ;
#479 = CARTESIAN_POINT ( 'NONE',  ( 0.2510000000000000009, 0.1224277761593303565, 0.2235862644295532886 ) ) ;
#480 = ORIENTED_EDGE ( 'NONE', *, *, #1733, .F. ) ;
#481 = DIRECTION ( 'NONE',  ( 0.000000000000000000, 0.000000000000000000, 1.000000000000000000 ) ) ;
#482 = CARTESIAN_POINT ( 'NONE',  ( 0.4993213710599841426, -0.02604166666666662619, 0.000000000000000000 ) ) ;
#483 = CIRCLE ( 'NONE', #2979, 0.01999999999999999001 ) ;
#484 = ORIENTED_EDGE ( 'NONE', *, *, #2886, .F. ) ;
#485 = DIRECTION ( 'NONE',  ( -0.5000000000000004441, 0.8660254037844383745, 0.000000000000000000 ) ) ;
#486 = EDGE_LOOP ( 'NONE', ( #747, #1849, #2170, #2028 ) ) ;
#487 = ADVANCED_FACE ( 'NONE', ( #3168, #2470 ), #1375, .T. ) ;
#488 = CARTESIAN_POINT ( 'NONE',  ( 0.07082123142235226265, 0.2489411781071562968, 0.04643594269067137514 ) ) ;
#489 = EDGE_CURVE ( 'NONE', #390, #631, #1080, .T. ) ;
#490 = DIRECTION ( 'NONE',  ( 0.000000000000000000, 0.000000000000000000, 1.000000000000000000 ) ) ;
#491 = ORIENTED_EDGE ( 'NONE', *, *, #1491, .T. ) ;
#492 = LINE ( 'NONE', #1326, #2860 ) ;
#493 = CARTESIAN_POINT ( 'NONE',  ( -3.822945654009372482E-17, 0.2898298351331921596, 0.2348298351331921663 ) ) ;
#494 = CYLINDRICAL_SURFACE ( 'NONE', #458, 0.01999999999999999001 ) ;
#495 = ORIENTED_EDGE ( 'NONE', *, *, #920, .T. ) ;
#496 = CIRCLE ( 'NONE', #2676, 0.02000000000000000042 ) ;
#497 = DIRECTION ( 'NONE',  ( 0.000000000000000000, 0.000000000000000000, -1.000000000000000000 ) ) ;
#498 = CARTESIAN_POINT ( 'NONE',  ( 0.4026279923108055381, -0.2613248932034032967, 0.2200000000000000011 ) ) ;
#499 = ORIENTED_EDGE ( 'NONE', *, *, #2880, .F. ) ;
#500 = LINE ( 'NONE', #997, #1035 ) ;
#501 = ORIENTED_EDGE ( 'NONE', *, *, #323, .T. ) ;
#502 = DIRECTION ( 'NONE',  ( 0.7071067811865486830, 0.000000000000000000, 0.7071067811865462405 ) ) ;
#503 = EDGE_CURVE ( 'NONE', #1256, #3136, #1666, .T. ) ;
#504 = EDGE_CURVE ( 'NONE', #3155, #2902, #1681, .T. ) ;
#505 = CARTESIAN_POINT ( 'NONE',  ( -0.2510000000000000009, 3.032119939615304243E-21, 0.05399999999999983979 ) ) ;
#506 = ORIENTED_EDGE ( 'NONE', *, *, #587, .T. ) ;
#507 = CARTESIAN_POINT ( 'NONE',  ( 0.000000000000000000, 0.000000000000000000, 0.2200000000000000011 ) ) ;
#508 = AXIS2_PLACEMENT_3D ( 'NONE', #3201, #867, #3283 ) ;
#509 = DIRECTION ( 'NONE',  ( -1.000000000000000000, -5.122214988120496246E-15, 0.000000000000000000 ) ) ;
#510 = CIRCLE ( 'NONE', #2316, 0.01999999999999999001 ) ;
#511 = ORIENTED_EDGE ( 'NONE', *, *, #1610, .T. ) ;
#512 = FACE_BOUND ( 'NONE', #285, .T. ) ;
#513 = VERTEX_POINT ( 'NONE', #74 ) ;
#514 = CARTESIAN_POINT ( 'NONE',  ( 0.000000000000000000, 0.000000000000000000, 0.000000000000000000 ) ) ;
#515 = CIRCLE ( 'NONE', #1494, 0.07000000000000000666 ) ;
#516 = CARTESIAN_POINT ( 'NONE',  ( 0.000000000000000000, 0.000000000000000000, 0.000000000000000000 ) ) ;
#517 = AXIS2_PLACEMENT_3D ( 'NONE', #2963, #129, #1176 ) ;
#518 = ORIENTED_EDGE ( 'NONE', *, *, #3048, .T. ) ;
#519 = CARTESIAN_POINT ( 'NONE',  ( 0.000000000000000000, 0.000000000000000000, 0.2200000000000000011 ) ) ;
#520 = ORIENTED_EDGE ( 'NONE', *, *, #2426, .T. ) ;
#521 = VECTOR ( 'NONE', #3182, 39.37007874015748143 ) ;
#522 = DIRECTION ( 'NONE',  ( -0.000000000000000000, -0.000000000000000000, -1.000000000000000000 ) ) ;
#523 = VERTEX_POINT ( 'NONE', #2959 ) ;
#524 = DIRECTION ( 'NONE',  ( -1.000000000000000000, 0.000000000000000000, 0.000000000000000000 ) ) ;
#525 = CARTESIAN_POINT ( 'NONE',  ( 0.2113351349030652415, 0.1678154381076815416, 0.2138803070709860144 ) ) ;
#526 = CARTESIAN_POINT ( 'NONE',  ( 0.3591858428704210460, -0.1149999999999999911, 0.2200000000000000011 ) ) ;
#527 = ORIENTED_EDGE ( 'NONE', *, *, #2267, .F. ) ;
#528 = LINE ( 'NONE', #1877, #780 ) ;
#529 = CARTESIAN_POINT ( 'NONE',  ( 0.08251285464460875185, -0.2421910162925228760, 0.05022210214232988162 ) ) ;
#530 = EDGE_CURVE ( 'NONE', #3212, #1966, #1745, .T. ) ;
#531 = ORIENTED_EDGE ( 'NONE', *, *, #1921, .F. ) ;
#532 = CARTESIAN_POINT ( 'NONE',  ( -0.2786454012790920420, -0.3926279923108055847, 0.2200000000000000011 ) ) ;
#533 = ORIENTED_EDGE ( 'NONE', *, *, #920, .F. ) ;
#534 = DIRECTION ( 'NONE',  ( -1.000000000000000000, 0.000000000000000000, 0.000000000000000000 ) ) ;
#535 = CIRCLE ( 'NONE', #2447, 0.5000000000000002220 ) ;
#536 = AXIS2_PLACEMENT_3D ( 'NONE', #2322, #570, #2302 ) ;
#537 = EDGE_LOOP ( 'NONE', ( #1844, #2077, #850, #1650 ) ) ;
#538 = CARTESIAN_POINT ( 'NONE',  ( 0.000000000000000000, 0.000000000000000000, 0.2200000000000000011 ) ) ;
#539 = AXIS2_PLACEMENT_3D ( 'NONE', #519, #548, #1092 ) ;
#540 = CARTESIAN_POINT ( 'NONE',  ( 0.02604166666666665048, 0.4993213710599841426, 0.2200000000000000011 ) ) ;
#541 = VERTEX_POINT ( 'NONE', #1362 ) ;
#542 = DIRECTION ( 'NONE',  ( -1.000000000000000000, 0.000000000000000000, 0.000000000000000000 ) ) ;
#543 = EDGE_LOOP ( 'NONE', ( #2807, #578, #2635, #2384 ) ) ;
#544 = DIRECTION ( 'NONE',  ( -0.000000000000000000, -0.000000000000000000, -1.000000000000000000 ) ) ;
#545 = EDGE_CURVE ( 'NONE', #1714, #1526, #1634, .T. ) ;
#546 = CARTESIAN_POINT ( 'NONE',  ( 0.000000000000000000, 0.000000000000000000, 0.2200000000000000011 ) ) ;
#547 = ORIENTED_EDGE ( 'NONE', *, *, #963, .F. ) ;
#548 = DIRECTION ( 'NONE',  ( 0.000000000000000000, 0.000000000000000000, 1.000000000000000000 ) ) ;
#549 = ORIENTED_EDGE ( 'NONE', *, *, #2130, .T. ) ;
#550 = EDGE_CURVE ( 'NONE', #541, #2313, #2932, .T. ) ;
#551 = VECTOR ( 'NONE', #1565, 39.37007874015748143 ) ;
#552 = DIRECTION ( 'NONE',  ( -0.000000000000000000, -0.000000000000000000, -1.000000000000000000 ) ) ;
#553 = ORIENTED_EDGE ( 'NONE', *, *, #1674, .T. ) ;
#554 = FACE_OUTER_BOUND ( 'NONE', #2755, .T. ) ;
#555 = DIRECTION ( 'NONE',  ( -0.000000000000000000, -0.000000000000000000, -1.000000000000000000 ) ) ;
#556 = VECTOR ( 'NONE', #340, 39.37007874015748143 ) ;
#557 = DIRECTION ( 'NONE',  ( 0.8660254037844385966, 0.5000000000000001110, 0.000000000000000000 ) ) ;
#558 = ORIENTED_EDGE ( 'NONE', *, *, #2925, .F. ) ;
#559 = CIRCLE ( 'NONE', #834, 0.5000000000000002220 ) ;
#560 = DIRECTION ( 'NONE',  ( 0.000000000000000000, 0.000000000000000000, 1.000000000000000000 ) ) ;
#561 = CARTESIAN_POINT ( 'NONE',  ( 0.1369178568440211075, -0.2107802736274299316, 0.05397254373829182134 ) ) ;
#562 = AXIS2_PLACEMENT_3D ( 'NONE', #2578, #2610, #1811 ) ;
#563 = ADVANCED_FACE ( 'NONE', ( #1938 ), #1152, .F. ) ;
#564 = VERTEX_POINT ( 'NONE', #2974 ) ;
#565 = CARTESIAN_POINT ( 'NONE',  ( -0.2007031149384925495, -0.4376279923108055137, 0.2200000000000000011 ) ) ;
#566 = VERTEX_POINT ( 'NONE', #641 ) ;
#567 = VECTOR ( 'NONE', #1638, 39.37007874015748854 ) ;
#568 = ADVANCED_FACE ( 'NONE', ( #1685 ), #1132, .T. ) ;
#569 = DIRECTION ( 'NONE',  ( -0.000000000000000000, -0.000000000000000000, -1.000000000000000000 ) ) ;
#570 = DIRECTION ( 'NONE',  ( 0.000000000000000000, 0.000000000000000000, 1.000000000000000000 ) ) ;
#571 = AXIS2_PLACEMENT_3D ( 'NONE', #2048, #555, #2579 ) ;
#572 = EDGE_CURVE ( 'NONE', #61, #18, #3246, .T. ) ;
#573 = AXIS2_PLACEMENT_3D ( 'NONE', #848, #105, #1097 ) ;
#574 = CARTESIAN_POINT ( 'NONE',  ( -0.2510000000000000564, -0.01273260574635069232, 0.1959999999999996190 ) ) ;
#575 =( GEOMETRIC_REPRESENTATION_CONTEXT ( 3 ) GLOBAL_UNCERTAINTY_ASSIGNED_CONTEXT ( ( #1611 ) ) GLOBAL_UNIT_ASSIGNED_CONTEXT ( ( #2042, #1294, #3082 ) ) REPRESENTATION_CONTEXT ( 'NONE', 'WORKASPACE' ) );
#576 = CARTESIAN_POINT ( 'NONE',  ( 0.3941858428704208550, 0.1756217782649107106, 0.000000000000000000 ) ) ;
#577 = DIRECTION ( 'NONE',  ( 1.552051866077568915E-16, -1.000000000000000000, 0.000000000000000000 ) ) ;
#578 = ORIENTED_EDGE ( 'NONE', *, *, #2486, .T. ) ;
#579 = DIRECTION ( 'NONE',  ( 0.000000000000000000, 0.000000000000000000, -1.000000000000000000 ) ) ;
#580 = DIRECTION ( 'NONE',  ( -0.000000000000000000, -0.000000000000000000, -1.000000000000000000 ) ) ;
#581 = APPLICATION_CONTEXT ( 'automotive_design' ) ;
#582 = ORIENTED_EDGE ( 'NONE', *, *, #416, .T. ) ;
#583 = FACE_OUTER_BOUND ( 'NONE', #767, .T. ) ;
#584 = ORIENTED_EDGE ( 'NONE', *, *, #665, .F. ) ;
#585 = LINE ( 'NONE', #2128, #2828 ) ;
#586 = DIRECTION ( 'NONE',  ( 0.000000000000000000, 0.000000000000000000, 1.000000000000000000 ) ) ;
#587 = EDGE_CURVE ( 'NONE', #1509, #1467, #2228, .T. ) ;
#588 = CIRCLE ( 'NONE', #1518, 0.07000000000000000666 ) ;
#589 = EDGE_CURVE ( 'NONE', #3270, #31, #675, .T. ) ;
#590 = AXIS2_PLACEMENT_3D ( 'NONE', #2521, #2991, #1734 ) ;
#591 = FACE_OUTER_BOUND ( 'NONE', #3282, .T. ) ;
#592 = CIRCLE ( 'NONE', #1525, 0.5000000000000001110 ) ;
#593 = CARTESIAN_POINT ( 'NONE',  ( 0.1029680116791479028, -0.2303812258723155482, 0.1970441451243643560 ) ) ;
#594 = ORIENTED_EDGE ( 'NONE', *, *, #1610, .F. ) ;
#595 = LINE ( 'NONE', #884, #1157 ) ;
#596 = DIRECTION ( 'NONE',  ( -1.000000000000000000, 0.000000000000000000, 0.000000000000000000 ) ) ;
#597 = VERTEX_POINT ( 'NONE', #1476 ) ;
#598 = ORIENTED_EDGE ( 'NONE', *, *, #991, .T. ) ;
#599 =( CONVERSION_BASED_UNIT ( 'INCH', #3222 ) LENGTH_UNIT ( ) NAMED_UNIT ( #2191 ) );
#600 = LINE ( 'NONE', #1641, #3113 ) ;
#601 = DIRECTION ( 'NONE',  ( -0.000000000000000000, -0.000000000000000000, -1.000000000000000000 ) ) ;
#602 = CARTESIAN_POINT ( 'NONE',  ( 0.2509999999999999454, 0.09866869098482693168, 0.03551813270129474537 ) ) ;
#603 = ORIENTED_EDGE ( 'NONE', *, *, #1068, .F. ) ;
#604 = CARTESIAN_POINT ( 'NONE',  ( 0.2535640646055102865, -0.3491858428704208150, 0.000000000000000000 ) ) ;
#605 = ADVANCED_FACE ( 'NONE', ( #1752 ), #1444, .T. ) ;
#606 = CARTESIAN_POINT ( 'NONE',  ( 0.3141858428704209505, -0.3141858428704207840, 0.2200000000000000011 ) ) ;
#607 = EDGE_CURVE ( 'NONE', #523, #3221, #1579, .T. ) ;
#608 = CARTESIAN_POINT ( 'NONE',  ( -0.2510000000000000009, 3.032119939615304243E-21, 0.05399999999999983979 ) ) ;
#609 = EDGE_LOOP ( 'NONE', ( #449, #264, #48, #90, #2091, #1791 ) ) ;
#610 = CARTESIAN_POINT ( 'NONE',  ( 0.2509999999999998899, -0.01273260574635080682, 0.05400000000000040878 ) ) ;
#611 = CARTESIAN_POINT ( 'NONE',  ( 0.2441858428704209716, -0.3141858428704207840, 0.2200000000000000011 ) ) ;
#612 = ORIENTED_EDGE ( 'NONE', *, *, #2925, .T. ) ;
#613 = SURFACE_SIDE_STYLE ('',( #1432 ) ) ;
#614 = DIRECTION ( 'NONE',  ( 0.000000000000000000, 0.000000000000000000, 1.000000000000000000 ) ) ;
#615 = AXIS2_PLACEMENT_3D ( 'NONE', #2785, #974, #228 ) ;
#616 = CARTESIAN_POINT ( 'NONE',  ( 0.4026279923108054826, 0.2613248932034034633, 0.2200000000000000011 ) ) ;
#617 = CIRCLE ( 'NONE', #727, 0.07000000000000000666 ) ;
#618 = DIRECTION ( 'NONE',  ( 0.5000000000000004441, -0.8660254037844383745, 0.000000000000000000 ) ) ;
#619 = CARTESIAN_POINT ( 'NONE',  ( -0.4793485162175847858, 0.04499999999999990119, 0.000000000000000000 ) ) ;
#620 = ORIENTED_EDGE ( 'NONE', *, *, #3197, .T. ) ;
#621 = AXIS2_PLACEMENT_3D ( 'NONE', #1746, #3272, #1762 ) ;
#622 = AXIS2_PLACEMENT_3D ( 'NONE', #2681, #645, #2699 ) ;
#623 = DIRECTION ( 'NONE',  ( -1.000000000000000000, 0.000000000000000000, 0.000000000000000000 ) ) ;
#624 = CIRCLE ( 'NONE', #2965, 0.5000000000000001110 ) ;
#625 = CARTESIAN_POINT ( 'NONE',  ( -0.3491858428704208150, -0.2535640646055103420, 0.000000000000000000 ) ) ;
#626 = ORIENTED_EDGE ( 'NONE', *, *, #1628, .T. ) ;
#627 = DIRECTION ( 'NONE',  ( -0.000000000000000000, -0.000000000000000000, -1.000000000000000000 ) ) ;
#628 = PRODUCT_DEFINITION_SHAPE ( 'NONE', 'NONE',  #2412 ) ;
#629 = EDGE_CURVE ( 'NONE', #3322, #2996, #949, .T. ) ;
#630 = CARTESIAN_POINT ( 'NONE',  ( -0.4276279923108055603, 0.2180236230141810450, 0.2200000000000000011 ) ) ;
#631 = VERTEX_POINT ( 'NONE', #1515 ) ;
#632 = CARTESIAN_POINT ( 'NONE',  ( 0.000000000000000000, 0.000000000000000000, 0.2200000000000000011 ) ) ;
#633 = ADVANCED_FACE ( 'NONE', ( #911 ), #3025, .F. ) ;
#634 = DIRECTION ( 'NONE',  ( -1.000000000000000000, 0.000000000000000000, 0.000000000000000000 ) ) ;
#635 = EDGE_CURVE ( 'NONE', #137, #720, #2286, .T. ) ;
#636 = CARTESIAN_POINT ( 'NONE',  ( 0.04500000000000006772, -0.4793485162175847858, 0.000000000000000000 ) ) ;
#637 = CARTESIAN_POINT ( 'NONE',  ( 0.2509999999999999454, 0.1449149175665961076, 0.000000000000000000 ) ) ;
#638 = ORIENTED_EDGE ( 'NONE', *, *, #2758, .T. ) ;
#639 = PLANE ( 'NONE',  #1560 ) ;
#640 = AXIS2_PLACEMENT_3D ( 'NONE', #2985, #1405, #2462 ) ;
#641 = CARTESIAN_POINT ( 'NONE',  ( -0.2535640646055100644, -0.3491858428704209816, 0.2200000000000000011 ) ) ;
#642 = ORIENTED_EDGE ( 'NONE', *, *, #1457, .T. ) ;
#643 = CYLINDRICAL_SURFACE ( 'NONE', #2584, 0.5000000000000001110 ) ;
#644 = AXIS2_PLACEMENT_3D ( 'NONE', #2830, #490, #1533 ) ;
#645 = DIRECTION ( 'NONE',  ( 0.000000000000000000, 0.000000000000000000, -1.000000000000000000 ) ) ;
#646 = AXIS2_PLACEMENT_3D ( 'NONE', #1488, #2535, #485 ) ;
#647 = EDGE_CURVE ( 'NONE', #3310, #2475, #1521, .T. ) ;
#648 = ORIENTED_EDGE ( 'NONE', *, *, #607, .F. ) ;
#649 = DIRECTION ( 'NONE',  ( -0.000000000000000000, -0.000000000000000000, -1.000000000000000000 ) ) ;
#650 = CARTESIAN_POINT ( 'NONE',  ( -0.2786454012790923751, 0.3926279923108053072, 0.2200000000000000011 ) ) ;
#651 = ADVANCED_FACE ( 'NONE', ( #2741 ), #1497, .F. ) ;
#652 = CYLINDRICAL_SURFACE ( 'NONE', #1899, 0.01999999999999999001 ) ;
#653 = DIRECTION ( 'NONE',  ( -0.000000000000000000, -0.000000000000000000, -1.000000000000000000 ) ) ;
#654 = VERTEX_POINT ( 'NONE', #417 ) ;
#655 = LINE ( 'NONE', #2002, #1776 ) ;
#656 = DIRECTION ( 'NONE',  ( 0.000000000000000000, 0.000000000000000000, -1.000000000000000000 ) ) ;
#657 = ORIENTED_EDGE ( 'NONE', *, *, #1236, .T. ) ;
#658 = CARTESIAN_POINT ( 'NONE',  ( -0.2510000000000000009, 3.032119939615304243E-21, 0.05399999999999983979 ) ) ;
#659 = CARTESIAN_POINT ( 'NONE',  ( -0.4454458253237554843, -0.2271079406397724931, 0.2200000000000000011 ) ) ;
#660 = VERTEX_POINT ( 'NONE', #1187 ) ;
#661 = CARTESIAN_POINT ( 'NONE',  ( 0.2509999999999999454, 0.09876657846391306839, 0.2137375860765584890 ) ) ;
#662 = ORIENTED_EDGE ( 'NONE', *, *, #1386, .F. ) ;
#663 = FILL_AREA_STYLE ('',( #2998 ) ) ;
#664 = DIRECTION ( 'NONE',  ( -1.000000000000000000, 0.000000000000000000, 0.000000000000000000 ) ) ;
#665 = EDGE_CURVE ( 'NONE', #2306, #2836, #402, .T. ) ;
#666 = DIRECTION ( 'NONE',  ( 0.000000000000000000, 0.000000000000000000, 1.000000000000000000 ) ) ;
#667 = CARTESIAN_POINT ( 'NONE',  ( 0.04499999999999999833, 0.4291858428704209971, 0.000000000000000000 ) ) ;
#668 = ORIENTED_EDGE ( 'NONE', *, *, #1633, .F. ) ;
#669 = AXIS2_PLACEMENT_3D ( 'NONE', #1940, #852, #1893 ) ;
#670 = EDGE_CURVE ( 'NONE', #1556, #2515, #1309, .T. ) ;
#671 = EDGE_CURVE ( 'NONE', #1908, #2437, #141, .T. ) ;
#672 = AXIS2_PLACEMENT_3D ( 'NONE', #1299, #768, #3139 ) ;
#673 = EDGE_CURVE ( 'NONE', #1467, #1764, #2023, .T. ) ;
#674 = DIRECTION ( 'NONE',  ( 0.000000000000000000, 0.000000000000000000, 1.000000000000000000 ) ) ;
#675 = LINE ( 'NONE', #1719, #759 ) ;
#676 = VERTEX_POINT ( 'NONE', #2542 ) ;
#677 = FACE_OUTER_BOUND ( 'NONE', #3078, .T. ) ;
#678 = CARTESIAN_POINT ( 'NONE',  ( 0.4793485162175847858, -0.04499999999999995670, 0.2200000000000000011 ) ) ;
#679 = ORIENTED_EDGE ( 'NONE', *, *, #550, .F. ) ;
#680 = PLANE ( 'NONE',  #2095 ) ;
#681 = ORIENTED_EDGE ( 'NONE', *, *, #66, .T. ) ;
#682 = CARTESIAN_POINT ( 'NONE',  ( -0.2271079406397721878, -0.4454458253237557619, 0.2200000000000000011 ) ) ;
#683 = FACE_OUTER_BOUND ( 'NONE', #3247, .T. ) ;
#684 = DIRECTION ( 'NONE',  ( -0.000000000000000000, -0.000000000000000000, -1.000000000000000000 ) ) ;
#685 = CARTESIAN_POINT ( 'NONE',  ( -0.2613248932034035743, 0.4026279923108053715, 0.2200000000000000011 ) ) ;
#686 = ORIENTED_EDGE ( 'NONE', *, *, #360, .F. ) ;
#687 = EDGE_CURVE ( 'NONE', #3127, #701, #2270, .T. ) ;
#688 = CARTESIAN_POINT ( 'NONE',  ( 0.000000000000000000, 0.000000000000000000, 0.2200000000000000011 ) ) ;
#689 = EDGE_CURVE ( 'NONE', #1797, #2195, #1034, .T. ) ;
#690 = DIRECTION ( 'NONE',  ( -0.5000000000000004441, 0.8660254037844383745, 0.000000000000000000 ) ) ;
#691 = ORIENTED_EDGE ( 'NONE', *, *, #820, .T. ) ;
#692 = CARTESIAN_POINT ( 'NONE',  ( -0.2271079406397726319, 0.4454458253237556509, 0.2200000000000000011 ) ) ;
#693 = CARTESIAN_POINT ( 'NONE',  ( -0.04499999999999999833, 0.4291858428704204975, 0.2200000000000000011 ) ) ;
#694 = ORIENTED_EDGE ( 'NONE', *, *, #2284, .T. ) ;
#695 = AXIS2_PLACEMENT_3D ( 'NONE', #2753, #1981, #2735 ) ;
#696 = CARTESIAN_POINT ( 'NONE',  ( 0.3141858428704208950, 0.3141858428704210615, 0.000000000000000000 ) ) ;
#697 = ORIENTED_EDGE ( 'NONE', *, *, #2346, .T. ) ;
#698 = DIRECTION ( 'NONE',  ( 0.000000000000000000, 0.000000000000000000, 1.000000000000000000 ) ) ;
#699 = CARTESIAN_POINT ( 'NONE',  ( 0.000000000000000000, 0.000000000000000000, 0.2200000000000000011 ) ) ;
#700 = VECTOR ( 'NONE', #253, 39.37007874015748854 ) ;
#701 = VERTEX_POINT ( 'NONE', #2793 ) ;
#702 = ORIENTED_EDGE ( 'NONE', *, *, #673, .T. ) ;
#703 = LINE ( 'NONE', #2299, #761 ) ;
#704 = ORIENTED_EDGE ( 'NONE', *, *, #915, .F. ) ;
#705 = FACE_OUTER_BOUND ( 'NONE', #1204, .T. ) ;
#706 = CARTESIAN_POINT ( 'NONE',  ( 0.000000000000000000, 0.000000000000000000, 0.2200000000000000011 ) ) ;
#707 = ADVANCED_FACE ( 'NONE', ( #454 ), #3318, .T. ) ;
#708 = AXIS2_PLACEMENT_3D ( 'NONE', #1656, #1123, #96 ) ;
#709 = DIRECTION ( 'NONE',  ( -1.000000000000000000, 0.000000000000000000, 0.000000000000000000 ) ) ;
#710 = VERTEX_POINT ( 'NONE', #1613 ) ;
#711 = CARTESIAN_POINT ( 'NONE',  ( 0.1756217782649107662, -0.3941858428704207440, 0.2200000000000000011 ) ) ;
#712 = CARTESIAN_POINT ( 'NONE',  ( -3.822945654009372482E-17, 0.2898298351331921596, 0.2348298351331921663 ) ) ;
#713 = EDGE_CURVE ( 'NONE', #2156, #1422, #2940, .T. ) ;
#714 = VERTEX_POINT ( 'NONE', #2080 ) ;
#715 = CARTESIAN_POINT ( 'NONE',  ( 0.4993213710599841426, -0.02604166666666662966, 0.2200000000000000011 ) ) ;
#716 = ORIENTED_EDGE ( 'NONE', *, *, #775, .T. ) ;
#717 = LINE ( 'NONE', #2511, #293 ) ;
#718 = CYLINDRICAL_SURFACE ( 'NONE', #1333, 0.5000000000000001110 ) ;
#719 = ORIENTED_EDGE ( 'NONE', *, *, #1945, .F. ) ;
#720 = VERTEX_POINT ( 'NONE', #604 ) ;
#721 = DIRECTION ( 'NONE',  ( 0.4999999999999995559, 0.8660254037844388186, 0.000000000000000000 ) ) ;
#722 = VERTEX_POINT ( 'NONE', #746 ) ;
#723 = AXIS2_PLACEMENT_3D ( 'NONE', #2837, #497, #244 ) ;
#724 = CARTESIAN_POINT ( 'NONE',  ( 0.4993213710599841426, -0.02604166666666662619, 0.2200000000000000011 ) ) ;
#725 = VECTOR ( 'NONE', #779, 39.37007874015748143 ) ;
#726 = DIRECTION ( 'NONE',  ( 0.000000000000000000, 0.000000000000000000, 1.000000000000000000 ) ) ;
#727 = AXIS2_PLACEMENT_3D ( 'NONE', #2252, #476, #1460 ) ;
#728 = DIRECTION ( 'NONE',  ( -1.000000000000000000, 0.000000000000000000, 0.000000000000000000 ) ) ;
#729 = ORIENTED_EDGE ( 'NONE', *, *, #737, .T. ) ;
#730 = CARTESIAN_POINT ( 'NONE',  ( 0.04500000000000006772, -0.4979708826829136181, 0.000000000000000000 ) ) ;
#731 = CARTESIAN_POINT ( 'NONE',  ( 0.02604166666666673721, -0.4993213710599841426, 0.2200000000000000011 ) ) ;
#732 = CONICAL_SURFACE ( 'NONE', #2318, 0.3050000000000000488, 0.7853981633974500554 ) ;
#733 = EDGE_LOOP ( 'NONE', ( #1757, #425, #258, #1876 ) ) ;
#734 = CARTESIAN_POINT ( 'NONE',  ( 0.2509999999999998344, 0.05030208649516668129, 0.2006956095858736522 ) ) ;
#735 = ORIENTED_EDGE ( 'NONE', *, *, #316, .F. ) ;
#736 = LINE ( 'NONE', #2258, #3278 ) ;
#737 = EDGE_CURVE ( 'NONE', #351, #564, #3100, .T. ) ;
#738 = DIRECTION ( 'NONE',  ( -0.000000000000000000, -0.000000000000000000, -1.000000000000000000 ) ) ;
#739 = CIRCLE ( 'NONE', #1225, 0.3050000000000000488 ) ;
#740 = ORIENTED_EDGE ( 'NONE', *, *, #3254, .F. ) ;
#741 = DIRECTION ( 'NONE',  ( -0.000000000000000000, -0.000000000000000000, -1.000000000000000000 ) ) ;
#742 = ORIENTED_EDGE ( 'NONE', *, *, #713, .T. ) ;
#743 = ADVANCED_FACE ( 'NONE', ( #2657 ), #3117, .T. ) ;
#744 = EDGE_CURVE ( 'NONE', #3260, #893, #334, .T. ) ;
#745 = DIRECTION ( 'NONE',  ( -0.000000000000000000, -0.000000000000000000, -1.000000000000000000 ) ) ;
#746 = CARTESIAN_POINT ( 'NONE',  ( 0.04499999999999999140, 0.4793485162175848413, 0.2200000000000000011 ) ) ;
#747 = ORIENTED_EDGE ( 'NONE', *, *, #671, .T. ) ;
#748 = DIRECTION ( 'NONE',  ( -1.000000000000000000, 0.000000000000000000, 0.000000000000000000 ) ) ;
#749 = CARTESIAN_POINT ( 'NONE',  ( -0.2109617472177702513, 0.1680310135882987221, 0.2136748927589837144 ) ) ;
#750 = DIRECTION ( 'NONE',  ( 0.4999999999999991118, 0.8660254037844391517, -0.000000000000000000 ) ) ;
#751 = ORIENTED_EDGE ( 'NONE', *, *, #744, .T. ) ;
#752 = LINE ( 'NONE', #2031, #1055 ) ;
#753 = DIRECTION ( 'NONE',  ( -0.000000000000000000, -0.000000000000000000, -1.000000000000000000 ) ) ;
#754 = AXIS2_PLACEMENT_3D ( 'NONE', #2193, #577, #1117 ) ;
#755 = ADVANCED_FACE ( 'NONE', ( #315 ), #2594, .T. ) ;
#756 = ORIENTED_EDGE ( 'NONE', *, *, #161, .F. ) ;
#757 = CARTESIAN_POINT ( 'NONE',  ( -0.5000000000000001110, 0.000000000000000000, 0.000000000000000000 ) ) ;
#758 = ORIENTED_EDGE ( 'NONE', *, *, #1979, .T. ) ;
#759 = VECTOR ( 'NONE', #1968, 39.37007874015748143 ) ;
#760 = EDGE_CURVE ( 'NONE', #2313, #2996, #1644, .T. ) ;
#761 = VECTOR ( 'NONE', #3349, 39.37007874015748143 ) ;
#762 = CARTESIAN_POINT ( 'NONE',  ( 0.2786454012790923196, -0.3926279923108053072, 0.000000000000000000 ) ) ;
#763 = DIRECTION ( 'NONE',  ( -1.000000000000000000, 0.000000000000000000, 0.000000000000000000 ) ) ;
#764 = ORIENTED_EDGE ( 'NONE', *, *, #2758, .F. ) ;
#765 = CARTESIAN_POINT ( 'NONE',  ( 0.1150000000000000050, 0.4291858428704209971, 0.000000000000000000 ) ) ;
#766 = DIRECTION ( 'NONE',  ( -0.000000000000000000, -0.000000000000000000, -1.000000000000000000 ) ) ;
#767 = EDGE_LOOP ( 'NONE', ( #967, #2822, #2396, #1450 ) ) ;
#768 = DIRECTION ( 'NONE',  ( 0.000000000000000000, 0.000000000000000000, -1.000000000000000000 ) ) ;
#769 = ORIENTED_EDGE ( 'NONE', *, *, #2557, .F. ) ;
#770 = CARTESIAN_POINT ( 'NONE',  ( -0.02499999999999993547, -0.4793485162175847858, 0.2200000000000000011 ) ) ;
#771 = DIRECTION ( 'NONE',  ( -0.000000000000000000, -0.000000000000000000, -1.000000000000000000 ) ) ;
#772 = VERTEX_POINT ( 'NONE', #1278 ) ;
#773 = CARTESIAN_POINT ( 'NONE',  ( -0.4026279923108053715, -0.2613248932034035743, 0.2200000000000000011 ) ) ;
#774 = ORIENTED_EDGE ( 'NONE', *, *, #1013, .T. ) ;
#775 = EDGE_CURVE ( 'NONE', #2928, #720, #2773, .T. ) ;
#776 = CARTESIAN_POINT ( 'NONE',  ( -0.4793485162175847858, -0.04500000000000010242, 0.000000000000000000 ) ) ;
#777 = EDGE_CURVE ( 'NONE', #1810, #2713, #269, .T. ) ;
#778 = ORIENTED_EDGE ( 'NONE', *, *, #2901, .F. ) ;
#779 = DIRECTION ( 'NONE',  ( 0.000000000000000000, 0.000000000000000000, -1.000000000000000000 ) ) ;
#780 = VECTOR ( 'NONE', #579, 39.37007874015748143 ) ;
#781 = EDGE_CURVE ( 'NONE', #1200, #390, #2177, .T. ) ;
#782 = DIRECTION ( 'NONE',  ( 0.4999999999999999445, 0.8660254037844387076, 0.000000000000000000 ) ) ;
#783 = AXIS2_PLACEMENT_3D ( 'NONE', #1615, #2659, #1974 ) ;
#784 = DIRECTION ( 'NONE',  ( -0.000000000000000000, -0.000000000000000000, -1.000000000000000000 ) ) ;
#785 = VERTEX_POINT ( 'NONE', #3334 ) ;
#786 = CYLINDRICAL_SURFACE ( 'NONE', #451, 0.07000000000000000666 ) ;
#787 = VECTOR ( 'NONE', #784, 39.37007874015748143 ) ;
#788 = CARTESIAN_POINT ( 'NONE',  ( 0.1696120970520097193, -0.1919042452423974088, 0.04918007654539836154 ) ) ;
#789 = VECTOR ( 'NONE', #2507, 39.37007874015748143 ) ;
#790 = ORIENTED_EDGE ( 'NONE', *, *, #2366, .T. ) ;
#791 = CARTESIAN_POINT ( 'NONE',  ( -0.4276279923108052827, -0.2180236230141816001, 0.2200000000000000011 ) ) ;
#792 = ORIENTED_EDGE ( 'NONE', *, *, #844, .F. ) ;
#793 = AXIS2_PLACEMENT_3D ( 'NONE', #1186, #2230, #928 ) ;
#794 = DIRECTION ( 'NONE',  ( -1.000000000000000000, 0.000000000000000000, 0.000000000000000000 ) ) ;
#795 = EDGE_CURVE ( 'NONE', #23, #471, #1790, .T. ) ;
#796 = ORIENTED_EDGE ( 'NONE', *, *, #318, .F. ) ;
#797 = DIRECTION ( 'NONE',  ( 1.000000000000000000, 1.034701244051712651E-16, 0.000000000000000000 ) ) ;
#798 = CARTESIAN_POINT ( 'NONE',  ( 0.000000000000000000, 0.000000000000000000, 0.2500000000000000000 ) ) ;
#799 = EDGE_CURVE ( 'NONE', #3029, #1459, #374, .T. ) ;
#800 = VERTEX_POINT ( 'NONE', #2576 ) ;
#801 = DIRECTION ( 'NONE',  ( -0.8660254037844391517, 0.4999999999999991118, 0.000000000000000000 ) ) ;
#802 = ORIENTED_EDGE ( 'NONE', *, *, #1050, .F. ) ;
#803 = CARTESIAN_POINT ( 'NONE',  ( 0.1756217782649107384, 0.3941858428704210215, 0.2200000000000000011 ) ) ;
#804 = DIRECTION ( 'NONE',  ( -1.000000000000000000, 0.000000000000000000, 0.000000000000000000 ) ) ;
#805 = VERTEX_POINT ( 'NONE', #236 ) ;
#806 = LINE ( 'NONE', #2383, #1082 ) ;
#807 = ORIENTED_EDGE ( 'NONE', *, *, #1548, .F. ) ;
#808 = CARTESIAN_POINT ( 'NONE',  ( -0.2100142981711569101, -0.4537554347483636619, 0.2200000000000000011 ) ) ;
#809 = CIRCLE ( 'NONE', #1408, 0.5000000000000001110 ) ;
#810 = AXIS2_PLACEMENT_3D ( 'NONE', #2418, #1114, #2163 ) ;
#811 = EDGE_LOOP ( 'NONE', ( #1369, #3190, #2089, #1207 ) ) ;
#812 = DIRECTION ( 'NONE',  ( 0.5000000000000004441, -0.8660254037844383745, 0.000000000000000000 ) ) ;
#813 = CIRCLE ( 'NONE', #1254, 0.07000000000000000666 ) ;
#814 = ADVANCED_FACE ( 'NONE', ( #3180 ), #3353, .T. ) ;
#815 = PLANE ( 'NONE',  #303 ) ;
#816 = VERTEX_POINT ( 'NONE', #1888 ) ;
#817 = FACE_OUTER_BOUND ( 'NONE', #3076, .T. ) ;
#818 = ORIENTED_EDGE ( 'NONE', *, *, #40, .F. ) ;
#819 = LINE ( 'NONE', #44, #3064 ) ;
#820 = EDGE_CURVE ( 'NONE', #1200, #566, #2062, .T. ) ;
#821 = DIRECTION ( 'NONE',  ( 0.000000000000000000, 0.000000000000000000, -1.000000000000000000 ) ) ;
#822 = CIRCLE ( 'NONE', #3165, 0.06999999999999999278 ) ;
#823 = ORIENTED_EDGE ( 'NONE', *, *, #104, .T. ) ;
#824 = DIRECTION ( 'NONE',  ( 0.000000000000000000, 0.000000000000000000, -1.000000000000000000 ) ) ;
#825 = VERTEX_POINT ( 'NONE', #505 ) ;
#826 = EDGE_CURVE ( 'NONE', #996, #2571, #3039, .T. ) ;
#827 = CARTESIAN_POINT ( 'NONE',  ( 0.2510000000000000009, 0.02550306760792189070, 0.05400000000000039491 ) ) ;
#828 = CARTESIAN_POINT ( 'NONE',  ( -0.4276279923108055603, 0.2180236230141810450, 0.2200000000000000011 ) ) ;
#829 = CARTESIAN_POINT ( 'NONE',  ( -0.2510000000000000564, -0.05030208649516663966, 0.2006956095858738187 ) ) ;
#830 = CARTESIAN_POINT ( 'NONE',  ( 0.1150000000000000050, 0.4291858428704209971, 0.2200000000000000011 ) ) ;
#831 = AXIS2_PLACEMENT_3D ( 'NONE', #1909, #56, #372 ) ;
#832 = CARTESIAN_POINT ( 'NONE',  ( -0.2510000000000000009, -0.1449149175665960243, 0.01517016486680787361 ) ) ;
#833 = EDGE_LOOP ( 'NONE', ( #2440, #3300, #2063, #2037 ) ) ;
#834 = AXIS2_PLACEMENT_3D ( 'NONE', #919, #481, #2819 ) ;
#835 = CARTESIAN_POINT ( 'NONE',  ( 0.4291858428704208861, 0.1150000000000000189, 0.2200000000000000011 ) ) ;
#836 = CARTESIAN_POINT ( 'NONE',  ( 0.4276279923108053382, 0.2180236230141815168, 0.2200000000000000011 ) ) ;
#837 = CIRCLE ( 'NONE', #1433, 0.5000000000000001110 ) ;
#838 = EDGE_CURVE ( 'NONE', #2525, #2536, #2882, .T. ) ;
#839 = VERTEX_POINT ( 'NONE', #3196 ) ;
#840 = DIRECTION ( 'NONE',  ( -1.000000000000000000, 0.000000000000000000, 0.000000000000000000 ) ) ;
#841 = VERTEX_POINT ( 'NONE', #667 ) ;
#842 = AXIS2_PLACEMENT_3D ( 'NONE', #1601, #242, #1345 ) ;
#843 = CIRCLE ( 'NONE', #894, 0.01999999999999999001 ) ;
#844 = EDGE_CURVE ( 'NONE', #3324, #1391, #1251, .T. ) ;
#845 = CARTESIAN_POINT ( 'NONE',  ( 0.2879565845117565415, 0.4087554347483636774, 0.2200000000000000011 ) ) ;
#846 = DIRECTION ( 'NONE',  ( -1.034701244051712405E-16, 1.000000000000000000, 0.000000000000000000 ) ) ;
#847 = CIRCLE ( 'NONE', #2751, 0.07000000000000000666 ) ;
#848 = CARTESIAN_POINT ( 'NONE',  ( -0.2180236230141816833, 0.4276279923108053382, 0.2200000000000000011 ) ) ;
#849 = CARTESIAN_POINT ( 'NONE',  ( 0.000000000000000000, 0.000000000000000000, 0.2500000000000000000 ) ) ;
#850 = ORIENTED_EDGE ( 'NONE', *, *, #2405, .F. ) ;
#851 = ORIENTED_EDGE ( 'NONE', *, *, #3268, .T. ) ;
#852 = DIRECTION ( 'NONE',  ( 0.000000000000000000, 0.000000000000000000, -1.000000000000000000 ) ) ;
#853 = FACE_OUTER_BOUND ( 'NONE', #2731, .T. ) ;
#854 = ORIENTED_EDGE ( 'NONE', *, *, #915, .T. ) ;
#855 =( LENGTH_UNIT ( ) NAMED_UNIT ( * ) SI_UNIT ( $, .METRE. ) );
#856 = ORIENTED_EDGE ( 'NONE', *, *, #52, .F. ) ;
#857 = CARTESIAN_POINT ( 'NONE',  ( 0.02604166666666673721, -0.4993213710599841426, 0.2200000000000000011 ) ) ;
#858 = ADVANCED_FACE ( 'NONE', ( #3020 ), #1934, .T. ) ;
#859 = DIRECTION ( 'NONE',  ( -1.000000000000000000, 0.000000000000000000, 0.000000000000000000 ) ) ;
#860 = CARTESIAN_POINT ( 'NONE',  ( 0.000000000000000000, 0.000000000000000000, 0.000000000000000000 ) ) ;
#861 = EDGE_CURVE ( 'NONE', #676, #1069, #924, .T. ) ;
#862 = VECTOR ( 'NONE', #2044, 39.37007874015748143 ) ;
#863 = CARTESIAN_POINT ( 'NONE',  ( -0.2113351349030652970, -0.1678154381076815416, 0.2138803070709860976 ) ) ;
#864 = VECTOR ( 'NONE', #2552, 39.37007874015748854 ) ;
#865 = DIRECTION ( 'NONE',  ( 0.000000000000000000, 0.000000000000000000, 1.000000000000000000 ) ) ;
#866 = ORIENTED_EDGE ( 'NONE', *, *, #1373, .T. ) ;
#867 = DIRECTION ( 'NONE',  ( 0.000000000000000000, 0.000000000000000000, -1.000000000000000000 ) ) ;
#868 = DIRECTION ( 'NONE',  ( 0.000000000000000000, 0.000000000000000000, 1.000000000000000000 ) ) ;
#869 = ORIENTED_EDGE ( 'NONE', *, *, #7, .F. ) ;
#870 = DIRECTION ( 'NONE',  ( -0.8660254037844385966, -0.5000000000000003331, 0.000000000000000000 ) ) ;
#871 = CARTESIAN_POINT ( 'NONE',  ( -0.02500000000000000486, 0.4793485162175848413, 0.000000000000000000 ) ) ;
#872 = DIRECTION ( 'NONE',  ( -1.000000000000000000, 0.000000000000000000, 0.000000000000000000 ) ) ;
#873 = PLANE ( 'NONE',  #754 ) ;
#874 = CARTESIAN_POINT ( 'NONE',  ( -0.01961125325522503765, -0.2785072727871420462, 0.02649272721285788820 ) ) ;
#875 = ORIENTED_EDGE ( 'NONE', *, *, #504, .F. ) ;
#876 = AXIS2_PLACEMENT_3D ( 'NONE', #3015, #2014, #1468 ) ;
#877 = VECTOR ( 'NONE', #745, 39.37007874015748143 ) ;
#878 = ADVANCED_FACE ( 'NONE', ( #1406 ), #1677, .T. ) ;
#879 = CARTESIAN_POINT ( 'NONE',  ( -0.1696120970520098303, -0.1919042452423972700, 0.2008199234546015621 ) ) ;
#880 = ORIENTED_EDGE ( 'NONE', *, *, #1885, .F. ) ;
#881 = ADVANCED_FACE ( 'NONE', ( #412 ), #2178, .T. ) ;
#882 = LINE ( 'NONE', #3199, #3147 ) ;
#883 = ORIENTED_EDGE ( 'NONE', *, *, #2604, .F. ) ;
#884 = CARTESIAN_POINT ( 'NONE',  ( -0.3941858428704215767, 0.1756217782649106829, 0.2200000000000000011 ) ) ;
#885 = CARTESIAN_POINT ( 'NONE',  ( 0.4454458253237556509, 0.2271079406397724099, 0.000000000000000000 ) ) ;
#886 = ORIENTED_EDGE ( 'NONE', *, *, #2977, .F. ) ;
#887 = FACE_OUTER_BOUND ( 'NONE', #1819, .T. ) ;
#888 = VECTOR ( 'NONE', #1027, 39.37007874015748143 ) ;
#889 = PLANE ( 'NONE',  #946 ) ;
#890 = AXIS2_PLACEMENT_3D ( 'NONE', #1522, #1209, #201 ) ;
#891 = DIRECTION ( 'NONE',  ( -0.000000000000000000, -0.000000000000000000, -1.000000000000000000 ) ) ;
#892 = CARTESIAN_POINT ( 'NONE',  ( -0.08138790294799018443, -0.2428405074573908307, 0.04918007654539837542 ) ) ;
#893 = VERTEX_POINT ( 'NONE', #3259 ) ;
#894 = AXIS2_PLACEMENT_3D ( 'NONE', #836, #868, #1365 ) ;
#895 = CARTESIAN_POINT ( 'NONE',  ( 0.3591858428704208794, 0.1150000000000000189, 0.2200000000000000011 ) ) ;
#896 = CIRCLE ( 'NONE', #573, 0.01999999999999999001 ) ;
#897 = EDGE_CURVE ( 'NONE', #3377, #785, #2829, .T. ) ;
#898 = DIRECTION ( 'NONE',  ( 0.4999999999999998335, 0.8660254037844388186, 0.000000000000000000 ) ) ;
#899 = ORIENTED_EDGE ( 'NONE', *, *, #2512, .F. ) ;
#900 = CARTESIAN_POINT ( 'NONE',  ( -0.2510000000000000564, 0.09876657846391315165, 0.03626241392344144859 ) ) ;
#901 = CARTESIAN_POINT ( 'NONE',  ( -0.2613248932034032412, -0.4026279923108055381, 0.000000000000000000 ) ) ;
#902 = EDGE_CURVE ( 'NONE', #3156, #3175, #2463, .T. ) ;
#903 = ORIENTED_EDGE ( 'NONE', *, *, #21, .T. ) ;
#904 = CARTESIAN_POINT ( 'NONE',  ( -0.1756217782649106829, -0.3941858428704211326, 0.2200000000000000011 ) ) ;
#905 = FACE_OUTER_BOUND ( 'NONE', #1147, .T. ) ;
#906 = DIRECTION ( 'NONE',  ( -1.000000000000000000, 6.829619984160661399E-15, 0.000000000000000000 ) ) ;
#907 = DIRECTION ( 'NONE',  ( -0.000000000000000000, -0.000000000000000000, 1.000000000000000000 ) ) ;
#908 = EDGE_LOOP ( 'NONE', ( #3062, #270, #912, #1707 ) ) ;
#909 = CARTESIAN_POINT ( 'NONE',  ( 0.000000000000000000, 0.000000000000000000, 0.000000000000000000 ) ) ;
#910 = VECTOR ( 'NONE', #2923, 39.37007874015748143 ) ;
#911 = FACE_OUTER_BOUND ( 'NONE', #418, .T. ) ;
#912 = ORIENTED_EDGE ( 'NONE', *, *, #2734, .F. ) ;
#913 = CARTESIAN_POINT ( 'NONE',  ( 0.2509999999999999454, -0.09876657846391322104, 0.03626241392344150410 ) ) ;
#914 = AXIS2_PLACEMENT_3D ( 'NONE', #985, #1902, #69 ) ;
#915 = EDGE_CURVE ( 'NONE', #1908, #1558, #3258, .T. ) ;
#916 = FACE_OUTER_BOUND ( 'NONE', #2184, .T. ) ;
#917 = AXIS2_PLACEMENT_3D ( 'NONE', #136, #2225, #1965 ) ;
#918 = ORIENTED_EDGE ( 'NONE', *, *, #3176, .F. ) ;
#919 = CARTESIAN_POINT ( 'NONE',  ( 0.000000000000000000, 0.000000000000000000, 0.000000000000000000 ) ) ;
#920 = EDGE_CURVE ( 'NONE', #2896, #2291, #2953, .T. ) ;
#921 = EDGE_CURVE ( 'NONE', #2411, #1192, #1800, .T. ) ;
#922 = LINE ( 'NONE', #1961, #1385 ) ;
#923 = CARTESIAN_POINT ( 'NONE',  ( 0.04499999999999999140, 0.4793485162175848413, 0.2200000000000000011 ) ) ;
#924 = LINE ( 'NONE', #637, #38 ) ;
#925 = ORIENTED_EDGE ( 'NONE', *, *, #1921, .T. ) ;
#926 = ADVANCED_FACE ( 'NONE', ( #2436 ), #102, .T. ) ;
#927 = AXIS2_PLACEMENT_3D ( 'NONE', #2079, #2301, #3115 ) ;
#928 = DIRECTION ( 'NONE',  ( -1.000000000000000000, 0.000000000000000000, 0.000000000000000000 ) ) ;
#929 = CARTESIAN_POINT ( 'NONE',  ( 0.2722134304202117883, 0.4194041586570890767, 0.2200000000000000011 ) ) ;
#930 = ORIENTED_EDGE ( 'NONE', *, *, #66, .F. ) ;
#931 = CARTESIAN_POINT ( 'NONE',  ( 0.2100142981711572709, -0.4537554347483636064, 0.2200000000000000011 ) ) ;
#932 = CARTESIAN_POINT ( 'NONE',  ( -0.2510000000000000009, 0.09866869098482697331, 0.2144818672987053032 ) ) ;
#933 = EDGE_LOOP ( 'NONE', ( #2682, #2045, #16, #1416 ) ) ;
#934 = FACE_OUTER_BOUND ( 'NONE', #908, .T. ) ;
#935 = VERTEX_POINT ( 'NONE', #619 ) ;
#936 = DIRECTION ( 'NONE',  ( 0.000000000000000000, 0.000000000000000000, 1.000000000000000000 ) ) ;
#937 = FACE_OUTER_BOUND ( 'NONE', #2118, .T. ) ;
#938 = EDGE_CURVE ( 'NONE', #816, #2407, #1982, .T. ) ;
#939 = ORIENTED_EDGE ( 'NONE', *, *, #460, .F. ) ;
#940 = DIRECTION ( 'NONE',  ( -1.000000000000000000, 0.000000000000000000, 0.000000000000000000 ) ) ;
#941 = CARTESIAN_POINT ( 'NONE',  ( -0.2109617472177703068, -0.1680310135882986389, 0.03632510724101632033 ) ) ;
#942 = VERTEX_POINT ( 'NONE', #2194 ) ;
#943 = AXIS2_PLACEMENT_3D ( 'NONE', #2766, #3032, #2801 ) ;
#944 = AXIS2_PLACEMENT_3D ( 'NONE', #2799, #1706, #2493 ) ;
#945 = EDGE_CURVE ( 'NONE', #2156, #3029, #2706, .T. ) ;
#946 = AXIS2_PLACEMENT_3D ( 'NONE', #2733, #392, #2478 ) ;
#947 = CARTESIAN_POINT ( 'NONE',  ( -0.3200000000000006173, 0.000000000000000000, 0.2500000000000000000 ) ) ;
#948 = VECTOR ( 'NONE', #389, 39.37007874015748143 ) ;
#949 = LINE ( 'NONE', #2487, #3153 ) ;
#950 = ORIENTED_EDGE ( 'NONE', *, *, #468, .F. ) ;
#951 = DIRECTION ( 'NONE',  ( -0.000000000000000000, -0.000000000000000000, -1.000000000000000000 ) ) ;
#952 = CIRCLE ( 'NONE', #1832, 0.5000000000000001110 ) ;
#953 = CARTESIAN_POINT ( 'NONE',  ( 0.4993213710599841426, 0.02604166666666670599, 0.2200000000000000011 ) ) ;
#954 = EDGE_LOOP ( 'NONE', ( #2488, #3343, #2622, #3044 ) ) ;
#955 = CARTESIAN_POINT ( 'NONE',  ( 0.2509999999999998899, -0.08662625656543142261, 0.2102738539766237647 ) ) ;
#956 = ORIENTED_EDGE ( 'NONE', *, *, #1361, .T. ) ;
#957 = CARTESIAN_POINT ( 'NONE',  ( -0.4194041586570888547, -0.2722134304202120103, 0.000000000000000000 ) ) ;
#958 = DIRECTION ( 'NONE',  ( 0.000000000000000000, 0.000000000000000000, 1.000000000000000000 ) ) ;
#959 = EDGE_LOOP ( 'NONE', ( #2494, #276, #1407, #2030 ) ) ;
#960 = ORIENTED_EDGE ( 'NONE', *, *, #1006, .F. ) ;
#961 = CARTESIAN_POINT ( 'NONE',  ( -0.2113351349030653525, 0.1678154381076815971, 0.03611969292901386769 ) ) ;
#962 = ORIENTED_EDGE ( 'NONE', *, *, #2886, .T. ) ;
#963 = EDGE_CURVE ( 'NONE', #1044, #1803, #1168, .T. ) ;
#964 = ADVANCED_FACE ( 'NONE', ( #1128 ), #2056, .F. ) ;
#965 = CARTESIAN_POINT ( 'NONE',  ( -0.01972674344382906869, -0.2784405944956627743, 0.2234405944956574241 ) ) ;
#966 = CARTESIAN_POINT ( 'NONE',  ( -0.3141858428704207840, -0.3141858428704210615, 0.2200000000000000011 ) ) ;
#967 = ORIENTED_EDGE ( 'NONE', *, *, #414, .F. ) ;
#968 = CARTESIAN_POINT ( 'NONE',  ( -0.3926279923108056957, 0.2786454012790918755, 0.2200000000000000011 ) ) ;
#969 = CARTESIAN_POINT ( 'NONE',  ( -0.2510000000000000009, 0.02550306760792194274, 0.1959999999999995635 ) ) ;
#970 = ORIENTED_EDGE ( 'NONE', *, *, #1289, .T. ) ;
#971 = AXIS2_PLACEMENT_3D ( 'NONE', #1354, #1081, #2385 ) ;
#972 = DIRECTION ( 'NONE',  ( -1.000000000000000000, 0.000000000000000000, 0.000000000000000000 ) ) ;
#973 = ORIENTED_EDGE ( 'NONE', *, *, #2869, .F. ) ;
#974 = DIRECTION ( 'NONE',  ( 0.000000000000000000, 0.000000000000000000, 1.000000000000000000 ) ) ;
#975 = CARTESIAN_POINT ( 'NONE',  ( -3.170254741915370081E-17, 0.2898298351331921596, 0.000000000000000000 ) ) ;
#976 = AXIS2_PLACEMENT_3D ( 'NONE', #1020, #2401, #846 ) ;
#977 = ORIENTED_EDGE ( 'NONE', *, *, #1052, .T. ) ;
#978 = ORIENTED_EDGE ( 'NONE', *, *, #2180, .F. ) ;
#979 = VECTOR ( 'NONE', #2920, 39.37007874015748143 ) ;
#980 = LINE ( 'NONE', #1234, #2345 ) ;
#981 = ORIENTED_EDGE ( 'NONE', *, *, #2943, .F. ) ;
#982 = CARTESIAN_POINT ( 'NONE',  ( -0.2007031149384928825, 0.4376279923108054026, 0.000000000000000000 ) ) ;
#983 = DIRECTION ( 'NONE',  ( -1.000000000000000000, 0.000000000000000000, 0.000000000000000000 ) ) ;
#984 = EDGE_CURVE ( 'NONE', #1526, #2928, #2888, .T. ) ;
#985 = CARTESIAN_POINT ( 'NONE',  ( 0.4793485162175847858, 0.02500000000000003608, 0.2200000000000000011 ) ) ;
#986 = ORIENTED_EDGE ( 'NONE', *, *, #2004, .T. ) ;
#987 = CARTESIAN_POINT ( 'NONE',  ( -0.4476279923108053005, -0.2180236230141816001, 0.2200000000000000011 ) ) ;
#988 = VECTOR ( 'NONE', #450, 39.37007874015748143 ) ;
#989 = LINE ( 'NONE', #2762, #1660 ) ;
#990 = ORIENTED_EDGE ( 'NONE', *, *, #302, .T. ) ;
#991 = EDGE_CURVE ( 'NONE', #722, #2515, #980, .T. ) ;
#992 = DIRECTION ( 'NONE',  ( -1.000000000000000000, 0.000000000000000000, 0.000000000000000000 ) ) ;
#993 = ORIENTED_EDGE ( 'NONE', *, *, #2557, .T. ) ;
#994 = DIRECTION ( 'NONE',  ( -1.000000000000000000, 0.000000000000000000, 0.000000000000000000 ) ) ;
#995 = EDGE_LOOP ( 'NONE', ( #3295, #2424, #1053, #3303 ) ) ;
#996 = VERTEX_POINT ( 'NONE', #1255 ) ;
#997 = CARTESIAN_POINT ( 'NONE',  ( 0.4537554347483636619, 0.2100142981711571599, 0.000000000000000000 ) ) ;
#998 = VERTEX_POINT ( 'NONE', #2017 ) ;
#999 = VECTOR ( 'NONE', #2360, 39.37007874015748143 ) ;
#1000 = CARTESIAN_POINT ( 'NONE',  ( 0.2722134304202117328, 0.4194041586570889657, 0.2200000000000000011 ) ) ;
#1001 = AXIS2_PLACEMENT_3D ( 'NONE', #3085, #1242, #1446 ) ;
#1002 = CIRCLE ( 'NONE', #2474, 0.5000000000000002220 ) ;
#1003 = DIRECTION ( 'NONE',  ( 0.4999999999999998335, 0.8660254037844385966, 0.000000000000000000 ) ) ;
#1004 = VERTEX_POINT ( 'NONE', #757 ) ;
#1005 = CARTESIAN_POINT ( 'NONE',  ( 0.2613248932034032967, 0.4026279923108054826, 0.000000000000000000 ) ) ;
#1006 = EDGE_CURVE ( 'NONE', #2748, #2627, #1802, .T. ) ;
#1007 = DIRECTION ( 'NONE',  ( 0.000000000000000000, 0.000000000000000000, 1.000000000000000000 ) ) ;
#1008 = CIRCLE ( 'NONE', #2151, 0.07000000000000000666 ) ;
#1009 = ORIENTED_EDGE ( 'NONE', *, *, #2738, .F. ) ;
#1010 = LINE ( 'NONE', #2256, #19 ) ;
#1011 = EDGE_LOOP ( 'NONE', ( #2916, #1214, #325, #1021 ) ) ;
#1012 = CARTESIAN_POINT ( 'NONE',  ( -0.4291858428704207751, -0.04500000000000008854, 0.000000000000000000 ) ) ;
#1013 = EDGE_CURVE ( 'NONE', #3031, #2997, #2806, .T. ) ;
#1014 = FACE_OUTER_BOUND ( 'NONE', #274, .T. ) ;
#1015 = PRODUCT_DEFINITION_FORMATION_WITH_SPECIFIED_SOURCE ( 'ANY', '', #1144, .NOT_KNOWN. ) ;
#1016 = VERTEX_POINT ( 'NONE', #3095 ) ;
#1017 = DIRECTION ( 'NONE',  ( -0.8660254037844385966, -0.5000000000000002220, 0.000000000000000000 ) ) ;
#1018 = ORIENTED_EDGE ( 'NONE', *, *, #1867, .F. ) ;
#1019 = DIRECTION ( 'NONE',  ( 0.000000000000000000, 0.000000000000000000, 1.000000000000000000 ) ) ;
#1020 = CARTESIAN_POINT ( 'NONE',  ( 0.04499999999999999140, 0.4979708826829136736, 0.2200000000000000011 ) ) ;
#1021 = ORIENTED_EDGE ( 'NONE', *, *, #3366, .F. ) ;
#1022 = CARTESIAN_POINT ( 'NONE',  ( 0.2271079406397722711, 0.4454458253237555398, 0.2200000000000000011 ) ) ;
#1023 = CARTESIAN_POINT ( 'NONE',  ( -0.4979708826829136736, 0.04499999999999989425, 0.2200000000000000011 ) ) ;
#1024 = EDGE_CURVE ( 'NONE', #2695, #1459, #448, .T. ) ;
#1025 = FACE_OUTER_BOUND ( 'NONE', #833, .T. ) ;
#1026 = ORIENTED_EDGE ( 'NONE', *, *, #799, .F. ) ;
#1027 = DIRECTION ( 'NONE',  ( 0.8660254037844391517, -0.4999999999999991673, 0.000000000000000000 ) ) ;
#1028 = FACE_OUTER_BOUND ( 'NONE', #1329, .T. ) ;
#1029 = CIRCLE ( 'NONE', #3251, 0.01999999999999999001 ) ;
#1030 = EDGE_CURVE ( 'NONE', #893, #3127, #1629, .T. ) ;
#1031 = ORIENTED_EDGE ( 'NONE', *, *, #36, .T. ) ;
#1032 = DIRECTION ( 'NONE',  ( -1.000000000000000000, 0.000000000000000000, 0.000000000000000000 ) ) ;
#1033 = ORIENTED_EDGE ( 'NONE', *, *, #57, .F. ) ;
#1034 = CIRCLE ( 'NONE', #1461, 0.01999999999999999001 ) ;
#1035 = VECTOR ( 'NONE', #1017, 39.37007874015747433 ) ;
#1036 = ADVANCED_FACE ( 'NONE', ( #190 ), #1765, .T. ) ;
#1037 = DIRECTION ( 'NONE',  ( -1.000000000000000000, 0.000000000000000000, 0.000000000000000000 ) ) ;
#1038 = DIRECTION ( 'NONE',  ( 0.000000000000000000, 0.000000000000000000, 1.000000000000000000 ) ) ;
#1039 = EDGE_LOOP ( 'NONE', ( #3002, #2334, #2784, #533 ) ) ;
#1040 = DIRECTION ( 'NONE',  ( -0.000000000000000000, -0.000000000000000000, -1.000000000000000000 ) ) ;
#1041 = DIRECTION ( 'NONE',  ( -1.000000000000000000, 0.000000000000000000, 0.000000000000000000 ) ) ;
#1042 = AXIS2_PLACEMENT_3D ( 'NONE', #1401, #870, #2981 ) ;
#1043 = DIRECTION ( 'NONE',  ( -1.000000000000000000, 0.000000000000000000, 0.000000000000000000 ) ) ;
#1044 = VERTEX_POINT ( 'NONE', #3309 ) ;
#1045 = DIRECTION ( 'NONE',  ( -1.000000000000000000, 0.000000000000000000, 0.000000000000000000 ) ) ;
#1046 = CARTESIAN_POINT ( 'NONE',  ( 0.4291858428704210526, -0.1149999999999999911, 0.2200000000000000011 ) ) ;
#1047 = ORIENTED_EDGE ( 'NONE', *, *, #607, .T. ) ;
#1048 = DIRECTION ( 'NONE',  ( -0.000000000000000000, -0.000000000000000000, -1.000000000000000000 ) ) ;
#1049 = ORIENTED_EDGE ( 'NONE', *, *, #2410, .F. ) ;
#1050 = EDGE_CURVE ( 'NONE', #2016, #1959, #703, .T. ) ;
#1051 = CARTESIAN_POINT ( 'NONE',  ( 0.2109617472177702235, 0.1680310135882987221, 0.03632510724101636890 ) ) ;
#1052 = EDGE_CURVE ( 'NONE', #1413, #2839, #2501, .T. ) ;
#1053 = ORIENTED_EDGE ( 'NONE', *, *, #2387, .F. ) ;
#1054 = DIRECTION ( 'NONE',  ( 0.000000000000000000, 0.000000000000000000, 1.000000000000000000 ) ) ;
#1055 = VECTOR ( 'NONE', #1211, 39.37007874015748143 ) ;
#1056 = CARTESIAN_POINT ( 'NONE',  ( -0.2510000000000000009, 0.1449149175665961353, 0.2348298351331921940 ) ) ;
#1057 = AXIS2_PLACEMENT_3D ( 'NONE', #1262, #3336, #748 ) ;
#1058 = DIRECTION ( 'NONE',  ( 0.000000000000000000, 0.000000000000000000, -1.000000000000000000 ) ) ;
#1059 = ORIENTED_EDGE ( 'NONE', *, *, #3366, .T. ) ;
#1060 = DIRECTION ( 'NONE',  ( -0.000000000000000000, -0.000000000000000000, -1.000000000000000000 ) ) ;
#1061 = CYLINDRICAL_SURFACE ( 'NONE', #2477, 0.07000000000000000666 ) ;
#1062 = AXIS2_PLACEMENT_3D ( 'NONE', #2290, #2026, #1462 ) ;
#1063 = EDGE_LOOP ( 'NONE', ( #3292, #1763, #2504, #3244 ) ) ;
#1064 = DIRECTION ( 'NONE',  ( -0.000000000000000000, -0.000000000000000000, 1.000000000000000000 ) ) ;
#1065 = EDGE_LOOP ( 'NONE', ( #1320, #594, #2790, #3058 ) ) ;
#1066 = VECTOR ( 'NONE', #2454, 39.37007874015748854 ) ;
#1067 = DIRECTION ( 'NONE',  ( 0.000000000000000000, 0.000000000000000000, 1.000000000000000000 ) ) ;
#1068 = EDGE_CURVE ( 'NONE', #2896, #805, #592, .T. ) ;
#1069 = VERTEX_POINT ( 'NONE', #470 ) ;
#1070 = CARTESIAN_POINT ( 'NONE',  ( -0.04500000000000000527, 0.4793485162175848413, 0.2200000000000000011 ) ) ;
#1071 = CARTESIAN_POINT ( 'NONE',  ( 0.3491858428704209261, 0.2535640646055102865, 0.2200000000000000011 ) ) ;
#1072 = EDGE_CURVE ( 'NONE', #2303, #3155, #500, .T. ) ;
#1073 = CARTESIAN_POINT ( 'NONE',  ( 0.4087554347483635109, 0.2879565845117565970, 0.2200000000000000011 ) ) ;
#1074 = ORIENTED_EDGE ( 'NONE', *, *, #1847, .T. ) ;
#1075 = DIRECTION ( 'NONE',  ( -1.000000000000000000, 0.000000000000000000, 0.000000000000000000 ) ) ;
#1076 = LINE ( 'NONE', #15, #1606 ) ;
#1077 = EDGE_LOOP ( 'NONE', ( #371, #729, #176, #1269 ) ) ;
#1078 = CARTESIAN_POINT ( 'NONE',  ( -0.3200000000000006173, 0.000000000000000000, 0.2500000000000000000 ) ) ;
#1079 = ORIENTED_EDGE ( 'NONE', *, *, #2739, .T. ) ;
#1080 = CIRCLE ( 'NONE', #35, 0.01999999999999999001 ) ;
#1081 = DIRECTION ( 'NONE',  ( 0.000000000000000000, 0.000000000000000000, 1.000000000000000000 ) ) ;
#1082 = VECTOR ( 'NONE', #265, 39.37007874015748143 ) ;
#1083 = FACE_OUTER_BOUND ( 'NONE', #1108, .T. ) ;
#1084 = CARTESIAN_POINT ( 'NONE',  ( -0.4376279923108053471, -0.2007031149384927993, 0.2200000000000000011 ) ) ;
#1085 = EDGE_CURVE ( 'NONE', #3008, #2859, #2317, .T. ) ;
#1086 = CARTESIAN_POINT ( 'NONE',  ( 0.4537554347483636619, 0.2100142981711571599, 0.2200000000000000011 ) ) ;
#1087 = ORIENTED_EDGE ( 'NONE', *, *, #1276, .F. ) ;
#1088 = FACE_OUTER_BOUND ( 'NONE', #1912, .T. ) ;
#1089 = LINE ( 'NONE', #2652, #184 ) ;
#1090 = ADVANCED_FACE ( 'NONE', ( #3364 ), #2076, .T. ) ;
#1091 = ORIENTED_EDGE ( 'NONE', *, *, #3249, .F. ) ;
#1092 = DIRECTION ( 'NONE',  ( -1.000000000000000000, 0.000000000000000000, 0.000000000000000000 ) ) ;
#1093 = EDGE_LOOP ( 'NONE', ( #455, #2006, #2167, #2466 ) ) ;
#1094 = CARTESIAN_POINT ( 'NONE',  ( -0.02604166666666666782, 0.4993213710599841426, 0.2200000000000000011 ) ) ;
#1095 = DIRECTION ( 'NONE',  ( -1.000000000000000000, 0.000000000000000000, 0.000000000000000000 ) ) ;
#1096 = CARTESIAN_POINT ( 'NONE',  ( -0.2510000000000000564, -0.09876657846391301288, 0.2137375860765585167 ) ) ;
#1097 = DIRECTION ( 'NONE',  ( -1.000000000000000000, 6.829619984160661399E-15, 0.000000000000000000 ) ) ;
#1098 = ORIENTED_EDGE ( 'NONE', *, *, #1628, .F. ) ;
#1099 = AXIS2_PLACEMENT_3D ( 'NONE', #2119, #560, #1075 ) ;
#1100 = CARTESIAN_POINT ( 'NONE',  ( -0.2510000000000000009, -0.02550306760792186295, 0.05400000000000036715 ) ) ;
#1101 = VERTEX_POINT ( 'NONE', #1748 ) ;
#1102 = CARTESIAN_POINT ( 'NONE',  ( -0.2510000000000000009, 0.02544294910121025141, 0.05301331679096384780 ) ) ;
#1103 = EDGE_CURVE ( 'NONE', #3330, #2782, #2789, .T. ) ;
#1104 = DIRECTION ( 'NONE',  ( 0.000000000000000000, 0.000000000000000000, 1.000000000000000000 ) ) ;
#1105 = AXIS2_PLACEMENT_3D ( 'NONE', #1552, #2356, #2324 ) ;
#1106 = ORIENTED_EDGE ( 'NONE', *, *, #364, .T. ) ;
#1107 = DIRECTION ( 'NONE',  ( -1.000000000000000000, 0.000000000000000000, 0.000000000000000000 ) ) ;
#1108 = EDGE_LOOP ( 'NONE', ( #2024, #1430, #818, #3110 ) ) ;
#1109 = AXIS2_PLACEMENT_3D ( 'NONE', #2703, #1111, #2951 ) ;
#1110 = EDGE_CURVE ( 'NONE', #1044, #3212, #2621, .T. ) ;
#1111 = DIRECTION ( 'NONE',  ( -0.000000000000000000, -0.000000000000000000, -1.000000000000000000 ) ) ;
#1112 = AXIS2_PLACEMENT_3D ( 'NONE', #1120, #580, #2428 ) ;
#1113 = CARTESIAN_POINT ( 'NONE',  ( -0.02604166666666659843, -0.4993213710599841426, 0.000000000000000000 ) ) ;
#1114 = DIRECTION ( 'NONE',  ( -0.000000000000000000, -0.000000000000000000, -1.000000000000000000 ) ) ;
#1115 = AXIS2_PLACEMENT_3D ( 'NONE', #830, #2973, #623 ) ;
#1116 = DIRECTION ( 'NONE',  ( 1.000000000000000000, 0.000000000000000000, 0.000000000000000000 ) ) ;
#1117 = DIRECTION ( 'NONE',  ( 1.000000000000000000, 1.552051866077568915E-16, 0.000000000000000000 ) ) ;
#1118 = ORIENTED_EDGE ( 'NONE', *, *, #2004, .F. ) ;
#1119 = CYLINDRICAL_SURFACE ( 'NONE', #508, 0.07000000000000000666 ) ;
#1120 = CARTESIAN_POINT ( 'NONE',  ( 0.000000000000000000, 0.000000000000000000, 0.000000000000000000 ) ) ;
#1121 = ORIENTED_EDGE ( 'NONE', *, *, #279, .T. ) ;
#1122 = ORIENTED_EDGE ( 'NONE', *, *, #3194, .T. ) ;
#1123 = DIRECTION ( 'NONE',  ( 1.000000000000000000, 1.293376555064641091E-16, -0.000000000000000000 ) ) ;
#1124 = ORIENTED_EDGE ( 'NONE', *, *, #1006, .T. ) ;
#1125 = DIRECTION ( 'NONE',  ( 1.034701244051712405E-16, -1.000000000000000000, 0.000000000000000000 ) ) ;
#1126 = EDGE_CURVE ( 'NONE', #146, #1445, #806, .T. ) ;
#1127 = DIRECTION ( 'NONE',  ( -0.000000000000000000, -0.000000000000000000, -1.000000000000000000 ) ) ;
#1128 = FACE_OUTER_BOUND ( 'NONE', #149, .T. ) ;
#1129 = ORIENTED_EDGE ( 'NONE', *, *, #79, .F. ) ;
#1130 = ADVANCED_FACE ( 'NONE', ( #3162 ), #1865, .F. ) ;
#1131 = AXIS2_PLACEMENT_3D ( 'NONE', #34, #1127, #534 ) ;
#1132 = CONICAL_SURFACE ( 'NONE', #3256, 0.3200000000000006173, 0.7853981633974460586 ) ;
#1133 = CARTESIAN_POINT ( 'NONE',  ( -0.1369178568440212185, -0.2107802736274297928, 0.1960274562617080885 ) ) ;
#1134 = AXIS2_PLACEMENT_3D ( 'NONE', #1850, #2875, #840 ) ;
#1135 = CARTESIAN_POINT ( 'NONE',  ( 0.1684871453553911380, -0.1925537364072655577, 0.1997778978576701669 ) ) ;
#1136 = EDGE_LOOP ( 'NONE', ( #1487, #702, #329, #681 ) ) ;
#1137 = DIRECTION ( 'NONE',  ( -1.000000000000000000, 0.000000000000000000, 0.000000000000000000 ) ) ;
#1138 = CARTESIAN_POINT ( 'NONE',  ( 0.1756217782649107384, 0.3941858428704210215, 0.000000000000000000 ) ) ;
#1139 = ORIENTED_EDGE ( 'NONE', *, *, #503, .T. ) ;
#1140 = DIRECTION ( 'NONE',  ( -1.000000000000000000, 0.000000000000000000, 0.000000000000000000 ) ) ;
#1141 = CARTESIAN_POINT ( 'NONE',  ( 0.2100142981711570211, 0.4537554347483636064, 0.2200000000000000011 ) ) ;
#1142 = LINE ( 'NONE', #2192, #1435 ) ;
#1143 = STYLED_ITEM ( 'NONE', ( #1708 ), #1353 ) ;
#1144 = PRODUCT ( 'am-5654 500in Hex 3D Print Insert', 'am-5654 500in Hex 3D Print Insert', '', ( #2574 ) ) ;
#1145 = FACE_OUTER_BOUND ( 'NONE', #2097, .T. ) ;
#1146 = DIRECTION ( 'NONE',  ( -0.000000000000000000, -0.000000000000000000, -1.000000000000000000 ) ) ;
#1147 = EDGE_LOOP ( 'NONE', ( #75, #171, #1508, #2876 ) ) ;
#1148 = AXIS2_PLACEMENT_3D ( 'NONE', #2040, #1019, #1789 ) ;
#1149 = EDGE_CURVE ( 'NONE', #942, #3047, #1411, .T. ) ;
#1150 = EDGE_CURVE ( 'NONE', #3136, #2782, #1465, .T. ) ;
#1151 = CARTESIAN_POINT ( 'NONE',  ( 0.3491858428704209261, 0.2535640646055102865, 0.000000000000000000 ) ) ;
#1152 = PLANE ( 'NONE',  #152 ) ;
#1153 = VERTEX_POINT ( 'NONE', #62 ) ;
#1154 = CARTESIAN_POINT ( 'NONE',  ( -0.2879565845117564304, -0.4087554347483637329, 0.000000000000000000 ) ) ;
#1155 = LINE ( 'NONE', #3236, #948 ) ;
#1156 = ORIENTED_EDGE ( 'NONE', *, *, #1741, .F. ) ;
#1157 = VECTOR ( 'NONE', #2961, 39.37007874015748143 ) ;
#1158 = ORIENTED_EDGE ( 'NONE', *, *, #2027, .F. ) ;
#1159 = CARTESIAN_POINT ( 'NONE',  ( 0.4291858428704210526, -0.1149999999999999911, 0.000000000000000000 ) ) ;
#1160 = VECTOR ( 'NONE', #2114, 39.37007874015748143 ) ;
#1161 = DIRECTION ( 'NONE',  ( -0.000000000000000000, -0.000000000000000000, -1.000000000000000000 ) ) ;
#1162 = AXIS2_PLACEMENT_3D ( 'NONE', #2461, #1161, #2446 ) ;
#1163 = DIRECTION ( 'NONE',  ( -1.000000000000000000, 0.000000000000000000, 0.000000000000000000 ) ) ;
#1164 = DIRECTION ( 'NONE',  ( 0.8660254037844381525, 0.5000000000000008882, -0.000000000000000000 ) ) ;
#1165 = ORIENTED_EDGE ( 'NONE', *, *, #1341, .T. ) ;
#1166 = VECTOR ( 'NONE', #3290, 39.37007874015748143 ) ;
#1167 = EDGE_CURVE ( 'NONE', #2264, #462, #3208, .T. ) ;
#1168 = B_SPLINE_CURVE_WITH_KNOTS ( 'NONE', 3,
 ( #2498, #874, #3225, #3276, #892, #1421, #155, #1199, #2245, #941, #1390, #86 ),
 .UNSPECIFIED., .F., .F.,
 ( 4, 2, 2, 2, 2, 4 ),
 ( 2.544317530296099314E-07, 0.001901334009213949449, 0.002851873797944408893, 0.003802413586674868989, 0.005703493164135789613, 0.007604572741596710671 ),
 .UNSPECIFIED. ) ;
#1169 = CONICAL_SURFACE ( 'NONE', #3079, 0.3050000000000000488, 0.7853981633974500554 ) ;
#1170 = CARTESIAN_POINT ( 'NONE',  ( -4.474822992540817671E-17, -0.2898298351331921596, 0.2348298351331921663 ) ) ;
#1171 = AXIS2_PLACEMENT_3D ( 'NONE', #1425, #3024, #2990 ) ;
#1172 = EDGE_CURVE ( 'NONE', #3330, #1256, #2181, .T. ) ;
#1173 = DIRECTION ( 'NONE',  ( 1.000000000000000000, 0.000000000000000000, 0.000000000000000000 ) ) ;
#1174 = ORIENTED_EDGE ( 'NONE', *, *, #689, .T. ) ;
#1175 = CARTESIAN_POINT ( 'NONE',  ( 0.000000000000000000, 0.000000000000000000, 0.2200000000000000011 ) ) ;
#1176 = DIRECTION ( 'NONE',  ( -1.000000000000000000, 0.000000000000000000, 0.000000000000000000 ) ) ;
#1177 = ORIENTED_EDGE ( 'NONE', *, *, #337, .T. ) ;
#1178 = ORIENTED_EDGE ( 'NONE', *, *, #3237, .T. ) ;
#1179 = ADVANCED_FACE ( 'NONE', ( #312 ), #2397, .F. ) ;
#1180 = ORIENTED_EDGE ( 'NONE', *, *, #2756, .T. ) ;
#1181 = DIRECTION ( 'NONE',  ( 1.000000000000000000, 0.000000000000000000, 0.000000000000000000 ) ) ;
#1182 = CARTESIAN_POINT ( 'NONE',  ( -0.02500000000000000486, 0.4793485162175848413, 0.2200000000000000011 ) ) ;
#1183 = DIRECTION ( 'NONE',  ( -0.000000000000000000, -0.000000000000000000, -1.000000000000000000 ) ) ;
#1184 = DIRECTION ( 'NONE',  ( -0.000000000000000000, -0.000000000000000000, -1.000000000000000000 ) ) ;
#1185 = ORIENTED_EDGE ( 'NONE', *, *, #2155, .T. ) ;
#1186 = CARTESIAN_POINT ( 'NONE',  ( 0.4793485162175847858, 0.02500000000000003608, 0.000000000000000000 ) ) ;
#1187 = CARTESIAN_POINT ( 'NONE',  ( -0.3941858428704215767, 0.1756217782649106829, 0.000000000000000000 ) ) ;
#1188 = ORIENTED_EDGE ( 'NONE', *, *, #216, .T. ) ;
#1189 = DIRECTION ( 'NONE',  ( 0.000000000000000000, 0.000000000000000000, 1.000000000000000000 ) ) ;
#1190 = ADVANCED_FACE ( 'NONE', ( #2414, #1835 ), #3128, .T. ) ;
#1191 = CARTESIAN_POINT ( 'NONE',  ( -0.2535640646055101755, 0.3491858428704205375, 0.000000000000000000 ) ) ;
#1192 = VERTEX_POINT ( 'NONE', #1591 ) ;
#1193 = AXIS2_PLACEMENT_3D ( 'NONE', #3111, #1729, #2770 ) ;
#1194 = DIRECTION ( 'NONE',  ( 0.000000000000000000, 0.000000000000000000, 1.000000000000000000 ) ) ;
#1195 = ORIENTED_EDGE ( 'NONE', *, *, #2842, .F. ) ;
#1196 = EDGE_CURVE ( 'NONE', #839, #1764, #1337, .T. ) ;
#1197 = DIRECTION ( 'NONE',  ( -0.000000000000000000, -0.000000000000000000, -1.000000000000000000 ) ) ;
#1198 = CARTESIAN_POINT ( 'NONE',  ( 0.4376279923108054581, -0.2007031149384925772, 0.000000000000000000 ) ) ;
#1199 = CARTESIAN_POINT ( 'NONE',  ( -0.1469496247054965787, -0.2049884297521591958, 0.05405321155794647059 ) ) ;
#1200 = VERTEX_POINT ( 'NONE', #532 ) ;
#1201 = AXIS2_PLACEMENT_3D ( 'NONE', #3313, #473, #1273 ) ;
#1202 = CARTESIAN_POINT ( 'NONE',  ( 0.4194041586570889657, 0.2722134304202118993, 0.2200000000000000011 ) ) ;
#1203 = DIRECTION ( 'NONE',  ( -0.8660254037844385966, -0.5000000000000002220, 0.000000000000000000 ) ) ;
#1204 = EDGE_LOOP ( 'NONE', ( #764, #2933, #1528, #1551 ) ) ;
#1205 = CARTESIAN_POINT ( 'NONE',  ( -0.2613248932034032412, -0.4026279923108055381, 0.000000000000000000 ) ) ;
#1206 = LINE ( 'NONE', #2796, #2749 ) ;
#1207 = ORIENTED_EDGE ( 'NONE', *, *, #2964, .T. ) ;
#1208 = EDGE_CURVE ( 'NONE', #2782, #3136, #3040, .T. ) ;
#1209 = DIRECTION ( 'NONE',  ( -0.000000000000000000, -0.000000000000000000, -1.000000000000000000 ) ) ;
#1210 = VERTEX_POINT ( 'NONE', #1577 ) ;
#1211 = DIRECTION ( 'NONE',  ( 1.293376555064641091E-16, -1.000000000000000000, 0.000000000000000000 ) ) ;
#1212 = CARTESIAN_POINT ( 'NONE',  ( 0.4276279923108053382, 0.2180236230141815168, 0.2200000000000000011 ) ) ;
#1213 = ADVANCED_FACE ( 'NONE', ( #17 ), #2138, .T. ) ;
#1214 = ORIENTED_EDGE ( 'NONE', *, *, #1807, .F. ) ;
#1215 = DIRECTION ( 'NONE',  ( 0.000000000000000000, 0.000000000000000000, -1.000000000000000000 ) ) ;
#1216 = EDGE_LOOP ( 'NONE', ( #328, #2499, #1009, #501 ) ) ;
#1217 = CIRCLE ( 'NONE', #1327, 0.02000000000000000042 ) ;
#1218 = AXIS2_PLACEMENT_3D ( 'NONE', #2029, #424, #1466 ) ;
#1219 = AXIS2_PLACEMENT_3D ( 'NONE', #1914, #1418, #2173 ) ;
#1220 = DIRECTION ( 'NONE',  ( 0.000000000000000000, 0.000000000000000000, 1.000000000000000000 ) ) ;
#1221 = VECTOR ( 'NONE', #2583, 39.37007874015748143 ) ;
#1222 = DIRECTION ( 'NONE',  ( -1.000000000000000000, 0.000000000000000000, 0.000000000000000000 ) ) ;
#1223 = ORIENTED_EDGE ( 'NONE', *, *, #2325, .T. ) ;
#1224 = CYLINDRICAL_SURFACE ( 'NONE', #1823, 0.07000000000000000666 ) ;
#1225 = AXIS2_PLACEMENT_3D ( 'NONE', #798, #1007, #26 ) ;
#1226 = DIRECTION ( 'NONE',  ( -1.000000000000000000, 0.000000000000000000, 0.000000000000000000 ) ) ;
#1227 = ORIENTED_EDGE ( 'NONE', *, *, #3297, .F. ) ;
#1228 = DIRECTION ( 'NONE',  ( -0.000000000000000000, -0.000000000000000000, -1.000000000000000000 ) ) ;
#1229 = EDGE_LOOP ( 'NONE', ( #375, #1156, #1118, #3226 ) ) ;
#1230 = DIRECTION ( 'NONE',  ( -1.000000000000000000, -1.552051866077568668E-16, 0.000000000000000000 ) ) ;
#1231 = DIRECTION ( 'NONE',  ( 1.000000000000000000, 0.000000000000000000, 0.000000000000000000 ) ) ;
#1232 = VERTEX_POINT ( 'NONE', #565 ) ;
#1233 = EDGE_LOOP ( 'NONE', ( #2055, #2794, #1026, #2884 ) ) ;
#1234 = CARTESIAN_POINT ( 'NONE',  ( 0.04499999999999999140, 0.4979708826829136736, 0.2200000000000000011 ) ) ;
#1235 = ORIENTED_EDGE ( 'NONE', *, *, #3367, .F. ) ;
#1236 = EDGE_CURVE ( 'NONE', #462, #805, #3174, .T. ) ;
#1237 = DIRECTION ( 'NONE',  ( -1.000000000000000000, 0.000000000000000000, 0.000000000000000000 ) ) ;
#1238 = ADVANCED_FACE ( 'NONE', ( #583 ), #1622, .T. ) ;
#1239 = DIRECTION ( 'NONE',  ( -1.000000000000000000, 0.000000000000000000, 0.000000000000000000 ) ) ;
#1240 = CARTESIAN_POINT ( 'NONE',  ( -0.4291858428704207751, -0.1150000000000001021, 0.000000000000000000 ) ) ;
#1241 = ORIENTED_EDGE ( 'NONE', *, *, #2901, .T. ) ;
#1242 = DIRECTION ( 'NONE',  ( -0.8660254037844389297, 0.4999999999999996114, 0.000000000000000000 ) ) ;
#1243 = AXIS2_PLACEMENT_3D ( 'NONE', #1471, #169, #3224 ) ;
#1244 = CARTESIAN_POINT ( 'NONE',  ( -0.4194041586570891877, 0.2722134304202114552, 0.2200000000000000011 ) ) ;
#1245 = ORIENTED_EDGE ( 'NONE', *, *, #1529, .T. ) ;
#1246 = VECTOR ( 'NONE', #411, 39.37007874015748143 ) ;
#1247 = CARTESIAN_POINT ( 'NONE',  ( 0.04500000000000006772, -0.4979708826829136181, 0.2200000000000000011 ) ) ;
#1248 = ORIENTED_EDGE ( 'NONE', *, *, #2982, .T. ) ;
#1249 = CARTESIAN_POINT ( 'NONE',  ( -0.2535640646055101755, 0.3491858428704205375, 0.2200000000000000011 ) ) ;
#1250 = DIRECTION ( 'NONE',  ( -1.000000000000000000, 0.000000000000000000, 0.000000000000000000 ) ) ;
#1251 = CIRCLE ( 'NONE', #1682, 0.01999999999999999001 ) ;
#1252 = ORIENTED_EDGE ( 'NONE', *, *, #3160, .T. ) ;
#1253 = ORIENTED_EDGE ( 'NONE', *, *, #902, .T. ) ;
#1254 = AXIS2_PLACEMENT_3D ( 'NONE', #133, #2717, #1140 ) ;
#1255 = CARTESIAN_POINT ( 'NONE',  ( -0.2722134304202120658, 0.4194041586570889102, 0.000000000000000000 ) ) ;
#1256 = VERTEX_POINT ( 'NONE', #1818 ) ;
#1257 = CARTESIAN_POINT ( 'NONE',  ( 0.08138790294799011504, 0.2428405074573909417, 0.04918007654539840318 ) ) ;
#1258 = EDGE_CURVE ( 'NONE', #2627, #935, #1853, .T. ) ;
#1259 = EDGE_CURVE ( 'NONE', #1764, #2437, #813, .T. ) ;
#1260 = CARTESIAN_POINT ( 'NONE',  ( 0.3141858428704209505, -0.3141858428704207840, 0.000000000000000000 ) ) ;
#1261 = VERTEX_POINT ( 'NONE', #1691 ) ;
#1262 = CARTESIAN_POINT ( 'NONE',  ( 0.4793485162175847858, -0.02499999999999995975, 0.2200000000000000011 ) ) ;
#1263 = CARTESIAN_POINT ( 'NONE',  ( -0.2509999999999999454, 0.1336717007256408574, 0.2292082267127145967 ) ) ;
#1264 = ORIENTED_EDGE ( 'NONE', *, *, #1149, .T. ) ;
#1265 = CYLINDRICAL_SURFACE ( 'NONE', #1768, 0.01999999999999999001 ) ;
#1266 = VERTEX_POINT ( 'NONE', #344 ) ;
#1267 = CARTESIAN_POINT ( 'NONE',  ( -0.4291858428704207751, -0.1150000000000001021, 0.2200000000000000011 ) ) ;
#1268 = DIRECTION ( 'NONE',  ( -0.000000000000000000, -0.000000000000000000, 1.000000000000000000 ) ) ;
#1269 = ORIENTED_EDGE ( 'NONE', *, *, #3065, .T. ) ;
#1270 = DIRECTION ( 'NONE',  ( 0.000000000000000000, 0.000000000000000000, 1.000000000000000000 ) ) ;
#1271 = EDGE_LOOP ( 'NONE', ( #2605, #2281, #2300, #1882 ) ) ;
#1272 = CONICAL_SURFACE ( 'NONE', #669, 0.3200000000000006173, 0.7853981633974460586 ) ;
#1273 = DIRECTION ( 'NONE',  ( -1.000000000000000000, -3.414809992080330699E-15, 0.000000000000000000 ) ) ;
#1274 = CIRCLE ( 'NONE', #2955, 0.01999999999999999001 ) ;
#1275 = DIRECTION ( 'NONE',  ( 1.000000000000000000, 0.000000000000000000, 0.000000000000000000 ) ) ;
#1276 = EDGE_CURVE ( 'NONE', #31, #2179, #3159, .T. ) ;
#1277 = AXIS2_PLACEMENT_3D ( 'NONE', #1538, #750, #801 ) ;
#1278 = CARTESIAN_POINT ( 'NONE',  ( -0.2271079406397725486, 0.4454458253237554843, 0.2200000000000000011 ) ) ;
#1279 = EDGE_LOOP ( 'NONE', ( #1325, #1367, #1864, #2966 ) ) ;
#1280 = LINE ( 'NONE', #238, #725 ) ;
#1281 = DIRECTION ( 'NONE',  ( -1.000000000000000000, 0.000000000000000000, 0.000000000000000000 ) ) ;
#1282 = EDGE_CURVE ( 'NONE', #3340, #3322, #2127, .T. ) ;
#1283 = EDGE_CURVE ( 'NONE', #1618, #1785, #2934, .T. ) ;
#1284 = CARTESIAN_POINT ( 'NONE',  ( 0.000000000000000000, 0.000000000000000000, 0.2200000000000000011 ) ) ;
#1285 = VERTEX_POINT ( 'NONE', #3191 ) ;
#1286 = DIRECTION ( 'NONE',  ( -0.000000000000000000, -0.000000000000000000, 1.000000000000000000 ) ) ;
#1287 = CIRCLE ( 'NONE', #3183, 0.07000000000000000666 ) ;
#1288 = CARTESIAN_POINT ( 'NONE',  ( 0.4454458253237557064, -0.2271079406397722156, 0.000000000000000000 ) ) ;
#1289 = EDGE_CURVE ( 'NONE', #1305, #1016, #822, .T. ) ;
#1290 = EDGE_LOOP ( 'NONE', ( #1223, #1866, #956, #511 ) ) ;
#1291 = CARTESIAN_POINT ( 'NONE',  ( -0.01972674344382906522, 0.2784405944956627743, 0.02655940550434254116 ) ) ;
#1292 = ORIENTED_EDGE ( 'NONE', *, *, #1441, .T. ) ;
#1293 = CARTESIAN_POINT ( 'NONE',  ( 0.1684871453553911103, 0.1925537364072654745, 0.05022210214232995101 ) ) ;
#1294 =( NAMED_UNIT ( * ) PLANE_ANGLE_UNIT ( ) SI_UNIT ( $, .RADIAN. ) );
#1295 = DIRECTION ( 'NONE',  ( -0.000000000000000000, -0.000000000000000000, -1.000000000000000000 ) ) ;
#1296 = ORIENTED_EDGE ( 'NONE', *, *, #3214, .F. ) ;
#1297 = CARTESIAN_POINT ( 'NONE',  ( 0.02499999999999999098, 0.4793485162175848413, 0.2200000000000000011 ) ) ;
#1298 = CARTESIAN_POINT ( 'NONE',  ( -0.04499999999999999833, 0.4291858428704204975, 0.000000000000000000 ) ) ;
#1299 = CARTESIAN_POINT ( 'NONE',  ( 0.1150000000000000744, -0.4291858428704207751, 0.2200000000000000011 ) ) ;
#1300 = ORIENTED_EDGE ( 'NONE', *, *, #2639, .F. ) ;
#1301 = DIRECTION ( 'NONE',  ( 0.000000000000000000, 0.000000000000000000, 1.000000000000000000 ) ) ;
#1302 = EDGE_CURVE ( 'NONE', #2859, #2392, #2732, .T. ) ;
#1303 = DIRECTION ( 'NONE',  ( 1.000000000000000000, 2.845428421142209020E-16, 0.000000000000000000 ) ) ;
#1304 = CIRCLE ( 'NONE', #2120, 0.01999999999999999001 ) ;
#1305 = VERTEX_POINT ( 'NONE', #904 ) ;
#1306 = DIRECTION ( 'NONE',  ( -0.7071067811865459074, 0.000000000000000000, -0.7071067811865490160 ) ) ;
#1307 = ORIENTED_EDGE ( 'NONE', *, *, #760, .T. ) ;
#1308 = ADVANCED_FACE ( 'NONE', ( #81 ), #1944, .F. ) ;
#1309 = CIRCLE ( 'NONE', #2500, 0.07000000000000000666 ) ;
#1310 = VECTOR ( 'NONE', #721, 39.37007874015748854 ) ;
#1311 = CARTESIAN_POINT ( 'NONE',  ( 0.2509999999999999454, 0.1449149175665961076, 0.01517016486680787014 ) ) ;
#1312 = ORIENTED_EDGE ( 'NONE', *, *, #397, .T. ) ;
#1313 = LINE ( 'NONE', #3137, #1160 ) ;
#1314 = CARTESIAN_POINT ( 'NONE',  ( 0.04003825278222967327, 0.2667137391114895451, 0.2136748927589836866 ) ) ;
#1315 = PLANE ( 'NONE',  #2039 ) ;
#1316 = ORIENTED_EDGE ( 'NONE', *, *, #781, .F. ) ;
#1317 = FACE_OUTER_BOUND ( 'NONE', #1279, .T. ) ;
#1318 = CARTESIAN_POINT ( 'NONE',  ( 0.4087554347483637329, -0.2879565845117564860, 0.2200000000000000011 ) ) ;
#1319 = EDGE_CURVE ( 'NONE', #631, #1210, #1693, .T. ) ;
#1320 = ORIENTED_EDGE ( 'NONE', *, *, #283, .F. ) ;
#1321 = CARTESIAN_POINT ( 'NONE',  ( 0.000000000000000000, 0.000000000000000000, 0.000000000000000000 ) ) ;
#1322 = VERTEX_POINT ( 'NONE', #2460 ) ;
#1323 = ADVANCED_FACE ( 'NONE', ( #887 ), #2495, .T. ) ;
#1324 = DIRECTION ( 'NONE',  ( -0.5000000000000004441, 0.8660254037844383745, 0.000000000000000000 ) ) ;
#1325 = ORIENTED_EDGE ( 'NONE', *, *, #2907, .F. ) ;
#1326 = CARTESIAN_POINT ( 'NONE',  ( -0.2879565845117567080, 0.4087554347483633999, 0.000000000000000000 ) ) ;
#1327 = AXIS2_PLACEMENT_3D ( 'NONE', #2602, #1301, #2711 ) ;
#1328 = CARTESIAN_POINT ( 'NONE',  ( 0.01972674344382896808, 0.2784405944956626633, 0.2234405944956573964 ) ) ;
#1329 = EDGE_LOOP ( 'NONE', ( #1766, #447, #2522, #1572 ) ) ;
#1330 = DIRECTION ( 'NONE',  ( -0.000000000000000000, -0.000000000000000000, -1.000000000000000000 ) ) ;
#1331 = EDGE_LOOP ( 'NONE', ( #237, #499, #1091, #978 ) ) ;
#1332 = CARTESIAN_POINT ( 'NONE',  ( 0.000000000000000000, 0.000000000000000000, 0.000000000000000000 ) ) ;
#1333 = AXIS2_PLACEMENT_3D ( 'NONE', #699, #2496, #3053 ) ;
#1334 = DIRECTION ( 'NONE',  ( -1.000000000000000000, -1.707404996040165350E-15, 0.000000000000000000 ) ) ;
#1335 = AXIS2_PLACEMENT_3D ( 'NONE', #1318, #3125, #263 ) ;
#1336 = ORIENTED_EDGE ( 'NONE', *, *, #1110, .T. ) ;
#1337 = LINE ( 'NONE', #2903, #1684 ) ;
#1338 = ORIENTED_EDGE ( 'NONE', *, *, #3023, .T. ) ;
#1339 = CIRCLE ( 'NONE', #2479, 0.01999999999999999001 ) ;
#1340 = PLANE ( 'NONE',  #92 ) ;
#1341 = EDGE_CURVE ( 'NONE', #2195, #3221, #1640, .T. ) ;
#1342 = CARTESIAN_POINT ( 'NONE',  ( -0.3050000000000000488, 3.735172737399427639E-17, 0.2500000000000000000 ) ) ;
#1343 = ADVANCED_FACE ( 'NONE', ( #2171 ), #111, .T. ) ;
#1344 = CARTESIAN_POINT ( 'NONE',  ( 0.4793485162175847858, -0.04499999999999995670, 0.000000000000000000 ) ) ;
#1345 = DIRECTION ( 'NONE',  ( -1.000000000000000000, 0.000000000000000000, 0.000000000000000000 ) ) ;
#1346 = ORIENTED_EDGE ( 'NONE', *, *, #1886, .T. ) ;
#1347 = DIRECTION ( 'NONE',  ( -0.8660254037844388186, 0.4999999999999997224, 0.000000000000000000 ) ) ;
#1348 = DIRECTION ( 'NONE',  ( -1.000000000000000000, 0.000000000000000000, 0.000000000000000000 ) ) ;
#1349 = ORIENTED_EDGE ( 'NONE', *, *, #2826, .F. ) ;
#1350 = CARTESIAN_POINT ( 'NONE',  ( 0.3141858428704209505, -0.3141858428704207840, 0.2200000000000000011 ) ) ;
#1351 = DIRECTION ( 'NONE',  ( -0.000000000000000000, -0.000000000000000000, 1.000000000000000000 ) ) ;
#1352 = VECTOR ( 'NONE', #618, 39.37007874015748143 ) ;
#1353 = MANIFOLD_SOLID_BREP ( 'Cut-Extrude3', #2514 ) ;
#1354 = CARTESIAN_POINT ( 'NONE',  ( 0.000000000000000000, 0.000000000000000000, 0.2200000000000000011 ) ) ;
#1355 = AXIS2_PLACEMENT_3D ( 'NONE', #2678, #106, #370 ) ;
#1356 = CARTESIAN_POINT ( 'NONE',  ( 0.4276279923108055048, -0.2180236230141813503, 0.000000000000000000 ) ) ;
#1357 = AXIS2_PLACEMENT_3D ( 'NONE', #3001, #1146, #3211 ) ;
#1358 = EDGE_CURVE ( 'NONE', #597, #1210, #3325, .T. ) ;
#1359 = PLANE ( 'NONE',  #783 ) ;
#1360 = DIRECTION ( 'NONE',  ( -0.000000000000000000, -0.000000000000000000, -1.000000000000000000 ) ) ;
#1361 = EDGE_CURVE ( 'NONE', #701, #1266, #559, .T. ) ;
#1362 = CARTESIAN_POINT ( 'NONE',  ( 0.4454458253237557064, -0.2271079406397722156, 0.2200000000000000011 ) ) ;
#1363 = ORIENTED_EDGE ( 'NONE', *, *, #3297, .T. ) ;
#1364 = CARTESIAN_POINT ( 'NONE',  ( 0.000000000000000000, 0.000000000000000000, 0.2200000000000000011 ) ) ;
#1365 = DIRECTION ( 'NONE',  ( -1.000000000000000000, 3.414809992080330699E-15, 0.000000000000000000 ) ) ;
#1366 = ORIENTED_EDGE ( 'NONE', *, *, #1804, .F. ) ;
#1367 = ORIENTED_EDGE ( 'NONE', *, *, #2180, .T. ) ;
#1368 = DIRECTION ( 'NONE',  ( -0.000000000000000000, 0.000000000000000000, -1.000000000000000000 ) ) ;
#1369 = ORIENTED_EDGE ( 'NONE', *, *, #216, .F. ) ;
#1370 = DIRECTION ( 'NONE',  ( -1.000000000000000000, 0.000000000000000000, 0.000000000000000000 ) ) ;
#1371 = CARTESIAN_POINT ( 'NONE',  ( -0.3926279923108056957, 0.2786454012790918755, 0.2200000000000000011 ) ) ;
#1372 = DIRECTION ( 'NONE',  ( -0.000000000000000000, -0.000000000000000000, 1.000000000000000000 ) ) ;
#1373 = EDGE_CURVE ( 'NONE', #2958, #2232, #3327, .T. ) ;
#1374 = DIRECTION ( 'NONE',  ( -0.000000000000000000, -0.000000000000000000, -1.000000000000000000 ) ) ;
#1375 = PLANE ( 'NONE',  #2556 ) ;
#1376 = ORIENTED_EDGE ( 'NONE', *, *, #2639, .T. ) ;
#1377 = DIRECTION ( 'NONE',  ( -0.000000000000000000, -0.000000000000000000, -1.000000000000000000 ) ) ;
#1378 = EDGE_CURVE ( 'NONE', #3143, #159, #203, .T. ) ;
#1379 = DIRECTION ( 'NONE',  ( -0.000000000000000000, -0.000000000000000000, -1.000000000000000000 ) ) ;
#1380 = CIRCLE ( 'NONE', #562, 0.07000000000000000666 ) ;
#1381 = ORIENTED_EDGE ( 'NONE', *, *, #1361, .F. ) ;
#1382 = VERTEX_POINT ( 'NONE', #443 ) ;
#1383 = DIRECTION ( 'NONE',  ( -1.000000000000000000, 0.000000000000000000, 0.000000000000000000 ) ) ;
#1384 = CARTESIAN_POINT ( 'NONE',  ( 0.2722134304202117883, 0.4194041586570890212, 0.000000000000000000 ) ) ;
#1385 = VECTOR ( 'NONE', #2999, 39.37007874015748854 ) ;
#1386 = EDGE_CURVE ( 'NONE', #1817, #1939, #3052, .T. ) ;
#1387 = CYLINDRICAL_SURFACE ( 'NONE', #2589, 0.01999999999999999001 ) ;
#1388 = AXIS2_PLACEMENT_3D ( 'NONE', #516, #2106, #1348 ) ;
#1389 = FACE_OUTER_BOUND ( 'NONE', #1229, .T. ) ;
#1390 = CARTESIAN_POINT ( 'NONE',  ( -0.2312732565561710918, -0.1563041582041254374, 0.02655940550434257585 ) ) ;
#1391 = VERTEX_POINT ( 'NONE', #1726 ) ;
#1392 = APPLICATION_CONTEXT ( 'automotive_design' ) ;
#1393 = AXIS2_PLACEMENT_3D ( 'NONE', #157, #2775, #2792 ) ;
#1394 = DIRECTION ( 'NONE',  ( 1.000000000000000000, 1.810727177090497478E-16, 0.000000000000000000 ) ) ;
#1395 = CARTESIAN_POINT ( 'NONE',  ( -0.2510000000000000009, -0.1222056202788551343, 0.02603910695246650780 ) ) ;
#1396 = VERTEX_POINT ( 'NONE', #2310 ) ;
#1397 = FACE_OUTER_BOUND ( 'NONE', #2378, .T. ) ;
#1398 = DIRECTION ( 'NONE',  ( -1.000000000000000000, 0.000000000000000000, 0.000000000000000000 ) ) ;
#1399 = EDGE_CURVE ( 'NONE', #2839, #1413, #2689, .T. ) ;
#1400 = VERTEX_POINT ( 'NONE', #957 ) ;
#1401 = CARTESIAN_POINT ( 'NONE',  ( 0.2100142981711572709, -0.4537554347483636064, 0.2200000000000000011 ) ) ;
#1402 = CARTESIAN_POINT ( 'NONE',  ( 0.3491858428704209261, 0.2535640646055102865, 0.2200000000000000011 ) ) ;
#1403 = CARTESIAN_POINT ( 'NONE',  ( -0.4291858428704214412, 0.04499999999999991507, 0.000000000000000000 ) ) ;
#1404 = EDGE_CURVE ( 'NONE', #142, #2109, #717, .T. ) ;
#1405 = DIRECTION ( 'NONE',  ( 0.000000000000000000, 0.000000000000000000, 1.000000000000000000 ) ) ;
#1406 = FACE_OUTER_BOUND ( 'NONE', #1065, .T. ) ;
#1407 = ORIENTED_EDGE ( 'NONE', *, *, #1822, .F. ) ;
#1408 = AXIS2_PLACEMENT_3D ( 'NONE', #1436, #154, #2969 ) ;
#1409 = VECTOR ( 'NONE', #2924, 39.37007874015748854 ) ;
#1410 = DIRECTION ( 'NONE',  ( -0.000000000000000000, -0.000000000000000000, 1.000000000000000000 ) ) ;
#1411 = CIRCLE ( 'NONE', #2936, 0.07000000000000000666 ) ;
#1412 = DIRECTION ( 'NONE',  ( 0.000000000000000000, 0.000000000000000000, -1.000000000000000000 ) ) ;
#1413 = VERTEX_POINT ( 'NONE', #1760 ) ;
#1414 = FACE_OUTER_BOUND ( 'NONE', #2482, .T. ) ;
#1415 = DIRECTION ( 'NONE',  ( -0.000000000000000000, -0.000000000000000000, -1.000000000000000000 ) ) ;
#1416 = ORIENTED_EDGE ( 'NONE', *, *, #1167, .F. ) ;
#1417 = DIRECTION ( 'NONE',  ( 0.000000000000000000, 0.000000000000000000, 1.000000000000000000 ) ) ;
#1418 = DIRECTION ( 'NONE',  ( -0.000000000000000000, -0.000000000000000000, -1.000000000000000000 ) ) ;
#1419 = EDGE_CURVE ( 'NONE', #2878, #2564, #2277, .T. ) ;
#1420 = DIRECTION ( 'NONE',  ( -1.000000000000000000, 0.000000000000000000, 0.000000000000000000 ) ) ;
#1421 = CARTESIAN_POINT ( 'NONE',  ( -0.1029680116791479721, -0.2303812258723155482, 0.05295585487563558152 ) ) ;
#1422 = VERTEX_POINT ( 'NONE', #2051 ) ;
#1423 = EDGE_CURVE ( 'NONE', #159, #3340, #2856, .T. ) ;
#1424 = EDGE_CURVE ( 'NONE', #471, #2997, #1976, .T. ) ;
#1425 = CARTESIAN_POINT ( 'NONE',  ( -0.04499999999999992895, -0.4979708826829136736, 0.2200000000000000011 ) ) ;
#1426 = CARTESIAN_POINT ( 'NONE',  ( 0.03966486509693464835, -0.2669293145921067256, 0.2138803070709860699 ) ) ;
#1427 = VERTEX_POINT ( 'NONE', #1744 ) ;
#1428 = CYLINDRICAL_SURFACE ( 'NONE', #2033, 0.01999999999999999001 ) ;
#1429 = CYLINDRICAL_SURFACE ( 'NONE', #1439, 0.5000000000000002220 ) ;
#1430 = ORIENTED_EDGE ( 'NONE', *, *, #379, .F. ) ;
#1431 = ORIENTED_EDGE ( 'NONE', *, *, #212, .T. ) ;
#1432 = SURFACE_STYLE_FILL_AREA ( #663 ) ;
#1433 = AXIS2_PLACEMENT_3D ( 'NONE', #538, #2098, #286 ) ;
#1434 = DIRECTION ( 'NONE',  ( 0.000000000000000000, 0.000000000000000000, -1.000000000000000000 ) ) ;
#1435 = VECTOR ( 'NONE', #1946, 39.37007874015748143 ) ;
#1436 = CARTESIAN_POINT ( 'NONE',  ( 0.000000000000000000, 0.000000000000000000, 0.000000000000000000 ) ) ;
#1437 = CARTESIAN_POINT ( 'NONE',  ( -0.2813248932034035921, 0.4026279923108053715, 0.2200000000000000011 ) ) ;
#1438 = ORIENTED_EDGE ( 'NONE', *, *, #2161, .F. ) ;
#1439 = AXIS2_PLACEMENT_3D ( 'NONE', #2473, #1379, #77 ) ;
#1440 = AXIS2_PLACEMENT_3D ( 'NONE', #420, #2545, #1501 ) ;
#1441 = EDGE_CURVE ( 'NONE', #1256, #3330, #1648, .T. ) ;
#1442 = CARTESIAN_POINT ( 'NONE',  ( 0.2879565845117567080, -0.4087554347483635109, 0.2200000000000000011 ) ) ;
#1443 = ADVANCED_FACE ( 'NONE', ( #3090 ), #1483, .F. ) ;
#1444 = CYLINDRICAL_SURFACE ( 'NONE', #1626, 0.5000000000000002220 ) ;
#1445 = VERTEX_POINT ( 'NONE', #3344 ) ;
#1446 = DIRECTION ( 'NONE',  ( -0.4999999999999995559, -0.8660254037844388186, 0.000000000000000000 ) ) ;
#1447 = CARTESIAN_POINT ( 'NONE',  ( -0.1684871453553912213, 0.1925537364072655300, 0.1997778978576701947 ) ) ;
#1448 = ORIENTED_EDGE ( 'NONE', *, *, #2910, .F. ) ;
#1449 = CARTESIAN_POINT ( 'NONE',  ( 0.2509999999999999454, -0.05028068632826743906, 0.1999305484360911211 ) ) ;
#1450 = ORIENTED_EDGE ( 'NONE', *, *, #2426, .F. ) ;
#1451 = CYLINDRICAL_SURFACE ( 'NONE', #2693, 0.01999999999999999001 ) ;
#1452 = ORIENTED_EDGE ( 'NONE', *, *, #1258, .T. ) ;
#1453 = CARTESIAN_POINT ( 'NONE',  ( 0.3926279923108054737, 0.2786454012790922641, 0.000000000000000000 ) ) ;
#1454 = DIRECTION ( 'NONE',  ( -2.328077799116352879E-16, 1.000000000000000000, 0.000000000000000000 ) ) ;
#1455 = VERTEX_POINT ( 'NONE', #3288 ) ;
#1456 = DIRECTION ( 'NONE',  ( -0.000000000000000000, -0.000000000000000000, -1.000000000000000000 ) ) ;
#1457 = EDGE_CURVE ( 'NONE', #998, #3047, #752, .T. ) ;
#1458 = CARTESIAN_POINT ( 'NONE',  ( 0.1150000000000000050, 0.4291858428704209971, 0.2200000000000000011 ) ) ;
#1459 = VERTEX_POINT ( 'NONE', #3071 ) ;
#1460 = DIRECTION ( 'NONE',  ( -1.000000000000000000, 0.000000000000000000, 0.000000000000000000 ) ) ;
#1461 = AXIS2_PLACEMENT_3D ( 'NONE', #3043, #1773, #709 ) ;
#1462 = DIRECTION ( 'NONE',  ( 1.000000000000000000, 0.000000000000000000, 0.000000000000000000 ) ) ;
#1463 = EDGE_CURVE ( 'NONE', #1232, #2695, #736, .T. ) ;
#1464 = EDGE_LOOP ( 'NONE', ( #1781, #311, #2816, #662 ) ) ;
#1465 = CIRCLE ( 'NONE', #1134, 0.3500000000000000333 ) ;
#1466 = DIRECTION ( 'NONE',  ( -1.000000000000000000, -1.707404996040165350E-15, 0.000000000000000000 ) ) ;
#1467 = VERTEX_POINT ( 'NONE', #1012 ) ;
#1468 = DIRECTION ( 'NONE',  ( 1.000000000000000000, 0.000000000000000000, 0.000000000000000000 ) ) ;
#1469 = DIRECTION ( 'NONE',  ( 0.000000000000000000, 0.000000000000000000, -1.000000000000000000 ) ) ;
#1470 = ORIENTED_EDGE ( 'NONE', *, *, #1172, .F. ) ;
#1471 = CARTESIAN_POINT ( 'NONE',  ( -0.4537554347483638284, 0.2100142981711566881, 0.2200000000000000011 ) ) ;
#1472 = DIRECTION ( 'NONE',  ( 1.000000000000000000, 0.000000000000000000, 0.000000000000000000 ) ) ;
#1473 = ORIENTED_EDGE ( 'NONE', *, *, #3048, .F. ) ;
#1474 = AXIS2_PLACEMENT_3D ( 'NONE', #2701, #363, #1913 ) ;
#1475 = DIRECTION ( 'NONE',  ( 1.000000000000000000, 0.000000000000000000, 0.000000000000000000 ) ) ;
#1476 = CARTESIAN_POINT ( 'NONE',  ( -0.2271079406397721878, -0.4454458253237557619, 0.000000000000000000 ) ) ;
#1477 = ORIENTED_EDGE ( 'NONE', *, *, #1630, .F. ) ;
#1478 = LINE ( 'NONE', #730, #2802 ) ;
#1479 = LINE ( 'NONE', #693, #789 ) ;
#1480 = ORIENTED_EDGE ( 'NONE', *, *, #1513, .T. ) ;
#1481 = CARTESIAN_POINT ( 'NONE',  ( 0.04500000000000006772, -0.4291858428704207751, 0.2200000000000000011 ) ) ;
#1482 = ORIENTED_EDGE ( 'NONE', *, *, #530, .F. ) ;
#1483 = CYLINDRICAL_SURFACE ( 'NONE', #2526, 0.07000000000000000666 ) ;
#1484 = ADVANCED_FACE ( 'NONE', ( #1798 ), #3271, .F. ) ;
#1485 = FACE_OUTER_BOUND ( 'NONE', #2510, .T. ) ;
#1486 = EDGE_LOOP ( 'NONE', ( #3192, #294, #2298, #3096 ) ) ;
#1487 = ORIENTED_EDGE ( 'NONE', *, *, #1945, .T. ) ;
#1488 = CARTESIAN_POINT ( 'NONE',  ( -0.2879565845117567080, 0.4087554347483633999, 0.2200000000000000011 ) ) ;
#1489 = VERTEX_POINT ( 'NONE', #1540 ) ;
#1490 = VECTOR ( 'NONE', #1230, 39.37007874015748143 ) ;
#1491 = EDGE_CURVE ( 'NONE', #2695, #597, #1767, .T. ) ;
#1492 = AXIS2_PLACEMENT_3D ( 'NONE', #507, #2388, #2082 ) ;
#1493 = LINE ( 'NONE', #2319, #2243 ) ;
#1494 = AXIS2_PLACEMENT_3D ( 'NONE', #2358, #12, #542 ) ;
#1495 = DIRECTION ( 'NONE',  ( 0.000000000000000000, 0.000000000000000000, -1.000000000000000000 ) ) ;
#1496 = AXIS2_PLACEMENT_3D ( 'NONE', #2815, #3284, #2780 ) ;
#1497 = CYLINDRICAL_SURFACE ( 'NONE', #2289, 0.07000000000000000666 ) ;
#1498 = ORIENTED_EDGE ( 'NONE', *, *, #1110, .F. ) ;
#1499 = CARTESIAN_POINT ( 'NONE',  ( 0.3050000000000000488, 3.735172737399427639E-17, 0.000000000000000000 ) ) ;
#1500 = VECTOR ( 'NONE', #3229, 39.37007874015748143 ) ;
#1501 = DIRECTION ( 'NONE',  ( -1.000000000000000000, 0.000000000000000000, 0.000000000000000000 ) ) ;
#1502 = VERTEX_POINT ( 'NONE', #1588 ) ;
#1503 = LINE ( 'NONE', #1247, #1709 ) ;
#1504 = ORIENTED_EDGE ( 'NONE', *, *, #1841, .T. ) ;
#1505 = DIRECTION ( 'NONE',  ( 0.000000000000000000, 0.000000000000000000, -1.000000000000000000 ) ) ;
#1506 = DIRECTION ( 'NONE',  ( -0.000000000000000000, -0.000000000000000000, -1.000000000000000000 ) ) ;
#1507 = EDGE_CURVE ( 'NONE', #1455, #2878, #1973, .T. ) ;
#1508 = ORIENTED_EDGE ( 'NONE', *, *, #984, .F. ) ;
#1509 = VERTEX_POINT ( 'NONE', #2071 ) ;
#1510 = CARTESIAN_POINT ( 'NONE',  ( 0.2180236230141816001, -0.4276279923108053382, 0.2200000000000000011 ) ) ;
#1511 = ORIENTED_EDGE ( 'NONE', *, *, #1423, .F. ) ;
#1512 = B_SPLINE_CURVE_WITH_KNOTS ( 'NONE', 3,
 ( #712, #3010, #457, #477, #1519, #1703, #2744, #406, #1447, #749, #2374, #1056 ),
 .UNSPECIFIED., .F., .F.,
 ( 4, 2, 2, 2, 2, 4 ),
 ( 2.544317530289742862E-07, 0.001901334009213949666, 0.002851873797944408893, 0.003802413586674868555, 0.005703493164135788746, 0.007604572741596709803 ),
 .UNSPECIFIED. ) ;
#1513 = EDGE_CURVE ( 'NONE', #2000, #137, #3157, .T. ) ;
#1514 = DIRECTION ( 'NONE',  ( -0.5000000000000006661, 0.8660254037844383745, 0.000000000000000000 ) ) ;
#1515 = CARTESIAN_POINT ( 'NONE',  ( -0.2722134304202116772, -0.4194041586570890767, 0.2200000000000000011 ) ) ;
#1516 = EDGE_LOOP ( 'NONE', ( #1431, #1778, #132, #962 ) ) ;
#1517 = DIRECTION ( 'NONE',  ( -1.000000000000000000, 0.000000000000000000, 0.000000000000000000 ) ) ;
#1518 = AXIS2_PLACEMENT_3D ( 'NONE', #63, #1530, #1237 ) ;
#1519 = CARTESIAN_POINT ( 'NONE',  ( -0.08138790294799021219, 0.2428405074573909417, 0.2008199234546016176 ) ) ;
#1520 = ORIENTED_EDGE ( 'NONE', *, *, #3274, .F. ) ;
#1521 = CIRCLE ( 'NONE', #590, 0.01999999999999999001 ) ;
#1522 = CARTESIAN_POINT ( 'NONE',  ( 0.000000000000000000, 0.000000000000000000, 0.2200000000000000011 ) ) ;
#1523 = ORIENTED_EDGE ( 'NONE', *, *, #1679, .T. ) ;
#1524 = DIRECTION ( 'NONE',  ( -1.000000000000000000, -1.810727177090497478E-16, 0.000000000000000000 ) ) ;
#1525 = AXIS2_PLACEMENT_3D ( 'NONE', #430, #2036, #1472 ) ;
#1526 = VERTEX_POINT ( 'NONE', #277 ) ;
#1527 = CARTESIAN_POINT ( 'NONE',  ( -0.02499999999999993547, -0.4793485162175847858, 0.2200000000000000011 ) ) ;
#1528 = ORIENTED_EDGE ( 'NONE', *, *, #298, .F. ) ;
#1529 = EDGE_CURVE ( 'NONE', #1623, #564, #2379, .T. ) ;
#1530 = DIRECTION ( 'NONE',  ( 0.000000000000000000, 0.000000000000000000, 1.000000000000000000 ) ) ;
#1531 =( GEOMETRIC_REPRESENTATION_CONTEXT ( 3 ) GLOBAL_UNCERTAINTY_ASSIGNED_CONTEXT ( ( #2905 ) ) GLOBAL_UNIT_ASSIGNED_CONTEXT ( ( #599, #2683, #1929 ) ) REPRESENTATION_CONTEXT ( 'NONE', 'WORKASPACE' ) );
#1532 = EDGE_CURVE ( 'NONE', #1810, #3322, #2393, .T. ) ;
#1533 = DIRECTION ( 'NONE',  ( -1.000000000000000000, 0.000000000000000000, 0.000000000000000000 ) ) ;
#1534 = ORIENTED_EDGE ( 'NONE', *, *, #2247, .T. ) ;
#1535 = PLANE ( 'NONE',  #2259 ) ;
#1536 = EDGE_CURVE ( 'NONE', #1445, #2217, #261, .T. ) ;
#1537 = CARTESIAN_POINT ( 'NONE',  ( 0.2509999999999999454, 0.1449149175665961076, 0.2348298351331921385 ) ) ;
#1538 = CARTESIAN_POINT ( 'NONE',  ( -0.4087554347483638995, 0.2879565845117562084, 0.2200000000000000011 ) ) ;
#1539 = ORIENTED_EDGE ( 'NONE', *, *, #1886, .F. ) ;
#1540 = CARTESIAN_POINT ( 'NONE',  ( 0.2509999999999999454, 3.032056333822631276E-21, 0.1960000000000000631 ) ) ;
#1541 = LINE ( 'NONE', #30, #1221 ) ;
#1542 = ORIENTED_EDGE ( 'NONE', *, *, #279, .F. ) ;
#1543 = CARTESIAN_POINT ( 'NONE',  ( -0.1369178568440213295, 0.2107802736274299871, 0.05397254373829184215 ) ) ;
#1544 = VERTEX_POINT ( 'NONE', #3378 ) ;
#1545 = VECTOR ( 'NONE', #1286, 39.37007874015748143 ) ;
#1546 = PLANE ( 'NONE',  #2626 ) ;
#1547 = VECTOR ( 'NONE', #2628, 39.37007874015748143 ) ;
#1548 = EDGE_CURVE ( 'NONE', #825, #2839, #819, .T. ) ;
#1549 = VECTOR ( 'NONE', #2102, 39.37007874015748854 ) ;
#1550 = CARTESIAN_POINT ( 'NONE',  ( 0.2879565845117565415, 0.4087554347483636774, 0.2200000000000000011 ) ) ;
#1551 = ORIENTED_EDGE ( 'NONE', *, *, #2527, .F. ) ;
#1552 = CARTESIAN_POINT ( 'NONE',  ( -0.02500000000000000486, 0.4793485162175848413, 0.2200000000000000011 ) ) ;
#1553 = FACE_OUTER_BOUND ( 'NONE', #1077, .T. ) ;
#1554 = AXIS2_PLACEMENT_3D ( 'NONE', #223, #3028, #2273 ) ;
#1555 = EDGE_CURVE ( 'NONE', #1427, #2831, #396, .T. ) ;
#1556 = VERTEX_POINT ( 'NONE', #803 ) ;
#1557 = CYLINDRICAL_SURFACE ( 'NONE', #3072, 0.01999999999999999001 ) ;
#1558 = VERTEX_POINT ( 'NONE', #1559 ) ;
#1559 = CARTESIAN_POINT ( 'NONE',  ( -0.4476279923108053005, -0.2180236230141816001, 0.2200000000000000011 ) ) ;
#1560 = AXIS2_PLACEMENT_3D ( 'NONE', #2926, #2403, #1394 ) ;
#1561 = CARTESIAN_POINT ( 'NONE',  ( 0.04500000000000006772, -0.4979708826829136181, 0.2200000000000000011 ) ) ;
#1562 = ORIENTED_EDGE ( 'NONE', *, *, #3094, .T. ) ;
#1563 = DIRECTION ( 'NONE',  ( -0.000000000000000000, -0.000000000000000000, -1.000000000000000000 ) ) ;
#1564 = ORIENTED_EDGE ( 'NONE', *, *, #1150, .F. ) ;
#1565 = DIRECTION ( 'NONE',  ( 0.000000000000000000, 0.000000000000000000, 1.000000000000000000 ) ) ;
#1566 = DIRECTION ( 'NONE',  ( 0.000000000000000000, 0.000000000000000000, 1.000000000000000000 ) ) ;
#1567 = EDGE_LOOP ( 'NONE', ( #2508, #2893, #163, #2818 ) ) ;
#1568 = CARTESIAN_POINT ( 'NONE',  ( -0.04499999999999999833, 0.4291858428704204975, 0.2200000000000000011 ) ) ;
#1569 = EDGE_CURVE ( 'NONE', #2737, #138, #3124, .T. ) ;
#1570 = CARTESIAN_POINT ( 'NONE',  ( -0.04499999999999994976, -0.4291858428704211081, 0.000000000000000000 ) ) ;
#1571 = CARTESIAN_POINT ( 'NONE',  ( -0.4194041586570891877, 0.2722134304202114552, 0.000000000000000000 ) ) ;
#1572 = ORIENTED_EDGE ( 'NONE', *, *, #383, .T. ) ;
#1573 = DIRECTION ( 'NONE',  ( 0.000000000000000000, 0.000000000000000000, -1.000000000000000000 ) ) ;
#1574 = ADVANCED_FACE ( 'NONE', ( #1317 ), #29, .T. ) ;
#1575 = CARTESIAN_POINT ( 'NONE',  ( 0.02604166666666665395, 0.4993213710599841981, 0.2200000000000000011 ) ) ;
#1576 = ORIENTED_EDGE ( 'NONE', *, *, #1507, .F. ) ;
#1577 = CARTESIAN_POINT ( 'NONE',  ( -0.2271079406397721878, -0.4454458253237557619, 0.2200000000000000011 ) ) ;
#1578 = ORIENTED_EDGE ( 'NONE', *, *, #2112, .F. ) ;
#1579 = CIRCLE ( 'NONE', #2067, 0.5000000000000001110 ) ;
#1580 = DIRECTION ( 'NONE',  ( 0.000000000000000000, 0.000000000000000000, -1.000000000000000000 ) ) ;
#1581 = ORIENTED_EDGE ( 'NONE', *, *, #2598, .T. ) ;
#1582 = ORIENTED_EDGE ( 'NONE', *, *, #635, .F. ) ;
#1583 = CYLINDRICAL_SURFACE ( 'NONE', #1492, 0.5000000000000001110 ) ;
#1584 = CARTESIAN_POINT ( 'NONE',  ( 0.1696120970520097193, 0.1919042452423973810, 0.2008199234546016176 ) ) ;
#1585 = PRESENTATION_LAYER_ASSIGNMENT (  '', '', ( #1143 ) ) ;
#1586 = FACE_OUTER_BOUND ( 'NONE', #1464, .T. ) ;
#1587 = ORIENTED_EDGE ( 'NONE', *, *, #945, .F. ) ;
#1588 = CARTESIAN_POINT ( 'NONE',  ( 0.2509999999999999454, 3.073560258445991467E-17, 0.05399999999999990224 ) ) ;
#1589 = DIRECTION ( 'NONE',  ( -0.000000000000000000, -0.000000000000000000, -1.000000000000000000 ) ) ;
#1590 = ORIENTED_EDGE ( 'NONE', *, *, #589, .T. ) ;
#1591 = CARTESIAN_POINT ( 'NONE',  ( 0.2441858428704209716, -0.3141858428704207840, 0.2200000000000000011 ) ) ;
#1592 = ORIENTED_EDGE ( 'NONE', *, *, #2282, .F. ) ;
#1593 = ADVANCED_FACE ( 'NONE', ( #1088 ), #786, .F. ) ;
#1594 = CARTESIAN_POINT ( 'NONE',  ( 0.000000000000000000, 0.000000000000000000, 0.000000000000000000 ) ) ;
#1595 = AXIS2_PLACEMENT_3D ( 'NONE', #770, #2917, #309 ) ;
#1596 = CARTESIAN_POINT ( 'NONE',  ( -2.754852511982548430E-17, -0.2898298351331921041, 0.000000000000000000 ) ) ;
#1597 = VECTOR ( 'NONE', #3301, 39.37007874015748854 ) ;
#1598 = DIRECTION ( 'NONE',  ( -0.000000000000000000, -0.000000000000000000, 1.000000000000000000 ) ) ;
#1599 = VECTOR ( 'NONE', #2983, 39.37007874015748143 ) ;
#1600 = ORIENTED_EDGE ( 'NONE', *, *, #1259, .F. ) ;
#1601 = CARTESIAN_POINT ( 'NONE',  ( 0.000000000000000000, 0.000000000000000000, 0.000000000000000000 ) ) ;
#1602 = EDGE_LOOP ( 'NONE', ( #2975, #2971, #2804, #856, #3185, #1482, #2607 ) ) ;
#1603 = DIRECTION ( 'NONE',  ( -0.000000000000000000, -0.000000000000000000, -1.000000000000000000 ) ) ;
#1604 = AXIS2_PLACEMENT_3D ( 'NONE', #1992, #3250, #2524 ) ;
#1605 = CARTESIAN_POINT ( 'NONE',  ( 0.1040503752945033111, -0.2297563229476290991, 0.05405321155794643589 ) ) ;
#1606 = VECTOR ( 'NONE', #1303, 39.37007874015748143 ) ;
#1607 = ORIENTED_EDGE ( 'NONE', *, *, #1880, .T. ) ;
#1608 = DIRECTION ( 'NONE',  ( 1.000000000000000000, 1.034701244051712651E-16, 0.000000000000000000 ) ) ;
#1609 = LINE ( 'NONE', #2655, #385 ) ;
#1610 = EDGE_CURVE ( 'NONE', #1266, #2760, #1831, .T. ) ;
#1611 = UNCERTAINTY_MEASURE_WITH_UNIT (LENGTH_MEASURE( 1.000000000000000082E-05 ), #2042, 'distance_accuracy_value', 'NONE');
#1612 = CARTESIAN_POINT ( 'NONE',  ( 0.2879565845117567080, -0.4087554347483635109, 0.2200000000000000011 ) ) ;
#1613 = CARTESIAN_POINT ( 'NONE',  ( 0.4194041586570889657, 0.2722134304202118438, 0.2200000000000000011 ) ) ;
#1614 = EDGE_CURVE ( 'NONE', #1422, #513, #1922, .T. ) ;
#1615 = CARTESIAN_POINT ( 'NONE',  ( -0.2510000000000000009, -0.1449149175665960243, 0.000000000000000000 ) ) ;
#1616 = LINE ( 'NONE', #1084, #1500 ) ;
#1617 = DIRECTION ( 'NONE',  ( 1.000000000000000000, 0.000000000000000000, -0.000000000000000000 ) ) ;
#1618 = VERTEX_POINT ( 'NONE', #3360 ) ;
#1619 = CARTESIAN_POINT ( 'NONE',  ( 0.4537554347483636619, -0.2100142981711569934, 0.000000000000000000 ) ) ;
#1620 = CARTESIAN_POINT ( 'NONE',  ( -0.4194041586570888547, -0.2722134304202120103, 0.2200000000000000011 ) ) ;
#1621 = EDGE_LOOP ( 'NONE', ( #1520, #1178, #2857, #1363 ) ) ;
#1622 = CYLINDRICAL_SURFACE ( 'NONE', #377, 0.01999999999999999001 ) ;
#1623 = VERTEX_POINT ( 'NONE', #2134 ) ;
#1624 = CIRCLE ( 'NONE', #971, 0.5000000000000001110 ) ;
#1625 = LINE ( 'NONE', #1612, #423 ) ;
#1626 = AXIS2_PLACEMENT_3D ( 'NONE', #3061, #1989, #2216 ) ;
#1627 = CARTESIAN_POINT ( 'NONE',  ( -0.04499999999999993588, -0.4793485162175847858, 0.2200000000000000011 ) ) ;
#1628 = EDGE_CURVE ( 'NONE', #2139, #1455, #3170, .T. ) ;
#1629 = CIRCLE ( 'NONE', #2671, 0.01999999999999999001 ) ;
#1630 = EDGE_CURVE ( 'NONE', #2217, #942, #528, .T. ) ;
#1631 = CARTESIAN_POINT ( 'NONE',  ( -4.474822992540817671E-17, -0.2898298351331921596, 0.2348298351331921663 ) ) ;
#1632 = ORIENTED_EDGE ( 'NONE', *, *, #3023, .F. ) ;
#1633 = EDGE_CURVE ( 'NONE', #1391, #1101, #14, .T. ) ;
#1634 = LINE ( 'NONE', #357, #2984 ) ;
#1635 = ORIENTED_EDGE ( 'NONE', *, *, #897, .F. ) ;
#1636 = CARTESIAN_POINT ( 'NONE',  ( 0.2509999999999999454, -0.05030208649516675068, 0.04930439041412625067 ) ) ;
#1637 = VECTOR ( 'NONE', #1673, 39.37007874015748143 ) ;
#1638 = DIRECTION ( 'NONE',  ( -0.8660254037844388186, 0.4999999999999996114, 0.000000000000000000 ) ) ;
#1639 = ORIENTED_EDGE ( 'NONE', *, *, #3022, .T. ) ;
#1640 = LINE ( 'NONE', #150, #433 ) ;
#1641 = CARTESIAN_POINT ( 'NONE',  ( 0.2100142981711572709, -0.4537554347483636064, 0.000000000000000000 ) ) ;
#1642 = CARTESIAN_POINT ( 'NONE',  ( -0.4026279923108057046, 0.2613248932034030192, 0.000000000000000000 ) ) ;
#1643 = CARTESIAN_POINT ( 'NONE',  ( -0.2613248932034032412, -0.4026279923108055381, 0.2200000000000000011 ) ) ;
#1644 = LINE ( 'NONE', #219, #862 ) ;
#1645 = ORIENTED_EDGE ( 'NONE', *, *, #1424, .T. ) ;
#1646 = CARTESIAN_POINT ( 'NONE',  ( 0.2271079406397724931, -0.4454458253237555398, 0.2200000000000000011 ) ) ;
#1647 = EDGE_CURVE ( 'NONE', #597, #442, #288, .T. ) ;
#1648 = CIRCLE ( 'NONE', #615, 0.3200000000000006173 ) ;
#1649 = CARTESIAN_POINT ( 'NONE',  ( -4.474822992540817671E-17, -0.2898298351331921596, 0.2348298351331921663 ) ) ;
#1650 = ORIENTED_EDGE ( 'NONE', *, *, #1903, .F. ) ;
#1651 = CYLINDRICAL_SURFACE ( 'NONE', #2143, 0.5000000000000002220 ) ;
#1652 = DIRECTION ( 'NONE',  ( 1.000000000000000000, 0.000000000000000000, 0.000000000000000000 ) ) ;
#1653 = AXIS2_PLACEMENT_3D ( 'NONE', #1856, #2867, #3102 ) ;
#1654 = EDGE_CURVE ( 'NONE', #2347, #714, #1217, .T. ) ;
#1655 = ORIENTED_EDGE ( 'NONE', *, *, #2034, .T. ) ;
#1656 = CARTESIAN_POINT ( 'NONE',  ( -0.04500000000000000527, 0.4979708826829136181, 0.2200000000000000011 ) ) ;
#1657 = CARTESIAN_POINT ( 'NONE',  ( -0.3926279923108053072, -0.2786454012790923751, 0.000000000000000000 ) ) ;
#1658 = VECTOR ( 'NONE', #1469, 39.37007874015748143 ) ;
#1659 = FACE_OUTER_BOUND ( 'NONE', #2349, .T. ) ;
#1660 = VECTOR ( 'NONE', #199, 39.37007874015748143 ) ;
#1661 = CARTESIAN_POINT ( 'NONE',  ( 0.2180236230141814613, 0.4276279923108054493, 0.2200000000000000011 ) ) ;
#1662 = DIRECTION ( 'NONE',  ( -1.000000000000000000, 0.000000000000000000, 0.000000000000000000 ) ) ;
#1663 = ORIENTED_EDGE ( 'NONE', *, *, #963, .T. ) ;
#1664 = CIRCLE ( 'NONE', #186, 0.01999999999999999001 ) ;
#1665 = LINE ( 'NONE', #895, #2380 ) ;
#1666 = LINE ( 'NONE', #1891, #1951 ) ;
#1667 = ORIENTED_EDGE ( 'NONE', *, *, #414, .T. ) ;
#1668 = CARTESIAN_POINT ( 'NONE',  ( 0.3491858428704209261, -0.2535640646055101199, 0.2200000000000000011 ) ) ;
#1669 = B_SPLINE_CURVE_WITH_KNOTS ( 'NONE', 3,
 ( #2563, #1263, #162, #932, #3302, #178, #969, #2253 ),
 .UNSPECIFIED., .F., .F.,
 ( 4, 2, 2, 4 ),
 ( 0.009720893769677283261, 0.01068083402865462050, 0.01164077428763195601, 0.01356065480558663050 ),
 .UNSPECIFIED. ) ;
#1670 = ADVANCED_FACE ( 'NONE', ( #2425 ), #1651, .T. ) ;
#1671 = CARTESIAN_POINT ( 'NONE',  ( 0.2509999999999999454, -0.1449149175665962186, 0.01517016486680781637 ) ) ;
#1672 = ORIENTED_EDGE ( 'NONE', *, *, #79, .T. ) ;
#1673 = DIRECTION ( 'NONE',  ( -0.000000000000000000, -0.000000000000000000, 1.000000000000000000 ) ) ;
#1674 = EDGE_CURVE ( 'NONE', #2898, #1623, #2255, .T. ) ;
#1675 = FACE_OUTER_BOUND ( 'NONE', #1686, .T. ) ;
#1676 = CARTESIAN_POINT ( 'NONE',  ( 0.4291858428704208861, 0.04500000000000003303, 0.000000000000000000 ) ) ;
#1677 = CYLINDRICAL_SURFACE ( 'NONE', #2395, 0.01999999999999999001 ) ;
#1678 = EDGE_LOOP ( 'NONE', ( #769, #1316, #368, #2068 ) ) ;
#1679 = EDGE_CURVE ( 'NONE', #1322, #816, #2197, .T. ) ;
#1680 = VECTOR ( 'NONE', #380, 39.37007874015748143 ) ;
#1681 = CIRCLE ( 'NONE', #428, 0.07000000000000000666 ) ;
#1682 = AXIS2_PLACEMENT_3D ( 'NONE', #2211, #114, #2987 ) ;
#1683 = CARTESIAN_POINT ( 'NONE',  ( -0.2510000000000000009, -0.1449149175665960243, 0.000000000000000000 ) ) ;
#1684 = VECTOR ( 'NONE', #1608, 39.37007874015748143 ) ;
#1685 = FACE_OUTER_BOUND ( 'NONE', #2206, .T. ) ;
#1686 = EDGE_LOOP ( 'NONE', ( #679, #918, #156, #686 ) ) ;
#1687 = CARTESIAN_POINT ( 'NONE',  ( 0.2509999999999999454, 3.073560258445991467E-17, 0.05399999999999990224 ) ) ;
#1688 = FACE_OUTER_BOUND ( 'NONE', #1216, .T. ) ;
#1689 = ORIENTED_EDGE ( 'NONE', *, *, #2161, .T. ) ;
#1690 = ORIENTED_EDGE ( 'NONE', *, *, #2604, .T. ) ;
#1691 = CARTESIAN_POINT ( 'NONE',  ( -0.4376279923108055137, 0.2007031149384922719, 0.2200000000000000011 ) ) ;
#1692 = FACE_OUTER_BOUND ( 'NONE', #1136, .T. ) ;
#1693 = CIRCLE ( 'NONE', #2625, 0.5000000000000002220 ) ;
#1694 = ADVANCED_FACE ( 'NONE', ( #1397 ), #2696, .F. ) ;
#1695 = CARTESIAN_POINT ( 'NONE',  ( 0.2613248932034032967, 0.4026279923108054826, 0.2200000000000000011 ) ) ;
#1696 = DIRECTION ( 'NONE',  ( -1.000000000000000000, 0.000000000000000000, 0.000000000000000000 ) ) ;
#1697 = ORIENTED_EDGE ( 'NONE', *, *, #2957, .T. ) ;
#1698 = EDGE_CURVE ( 'NONE', #2958, #202, #2441, .T. ) ;
#1699 = LINE ( 'NONE', #2469, #3081 ) ;
#1700 = DIRECTION ( 'NONE',  ( -0.000000000000000000, -0.000000000000000000, -1.000000000000000000 ) ) ;
#1701 = ORIENTED_EDGE ( 'NONE', *, *, #1358, .T. ) ;
#1702 = DIRECTION ( 'NONE',  ( -0.000000000000000000, -0.000000000000000000, -1.000000000000000000 ) ) ;
#1703 = CARTESIAN_POINT ( 'NONE',  ( -0.1029680116791479860, 0.2303812258723155482, 0.1970441451243644115 ) ) ;
#1704 = ORIENTED_EDGE ( 'NONE', *, *, #795, .T. ) ;
#1705 = AXIS2_PLACEMENT_3D ( 'NONE', #2885, #544, #2899 ) ;
#1706 = DIRECTION ( 'NONE',  ( -0.000000000000000000, -0.000000000000000000, -1.000000000000000000 ) ) ;
#1707 = ORIENTED_EDGE ( 'NONE', *, *, #383, .F. ) ;
#1708 = PRESENTATION_STYLE_ASSIGNMENT (( #2189 ) ) ;
#1709 = VECTOR ( 'NONE', #461, 39.37007874015748143 ) ;
#1710 = DIRECTION ( 'NONE',  ( -0.000000000000000000, -0.000000000000000000, -1.000000000000000000 ) ) ;
#1711 = AXIS2_PLACEMENT_3D ( 'NONE', #2341, #259, #1843 ) ;
#1712 = LINE ( 'NONE', #1453, #268 ) ;
#1713 = DIRECTION ( 'NONE',  ( -0.000000000000000000, -0.000000000000000000, -1.000000000000000000 ) ) ;
#1714 = VERTEX_POINT ( 'NONE', #1668 ) ;
#1715 = ADVANCED_FACE ( 'NONE', ( #1414 ), #1428, .T. ) ;
#1716 = AXIS2_PLACEMENT_3D ( 'NONE', #498, #45, #1334 ) ;
#1717 = CIRCLE ( 'NONE', #2321, 0.01999999999999999001 ) ;
#1718 = CARTESIAN_POINT ( 'NONE',  ( -0.08251285464460880736, -0.2421910162925227927, 0.1997778978576700282 ) ) ;
#1719 = CARTESIAN_POINT ( 'NONE',  ( 0.4087554347483635109, 0.2879565845117565970, 0.2200000000000000011 ) ) ;
#1720 = ORIENTED_EDGE ( 'NONE', *, *, #629, .T. ) ;
#1721 = LINE ( 'NONE', #436, #3068 ) ;
#1722 = DIRECTION ( 'NONE',  ( -0.000000000000000000, -0.000000000000000000, -1.000000000000000000 ) ) ;
#1723 = ORIENTED_EDGE ( 'NONE', *, *, #3197, .F. ) ;
#1724 = DIRECTION ( 'NONE',  ( -0.000000000000000000, -0.000000000000000000, -1.000000000000000000 ) ) ;
#1725 = ORIENTED_EDGE ( 'NONE', *, *, #2734, .T. ) ;
#1726 = CARTESIAN_POINT ( 'NONE',  ( 0.3926279923108055292, -0.2786454012790920420, 0.000000000000000000 ) ) ;
#1727 = CARTESIAN_POINT ( 'NONE',  ( -0.4376279923108055137, 0.2007031149384922719, 0.000000000000000000 ) ) ;
#1728 = DIRECTION ( 'NONE',  ( -0.5000000000000004441, 0.8660254037844383745, 0.000000000000000000 ) ) ;
#1729 = DIRECTION ( 'NONE',  ( -0.000000000000000000, -0.000000000000000000, -1.000000000000000000 ) ) ;
#1730 = ORIENTED_EDGE ( 'NONE', *, *, #2325, .F. ) ;
#1731 = CYLINDRICAL_SURFACE ( 'NONE', #2539, 0.07000000000000000666 ) ;
#1732 = AXIS2_PLACEMENT_3D ( 'NONE', #3164, #552, #3195 ) ;
#1733 = EDGE_CURVE ( 'NONE', #825, #3008, #353, .T. ) ;
#1734 = DIRECTION ( 'NONE',  ( -1.000000000000000000, 0.000000000000000000, 0.000000000000000000 ) ) ;
#1735 = ORIENTED_EDGE ( 'NONE', *, *, #489, .T. ) ;
#1736 = CARTESIAN_POINT ( 'NONE',  ( 0.4087554347483637329, -0.2879565845117564860, 0.000000000000000000 ) ) ;
#1737 = AXIS2_PLACEMENT_3D ( 'NONE', #1260, #586, #1095 ) ;
#1738 = CARTESIAN_POINT ( 'NONE',  ( 0.3591858428704208794, 0.1150000000000000189, 0.000000000000000000 ) ) ;
#1739 = ORIENTED_EDGE ( 'NONE', *, *, #3228, .T. ) ;
#1740 = AXIS2_PLACEMENT_3D ( 'NONE', #281, #2348, #2108 ) ;
#1741 = EDGE_CURVE ( 'NONE', #660, #1322, #595, .T. ) ;
#1742 = CARTESIAN_POINT ( 'NONE',  ( -0.3926279923108056957, 0.2786454012790918755, 0.000000000000000000 ) ) ;
#1743 = ORIENTED_EDGE ( 'NONE', *, *, #1319, .T. ) ;
#1744 = CARTESIAN_POINT ( 'NONE',  ( 0.4194041586570889657, 0.2722134304202118993, 0.000000000000000000 ) ) ;
#1745 = B_SPLINE_CURVE_WITH_KNOTS ( 'NONE', 3,
 ( #1649, #2709, #1426, #124, #338, #593, #2183, #2439, #1135, #2694, #324, #3217 ),
 .UNSPECIFIED., .F., .F.,
 ( 4, 2, 2, 2, 2, 4 ),
 ( 2.544317530283451524E-07, 0.001901334009213948798, 0.002851873797944407592, 0.003802413586674867254, 0.005703493164135787011, 0.007604572741596708069 ),
 .UNSPECIFIED. ) ;
#1746 = CARTESIAN_POINT ( 'NONE',  ( -0.2180236230141813225, -0.4276279923108055603, 0.2200000000000000011 ) ) ;
#1747 = VERTEX_POINT ( 'NONE', #2203 ) ;
#1748 = CARTESIAN_POINT ( 'NONE',  ( 0.3926279923108055292, -0.2786454012790920420, 0.2200000000000000011 ) ) ;
#1749 = ORIENTED_EDGE ( 'NONE', *, *, #921, .T. ) ;
#1750 = CYLINDRICAL_SURFACE ( 'NONE', #1808, 0.01999999999999999001 ) ;
#1751 = DIRECTION ( 'NONE',  ( -0.000000000000000000, -0.000000000000000000, -1.000000000000000000 ) ) ;
#1752 = FACE_OUTER_BOUND ( 'NONE', #82, .T. ) ;
#1753 = ORIENTED_EDGE ( 'NONE', *, *, #1822, .T. ) ;
#1754 = DIRECTION ( 'NONE',  ( -0.000000000000000000, -0.000000000000000000, -1.000000000000000000 ) ) ;
#1755 = EDGE_CURVE ( 'NONE', #2992, #197, #2150, .T. ) ;
#1756 = CYLINDRICAL_SURFACE ( 'NONE', #1604, 0.01999999999999999001 ) ;
#1757 = ORIENTED_EDGE ( 'NONE', *, *, #3228, .F. ) ;
#1758 = CARTESIAN_POINT ( 'NONE',  ( 0.2509999999999998899, -0.1336717007256409684, 0.2292082267127145689 ) ) ;
#1759 = ORIENTED_EDGE ( 'NONE', *, *, #1085, .T. ) ;
#1760 = CARTESIAN_POINT ( 'NONE',  ( 0.3050000000000000488, 3.735172737399427639E-17, 0.000000000000000000 ) ) ;
#1761 = ADVANCED_FACE ( 'NONE', ( #3186 ), #1272, .T. ) ;
#1762 = DIRECTION ( 'NONE',  ( -1.000000000000000000, 0.000000000000000000, 0.000000000000000000 ) ) ;
#1763 = ORIENTED_EDGE ( 'NONE', *, *, #123, .F. ) ;
#1764 = VERTEX_POINT ( 'NONE', #76 ) ;
#1765 = CYLINDRICAL_SURFACE ( 'NONE', #2229, 0.01999999999999999695 ) ;
#1766 = ORIENTED_EDGE ( 'NONE', *, *, #1824, .T. ) ;
#1767 = CIRCLE ( 'NONE', #2367, 0.01999999999999999001 ) ;
#1768 = AXIS2_PLACEMENT_3D ( 'NONE', #181, #1228, #972 ) ;
#1769 = CARTESIAN_POINT ( 'NONE',  ( 0.4291858428704210526, -0.04499999999999996364, 0.000000000000000000 ) ) ;
#1770 = CIRCLE ( 'NONE', #299, 0.5000000000000001110 ) ;
#1771 = FACE_OUTER_BOUND ( 'NONE', #182, .T. ) ;
#1772 = AXIS2_PLACEMENT_3D ( 'NONE', #901, #58, #1398 ) ;
#1773 = DIRECTION ( 'NONE',  ( -0.000000000000000000, -0.000000000000000000, -1.000000000000000000 ) ) ;
#1774 = ORIENTED_EDGE ( 'NONE', *, *, #1536, .T. ) ;
#1775 = DIRECTION ( 'NONE',  ( 0.000000000000000000, 0.000000000000000000, 1.000000000000000000 ) ) ;
#1776 = VECTOR ( 'NONE', #1988, 39.37007874015748143 ) ;
#1777 = FACE_OUTER_BOUND ( 'NONE', #3, .T. ) ;
#1778 = ORIENTED_EDGE ( 'NONE', *, *, #2350, .T. ) ;
#1779 = ADVANCED_FACE ( 'NONE', ( #2976 ), #643, .T. ) ;
#1780 = FACE_OUTER_BOUND ( 'NONE', #995, .T. ) ;
#1781 = ORIENTED_EDGE ( 'NONE', *, *, #2982, .F. ) ;
#1782 = DIRECTION ( 'NONE',  ( -0.000000000000000000, -0.000000000000000000, -1.000000000000000000 ) ) ;
#1783 = CARTESIAN_POINT ( 'NONE',  ( 0.4979708826829136181, 0.04500000000000003997, 0.000000000000000000 ) ) ;
#1784 = EDGE_CURVE ( 'NONE', #1502, #2742, #180, .T. ) ;
#1785 = VERTEX_POINT ( 'NONE', #326 ) ;
#1786 = CARTESIAN_POINT ( 'NONE',  ( -0.1801787685776476411, 0.1858035745926319982, 0.04643594269067126412 ) ) ;
#1787 = ORIENTED_EDGE ( 'NONE', *, *, #319, .T. ) ;
#1788 = ADVANCED_FACE ( 'NONE', ( #2680 ), #1119, .F. ) ;
#1789 = DIRECTION ( 'NONE',  ( -1.000000000000000000, -1.536664496436148874E-14, 0.000000000000000000 ) ) ;
#1790 = LINE ( 'NONE', #2142, #700 ) ;
#1791 = ORIENTED_EDGE ( 'NONE', *, *, #2078, .T. ) ;
#1792 = CYLINDRICAL_SURFACE ( 'NONE', #1105, 0.02000000000000000042 ) ;
#1793 = CIRCLE ( 'NONE', #2174, 0.01999999999999999001 ) ;
#1794 = CARTESIAN_POINT ( 'NONE',  ( -0.2786454012790920420, -0.3926279923108055847, 0.000000000000000000 ) ) ;
#1795 = VECTOR ( 'NONE', #1700, 39.37007874015748143 ) ;
#1796 = DIRECTION ( 'NONE',  ( -0.000000000000000000, -0.000000000000000000, 1.000000000000000000 ) ) ;
#1797 = VERTEX_POINT ( 'NONE', #3045 ) ;
#1798 = FACE_OUTER_BOUND ( 'NONE', #1011, .T. ) ;
#1799 = CYLINDRICAL_SURFACE ( 'NONE', #1984, 0.5000000000000002220 ) ;
#1800 = CIRCLE ( 'NONE', #917, 0.07000000000000000666 ) ;
#1801 = ORIENTED_EDGE ( 'NONE', *, *, #1399, .F. ) ;
#1802 = LINE ( 'NONE', #2840, #1904 ) ;
#1803 = VERTEX_POINT ( 'NONE', #2025 ) ;
#1804 = EDGE_CURVE ( 'NONE', #1983, #2805, #3004, .T. ) ;
#1805 = CARTESIAN_POINT ( 'NONE',  ( -3.170254741915370081E-17, 0.2898298351331921596, 0.01517016486680782504 ) ) ;
#1806 = ADVANCED_FACE ( 'NONE', ( #3063 ), #3009, .T. ) ;
#1807 = EDGE_CURVE ( 'NONE', #564, #2581, #617, .T. ) ;
#1808 = AXIS2_PLACEMENT_3D ( 'NONE', #2060, #267, #1037 ) ;
#1809 = DIRECTION ( 'NONE',  ( -0.000000000000000000, -0.000000000000000000, 1.000000000000000000 ) ) ;
#1810 = VERTEX_POINT ( 'NONE', #177 ) ;
#1811 = DIRECTION ( 'NONE',  ( -1.000000000000000000, 0.000000000000000000, 0.000000000000000000 ) ) ;
#1812 = CARTESIAN_POINT ( 'NONE',  ( -0.4476279923108055780, 0.2180236230141810450, 0.2200000000000000011 ) ) ;
#1813 = DIRECTION ( 'NONE',  ( -1.000000000000000000, 0.000000000000000000, 0.000000000000000000 ) ) ;
#1814 = ORIENTED_EDGE ( 'NONE', *, *, #2527, .T. ) ;
#1815 = CARTESIAN_POINT ( 'NONE',  ( -0.4087554347483638995, 0.2879565845117562084, 0.000000000000000000 ) ) ;
#1816 = DIRECTION ( 'NONE',  ( 0.000000000000000000, 0.000000000000000000, -1.000000000000000000 ) ) ;
#1817 = VERTEX_POINT ( 'NONE', #711 ) ;
#1818 = CARTESIAN_POINT ( 'NONE',  ( 0.3200000000000006173, 4.102566777143638951E-17, 0.2500000000000000000 ) ) ;
#1819 = EDGE_LOOP ( 'NONE', ( #925, #2355, #869, #751 ) ) ;
#1820 = VECTOR ( 'NONE', #463, 39.37007874015748143 ) ;
#1821 = CARTESIAN_POINT ( 'NONE',  ( 0.01961125325522498214, 0.2785072727871421017, 0.02649272721285786392 ) ) ;
#1822 = EDGE_CURVE ( 'NONE', #1391, #1526, #2743, .T. ) ;
#1823 = AXIS2_PLACEMENT_3D ( 'NONE', #419, #3027, #143 ) ;
#1824 = EDGE_CURVE ( 'NONE', #800, #142, #1478, .T. ) ;
#1825 = ORIENTED_EDGE ( 'NONE', *, *, #2865, .T. ) ;
#1826 = CARTESIAN_POINT ( 'NONE',  ( -0.4979708826829136181, -0.04500000000000010242, 0.000000000000000000 ) ) ;
#1827 = LINE ( 'NONE', #11, #2593 ) ;
#1828 = CIRCLE ( 'NONE', #1716, 0.01999999999999999001 ) ;
#1829 = CARTESIAN_POINT ( 'NONE',  ( -0.2100142981711569101, -0.4537554347483636619, 0.2200000000000000011 ) ) ;
#1830 = EDGE_LOOP ( 'NONE', ( #1498, #1663, #3267, #3107 ) ) ;
#1831 = LINE ( 'NONE', #2650, #999 ) ;
#1832 = AXIS2_PLACEMENT_3D ( 'NONE', #72, #2691, #1116 ) ;
#1833 = CARTESIAN_POINT ( 'NONE',  ( 0.1480319883208519871, -0.2043635268274727745, 0.05295585487563555377 ) ) ;
#1834 = ORIENTED_EDGE ( 'NONE', *, *, #2112, .T. ) ;
#1835 = FACE_OUTER_BOUND ( 'NONE', #2103, .T. ) ;
#1836 = ORIENTED_EDGE ( 'NONE', *, *, #3367, .T. ) ;
#1837 = FACE_OUTER_BOUND ( 'NONE', #1567, .T. ) ;
#1838 = VERTEX_POINT ( 'NONE', #968 ) ;
#1839 = LINE ( 'NONE', #1826, #3006 ) ;
#1840 = CARTESIAN_POINT ( 'NONE',  ( -0.3926279923108053072, -0.2786454012790923751, 0.2200000000000000011 ) ) ;
#1841 = EDGE_CURVE ( 'NONE', #442, #1382, #1927, .T. ) ;
#1842 = ORIENTED_EDGE ( 'NONE', *, *, #2698, .T. ) ;
#1843 = DIRECTION ( 'NONE',  ( -1.000000000000000000, 0.000000000000000000, 0.000000000000000000 ) ) ;
#1844 = ORIENTED_EDGE ( 'NONE', *, *, #1614, .F. ) ;
#1845 = CARTESIAN_POINT ( 'NONE',  ( -0.2100142981711572987, 0.4537554347483635508, 0.2200000000000000011 ) ) ;
#1846 = DIRECTION ( 'NONE',  ( -1.000000000000000000, -2.586753110129282244E-17, 0.000000000000000000 ) ) ;
#1847 = EDGE_CURVE ( 'NONE', #1544, #2748, #510, .T. ) ;
#1848 = VECTOR ( 'NONE', #2224, 39.37007874015748143 ) ;
#1849 = ORIENTED_EDGE ( 'NONE', *, *, #2662, .T. ) ;
#1850 = CARTESIAN_POINT ( 'NONE',  ( 0.000000000000000000, 0.000000000000000000, 0.2200000000000000011 ) ) ;
#1851 = ORIENTED_EDGE ( 'NONE', *, *, #2307, .T. ) ;
#1852 = AXIS2_PLACEMENT_3D ( 'NONE', #1954, #434, #656 ) ;
#1853 = CIRCLE ( 'NONE', #2292, 0.01999999999999999001 ) ;
#1854 = CYLINDRICAL_SURFACE ( 'NONE', #1732, 0.5000000000000002220 ) ;
#1855 = ORIENTED_EDGE ( 'NONE', *, *, #256, .T. ) ;
#1856 = CARTESIAN_POINT ( 'NONE',  ( -0.2510000000000000009, 0.1449149175665961353, 0.000000000000000000 ) ) ;
#1857 = DIRECTION ( 'NONE',  ( -2.845428421142209020E-16, 1.000000000000000000, 0.000000000000000000 ) ) ;
#1858 = EDGE_LOOP ( 'NONE', ( #125, #2172, #282, #1338 ) ) ;
#1859 = CARTESIAN_POINT ( 'NONE',  ( 0.2180236230141814613, 0.4276279923108054493, 0.2200000000000000011 ) ) ;
#1860 = ORIENTED_EDGE ( 'NONE', *, *, #302, .F. ) ;
#1861 = DIRECTION ( 'NONE',  ( 0.5000000000000007772, -0.8660254037844380415, 0.000000000000000000 ) ) ;
#1862 = ADVANCED_FACE ( 'NONE', ( #677 ), #1224, .F. ) ;
#1863 = CARTESIAN_POINT ( 'NONE',  ( 0.2509999999999999454, -0.1449149175665962186, 0.01517016486680781637 ) ) ;
#1864 = ORIENTED_EDGE ( 'NONE', *, *, #838, .F. ) ;
#1865 = CYLINDRICAL_SURFACE ( 'NONE', #1740, 0.07000000000000000666 ) ;
#1866 = ORIENTED_EDGE ( 'NONE', *, *, #687, .T. ) ;
#1867 = EDGE_CURVE ( 'NONE', #772, #2571, #2272, .T. ) ;
#1868 = DIRECTION ( 'NONE',  ( 0.000000000000000000, 0.000000000000000000, -1.000000000000000000 ) ) ;
#1869 = CARTESIAN_POINT ( 'NONE',  ( 0.2007031149384927993, -0.4376279923108054026, 0.2200000000000000011 ) ) ;
#1870 = VECTOR ( 'NONE', #3108, 39.37007874015748143 ) ;
#1871 = CARTESIAN_POINT ( 'NONE',  ( -0.2510000000000000564, -0.06253891632491807850, 0.2034146461450898336 ) ) ;
#1872 = AXIS2_PLACEMENT_3D ( 'NONE', #696, #1194, #148 ) ;
#1873 = LINE ( 'NONE', #1683, #1936 ) ;
#1874 = CIRCLE ( 'NONE', #1162, 0.01999999999999999001 ) ;
#1875 = DIRECTION ( 'NONE',  ( -1.000000000000000000, 0.000000000000000000, 0.000000000000000000 ) ) ;
#1876 = ORIENTED_EDGE ( 'NONE', *, *, #3254, .T. ) ;
#1877 = CARTESIAN_POINT ( 'NONE',  ( -0.1756217782649106551, 0.3941858428704204664, 0.2200000000000000011 ) ) ;
#1878 = CIRCLE ( 'NONE', #1388, 0.5000000000000001110 ) ;
#1879 = DIRECTION ( 'NONE',  ( -1.000000000000000000, 0.000000000000000000, 0.000000000000000000 ) ) ;
#1880 = EDGE_CURVE ( 'NONE', #2271, #3340, #2046, .T. ) ;
#1881 = VECTOR ( 'NONE', #766, 39.37007874015748143 ) ;
#1882 = ORIENTED_EDGE ( 'NONE', *, *, #1282, .F. ) ;
#1883 = CARTESIAN_POINT ( 'NONE',  ( -0.4454458253237557619, 0.2271079406397718825, 0.2200000000000000011 ) ) ;
#1884 = ORIENTED_EDGE ( 'NONE', *, *, #1784, .T. ) ;
#1885 = EDGE_CURVE ( 'NONE', #2727, #1556, #1721, .T. ) ;
#1886 = EDGE_CURVE ( 'NONE', #1502, #1413, #198, .T. ) ;
#1887 = LINE ( 'NONE', #845, #2003 ) ;
#1888 = CARTESIAN_POINT ( 'NONE',  ( -0.4291858428704214412, 0.04499999999999991507, 0.2200000000000000011 ) ) ;
#1889 = EDGE_CURVE ( 'NONE', #1558, #1897, #3320, .T. ) ;
#1890 = DIRECTION ( 'NONE',  ( -1.000000000000000000, 0.000000000000000000, 0.000000000000000000 ) ) ;
#1891 = CARTESIAN_POINT ( 'NONE',  ( 0.3200000000000006173, 3.918869757271536377E-17, 0.2500000000000000000 ) ) ;
#1892 = ORIENTED_EDGE ( 'NONE', *, *, #2943, .T. ) ;
#1893 = DIRECTION ( 'NONE',  ( -1.000000000000000000, 0.000000000000000000, 0.000000000000000000 ) ) ;
#1894 = CARTESIAN_POINT ( 'NONE',  ( -0.04499999999999992895, -0.4979708826829136736, 0.2200000000000000011 ) ) ;
#1895 = ORIENTED_EDGE ( 'NONE', *, *, #3022, .F. ) ;
#1896 = ORIENTED_EDGE ( 'NONE', *, *, #1024, .F. ) ;
#1897 = VERTEX_POINT ( 'NONE', #2561 ) ;
#1898 = CARTESIAN_POINT ( 'NONE',  ( 0.2535640646055102310, 0.3491858428704209816, 0.2200000000000000011 ) ) ;
#1899 = AXIS2_PLACEMENT_3D ( 'NONE', #1695, #3275, #940 ) ;
#1900 = CARTESIAN_POINT ( 'NONE',  ( 0.2509999999999998899, 0.1336717007256409129, 0.02079177328728548310 ) ) ;
#1901 = VECTOR ( 'NONE', #1038, 39.37007874015748143 ) ;
#1902 = DIRECTION ( 'NONE',  ( -0.000000000000000000, -0.000000000000000000, -1.000000000000000000 ) ) ;
#1903 = EDGE_CURVE ( 'NONE', #513, #226, #221, .T. ) ;
#1904 = VECTOR ( 'NONE', #741, 39.37007874015748143 ) ;
#1905 = EDGE_CURVE ( 'NONE', #2737, #153, #2906, .T. ) ;
#1906 = CARTESIAN_POINT ( 'NONE',  ( 0.000000000000000000, 0.000000000000000000, 0.000000000000000000 ) ) ;
#1907 = DIRECTION ( 'NONE',  ( -1.000000000000000000, 0.000000000000000000, 0.000000000000000000 ) ) ;
#1908 = VERTEX_POINT ( 'NONE', #2233 ) ;
#1909 = CARTESIAN_POINT ( 'NONE',  ( 0.4793485162175847858, 0.02500000000000003608, 0.2200000000000000011 ) ) ;
#1910 = CARTESIAN_POINT ( 'NONE',  ( -3.170254741915370081E-17, 0.2898298351331921596, 0.01517016486680782504 ) ) ;
#1911 = CIRCLE ( 'NONE', #3265, 0.01999999999999999001 ) ;
#1912 = EDGE_LOOP ( 'NONE', ( #558, #2246, #875, #939 ) ) ;
#1913 = DIRECTION ( 'NONE',  ( -1.000000000000000000, 0.000000000000000000, 0.000000000000000000 ) ) ;
#1914 = CARTESIAN_POINT ( 'NONE',  ( -0.2180236230141813225, -0.4276279923108055603, 0.2200000000000000011 ) ) ;
#1915 = ORIENTED_EDGE ( 'NONE', *, *, #145, .T. ) ;
#1916 = CARTESIAN_POINT ( 'NONE',  ( 0.2271079406397723544, 0.4454458253237557064, 0.2200000000000000011 ) ) ;
#1917 = CARTESIAN_POINT ( 'NONE',  ( -0.4194041586570891877, 0.2722134304202114552, 0.2200000000000000011 ) ) ;
#1918 = ORIENTED_EDGE ( 'NONE', *, *, #2405, .T. ) ;
#1919 = EDGE_CURVE ( 'NONE', #18, #1618, #1274, .T. ) ;
#1920 = CYLINDRICAL_SURFACE ( 'NONE', #1115, 0.07000000000000000666 ) ;
#1921 = EDGE_CURVE ( 'NONE', #893, #1817, #2761, .T. ) ;
#1922 = CIRCLE ( 'NONE', #1595, 0.01999999999999999695 ) ;
#1923 = DIRECTION ( 'NONE',  ( 0.000000000000000000, 0.000000000000000000, 1.000000000000000000 ) ) ;
#1924 = EDGE_LOOP ( 'NONE', ( #2337, #3287, #2746, #960 ) ) ;
#1925 = CARTESIAN_POINT ( 'NONE',  ( 0.4537554347483636619, -0.2100142981711569934, 0.2200000000000000011 ) ) ;
#1926 = CARTESIAN_POINT ( 'NONE',  ( 0.4087554347483637329, -0.2879565845117564860, 0.2200000000000000011 ) ) ;
#1927 = CIRCLE ( 'NONE', #453, 0.01999999999999999001 ) ;
#1928 = ORIENTED_EDGE ( 'NONE', *, *, #795, .F. ) ;
#1929 =( NAMED_UNIT ( * ) SI_UNIT ( $, .STERADIAN. ) SOLID_ANGLE_UNIT ( ) );
#1930 = CONICAL_SURFACE ( 'NONE', #842, 0.3050000000000000488, 0.7853981633974500554 ) ;
#1931 = CARTESIAN_POINT ( 'NONE',  ( 0.04499999999999999140, 0.4979708826829136736, 0.000000000000000000 ) ) ;
#1932 = AXIS2_PLACEMENT_3D ( 'NONE', #3142, #2136, #2603 ) ;
#1933 = LINE ( 'NONE', #113, #1352 ) ;
#1934 = PLANE ( 'NONE',  #3150 ) ;
#1935 = ORIENTED_EDGE ( 'NONE', *, *, #2486, .F. ) ;
#1936 = VECTOR ( 'NONE', #1410, 39.37007874015748143 ) ;
#1937 = LINE ( 'NONE', #2146, #22 ) ;
#1938 = FACE_OUTER_BOUND ( 'NONE', #2398, .T. ) ;
#1939 = VERTEX_POINT ( 'NONE', #1970 ) ;
#1940 = CARTESIAN_POINT ( 'NONE',  ( 0.000000000000000000, 0.000000000000000000, 0.2500000000000000000 ) ) ;
#1941 = ADVANCED_FACE ( 'NONE', ( #1083 ), #1792, .T. ) ;
#1942 = LINE ( 'NONE', #1894, #122 ) ;
#1943 = EDGE_LOOP ( 'NONE', ( #1704, #1645, #2456, #520 ) ) ;
#1944 = PLANE ( 'NONE',  #708 ) ;
#1945 = EDGE_CURVE ( 'NONE', #1797, #1467, #1839, .T. ) ;
#1946 = DIRECTION ( 'NONE',  ( -0.000000000000000000, -0.000000000000000000, -1.000000000000000000 ) ) ;
#1947 = EDGE_CURVE ( 'NONE', #2515, #841, #1280, .T. ) ;
#1948 = CARTESIAN_POINT ( 'NONE',  ( -0.2813248932034032590, -0.4026279923108055381, 0.2200000000000000011 ) ) ;
#1949 = CARTESIAN_POINT ( 'NONE',  ( 0.000000000000000000, 0.000000000000000000, 0.000000000000000000 ) ) ;
#1950 = VERTEX_POINT ( 'NONE', #1022 ) ;
#1951 = VECTOR ( 'NONE', #2663, 39.37007874015748854 ) ;
#1952 = VECTOR ( 'NONE', #2476, 39.37007874015748854 ) ;
#1953 = CARTESIAN_POINT ( 'NONE',  ( -0.04003825278222974959, -0.2667137391114895451, 0.2136748927589836866 ) ) ;
#1954 = CARTESIAN_POINT ( 'NONE',  ( 0.2509999999999999454, -0.1449149175665962186, 0.000000000000000000 ) ) ;
#1955 = ORIENTED_EDGE ( 'NONE', *, *, #1647, .T. ) ;
#1956 = CARTESIAN_POINT ( 'NONE',  ( 0.2510000000000000009, -0.1224277761593304814, 0.02641373557044675649 ) ) ;
#1957 = CARTESIAN_POINT ( 'NONE',  ( -0.4276279923108052827, -0.2180236230141816001, 0.000000000000000000 ) ) ;
#1958 = EDGE_CURVE ( 'NONE', #3123, #1509, #2596, .T. ) ;
#1959 = VERTEX_POINT ( 'NONE', #1568 ) ;
#1960 = CARTESIAN_POINT ( 'NONE',  ( -3.170254741915370081E-17, 0.2898298351331921596, 0.000000000000000000 ) ) ;
#1961 = CARTESIAN_POINT ( 'NONE',  ( -0.3050000000000000488, 3.735172737399427639E-17, 0.2500000000000000000 ) ) ;
#1962 = CIRCLE ( 'NONE', #1474, 0.01999999999999999001 ) ;
#1963 = ADVANCED_FACE ( 'NONE', ( #2879 ), #2064, .F. ) ;
#1964 = CARTESIAN_POINT ( 'NONE',  ( -0.4537554347483636064, -0.2100142981711572987, 0.2200000000000000011 ) ) ;
#1965 = DIRECTION ( 'NONE',  ( -1.000000000000000000, 0.000000000000000000, 0.000000000000000000 ) ) ;
#1966 = VERTEX_POINT ( 'NONE', #3149 ) ;
#1967 = DIRECTION ( 'NONE',  ( 0.000000000000000000, 0.000000000000000000, 1.000000000000000000 ) ) ;
#1968 = DIRECTION ( 'NONE',  ( -0.8660254037844385966, -0.5000000000000001110, 0.000000000000000000 ) ) ;
#1969 = ORIENTED_EDGE ( 'NONE', *, *, #212, .F. ) ;
#1970 = CARTESIAN_POINT ( 'NONE',  ( 0.1756217782649107662, -0.3941858428704207440, 0.000000000000000000 ) ) ;
#1971 = DIRECTION ( 'NONE',  ( -1.000000000000000000, 0.000000000000000000, 0.000000000000000000 ) ) ;
#1972 = ORIENTED_EDGE ( 'NONE', *, *, #3160, .F. ) ;
#1973 = CIRCLE ( 'NONE', #1099, 0.07000000000000000666 ) ;
#1974 = DIRECTION ( 'NONE',  ( 0.8660254037844384856, -0.5000000000000001110, 0.000000000000000000 ) ) ;
#1975 = ORIENTED_EDGE ( 'NONE', *, *, #844, .T. ) ;
#1976 = LINE ( 'NONE', #2295, #2312 ) ;
#1977 = CIRCLE ( 'NONE', #348, 0.07000000000000000666 ) ;
#1978 = PLANE ( 'NONE',  #1980 ) ;
#1979 = EDGE_CURVE ( 'NONE', #2149, #3161, #10, .T. ) ;
#1980 = AXIS2_PLACEMENT_3D ( 'NONE', #975, #151, #2532 ) ;
#1981 = DIRECTION ( 'NONE',  ( 0.000000000000000000, 0.000000000000000000, 1.000000000000000000 ) ) ;
#1982 = LINE ( 'NONE', #2754, #2073 ) ;
#1983 = VERTEX_POINT ( 'NONE', #1342 ) ;
#1984 = AXIS2_PLACEMENT_3D ( 'NONE', #546, #1589, #3362 ) ;
#1985 = EDGE_CURVE ( 'NONE', #841, #2727, #3280, .T. ) ;
#1986 = AXIS2_PLACEMENT_3D ( 'NONE', #2995, #2009, #1226 ) ;
#1987 = ADVANCED_FACE ( 'NONE', ( #3166 ), #1583, .T. ) ;
#1988 = DIRECTION ( 'NONE',  ( 0.000000000000000000, 0.000000000000000000, 1.000000000000000000 ) ) ;
#1989 = DIRECTION ( 'NONE',  ( -0.000000000000000000, -0.000000000000000000, -1.000000000000000000 ) ) ;
#1990 = ORIENTED_EDGE ( 'NONE', *, *, #1919, .F. ) ;
#1991 = DIRECTION ( 'NONE',  ( -0.5000000000000002220, 0.8660254037844384856, 0.000000000000000000 ) ) ;
#1992 = CARTESIAN_POINT ( 'NONE',  ( -0.4793485162175847858, -0.02500000000000010200, 0.2200000000000000011 ) ) ;
#1993 = ORIENTED_EDGE ( 'NONE', *, *, #2674, .F. ) ;
#1994 = CARTESIAN_POINT ( 'NONE',  ( 0.2509999999999998899, 0.01273260574635076518, 0.1959999999999995635 ) ) ;
#1995 = ORIENTED_EDGE ( 'NONE', *, *, #25, .F. ) ;
#1996 = DIRECTION ( 'NONE',  ( -0.000000000000000000, -0.000000000000000000, 1.000000000000000000 ) ) ;
#1997 = CARTESIAN_POINT ( 'NONE',  ( -0.2535640646055101755, 0.3491858428704205375, 0.2200000000000000011 ) ) ;
#1998 = EDGE_LOOP ( 'NONE', ( #598, #2620, #2113, #582 ) ) ;
#1999 = DIRECTION ( 'NONE',  ( -1.000000000000000000, 0.000000000000000000, 0.000000000000000000 ) ) ;
#2000 = VERTEX_POINT ( 'NONE', #2894 ) ;
#2001 = EDGE_CURVE ( 'NONE', #722, #3021, #116, .T. ) ;
#2002 = CARTESIAN_POINT ( 'NONE',  ( -0.2722134304202120658, 0.4194041586570889102, 0.2200000000000000011 ) ) ;
#2003 = VECTOR ( 'NONE', #3131, 39.37007874015748854 ) ;
#2004 = EDGE_CURVE ( 'NONE', #2407, #660, #1380, .T. ) ;
#2005 = CARTESIAN_POINT ( 'NONE',  ( 0.4537554347483636619, 0.2100142981711571599, 0.2200000000000000011 ) ) ;
#2006 = ORIENTED_EDGE ( 'NONE', *, *, #1424, .F. ) ;
#2007 = DIRECTION ( 'NONE',  ( -2.586753110129281628E-17, 1.000000000000000000, 0.000000000000000000 ) ) ;
#2008 = VECTOR ( 'NONE', #3281, 39.37007874015748143 ) ;
#2009 = DIRECTION ( 'NONE',  ( -0.000000000000000000, -0.000000000000000000, -1.000000000000000000 ) ) ;
#2010 = ORIENTED_EDGE ( 'NONE', *, *, #799, .T. ) ;
#2011 = AXIS2_PLACEMENT_3D ( 'NONE', #1350, #824, #1107 ) ;
#2012 = LINE ( 'NONE', #715, #240 ) ;
#2013 = ORIENTED_EDGE ( 'NONE', *, *, #1755, .T. ) ;
#2014 = DIRECTION ( 'NONE',  ( 0.000000000000000000, 0.000000000000000000, 1.000000000000000000 ) ) ;
#2015 = LINE ( 'NONE', #2311, #2041 ) ;
#2016 = VERTEX_POINT ( 'NONE', #1070 ) ;
#2017 = CARTESIAN_POINT ( 'NONE',  ( -0.04500000000000000527, 0.4793485162175848413, 0.000000000000000000 ) ) ;
#2018 = EDGE_LOOP ( 'NONE', ( #2679, #1448, #886, #1632, #3112, #230, #1639 ) ) ;
#2019 = MECHANICAL_DESIGN_GEOMETRIC_PRESENTATION_REPRESENTATION (  '', ( #1143 ), #1531 ) ;
#2020 = CARTESIAN_POINT ( 'NONE',  ( 0.4993213710599841426, 0.02604166666666670599, 0.2200000000000000011 ) ) ;
#2021 = CARTESIAN_POINT ( 'NONE',  ( -0.2613248932034035743, 0.4026279923108053715, 0.000000000000000000 ) ) ;
#2022 = ADVANCED_FACE ( 'NONE', ( #24 ), #2338, .F. ) ;
#2023 = LINE ( 'NONE', #175, #2008 ) ;
#2024 = ORIENTED_EDGE ( 'NONE', *, *, #2448, .F. ) ;
#2025 = CARTESIAN_POINT ( 'NONE',  ( -0.2510000000000000009, -0.1449149175665960243, 0.01517016486680787361 ) ) ;
#2026 = DIRECTION ( 'NONE',  ( 0.000000000000000000, 0.000000000000000000, 1.000000000000000000 ) ) ;
#2027 = EDGE_CURVE ( 'NONE', #2271, #138, #1977, .T. ) ;
#2028 = ORIENTED_EDGE ( 'NONE', *, *, #3189, .T. ) ;
#2029 = CARTESIAN_POINT ( 'NONE',  ( 0.4026279923108054826, 0.2613248932034034633, 0.2200000000000000011 ) ) ;
#2030 = ORIENTED_EDGE ( 'NONE', *, *, #1633, .T. ) ;
#2031 = CARTESIAN_POINT ( 'NONE',  ( -0.04500000000000000527, 0.4979708826829136181, 0.000000000000000000 ) ) ;
#2032 = DIRECTION ( 'NONE',  ( -0.000000000000000000, -0.000000000000000000, -1.000000000000000000 ) ) ;
#2033 = AXIS2_PLACEMENT_3D ( 'NONE', #2168, #2457, #2472 ) ;
#2034 = EDGE_CURVE ( 'NONE', #61, #1950, #837, .T. ) ;
#2035 = ORIENTED_EDGE ( 'NONE', *, *, #1569, .F. ) ;
#2036 = DIRECTION ( 'NONE',  ( 0.000000000000000000, 0.000000000000000000, 1.000000000000000000 ) ) ;
#2037 = ORIENTED_EDGE ( 'NONE', *, *, #2702, .T. ) ;
#2038 = AXIS2_PLACEMENT_3D ( 'NONE', #3342, #3304, #992 ) ;
#2039 = AXIS2_PLACEMENT_3D ( 'NONE', #1086, #2069, #557 ) ;
#2040 = CARTESIAN_POINT ( 'NONE',  ( -0.4276279923108055603, 0.2180236230141810450, 0.2200000000000000011 ) ) ;
#2041 = VECTOR ( 'NONE', #1506, 39.37007874015748143 ) ;
#2042 =( CONVERSION_BASED_UNIT ( 'INCH', #3332 ) LENGTH_UNIT ( ) NAMED_UNIT ( #3207 ) );
#2043 = CIRCLE ( 'NONE', #1393, 0.01999999999999999001 ) ;
#2044 = DIRECTION ( 'NONE',  ( -0.8660254037844388186, 0.4999999999999997224, 0.000000000000000000 ) ) ;
#2045 = ORIENTED_EDGE ( 'NONE', *, *, #100, .F. ) ;
#2046 = LINE ( 'NONE', #2795, #2588 ) ;
#2047 = AXIS2_PLACEMENT_3D ( 'NONE', #2305, #2066, #2868 ) ;
#2048 = CARTESIAN_POINT ( 'NONE',  ( 0.4793485162175847858, -0.02499999999999995975, 0.2200000000000000011 ) ) ;
#2049 = CARTESIAN_POINT ( 'NONE',  ( 0.2509999999999998899, 0.06253891632491810626, 0.2034146461450897780 ) ) ;
#2050 = ORIENTED_EDGE ( 'NONE', *, *, #1807, .T. ) ;
#2051 = CARTESIAN_POINT ( 'NONE',  ( -0.04499999999999993588, -0.4793485162175847858, 0.2200000000000000011 ) ) ;
#2052 = EDGE_CURVE ( 'NONE', #3070, #2264, #1313, .T. ) ;
#2053 = CARTESIAN_POINT ( 'NONE',  ( -0.4276279923108052827, -0.2180236230141816001, 0.2200000000000000011 ) ) ;
#2054 = ORIENTED_EDGE ( 'NONE', *, *, #64, .T. ) ;
#2055 = ORIENTED_EDGE ( 'NONE', *, *, #1289, .F. ) ;
#2056 = PLANE ( 'NONE',  #646 ) ;
#2057 = ORIENTED_EDGE ( 'NONE', *, *, #1457, .F. ) ;
#2058 = EDGE_CURVE ( 'NONE', #2276, #2878, #492, .T. ) ;
#2059 = PRODUCT_RELATED_PRODUCT_CATEGORY ( 'part', '', ( #1144 ) ) ;
#2060 = CARTESIAN_POINT ( 'NONE',  ( -0.4276279923108055603, 0.2180236230141810450, 0.2200000000000000011 ) ) ;
#2061 = CARTESIAN_POINT ( 'NONE',  ( 0.000000000000000000, 0.000000000000000000, 0.000000000000000000 ) ) ;
#2062 = LINE ( 'NONE', #2846, #1409 ) ;
#2063 = ORIENTED_EDGE ( 'NONE', *, *, #1072, .F. ) ;
#2064 = PLANE ( 'NONE',  #1653 ) ;
#2065 = CIRCLE ( 'NONE', #1131, 0.5000000000000001110 ) ;
#2066 = DIRECTION ( 'NONE',  ( -0.000000000000000000, -0.000000000000000000, -1.000000000000000000 ) ) ;
#2067 = AXIS2_PLACEMENT_3D ( 'NONE', #3262, #2777, #1173 ) ;
#2068 = ORIENTED_EDGE ( 'NONE', *, *, #2739, .F. ) ;
#2069 = DIRECTION ( 'NONE',  ( 0.5000000000000001110, -0.8660254037844385966, 0.000000000000000000 ) ) ;
#2070 = ORIENTED_EDGE ( 'NONE', *, *, #323, .F. ) ;
#2071 = CARTESIAN_POINT ( 'NONE',  ( -0.3941858428704207440, -0.1756217782649107662, 0.000000000000000000 ) ) ;
#2072 = CARTESIAN_POINT ( 'NONE',  ( 0.01972674344382898542, -0.2784405944956627743, 0.02655940550434256198 ) ) ;
#2073 = VECTOR ( 'NONE', #381, 39.37007874015748143 ) ;
#2074 = ADVANCED_FACE ( 'NONE', ( #554 ), #1535, .F. ) ;
#2075 = ORIENTED_EDGE ( 'NONE', *, *, #1072, .T. ) ;
#2076 = CYLINDRICAL_SURFACE ( 'NONE', #1193, 0.01999999999999999001 ) ;
#2077 = ORIENTED_EDGE ( 'NONE', *, *, #713, .F. ) ;
#2078 = EDGE_CURVE ( 'NONE', #33, #189, #3121, .T. ) ;
#2079 = CARTESIAN_POINT ( 'NONE',  ( -0.4026279923108053715, -0.2613248932034035743, 0.000000000000000000 ) ) ;
#2080 = CARTESIAN_POINT ( 'NONE',  ( 0.04500000000000006772, -0.4793485162175847858, 0.2200000000000000011 ) ) ;
#2081 = EDGE_LOOP ( 'NONE', ( #1895, #1366 ) ) ;
#2082 = DIRECTION ( 'NONE',  ( -1.000000000000000000, 0.000000000000000000, 0.000000000000000000 ) ) ;
#2083 = CARTESIAN_POINT ( 'NONE',  ( 0.08251285464460873798, 0.2421910162925227372, 0.1997778978576700282 ) ) ;
#2084 = CARTESIAN_POINT ( 'NONE',  ( 0.4194041586570890767, -0.2722134304202117328, 0.2200000000000000011 ) ) ;
#2085 = ORIENTED_EDGE ( 'NONE', *, *, #1196, .T. ) ;
#2086 = DIRECTION ( 'NONE',  ( -1.000000000000000000, -1.552051866077568668E-16, 0.000000000000000000 ) ) ;
#2087 = B_SPLINE_CURVE_WITH_KNOTS ( 'NONE', 3,
 ( #1863, #2381, #2344, #2900, #788, #1833, #561, #1605, #529, #2394, #2072, #278 ),
 .UNSPECIFIED., .F., .F.,
 ( 4, 2, 2, 2, 2, 4 ),
 ( 2.544317530285743278E-07, 0.001901334009213949232, 0.002851873797944408026, 0.003802413586674867254, 0.005703493164135787011, 0.007604572741596707201 ),
 .UNSPECIFIED. ) ;
#2088 = PLANE ( 'NONE',  #2375 ) ;
#2089 = ORIENTED_EDGE ( 'NONE', *, *, #3296, .F. ) ;
#2090 = CARTESIAN_POINT ( 'NONE',  ( 0.000000000000000000, 0.000000000000000000, 0.2500000000000000000 ) ) ;
#2091 = ORIENTED_EDGE ( 'NONE', *, *, #2910, .T. ) ;
#2092 = VECTOR ( 'NONE', #1347, 39.37007874015748143 ) ;
#2093 = CARTESIAN_POINT ( 'NONE',  ( 0.04500000000000006772, -0.4291858428704207751, 0.000000000000000000 ) ) ;
#2094 = ADVANCED_FACE ( 'NONE', ( #2144 ), #1359, .F. ) ;
#2095 = AXIS2_PLACEMENT_3D ( 'NONE', #1073, #3358, #3122 ) ;
#2096 = CIRCLE ( 'NONE', #621, 0.01999999999999999001 ) ;
#2097 = EDGE_LOOP ( 'NONE', ( #1635, #95, #339, #1581 ) ) ;
#2098 = DIRECTION ( 'NONE',  ( 0.000000000000000000, 0.000000000000000000, 1.000000000000000000 ) ) ;
#2099 = ADVANCED_FACE ( 'NONE', ( #1780 ), #408, .T. ) ;
#2100 = PLANE ( 'NONE',  #466 ) ;
#2101 = EDGE_CURVE ( 'NONE', #1785, #2459, #3341, .T. ) ;
#2102 = DIRECTION ( 'NONE',  ( 0.4999999999999995559, 0.8660254037844388186, 0.000000000000000000 ) ) ;
#2103 = EDGE_LOOP ( 'NONE', ( #2724, #331, #60, #1264, #2057, #2287, #413, #2382, #697, #2730, #1438, #2919, #2960, #2841, #3140, #248, #1892, #2692, #2443, #2800, #2376, #2075, #3354, #1059, #2137, #3129, #2294, #2771, #2569, #80, #2688, #2133, #46, #2340, #1975, #1753, #3026, #716, #1582, #103, #1381, #2202, #3350, #1915, #2599, #1725, #2372, #1918, #478, #2010, #1896, #491, #1955, #1504, #1079, #2013, #3034, #1928, #440, #1836, #1787, #1697, #2518, #506, #719, #1174, #1121, #1106, #1452, #1690, #986, #1300, #2352, #313, #2849, #790, #626, #260, #2491, #851, #990 ) ) ;
#2104 = CARTESIAN_POINT ( 'NONE',  ( 0.4979708826829136181, 0.04500000000000003997, 0.2200000000000000011 ) ) ;
#2105 = CIRCLE ( 'NONE', #2213, 0.5000000000000001110 ) ;
#2106 = DIRECTION ( 'NONE',  ( -0.000000000000000000, -0.000000000000000000, -1.000000000000000000 ) ) ;
#2107 = VERTEX_POINT ( 'NONE', #2817 ) ;
#2108 = DIRECTION ( 'NONE',  ( -1.000000000000000000, 0.000000000000000000, 0.000000000000000000 ) ) ;
#2109 = VERTEX_POINT ( 'NONE', #1481 ) ;
#2110 = CARTESIAN_POINT ( 'NONE',  ( -0.2613248932034035743, 0.4026279923108053715, 0.000000000000000000 ) ) ;
#2111 = APPLICATION_PROTOCOL_DEFINITION ( 'draft international standard', 'automotive_design', 1998, #581 ) ;
#2112 = EDGE_CURVE ( 'NONE', #523, #1004, #1010, .T. ) ;
#2113 = ORIENTED_EDGE ( 'NONE', *, *, #2346, .F. ) ;
#2114 = DIRECTION ( 'NONE',  ( -0.000000000000000000, -0.000000000000000000, -1.000000000000000000 ) ) ;
#2115 = CARTESIAN_POINT ( 'NONE',  ( 0.4793485162175847858, 0.04500000000000003997, 0.000000000000000000 ) ) ;
#2116 = EDGE_CURVE ( 'NONE', #1966, #1489, #206, .T. ) ;
#2117 = FACE_OUTER_BOUND ( 'NONE', #2415, .T. ) ;
#2118 = EDGE_LOOP ( 'NONE', ( #467, #2430, #1995, #407 ) ) ;
#2119 = CARTESIAN_POINT ( 'NONE',  ( -0.3141858428704208950, 0.3141858428704205064, 0.000000000000000000 ) ) ;
#2120 = AXIS2_PLACEMENT_3D ( 'NONE', #3184, #2423, #1875 ) ;
#2121 = DIRECTION ( 'NONE',  ( -1.000000000000000000, 0.000000000000000000, 0.000000000000000000 ) ) ;
#2122 = AXIS2_PLACEMENT_3D ( 'NONE', #1356, #2673, #2909 ) ;
#2123 = ORIENTED_EDGE ( 'NONE', *, *, #1889, .F. ) ;
#2124 = CARTESIAN_POINT ( 'NONE',  ( -2.754852511982548430E-17, -0.2898298351331921041, 0.000000000000000000 ) ) ;
#2125 = ORIENTED_EDGE ( 'NONE', *, *, #2842, .T. ) ;
#2126 = AXIS2_PLACEMENT_3D ( 'NONE', #1159, #2444, #2967 ) ;
#2127 = CIRCLE ( 'NONE', #2126, 0.07000000000000000666 ) ;
#2128 = CARTESIAN_POINT ( 'NONE',  ( -0.3491858428704208706, 0.2535640646055097314, 0.2200000000000000011 ) ) ;
#2129 = DIRECTION ( 'NONE',  ( 0.000000000000000000, 0.000000000000000000, 1.000000000000000000 ) ) ;
#2130 = EDGE_CURVE ( 'NONE', #710, #3270, #2690, .T. ) ;
#2131 = DIRECTION ( 'NONE',  ( -1.000000000000000000, 0.000000000000000000, 0.000000000000000000 ) ) ;
#2132 = DIRECTION ( 'NONE',  ( 0.000000000000000000, 0.000000000000000000, -1.000000000000000000 ) ) ;
#2133 = ORIENTED_EDGE ( 'NONE', *, *, #1532, .F. ) ;
#2134 = CARTESIAN_POINT ( 'NONE',  ( 0.4793485162175847858, 0.04500000000000003997, 0.2200000000000000011 ) ) ;
#2135 = EDGE_CURVE ( 'NONE', #1489, #1069, #2972, .T. ) ;
#2136 = DIRECTION ( 'NONE',  ( 0.000000000000000000, 0.000000000000000000, 1.000000000000000000 ) ) ;
#2137 = ORIENTED_EDGE ( 'NONE', *, *, #2554, .F. ) ;
#2138 = CYLINDRICAL_SURFACE ( 'NONE', #3315, 0.01999999999999999001 ) ;
#2139 = VERTEX_POINT ( 'NONE', #1742 ) ;
#2140 = ADVANCED_FACE ( 'NONE', ( #2747 ), #3049, .T. ) ;
#2141 = DIRECTION ( 'NONE',  ( -0.000000000000000000, -0.000000000000000000, -1.000000000000000000 ) ) ;
#2142 = CARTESIAN_POINT ( 'NONE',  ( -0.4087554347483634554, -0.2879565845117567635, 0.000000000000000000 ) ) ;
#2143 = AXIS2_PLACEMENT_3D ( 'NONE', #1364, #627, #1137 ) ;
#2144 = FACE_OUTER_BOUND ( 'NONE', #1830, .T. ) ;
#2145 = VECTOR ( 'NONE', #2814, 39.37007874015748143 ) ;
#2146 = CARTESIAN_POINT ( 'NONE',  ( -0.4979708826829136736, 0.04499999999999989425, 0.2200000000000000011 ) ) ;
#2147 = VECTOR ( 'NONE', #1524, 39.37007874015748143 ) ;
#2148 = CARTESIAN_POINT ( 'NONE',  ( -0.2510000000000000009, -0.09866869098482690392, 0.03551813270129469680 ) ) ;
#2149 = VERTEX_POINT ( 'NONE', #441 ) ;
#2150 = LINE ( 'NONE', #1154, #3126 ) ;
#2151 = AXIS2_PLACEMENT_3D ( 'NONE', #3188, #1415, #3202 ) ;
#2152 = CARTESIAN_POINT ( 'NONE',  ( 0.000000000000000000, 0.000000000000000000, 0.2500000000000000000 ) ) ;
#2153 = ORIENTED_EDGE ( 'NONE', *, *, #2465, .T. ) ;
#2154 = CIRCLE ( 'NONE', #1440, 0.07000000000000000666 ) ;
#2155 = EDGE_CURVE ( 'NONE', #714, #2109, #1503, .T. ) ;
#2156 = VERTEX_POINT ( 'NONE', #3269 ) ;
#2157 = DIRECTION ( 'NONE',  ( -1.000000000000000000, 0.000000000000000000, 0.000000000000000000 ) ) ;
#2158 = ORIENTED_EDGE ( 'NONE', *, *, #1463, .F. ) ;
#2159 = CARTESIAN_POINT ( 'NONE',  ( 0.4376279923108054581, -0.2007031149384925772, 0.2200000000000000011 ) ) ;
#2160 = AXIS2_PLACEMENT_3D ( 'NONE', #2269, #1751, #983 ) ;
#2161 = EDGE_CURVE ( 'NONE', #3310, #2727, #2565, .T. ) ;
#2162 = CARTESIAN_POINT ( 'NONE',  ( 0.2509999999999999454, 0.1449149175665961076, 0.01517016486680787014 ) ) ;
#2163 = DIRECTION ( 'NONE',  ( -1.000000000000000000, 0.000000000000000000, 0.000000000000000000 ) ) ;
#2164 = ADVANCED_FACE ( 'NONE', ( #934 ), #225, .T. ) ;
#2165 = CARTESIAN_POINT ( 'NONE',  ( -0.2510000000000000009, -0.1449149175665960243, 0.2348298351331921385 ) ) ;
#2166 = CARTESIAN_POINT ( 'NONE',  ( -0.2509999999999999454, -0.1336717007256408296, 0.02079177328728544147 ) ) ;
#2167 = ORIENTED_EDGE ( 'NONE', *, *, #3092, .F. ) ;
#2168 = CARTESIAN_POINT ( 'NONE',  ( -0.2613248932034035743, 0.4026279923108053715, 0.2200000000000000011 ) ) ;
#2169 = DIRECTION ( 'NONE',  ( -0.000000000000000000, -0.000000000000000000, -1.000000000000000000 ) ) ;
#2170 = ORIENTED_EDGE ( 'NONE', *, *, #1958, .F. ) ;
#2171 = FACE_OUTER_BOUND ( 'NONE', #266, .T. ) ;
#2172 = ORIENTED_EDGE ( 'NONE', *, *, #140, .T. ) ;
#2173 = DIRECTION ( 'NONE',  ( -1.000000000000000000, 0.000000000000000000, 0.000000000000000000 ) ) ;
#2174 = AXIS2_PLACEMENT_3D ( 'NONE', #3242, #891, #2244 ) ;
#2175 = ADVANCED_FACE ( 'NONE', ( #3013 ), #1265, .T. ) ;
#2176 = CARTESIAN_POINT ( 'NONE',  ( -0.2722134304202116772, -0.4194041586570890767, 0.000000000000000000 ) ) ;
#2177 = CIRCLE ( 'NONE', #536, 0.01999999999999999001 ) ;
#2178 = CYLINDRICAL_SURFACE ( 'NONE', #2986, 0.01999999999999999001 ) ;
#2179 = VERTEX_POINT ( 'NONE', #2547 ) ;
#2180 = EDGE_CURVE ( 'NONE', #153, #2536, #2012, .T. ) ;
#2181 = CIRCLE ( 'NONE', #98, 0.3200000000000006173 ) ;
#2182 = DIRECTION ( 'NONE',  ( -1.000000000000000000, 0.000000000000000000, 0.000000000000000000 ) ) ;
#2183 = CARTESIAN_POINT ( 'NONE',  ( 0.1140821431559787547, -0.2239644790723583634, 0.1960274562617080885 ) ) ;
#2184 = EDGE_LOOP ( 'NONE', ( #2560, #993, #446, #3307 ) ) ;
#2185 = CARTESIAN_POINT ( 'NONE',  ( -0.2510000000000000564, 0.01273260574635079467, 0.05400000000000037409 ) ) ;
#2186 = LINE ( 'NONE', #1926, #567 ) ;
#2187 = CIRCLE ( 'NONE', #2787, 0.01999999999999999001 ) ;
#2188 = ORIENTED_EDGE ( 'NONE', *, *, #1885, .T. ) ;
#2189 = SURFACE_STYLE_USAGE ( .BOTH. , #613 ) ;
#2190 = DIRECTION ( 'NONE',  ( -0.4999999999999998335, -0.8660254037844388186, 0.000000000000000000 ) ) ;
#2191 = DIMENSIONAL_EXPONENTS ( 1.000000000000000000, 0.000000000000000000, 0.000000000000000000, 0.000000000000000000, 0.000000000000000000, 0.000000000000000000, 0.000000000000000000 ) ;
#2192 = CARTESIAN_POINT ( 'NONE',  ( -0.3926279923108053072, -0.2786454012790923751, 0.000000000000000000 ) ) ;
#2193 = CARTESIAN_POINT ( 'NONE',  ( 0.4979708826829136736, -0.04499999999999995670, 0.2200000000000000011 ) ) ;
#2194 = CARTESIAN_POINT ( 'NONE',  ( -0.1756217782649106551, 0.3941858428704204664, 0.000000000000000000 ) ) ;
#2195 = VERTEX_POINT ( 'NONE', #3069 ) ;
#2196 = ADVANCED_FACE ( 'NONE', ( #2308 ), #680, .F. ) ;
#2197 = CIRCLE ( 'NONE', #3227, 0.07000000000000000666 ) ;
#2198 = CARTESIAN_POINT ( 'NONE',  ( -0.2813248932034035921, 0.4026279923108053715, 0.000000000000000000 ) ) ;
#2199 = VECTOR ( 'NONE', #2086, 39.37007874015748143 ) ;
#2200 = ADVANCED_FACE ( 'NONE', ( #289 ), #1557, .T. ) ;
#2201 = CARTESIAN_POINT ( 'NONE',  ( 0.2100142981711570211, 0.4537554347483636064, 0.2200000000000000011 ) ) ;
#2202 = ORIENTED_EDGE ( 'NONE', *, *, #2267, .T. ) ;
#2203 = CARTESIAN_POINT ( 'NONE',  ( 0.04499999999999999140, 0.4793485162175848413, 0.000000000000000000 ) ) ;
#2204 = DIRECTION ( 'NONE',  ( 0.8660254037844391517, -0.4999999999999991673, 0.000000000000000000 ) ) ;
#2205 = AXIS2_PLACEMENT_3D ( 'NONE', #765, #2129, #524 ) ;
#2206 = EDGE_LOOP ( 'NONE', ( #2413, #1470, #2212, #2668 ) ) ;
#2207 = CARTESIAN_POINT ( 'NONE',  ( 0.3141858428704208950, 0.3141858428704210615, 0.2200000000000000011 ) ) ;
#2208 = DIRECTION ( 'NONE',  ( -1.000000000000000000, 0.000000000000000000, 0.000000000000000000 ) ) ;
#2209 = VECTOR ( 'NONE', #2838, 39.37007874015748854 ) ;
#2210 = DIRECTION ( 'NONE',  ( -0.000000000000000000, -0.000000000000000000, -1.000000000000000000 ) ) ;
#2211 = CARTESIAN_POINT ( 'NONE',  ( 0.4026279923108055381, -0.2613248932034032967, 0.000000000000000000 ) ) ;
#2212 = ORIENTED_EDGE ( 'NONE', *, *, #1103, .T. ) ;
#2213 = AXIS2_PLACEMENT_3D ( 'NONE', #688, #1967, #121 ) ;
#2214 = DIRECTION ( 'NONE',  ( -0.000000000000000000, -0.000000000000000000, -1.000000000000000000 ) ) ;
#2215 = ADVANCED_FACE ( 'NONE', ( #1586 ), #2391, .F. ) ;
#2216 = DIRECTION ( 'NONE',  ( -1.000000000000000000, 0.000000000000000000, 0.000000000000000000 ) ) ;
#2217 = VERTEX_POINT ( 'NONE', #2630 ) ;
#2218 = DIRECTION ( 'NONE',  ( -1.000000000000000000, 0.000000000000000000, 0.000000000000000000 ) ) ;
#2219 = DIRECTION ( 'NONE',  ( 0.000000000000000000, 0.000000000000000000, 1.000000000000000000 ) ) ;
#2220 = ADVANCED_FACE ( 'NONE', ( #2117 ), #3154, .T. ) ;
#2221 = ORIENTED_EDGE ( 'NONE', *, *, #1276, .T. ) ;
#2222 = DIRECTION ( 'NONE',  ( -0.000000000000000000, -0.000000000000000000, -1.000000000000000000 ) ) ;
#2223 = DIRECTION ( 'NONE',  ( 0.000000000000000000, 0.000000000000000000, 1.000000000000000000 ) ) ;
#2224 = DIRECTION ( 'NONE',  ( -0.000000000000000000, -0.000000000000000000, -1.000000000000000000 ) ) ;
#2225 = DIRECTION ( 'NONE',  ( -0.000000000000000000, -0.000000000000000000, -1.000000000000000000 ) ) ;
#2226 = EDGE_LOOP ( 'NONE', ( #642, #3363, #802, #2153 ) ) ;
#2227 = CIRCLE ( 'NONE', #3037, 0.01999999999999999001 ) ;
#2228 = CIRCLE ( 'NONE', #2558, 0.07000000000000000666 ) ;
#2229 = AXIS2_PLACEMENT_3D ( 'NONE', #1527, #170, #2280 ) ;
#2230 = DIRECTION ( 'NONE',  ( -0.000000000000000000, -0.000000000000000000, -1.000000000000000000 ) ) ;
#2231 = CARTESIAN_POINT ( 'NONE',  ( 0.2879565845117567080, -0.4087554347483635109, 0.000000000000000000 ) ) ;
#2232 = VERTEX_POINT ( 'NONE', #2580 ) ;
#2233 = CARTESIAN_POINT ( 'NONE',  ( -0.4376279923108053471, -0.2007031149384927993, 0.2200000000000000011 ) ) ;
#2234 = ADVANCED_FACE ( 'NONE', ( #817 ), #494, .T. ) ;
#2235 = CARTESIAN_POINT ( 'NONE',  ( 0.2441858428704209716, -0.3141858428704207840, 0.000000000000000000 ) ) ;
#2236 = EDGE_LOOP ( 'NONE', ( #1935, #1087, #1473, #981 ) ) ;
#2237 = CARTESIAN_POINT ( 'NONE',  ( 0.2509999999999998344, -0.09866869098482697331, 0.2144818672987051644 ) ) ;
#2238 = ORIENTED_EDGE ( 'NONE', *, *, #472, .F. ) ;
#2239 = CARTESIAN_POINT ( 'NONE',  ( -0.2180236230141813225, -0.4276279923108055603, 0.000000000000000000 ) ) ;
#2240 = ADVANCED_FACE ( 'NONE', ( #1025 ), #1315, .T. ) ;
#2241 = EDGE_CURVE ( 'NONE', #2992, #1200, #2852, .T. ) ;
#2242 = CARTESIAN_POINT ( 'NONE',  ( 0.2271079406397723544, 0.4454458253237557064, 0.000000000000000000 ) ) ;
#2243 = VECTOR ( 'NONE', #8, 39.37007874015748143 ) ;
#2244 = DIRECTION ( 'NONE',  ( -1.000000000000000000, 0.000000000000000000, 0.000000000000000000 ) ) ;
#2245 = CARTESIAN_POINT ( 'NONE',  ( -0.1684871453553912213, -0.1925537364072654467, 0.05022210214232994407 ) ) ;
#2246 = ORIENTED_EDGE ( 'NONE', *, *, #3116, .T. ) ;
#2247 = EDGE_CURVE ( 'NONE', #1016, #3029, #3106, .T. ) ;
#2248 = ADVANCED_FACE ( 'NONE', ( #42 ), #1930, .F. ) ;
#2249 = PLANE ( 'NONE',  #1171 ) ;
#2250 = DIRECTION ( 'NONE',  ( 0.8660254037844383745, 0.5000000000000003331, 0.000000000000000000 ) ) ;
#2251 = ORIENTED_EDGE ( 'NONE', *, *, #3152, .T. ) ;
#2252 = CARTESIAN_POINT ( 'NONE',  ( 0.4291858428704208861, 0.1150000000000000189, 0.2200000000000000011 ) ) ;
#2253 = CARTESIAN_POINT ( 'NONE',  ( -0.2510000000000000009, 3.073560255265701809E-17, 0.1960000000000001741 ) ) ;
#2254 = ORIENTED_EDGE ( 'NONE', *, *, #2533, .T. ) ;
#2255 = CIRCLE ( 'NONE', #831, 0.01999999999999999001 ) ;
#2256 = CARTESIAN_POINT ( 'NONE',  ( -0.5000000000000001110, 0.000000000000000000, 0.2200000000000000011 ) ) ;
#2257 = ORIENTED_EDGE ( 'NONE', *, *, #1947, .F. ) ;
#2258 = CARTESIAN_POINT ( 'NONE',  ( -0.2007031149384925495, -0.4376279923108055137, 0.000000000000000000 ) ) ;
#2259 = AXIS2_PLACEMENT_3D ( 'NONE', #1596, #2645, #37 ) ;
#2260 = CARTESIAN_POINT ( 'NONE',  ( -0.2813248932034032590, -0.4026279923108055381, 0.2200000000000000011 ) ) ;
#2261 = ADVANCED_FACE ( 'NONE', ( #512, #2648 ), #2835, .F. ) ;
#2262 = EDGE_LOOP ( 'NONE', ( #395, #823, #3218, #1480 ) ) ;
#2263 = CIRCLE ( 'NONE', #1711, 0.01999999999999999001 ) ;
#2264 = VERTEX_POINT ( 'NONE', #2600 ) ;
#2265 = CARTESIAN_POINT ( 'NONE',  ( 0.000000000000000000, 0.000000000000000000, 0.000000000000000000 ) ) ;
#2266 = ORIENTED_EDGE ( 'NONE', *, *, #1419, .T. ) ;
#2267 = EDGE_CURVE ( 'NONE', #701, #3260, #2263, .T. ) ;
#2268 = CIRCLE ( 'NONE', #793, 0.01999999999999999001 ) ;
#2269 = CARTESIAN_POINT ( 'NONE',  ( 0.000000000000000000, 0.000000000000000000, 0.000000000000000000 ) ) ;
#2270 = LINE ( 'NONE', #2812, #3312 ) ;
#2271 = VERTEX_POINT ( 'NONE', #526 ) ;
#2272 = LINE ( 'NONE', #692, #2145 ) ;
#2273 = DIRECTION ( 'NONE',  ( 1.000000000000000000, 0.000000000000000000, 0.000000000000000000 ) ) ;
#2274 = EDGE_LOOP ( 'NONE', ( #2123, #704, #243, #3101 ) ) ;
#2275 = CARTESIAN_POINT ( 'NONE',  ( 0.2100142981711570211, 0.4537554347483636064, 0.000000000000000000 ) ) ;
#2276 = VERTEX_POINT ( 'NONE', #3376 ) ;
#2277 = LINE ( 'NONE', #1249, #1820 ) ;
#2278 = CARTESIAN_POINT ( 'NONE',  ( 0.2441858428704208883, 0.3141858428704210615, 0.2200000000000000011 ) ) ;
#2279 = ORIENTED_EDGE ( 'NONE', *, *, #21, .F. ) ;
#2280 = DIRECTION ( 'NONE',  ( -1.000000000000000000, 0.000000000000000000, 0.000000000000000000 ) ) ;
#2281 = ORIENTED_EDGE ( 'NONE', *, *, #2643, .F. ) ;
#2282 = EDGE_CURVE ( 'NONE', #2566, #3324, #2870, .T. ) ;
#2283 = CARTESIAN_POINT ( 'NONE',  ( 0.4291858428704210526, -0.04499999999999996364, 0.2200000000000000011 ) ) ;
#2284 = EDGE_CURVE ( 'NONE', #1232, #1305, #2883, .T. ) ;
#2285 = DIRECTION ( 'NONE',  ( -1.000000000000000000, 0.000000000000000000, 0.000000000000000000 ) ) ;
#2286 = LINE ( 'NONE', #2231, #211 ) ;
#2287 = ORIENTED_EDGE ( 'NONE', *, *, #40, .T. ) ;
#2288 = CARTESIAN_POINT ( 'NONE',  ( 0.000000000000000000, 0.000000000000000000, 0.2500000000000000000 ) ) ;
#2289 = AXIS2_PLACEMENT_3D ( 'NONE', #966, #2759, #728 ) ;
#2290 = CARTESIAN_POINT ( 'NONE',  ( 0.000000000000000000, 0.000000000000000000, 0.2200000000000000011 ) ) ;
#2291 = VERTEX_POINT ( 'NONE', #1571 ) ;
#2292 = AXIS2_PLACEMENT_3D ( 'NONE', #2858, #1563, #2606 ) ;
#2293 = DIRECTION ( 'NONE',  ( -0.000000000000000000, -0.000000000000000000, -1.000000000000000000 ) ) ;
#2294 = ORIENTED_EDGE ( 'NONE', *, *, #838, .T. ) ;
#2295 = CARTESIAN_POINT ( 'NONE',  ( -0.3491858428704208150, -0.2535640646055103420, 0.2200000000000000011 ) ) ;
#2296 = CARTESIAN_POINT ( 'NONE',  ( 0.3591858428704208794, 0.1150000000000000189, 0.2200000000000000011 ) ) ;
#2297 = ORIENTED_EDGE ( 'NONE', *, *, #2907, .T. ) ;
#2298 = ORIENTED_EDGE ( 'NONE', *, *, #1378, .F. ) ;
#2299 = CARTESIAN_POINT ( 'NONE',  ( -0.04500000000000000527, 0.4979708826829136181, 0.2200000000000000011 ) ) ;
#2300 = ORIENTED_EDGE ( 'NONE', *, *, #629, .F. ) ;
#2301 = DIRECTION ( 'NONE',  ( -0.000000000000000000, -0.000000000000000000, -1.000000000000000000 ) ) ;
#2302 = DIRECTION ( 'NONE',  ( -1.000000000000000000, -3.414809992080330699E-15, 0.000000000000000000 ) ) ;
#2303 = VERTEX_POINT ( 'NONE', #2614 ) ;
#2304 = CARTESIAN_POINT ( 'NONE',  ( -0.02604166666666660537, -0.4993213710599841426, 0.2200000000000000011 ) ) ;
#2305 = CARTESIAN_POINT ( 'NONE',  ( 0.1150000000000000744, -0.4291858428704207751, 0.2200000000000000011 ) ) ;
#2306 = VERTEX_POINT ( 'NONE', #275 ) ;
#2307 = EDGE_CURVE ( 'NONE', #2179, #2107, #515, .T. ) ;
#2308 = FACE_OUTER_BOUND ( 'NONE', #3263, .T. ) ;
#2309 = EDGE_LOOP ( 'NONE', ( #1158, #1607, #1511, #3365 ) ) ;
#2310 = CARTESIAN_POINT ( 'NONE',  ( -0.3491858428704208706, 0.2535640646055097869, 0.2200000000000000011 ) ) ;
#2311 = CARTESIAN_POINT ( 'NONE',  ( -0.2722134304202117328, -0.4194041586570890767, 0.2200000000000000011 ) ) ;
#2312 = VECTOR ( 'NONE', #2567, 39.37007874015748143 ) ;
#2313 = VERTEX_POINT ( 'NONE', #2159 ) ;
#2314 = CARTESIAN_POINT ( 'NONE',  ( -0.2100142981711569101, -0.4537554347483636619, 0.000000000000000000 ) ) ;
#2315 = ORIENTED_EDGE ( 'NONE', *, *, #921, .F. ) ;
#2316 = AXIS2_PLACEMENT_3D ( 'NONE', #2489, #1775, #2544 ) ;
#2317 = B_SPLINE_CURVE_WITH_KNOTS ( 'NONE', 3,
 ( #3077, #209, #961, #1786, #2824, #2570, #1543, #3035, #2586, #249, #1291, #2333 ),
 .UNSPECIFIED., .F., .F.,
 ( 4, 2, 2, 2, 2, 4 ),
 ( 2.544317530288131911E-07, 0.001901334009213947931, 0.002851873797944407159, 0.003802413586674865953, 0.005703493164135786143, 0.007604572741596707201 ),
 .UNSPECIFIED. ) ;
#2318 = AXIS2_PLACEMENT_3D ( 'NONE', #2568, #1268, #1231 ) ;
#2319 = CARTESIAN_POINT ( 'NONE',  ( 0.2509999999999999454, -0.1449149175665962186, 0.000000000000000000 ) ) ;
#2320 = VECTOR ( 'NONE', #2204, 39.37007874015748143 ) ;
#2321 = AXIS2_PLACEMENT_3D ( 'NONE', #1957, #3066, #1971 ) ;
#2322 = CARTESIAN_POINT ( 'NONE',  ( -0.2613248932034032412, -0.4026279923108055381, 0.2200000000000000011 ) ) ;
#2323 = EDGE_LOOP ( 'NONE', ( #3050, #1227, #2238, #796 ) ) ;
#2324 = DIRECTION ( 'NONE',  ( -1.000000000000000000, 0.000000000000000000, 0.000000000000000000 ) ) ;
#2325 = EDGE_CURVE ( 'NONE', #2760, #3127, #1002, .T. ) ;
#2326 = CARTESIAN_POINT ( 'NONE',  ( -0.4026279923108057046, 0.2613248932034030192, 0.2200000000000000011 ) ) ;
#2327 = CARTESIAN_POINT ( 'NONE',  ( -0.2786454012790920420, -0.3926279923108055847, 0.2200000000000000011 ) ) ;
#2328 = ORIENTED_EDGE ( 'NONE', *, *, #1741, .T. ) ;
#2329 = CARTESIAN_POINT ( 'NONE',  ( 0.4979708826829136736, -0.04499999999999995670, 0.2200000000000000011 ) ) ;
#2330 = ADVANCED_FACE ( 'NONE', ( #1659 ), #65, .T. ) ;
#2331 = CARTESIAN_POINT ( 'NONE',  ( -0.4537554347483638284, 0.2100142981711566881, 0.000000000000000000 ) ) ;
#2332 = ORIENTED_EDGE ( 'NONE', *, *, #1985, .F. ) ;
#2333 = CARTESIAN_POINT ( 'NONE',  ( -3.170254741915370081E-17, 0.2898298351331921596, 0.01517016486680782504 ) ) ;
#2334 = ORIENTED_EDGE ( 'NONE', *, *, #172, .F. ) ;
#2335 = CARTESIAN_POINT ( 'NONE',  ( 0.3050000000000000488, 0.000000000000000000, 0.2500000000000000000 ) ) ;
#2336 = DIRECTION ( 'NONE',  ( -1.000000000000000000, 0.000000000000000000, 0.000000000000000000 ) ) ;
#2337 = ORIENTED_EDGE ( 'NONE', *, *, #1847, .F. ) ;
#2338 = CYLINDRICAL_SURFACE ( 'NONE', #67, 0.06999999999999999278 ) ;
#2339 = LINE ( 'NONE', #2115, #1881 ) ;
#2340 = ORIENTED_EDGE ( 'NONE', *, *, #193, .T. ) ;
#2341 = CARTESIAN_POINT ( 'NONE',  ( 0.2180236230141816001, -0.4276279923108053382, 0.000000000000000000 ) ) ;
#2342 = ORIENTED_EDGE ( 'NONE', *, *, #2674, .T. ) ;
#2343 = DIRECTION ( 'NONE',  ( -1.000000000000000000, 0.000000000000000000, 0.000000000000000000 ) ) ;
#2344 = CARTESIAN_POINT ( 'NONE',  ( 0.2113351349030652693, -0.1678154381076816248, 0.03611969292901392320 ) ) ;
#2345 = VECTOR ( 'NONE', #232, 39.37007874015748143 ) ;
#2346 = EDGE_CURVE ( 'NONE', #1747, #841, #112, .T. ) ;
#2347 = VERTEX_POINT ( 'NONE', #857 ) ;
#2348 = DIRECTION ( 'NONE',  ( 0.000000000000000000, 0.000000000000000000, -1.000000000000000000 ) ) ;
#2349 = EDGE_LOOP ( 'NONE', ( #899, #5, #2823, #2158 ) ) ;
#2350 = EDGE_CURVE ( 'NONE', #2107, #1785, #83, .T. ) ;
#2351 = LINE ( 'NONE', #2020, #551 ) ;
#2352 = ORIENTED_EDGE ( 'NONE', *, *, #298, .T. ) ;
#2353 = APPLICATION_PROTOCOL_DEFINITION ( 'draft international standard', 'automotive_design', 1998, #1392 ) ;
#2354 = CIRCLE ( 'NONE', #1201, 0.01999999999999999001 ) ;
#2355 = ORIENTED_EDGE ( 'NONE', *, *, #1386, .T. ) ;
#2356 = DIRECTION ( 'NONE',  ( -0.000000000000000000, -0.000000000000000000, -1.000000000000000000 ) ) ;
#2357 = CARTESIAN_POINT ( 'NONE',  ( -0.3491858428704208150, -0.2535640646055103420, 0.2200000000000000011 ) ) ;
#2358 = CARTESIAN_POINT ( 'NONE',  ( 0.3141858428704208950, 0.3141858428704210615, 0.2200000000000000011 ) ) ;
#2359 = VERTEX_POINT ( 'NONE', #650 ) ;
#2360 = DIRECTION ( 'NONE',  ( 0.000000000000000000, 0.000000000000000000, 1.000000000000000000 ) ) ;
#2361 = B_SPLINE_CURVE_WITH_KNOTS ( 'NONE', 3,
 ( #2162, #1900, #2939, #602, #2641, #2686, #827, #349 ),
 .UNSPECIFIED., .F., .F.,
 ( 4, 2, 2, 4 ),
 ( 0.009720893769677286730, 0.01068083402865462397, 0.01164077428763196122, 0.01356065480558663570 ),
 .UNSPECIFIED. ) ;
#2362 = FACE_OUTER_BOUND ( 'NONE', #733, .T. ) ;
#2363 = ORIENTED_EDGE ( 'NONE', *, *, #2573, .T. ) ;
#2364 = DIRECTION ( 'NONE',  ( -1.000000000000000000, 0.000000000000000000, 0.000000000000000000 ) ) ;
#2365 = ORIENTED_EDGE ( 'NONE', *, *, #1208, .F. ) ;
#2366 = EDGE_CURVE ( 'NONE', #2291, #2139, #2911, .T. ) ;
#2367 = AXIS2_PLACEMENT_3D ( 'NONE', #2239, #1603, #1045 ) ;
#2368 = DIRECTION ( 'NONE',  ( -1.000000000000000000, 0.000000000000000000, 0.000000000000000000 ) ) ;
#2369 = VECTOR ( 'NONE', #951, 39.37007874015748143 ) ;
#2370 = ADVANCED_FACE ( 'NONE', ( #2968 ), #1387, .T. ) ;
#2371 = VECTOR ( 'NONE', #229, 39.37007874015748143 ) ;
#2372 = ORIENTED_EDGE ( 'NONE', *, *, #3296, .T. ) ;
#2373 = CARTESIAN_POINT ( 'NONE',  ( 0.4087554347483635109, 0.2879565845117565970, 0.000000000000000000 ) ) ;
#2374 = CARTESIAN_POINT ( 'NONE',  ( -0.2312732565561711473, 0.1563041582041255206, 0.2234405944956575629 ) ) ;
#2375 = AXIS2_PLACEMENT_3D ( 'NONE', #1561, #1846, #2887 ) ;
#2376 = ORIENTED_EDGE ( 'NONE', *, *, #25, .T. ) ;
#2377 = CARTESIAN_POINT ( 'NONE',  ( 0.4026279923108055381, -0.2613248932034032967, 0.2200000000000000011 ) ) ;
#2378 = EDGE_LOOP ( 'NONE', ( #233, #1720, #3305, #3285 ) ) ;
#2379 = LINE ( 'NONE', #2104, #346 ) ;
#2380 = VECTOR ( 'NONE', #53, 39.37007874015748143 ) ;
#2381 = CARTESIAN_POINT ( 'NONE',  ( 0.2313887467447749424, -0.1562374799126463043, 0.02649272721285786392 ) ) ;
#2382 = ORIENTED_EDGE ( 'NONE', *, *, #2387, .T. ) ;
#2383 = CARTESIAN_POINT ( 'NONE',  ( -0.2007031149384928825, 0.4376279923108054026, 0.2200000000000000011 ) ) ;
#2384 = ORIENTED_EDGE ( 'NONE', *, *, #2350, .F. ) ;
#2385 = DIRECTION ( 'NONE',  ( 1.000000000000000000, 0.000000000000000000, 0.000000000000000000 ) ) ;
#2386 = ADVANCED_FACE ( 'NONE', ( #1675 ), #2434, .T. ) ;
#2387 = EDGE_CURVE ( 'NONE', #785, #1747, #245, .T. ) ;
#2388 = DIRECTION ( 'NONE',  ( -0.000000000000000000, -0.000000000000000000, -1.000000000000000000 ) ) ;
#2389 = CARTESIAN_POINT ( 'NONE',  ( 0.4454458253237557064, -0.2271079406397722156, 0.2200000000000000011 ) ) ;
#2390 = ADVANCED_FACE ( 'NONE', ( #905 ), #3209, .F. ) ;
#2391 = CYLINDRICAL_SURFACE ( 'NONE', #672, 0.07000000000000000666 ) ;
#2392 = VERTEX_POINT ( 'NONE', #3223 ) ;
#2393 = LINE ( 'NONE', #1619, #2092 ) ;
#2394 = CARTESIAN_POINT ( 'NONE',  ( 0.04003825278222968020, -0.2667137391114895451, 0.03632510724101627175 ) ) ;
#2395 = AXIS2_PLACEMENT_3D ( 'NONE', #350, #653, #3243 ) ;
#2396 = ORIENTED_EDGE ( 'NONE', *, *, #59, .F. ) ;
#2397 = CYLINDRICAL_SURFACE ( 'NONE', #2011, 0.07000000000000000666 ) ;
#2398 = EDGE_LOOP ( 'NONE', ( #1689, #2188, #130, #431 ) ) ;
#2399 = AXIS2_PLACEMENT_3D ( 'NONE', #2736, #394, #2481 ) ;
#2400 = DIRECTION ( 'NONE',  ( 0.5000000000000007772, -0.8660254037844380415, 0.000000000000000000 ) ) ;
#2401 = DIRECTION ( 'NONE',  ( 1.000000000000000000, 1.034701244051712405E-16, -0.000000000000000000 ) ) ;
#2402 = CARTESIAN_POINT ( 'NONE',  ( -0.2510000000000000009, -0.02544294910121016468, 0.1969866832090361730 ) ) ;
#2403 = DIRECTION ( 'NONE',  ( 1.810727177090497478E-16, -1.000000000000000000, 0.000000000000000000 ) ) ;
#2404 = CIRCLE ( 'NONE', #927, 0.01999999999999999001 ) ;
#2405 = EDGE_CURVE ( 'NONE', #226, #2156, #120, .T. ) ;
#2406 = CARTESIAN_POINT ( 'NONE',  ( -0.2613248932034032412, -0.4026279923108055381, 0.2200000000000000011 ) ) ;
#2407 = VERTEX_POINT ( 'NONE', #1403 ) ;
#2408 = DIRECTION ( 'NONE',  ( -1.000000000000000000, 0.000000000000000000, 0.000000000000000000 ) ) ;
#2409 = LINE ( 'NONE', #1620, #2863 ) ;
#2410 = EDGE_CURVE ( 'NONE', #2571, #146, #1874, .T. ) ;
#2411 = VERTEX_POINT ( 'NONE', #99 ) ;
#2412 = PRODUCT_DEFINITION ( 'UNKNOWN', '', #1015, #2704 ) ;
#2413 = ORIENTED_EDGE ( 'NONE', *, *, #503, .F. ) ;
#2414 = FACE_BOUND ( 'NONE', #296, .T. ) ;
#2415 = EDGE_LOOP ( 'NONE', ( #3067, #43, #1098, #2529 ) ) ;
#2416 = LINE ( 'NONE', #427, #2371 ) ;
#2417 = CARTESIAN_POINT ( 'NONE',  ( -0.2535640646055100644, -0.3491858428704209816, 0.000000000000000000 ) ) ;
#2418 = CARTESIAN_POINT ( 'NONE',  ( 0.000000000000000000, 0.000000000000000000, 0.000000000000000000 ) ) ;
#2419 = AXIS2_PLACEMENT_3D ( 'NONE', #2288, #1189, #404 ) ;
#2420 = VECTOR ( 'NONE', #2528, 39.37007874015748143 ) ;
#2421 = CARTESIAN_POINT ( 'NONE',  ( 0.2007031149384926327, 0.4376279923108054581, 0.000000000000000000 ) ) ;
#2422 = AXIS2_PLACEMENT_3D ( 'NONE', #1642, #1710, #2208 ) ;
#2423 = DIRECTION ( 'NONE',  ( -0.000000000000000000, -0.000000000000000000, -1.000000000000000000 ) ) ;
#2424 = ORIENTED_EDGE ( 'NONE', *, *, #416, .F. ) ;
#2425 = FACE_OUTER_BOUND ( 'NONE', #1290, .T. ) ;
#2426 = EDGE_CURVE ( 'NONE', #3031, #23, #1142, .T. ) ;
#2427 = AXIS2_PLACEMENT_3D ( 'NONE', #630, #2219, #1879 ) ;
#2428 = DIRECTION ( 'NONE',  ( -1.000000000000000000, 0.000000000000000000, 0.000000000000000000 ) ) ;
#2429 = AXIS2_PLACEMENT_3D ( 'NONE', #355, #1374, #1890 ) ;
#2430 = ORIENTED_EDGE ( 'NONE', *, *, #2702, .F. ) ;
#2431 = DIRECTION ( 'NONE',  ( -0.000000000000000000, -0.000000000000000000, -1.000000000000000000 ) ) ;
#2432 = CARTESIAN_POINT ( 'NONE',  ( -0.2613248932034035743, 0.4026279923108053715, 0.2200000000000000011 ) ) ;
#2433 = ADVANCED_FACE ( 'NONE', ( #1692 ), #889, .F. ) ;
#2434 = CYLINDRICAL_SURFACE ( 'NONE', #1109, 0.01999999999999999001 ) ;
#2435 = CARTESIAN_POINT ( 'NONE',  ( -0.4291858428704214412, 0.1149999999999999217, 0.2200000000000000011 ) ) ;
#2436 = FACE_OUTER_BOUND ( 'NONE', #1924, .T. ) ;
#2437 = VERTEX_POINT ( 'NONE', #134 ) ;
#2438 = CARTESIAN_POINT ( 'NONE',  ( -0.1801787685776476411, -0.1858035745926319149, 0.2035640573093285555 ) ) ;
#2439 = CARTESIAN_POINT ( 'NONE',  ( 0.1469496247054965510, -0.2049884297521593068, 0.1959467884420535433 ) ) ;
#2440 = ORIENTED_EDGE ( 'NONE', *, *, #665, .T. ) ;
#2441 = LINE ( 'NONE', #91, #556 ) ;
#2442 = CARTESIAN_POINT ( 'NONE',  ( -0.4993213710599841426, 0.02604166666666656374, 0.2200000000000000011 ) ) ;
#2443 = ORIENTED_EDGE ( 'NONE', *, *, #472, .T. ) ;
#2444 = DIRECTION ( 'NONE',  ( 0.000000000000000000, 0.000000000000000000, 1.000000000000000000 ) ) ;
#2445 = CARTESIAN_POINT ( 'NONE',  ( -0.2510000000000000009, 3.073560255265701809E-17, 0.1960000000000001741 ) ) ;
#2446 = DIRECTION ( 'NONE',  ( -1.000000000000000000, 0.000000000000000000, 0.000000000000000000 ) ) ;
#2447 = AXIS2_PLACEMENT_3D ( 'NONE', #1594, #2141, #859 ) ;
#2448 = EDGE_CURVE ( 'NONE', #191, #2016, #70, .T. ) ;
#2449 = LINE ( 'NONE', #923, #1246 ) ;
#2450 = AXIS2_PLACEMENT_3D ( 'NONE', #860, #1295, #2336 ) ;
#2451 = DIRECTION ( 'NONE',  ( -0.5000000000000007772, 0.8660254037844380415, 0.000000000000000000 ) ) ;
#2452 = ORIENTED_EDGE ( 'NONE', *, *, #222, .F. ) ;
#2453 = EDGE_CURVE ( 'NONE', #33, #1983, #922, .T. ) ;
#2454 = DIRECTION ( 'NONE',  ( 0.8660254037844391517, -0.4999999999999988343, 0.000000000000000000 ) ) ;
#2455 = CARTESIAN_POINT ( 'NONE',  ( 0.4291858428704208861, 0.1150000000000000189, 0.000000000000000000 ) ) ;
#2456 = ORIENTED_EDGE ( 'NONE', *, *, #1013, .F. ) ;
#2457 = DIRECTION ( 'NONE',  ( -0.000000000000000000, -0.000000000000000000, -1.000000000000000000 ) ) ;
#2458 = CARTESIAN_POINT ( 'NONE',  ( -0.4087554347483638995, 0.2879565845117562084, 0.2200000000000000011 ) ) ;
#2459 = VERTEX_POINT ( 'NONE', #332 ) ;
#2460 = CARTESIAN_POINT ( 'NONE',  ( -0.3941858428704215767, 0.1756217782649106829, 0.2200000000000000011 ) ) ;
#2461 = CARTESIAN_POINT ( 'NONE',  ( -0.2180236230141816833, 0.4276279923108053382, 0.000000000000000000 ) ) ;
#2462 = DIRECTION ( 'NONE',  ( -1.000000000000000000, 0.000000000000000000, 0.000000000000000000 ) ) ;
#2463 = LINE ( 'NONE', #1437, #2833 ) ;
#2464 = ORIENTED_EDGE ( 'NONE', *, *, #1126, .T. ) ;
#2465 = EDGE_CURVE ( 'NONE', #2016, #998, #2416, .T. ) ;
#2466 = ORIENTED_EDGE ( 'NONE', *, *, #2808, .F. ) ;
#2467 = ADVANCED_FACE ( 'NONE', ( #937 ), #2513, .T. ) ;
#2468 = AXIS2_PLACEMENT_3D ( 'NONE', #1332, #2632, #291 ) ;
#2469 = CARTESIAN_POINT ( 'NONE',  ( -0.1756217782649106829, -0.3941858428704211326, 0.2200000000000000011 ) ) ;
#2470 = FACE_OUTER_BOUND ( 'NONE', #2889, .T. ) ;
#2471 = ORIENTED_EDGE ( 'NONE', *, *, #1126, .F. ) ;
#2472 = DIRECTION ( 'NONE',  ( -1.000000000000000000, 0.000000000000000000, 0.000000000000000000 ) ) ;
#2473 = CARTESIAN_POINT ( 'NONE',  ( 0.000000000000000000, 0.000000000000000000, 0.2200000000000000011 ) ) ;
#2474 = AXIS2_PLACEMENT_3D ( 'NONE', #3193, #601, #664 ) ;
#2475 = VERTEX_POINT ( 'NONE', #2242 ) ;
#2476 = DIRECTION ( 'NONE',  ( -0.4999999999999998335, -0.8660254037844385966, 0.000000000000000000 ) ) ;
#2477 = AXIS2_PLACEMENT_3D ( 'NONE', #3172, #1816, #2121 ) ;
#2478 = DIRECTION ( 'NONE',  ( -1.000000000000000000, -1.034701244051712898E-16, 0.000000000000000000 ) ) ;
#2479 = AXIS2_PLACEMENT_3D ( 'NONE', #2326, #3356, #509 ) ;
#2480 = CARTESIAN_POINT ( 'NONE',  ( -0.02604166666666667129, 0.4993213710599841981, 0.2200000000000000011 ) ) ;
#2481 = DIRECTION ( 'NONE',  ( -1.000000000000000000, 5.122214988120496246E-15, 0.000000000000000000 ) ) ;
#2482 = EDGE_LOOP ( 'NONE', ( #200, #1253, #3308, #210 ) ) ;
#2483 = ADVANCED_FACE ( 'NONE', ( #1014 ), #1978, .F. ) ;
#2484 = DIRECTION ( 'NONE',  ( -0.8660254037844383745, -0.5000000000000004441, 0.000000000000000000 ) ) ;
#2485 = ADVANCED_FACE ( 'NONE', ( #3017 ), #1451, .T. ) ;
#2486 = EDGE_CURVE ( 'NONE', #2179, #2459, #410, .T. ) ;
#2487 = CARTESIAN_POINT ( 'NONE',  ( 0.3941858428704210771, -0.1756217782649107106, 0.2200000000000000011 ) ) ;
#2488 = ORIENTED_EDGE ( 'NONE', *, *, #397, .F. ) ;
#2489 = CARTESIAN_POINT ( 'NONE',  ( -0.4793485162175847858, 0.02499999999999990077, 0.2200000000000000011 ) ) ;
#2490 = LINE ( 'NONE', #678, #128 ) ;
#2491 = ORIENTED_EDGE ( 'NONE', *, *, #2058, .F. ) ;
#2492 = ADVANCED_FACE ( 'NONE', ( #683 ), #718, .T. ) ;
#2493 = DIRECTION ( 'NONE',  ( -1.000000000000000000, 0.000000000000000000, 0.000000000000000000 ) ) ;
#2494 = ORIENTED_EDGE ( 'NONE', *, *, #2821, .T. ) ;
#2495 = PLANE ( 'NONE',  #1042 ) ;
#2496 = DIRECTION ( 'NONE',  ( -0.000000000000000000, -0.000000000000000000, -1.000000000000000000 ) ) ;
#2497 = LINE ( 'NONE', #1198, #3369 ) ;
#2498 = CARTESIAN_POINT ( 'NONE',  ( -4.186125334006127528E-17, -0.2898298351331921041, 0.01517016486680783371 ) ) ;
#2499 = ORIENTED_EDGE ( 'NONE', *, *, #572, .T. ) ;
#2500 = AXIS2_PLACEMENT_3D ( 'NONE', #1458, #196, #2503 ) ;
#2501 = CIRCLE ( 'NONE', #2774, 0.3050000000000000488 ) ;
#2502 = FACE_OUTER_BOUND ( 'NONE', #2309, .T. ) ;
#2503 = DIRECTION ( 'NONE',  ( -1.000000000000000000, 0.000000000000000000, 0.000000000000000000 ) ) ;
#2504 = ORIENTED_EDGE ( 'NONE', *, *, #3347, .F. ) ;
#2505 = DIRECTION ( 'NONE',  ( -0.000000000000000000, -0.000000000000000000, -1.000000000000000000 ) ) ;
#2506 = ADVANCED_FACE ( 'NONE', ( #3074 ), #732, .F. ) ;
#2507 = DIRECTION ( 'NONE',  ( -0.000000000000000000, -0.000000000000000000, 1.000000000000000000 ) ) ;
#2508 = ORIENTED_EDGE ( 'NONE', *, *, #1024, .T. ) ;
#2509 = CARTESIAN_POINT ( 'NONE',  ( 0.2509999999999999454, -0.1222056202788552731, 0.2239608930475334436 ) ) ;
#2510 = EDGE_LOOP ( 'NONE', ( #3038, #2363, #110, #1701 ) ) ;
#2511 = CARTESIAN_POINT ( 'NONE',  ( 0.04500000000000006772, -0.4291858428704207751, 0.2200000000000000011 ) ) ;
#2512 = EDGE_CURVE ( 'NONE', #1210, #1232, #2096, .T. ) ;
#2513 = CYLINDRICAL_SURFACE ( 'NONE', #398, 0.01999999999999999001 ) ;
#2514 = CLOSED_SHELL ( 'NONE', ( #2248, #2506, #1761, #1130, #1593, #3333, #2390, #2941, #2485, #119, #1715, #1343, #1670, #3339, #2660, #605, #1694, #444, #1574, #3097, #2240, #241, #2196, #743, #2850, #563, #814, #342, #1308, #858, #2677, #964, #2220, #1779, #438, #2989, #2140, #2433, #422, #2492, #84, #1806, #2592, #187, #3314, #1987, #2658, #1323, #2261, #1190, #2575, #881, #2175, #755, #926, #2922, #1213, #1238, #167, #2330, #1036, #2164, #1090, #878, #2200, #2386, #3042, #707, #2467, #2370, #399, #2234, #1941, #2099, #1179, #1788, #1484, #2617, #3114, #2844, #1862, #262, #1443, #651, #2022, #2215, #487, #3073, #633, #2074, #2094, #1963, #2483, #568, #2776, #3171 ) ) ;
#2515 = VERTEX_POINT ( 'NONE', #185 ) ;
#2516 = CARTESIAN_POINT ( 'NONE',  ( 0.000000000000000000, 0.000000000000000000, 0.2200000000000000011 ) ) ;
#2517 = DIRECTION ( 'NONE',  ( -1.000000000000000000, 1.951319995474473727E-15, 0.000000000000000000 ) ) ;
#2518 = ORIENTED_EDGE ( 'NONE', *, *, #1958, .T. ) ;
#2519 = B_SPLINE_CURVE_WITH_KNOTS ( 'NONE', 3,
 ( #1805, #1821, #2843, #488, #1257, #3331, #2862, #2608, #1293, #1051, #252, #1311 ),
 .UNSPECIFIED., .F., .F.,
 ( 4, 2, 2, 2, 2, 4 ),
 ( 2.544317530292992821E-07, 0.001901334009213951834, 0.002851873797944412797, 0.003802413586674873759, 0.005703493164135792215, 0.007604572741596710671 ),
 .UNSPECIFIED. ) ;
#2520 = PLANE ( 'NONE',  #131 ) ;
#2521 = CARTESIAN_POINT ( 'NONE',  ( 0.2180236230141814613, 0.4276279923108054493, 0.000000000000000000 ) ) ;
#2522 = ORIENTED_EDGE ( 'NONE', *, *, #2155, .F. ) ;
#2523 = DIRECTION ( 'NONE',  ( -0.000000000000000000, -0.000000000000000000, -1.000000000000000000 ) ) ;
#2524 = DIRECTION ( 'NONE',  ( -1.000000000000000000, 0.000000000000000000, 0.000000000000000000 ) ) ;
#2525 = VERTEX_POINT ( 'NONE', #2820 ) ;
#2526 = AXIS2_PLACEMENT_3D ( 'NONE', #1267, #1505, #166 ) ;
#2527 = EDGE_CURVE ( 'NONE', #1261, #3239, #168, .T. ) ;
#2528 = DIRECTION ( 'NONE',  ( -0.4999999999999998335, -0.8660254037844388186, 0.000000000000000000 ) ) ;
#2529 = ORIENTED_EDGE ( 'NONE', *, *, #172, .T. ) ;
#2530 = DIRECTION ( 'NONE',  ( 0.000000000000000000, 0.000000000000000000, -1.000000000000000000 ) ) ;
#2531 = VECTOR ( 'NONE', #2505, 39.37007874015748143 ) ;
#2532 = DIRECTION ( 'NONE',  ( -0.8660254037844385966, -0.4999999999999998335, 0.000000000000000000 ) ) ;
#2533 = EDGE_CURVE ( 'NONE', #2748, #523, #1770, .T. ) ;
#2534 = ORIENTED_EDGE ( 'NONE', *, *, #550, .T. ) ;
#2535 = DIRECTION ( 'NONE',  ( 0.8660254037844383745, 0.5000000000000004441, -0.000000000000000000 ) ) ;
#2536 = VERTEX_POINT ( 'NONE', #482 ) ;
#2537 = CIRCLE ( 'NONE', #1062, 0.5000000000000001110 ) ;
#2538 = CARTESIAN_POINT ( 'NONE',  ( -0.4087554347483634554, -0.2879565845117567635, 0.2200000000000000011 ) ) ;
#2539 = AXIS2_PLACEMENT_3D ( 'NONE', #432, #1495, #400 ) ;
#2540 = FACE_OUTER_BOUND ( 'NONE', #2262, .T. ) ;
#2541 = AXIS2_PLACEMENT_3D ( 'NONE', #2061, #1566, #1275 ) ;
#2542 = CARTESIAN_POINT ( 'NONE',  ( 0.2509999999999999454, 0.1449149175665961076, 0.01517016486680787014 ) ) ;
#2543 = EDGE_LOOP ( 'NONE', ( #3093, #1252, #1739, #903, #2670, #250, #2125, #3319, #1562, #3084, #3056, #638, #2251, #1523, #1723, #1074, #2254, #1047, #1672, #2085, #358, #188, #854, #1312, #866, #1667, #774, #2874, #2601, #9, #1735, #1743, #3348, #694, #970, #2553, #254, #1188, #107, #1185, #1248, #531, #3105, #1730, #2649, #2631, #1749, #1122, #3036, #1842, #1241, #2534, #1307, #3206, #3357, #2035, #2548, #2297, #553, #1245, #2050, #612, #584, #3252, #3372, #549, #1590, #2221, #1851, #1969, #2546, #1655, #1177, #1031, #2587, #280, #3169, #3200, #409, #2778, #2797 ) ) ;
#2544 = DIRECTION ( 'NONE',  ( -1.000000000000000000, 0.000000000000000000, 0.000000000000000000 ) ) ;
#2545 = DIRECTION ( 'NONE',  ( 0.000000000000000000, 0.000000000000000000, 1.000000000000000000 ) ) ;
#2546 = ORIENTED_EDGE ( 'NONE', *, *, #57, .T. ) ;
#2547 = CARTESIAN_POINT ( 'NONE',  ( 0.2441858428704208883, 0.3141858428704210615, 0.2200000000000000011 ) ) ;
#2548 = ORIENTED_EDGE ( 'NONE', *, *, #1905, .T. ) ;
#2549 = CARTESIAN_POINT ( 'NONE',  ( 0.1756217782649107662, -0.3941858428704207440, 0.2200000000000000011 ) ) ;
#2550 = FACE_OUTER_BOUND ( 'NONE', #2945, .T. ) ;
#2551 = ORIENTED_EDGE ( 'NONE', *, *, #1085, .F. ) ;
#2552 = DIRECTION ( 'NONE',  ( 0.8660254037844382635, 0.5000000000000005551, 0.000000000000000000 ) ) ;
#2553 = ORIENTED_EDGE ( 'NONE', *, *, #2781, .F. ) ;
#2554 = EDGE_CURVE ( 'NONE', #654, #351, #465, .T. ) ;
#2555 = CARTESIAN_POINT ( 'NONE',  ( 0.4291858428704210526, -0.04499999999999996364, 0.2200000000000000011 ) ) ;
#2556 = AXIS2_PLACEMENT_3D ( 'NONE', #849, #2944, #1617 ) ;
#2557 = EDGE_CURVE ( 'NONE', #390, #1382, #3306, .T. ) ;
#2558 = AXIS2_PLACEMENT_3D ( 'NONE', #1240, #2559, #474 ) ;
#2559 = DIRECTION ( 'NONE',  ( 0.000000000000000000, 0.000000000000000000, 1.000000000000000000 ) ) ;
#2560 = ORIENTED_EDGE ( 'NONE', *, *, #489, .F. ) ;
#2561 = CARTESIAN_POINT ( 'NONE',  ( -0.4476279923108053005, -0.2180236230141816001, 0.000000000000000000 ) ) ;
#2562 = VECTOR ( 'NONE', #1454, 39.37007874015748143 ) ;
#2563 = CARTESIAN_POINT ( 'NONE',  ( -0.2510000000000000009, 0.1449149175665961353, 0.2348298351331921940 ) ) ;
#2564 = VERTEX_POINT ( 'NONE', #1997 ) ;
#2565 = LINE ( 'NONE', #2275, #2420 ) ;
#2566 = VERTEX_POINT ( 'NONE', #3033 ) ;
#2567 = DIRECTION ( 'NONE',  ( -0.000000000000000000, -0.000000000000000000, 1.000000000000000000 ) ) ;
#2568 = CARTESIAN_POINT ( 'NONE',  ( 0.000000000000000000, 0.000000000000000000, 0.2500000000000000000 ) ) ;
#2569 = ORIENTED_EDGE ( 'NONE', *, *, #1378, .T. ) ;
#2570 = CARTESIAN_POINT ( 'NONE',  ( -0.1480319883208521814, 0.2043635268274728300, 0.05295585487563555377 ) ) ;
#2571 = VERTEX_POINT ( 'NONE', #2786 ) ;
#2572 = DIRECTION ( 'NONE',  ( -1.000000000000000000, 0.000000000000000000, 0.000000000000000000 ) ) ;
#2573 = EDGE_CURVE ( 'NONE', #631, #442, #2015, .T. ) ;
#2574 = PRODUCT_CONTEXT ( 'NONE', #1392, 'mechanical' ) ;
#2575 = ADVANCED_FACE ( 'NONE', ( #2550 ), #204, .T. ) ;
#2576 = CARTESIAN_POINT ( 'NONE',  ( 0.04500000000000006772, -0.4793485162175847858, 0.000000000000000000 ) ) ;
#2577 = EDGE_LOOP ( 'NONE', ( #2707, #1346, #977, #807, #950, #547, #1993 ) ) ;
#2578 = CARTESIAN_POINT ( 'NONE',  ( -0.4291858428704214412, 0.1149999999999999217, 0.000000000000000000 ) ) ;
#2579 = DIRECTION ( 'NONE',  ( -1.000000000000000000, 0.000000000000000000, 0.000000000000000000 ) ) ;
#2580 = CARTESIAN_POINT ( 'NONE',  ( -0.4194041586570888547, -0.2722134304202120103, 0.2200000000000000011 ) ) ;
#2581 = VERTEX_POINT ( 'NONE', #2296 ) ;
#2582 = CARTESIAN_POINT ( 'NONE',  ( 0.4291858428704210526, -0.1149999999999999911, 0.000000000000000000 ) ) ;
#2583 = DIRECTION ( 'NONE',  ( -0.000000000000000000, -0.000000000000000000, 1.000000000000000000 ) ) ;
#2584 = AXIS2_PLACEMENT_3D ( 'NONE', #1175, #1702, #2218 ) ;
#2585 = EDGE_LOOP ( 'NONE', ( #1033, #484, #1990, #3145 ) ) ;
#2586 = CARTESIAN_POINT ( 'NONE',  ( -0.08251285464460883512, 0.2421910162925228482, 0.05022210214232987469 ) ) ;
#2587 = ORIENTED_EDGE ( 'NONE', *, *, #670, .T. ) ;
#2588 = VECTOR ( 'NONE', #2779, 39.37007874015748143 ) ;
#2589 = AXIS2_PLACEMENT_3D ( 'NONE', #616, #2937, #634 ) ;
#2590 = LINE ( 'NONE', #2827, #3054 ) ;
#2591 =( LENGTH_UNIT ( ) NAMED_UNIT ( * ) SI_UNIT ( $, .METRE. ) );
#2592 = ADVANCED_FACE ( 'NONE', ( #1485 ), #3326, .T. ) ;
#2593 = VECTOR ( 'NONE', #2612, 39.37007874015748143 ) ;
#2594 = CYLINDRICAL_SURFACE ( 'NONE', #3203, 0.01999999999999999001 ) ;
#2595 = ORIENTED_EDGE ( 'NONE', *, *, #744, .F. ) ;
#2596 = LINE ( 'NONE', #3355, #1547 ) ;
#2597 = DIRECTION ( 'NONE',  ( -1.000000000000000000, -2.845428421142209020E-16, 0.000000000000000000 ) ) ;
#2598 = EDGE_CURVE ( 'NONE', #3021, #785, #1, .T. ) ;
#2599 = ORIENTED_EDGE ( 'NONE', *, *, #1824, .F. ) ;
#2600 = CARTESIAN_POINT ( 'NONE',  ( -0.4476279923108055780, 0.2180236230141810450, 0.000000000000000000 ) ) ;
#2601 = ORIENTED_EDGE ( 'NONE', *, *, #820, .F. ) ;
#2602 = CARTESIAN_POINT ( 'NONE',  ( 0.02500000000000006731, -0.4793485162175847858, 0.2200000000000000011 ) ) ;
#2603 = DIRECTION ( 'NONE',  ( -1.000000000000000000, 0.000000000000000000, 0.000000000000000000 ) ) ;
#2604 = EDGE_CURVE ( 'NONE', #935, #2407, #1076, .T. ) ;
#2605 = ORIENTED_EDGE ( 'NONE', *, *, #1880, .F. ) ;
#2606 = DIRECTION ( 'NONE',  ( -1.000000000000000000, 0.000000000000000000, 0.000000000000000000 ) ) ;
#2607 = ORIENTED_EDGE ( 'NONE', *, *, #3231, .F. ) ;
#2608 = CARTESIAN_POINT ( 'NONE',  ( 0.1469496247054966065, 0.2049884297521592791, 0.05405321155794647753 ) ) ;
#2609 = ORIENTED_EDGE ( 'NONE', *, *, #647, .F. ) ;
#2610 = DIRECTION ( 'NONE',  ( 0.000000000000000000, 0.000000000000000000, 1.000000000000000000 ) ) ;
#2611 = AXIS2_PLACEMENT_3D ( 'NONE', #2435, #1868, #85 ) ;
#2612 = DIRECTION ( 'NONE',  ( -0.000000000000000000, -0.000000000000000000, 1.000000000000000000 ) ) ;
#2613 = VECTOR ( 'NONE', #1372, 39.37007874015748143 ) ;
#2614 = CARTESIAN_POINT ( 'NONE',  ( 0.4376279923108054026, 0.2007031149384927160, 0.000000000000000000 ) ) ;
#2615 = ORIENTED_EDGE ( 'NONE', *, *, #337, .F. ) ;
#2616 = CARTESIAN_POINT ( 'NONE',  ( 0.2786454012790923196, -0.3926279923108053072, 0.2200000000000000011 ) ) ;
#2617 = ADVANCED_FACE ( 'NONE', ( #3109 ), #1061, .F. ) ;
#2618 = DIRECTION ( 'NONE',  ( -1.000000000000000000, 0.000000000000000000, 0.000000000000000000 ) ) ;
#2619 = AXIS2_PLACEMENT_3D ( 'NONE', #1949, #2687, #1662 ) ;
#2620 = ORIENTED_EDGE ( 'NONE', *, *, #1947, .T. ) ;
#2621 = LINE ( 'NONE', #2124, #3103 ) ;
#2622 = ORIENTED_EDGE ( 'NONE', *, *, #319, .F. ) ;
#2623 = EDGE_CURVE ( 'NONE', #462, #2291, #1878, .T. ) ;
#2624 = CARTESIAN_POINT ( 'NONE',  ( 0.2613248932034035188, -0.4026279923108053715, 0.2200000000000000011 ) ) ;
#2625 = AXIS2_PLACEMENT_3D ( 'NONE', #632, #1417, #1181 ) ;
#2626 = AXIS2_PLACEMENT_3D ( 'NONE', #2538, #1514, #3352 ) ;
#2627 = VERTEX_POINT ( 'NONE', #2873 ) ;
#2628 = DIRECTION ( 'NONE',  ( 0.8660254037844383745, 0.5000000000000003331, 0.000000000000000000 ) ) ;
#2629 = LINE ( 'NONE', #1071, #2811 ) ;
#2630 = CARTESIAN_POINT ( 'NONE',  ( -0.1756217782649106551, 0.3941858428704204664, 0.2200000000000000011 ) ) ;
#2631 = ORIENTED_EDGE ( 'NONE', *, *, #235, .T. ) ;
#2632 = DIRECTION ( 'NONE',  ( -0.000000000000000000, -0.000000000000000000, -1.000000000000000000 ) ) ;
#2633 = CARTESIAN_POINT ( 'NONE',  ( -0.2007031149384925495, -0.4376279923108055137, 0.000000000000000000 ) ) ;
#2634 = EDGE_CURVE ( 'NONE', #3156, #2359, #301, .T. ) ;
#2635 = ORIENTED_EDGE ( 'NONE', *, *, #2101, .F. ) ;
#2636 = DIRECTION ( 'NONE',  ( -0.000000000000000000, -0.000000000000000000, -1.000000000000000000 ) ) ;
#2637 = ORIENTED_EDGE ( 'NONE', *, *, #687, .F. ) ;
#2638 = AXIS2_PLACEMENT_3D ( 'NONE', #1925, #359, #2946 ) ;
#2639 = EDGE_CURVE ( 'NONE', #3239, #660, #310, .T. ) ;
#2640 = AXIS2_PLACEMENT_3D ( 'NONE', #1297, #1054, #2848 ) ;
#2641 = CARTESIAN_POINT ( 'NONE',  ( 0.2509999999999999454, 0.08662625656543140873, 0.03972614602337624923 ) ) ;
#2642 = VECTOR ( 'NONE', #160, 39.37007874015748854 ) ;
#2643 = EDGE_CURVE ( 'NONE', #2996, #2271, #71, .T. ) ;
#2644 = VECTOR ( 'NONE', #1058, 39.37007874015748143 ) ;
#2645 = DIRECTION ( 'NONE',  ( 0.4999999999999996114, -0.8660254037844389297, 0.000000000000000000 ) ) ;
#2646 = CARTESIAN_POINT ( 'NONE',  ( 0.1040503752945033389, 0.2297563229476289881, 0.1959467884420535988 ) ) ;
#2647 = CIRCLE ( 'NONE', #2427, 0.01999999999999999001 ) ;
#2648 = FACE_OUTER_BOUND ( 'NONE', #2543, .T. ) ;
#2649 = ORIENTED_EDGE ( 'NONE', *, *, #283, .T. ) ;
#2650 = CARTESIAN_POINT ( 'NONE',  ( 0.2722134304202120103, -0.4194041586570889102, 0.2200000000000000011 ) ) ;
#2651 = CIRCLE ( 'NONE', #3291, 0.5000000000000001110 ) ;
#2652 = CARTESIAN_POINT ( 'NONE',  ( -0.3941858428704207440, -0.1756217782649108217, 0.2200000000000000011 ) ) ;
#2653 = ORIENTED_EDGE ( 'NONE', *, *, #364, .F. ) ;
#2654 = DIRECTION ( 'NONE',  ( 0.000000000000000000, 0.000000000000000000, 1.000000000000000000 ) ) ;
#2655 = CARTESIAN_POINT ( 'NONE',  ( -0.2510000000000000009, 0.1449149175665961353, 0.000000000000000000 ) ) ;
#2656 = LINE ( 'NONE', #1371, #910 ) ;
#2657 = FACE_OUTER_BOUND ( 'NONE', #1516, .T. ) ;
#2658 = ADVANCED_FACE ( 'NONE', ( #1028 ), #2088, .F. ) ;
#2659 = DIRECTION ( 'NONE',  ( -0.5000000000000002220, -0.8660254037844385966, 0.000000000000000000 ) ) ;
#2660 = ADVANCED_FACE ( 'NONE', ( #292 ), #3158, .T. ) ;
#2661 = CARTESIAN_POINT ( 'NONE',  ( 0.02604166666666673721, -0.4993213710599841426, 0.000000000000000000 ) ) ;
#2662 = EDGE_CURVE ( 'NONE', #2437, #1509, #1089, .T. ) ;
#2663 = DIRECTION ( 'NONE',  ( 0.7071067811865459074, 8.659560562354911904E-17, -0.7071067811865490160 ) ) ;
#2664 = ORIENTED_EDGE ( 'NONE', *, *, #689, .F. ) ;
#2665 = CARTESIAN_POINT ( 'NONE',  ( 0.3926279923108055292, -0.2786454012790920420, 0.2200000000000000011 ) ) ;
#2666 = LINE ( 'NONE', #611, #354 ) ;
#2667 = VECTOR ( 'NONE', #1203, 39.37007874015747433 ) ;
#2668 = ORIENTED_EDGE ( 'NONE', *, *, #1208, .T. ) ;
#2669 = DIRECTION ( 'NONE',  ( -1.000000000000000000, 0.000000000000000000, 0.000000000000000000 ) ) ;
#2670 = ORIENTED_EDGE ( 'NONE', *, *, #2634, .T. ) ;
#2671 = AXIS2_PLACEMENT_3D ( 'NONE', #1510, #1270, #1032 ) ;
#2672 = CARTESIAN_POINT ( 'NONE',  ( 0.4454458253237554843, 0.2271079406397723821, 0.2200000000000000011 ) ) ;
#2673 = DIRECTION ( 'NONE',  ( -0.000000000000000000, -0.000000000000000000, -1.000000000000000000 ) ) ;
#2674 = EDGE_CURVE ( 'NONE', #2742, #1044, #2087, .T. ) ;
#2675 = CARTESIAN_POINT ( 'NONE',  ( -0.4993213710599841426, -0.02604166666666677538, 0.2200000000000000011 ) ) ;
#2676 = AXIS2_PLACEMENT_3D ( 'NONE', #871, #522, #2572 ) ;
#2677 = ADVANCED_FACE ( 'NONE', ( #2362 ), #1799, .T. ) ;
#2678 = CARTESIAN_POINT ( 'NONE',  ( 0.4276279923108055048, -0.2180236230141813503, 0.2200000000000000011 ) ) ;
#2679 = ORIENTED_EDGE ( 'NONE', *, *, #2453, .F. ) ;
#2680 = FACE_OUTER_BOUND ( 'NONE', #1271, .T. ) ;
#2681 = CARTESIAN_POINT ( 'NONE',  ( -0.1150000000000000050, 0.4291858428704204975, 0.2200000000000000011 ) ) ;
#2682 = ORIENTED_EDGE ( 'NONE', *, *, #2052, .F. ) ;
#2683 =( NAMED_UNIT ( * ) PLANE_ANGLE_UNIT ( ) SI_UNIT ( $, .RADIAN. ) );
#2684 = ORIENTED_EDGE ( 'NONE', *, *, #589, .F. ) ;
#2685 = DIRECTION ( 'NONE',  ( -0.000000000000000000, -0.000000000000000000, -1.000000000000000000 ) ) ;
#2686 = CARTESIAN_POINT ( 'NONE',  ( 0.2509999999999999454, 0.05028068632826741824, 0.05006945156390892049 ) ) ;
#2687 = DIRECTION ( 'NONE',  ( -0.000000000000000000, -0.000000000000000000, -1.000000000000000000 ) ) ;
#2688 = ORIENTED_EDGE ( 'NONE', *, *, #1282, .T. ) ;
#2689 = CIRCLE ( 'NONE', #943, 0.3050000000000000488 ) ;
#2690 = CIRCLE ( 'NONE', #1218, 0.01999999999999999001 ) ;
#2691 = DIRECTION ( 'NONE',  ( 0.000000000000000000, 0.000000000000000000, 1.000000000000000000 ) ) ;
#2692 = ORIENTED_EDGE ( 'NONE', *, *, #1979, .F. ) ;
#2693 = AXIS2_PLACEMENT_3D ( 'NONE', #2053, #1197, #2750 ) ;
#2694 = CARTESIAN_POINT ( 'NONE',  ( 0.2109617472177701403, -0.1680310135882988054, 0.2136748927589837421 ) ) ;
#2695 = VERTEX_POINT ( 'NONE', #2633 ) ;
#2696 = PLANE ( 'NONE',  #2638 ) ;
#2697 = CIRCLE ( 'NONE', #1554, 0.5000000000000002220 ) ;
#2698 = EDGE_CURVE ( 'NONE', #1101, #2566, #1828, .T. ) ;
#2699 = DIRECTION ( 'NONE',  ( -1.000000000000000000, 0.000000000000000000, 0.000000000000000000 ) ) ;
#2700 = EDGE_LOOP ( 'NONE', ( #603, #495, #435, #657 ) ) ;
#2701 = CARTESIAN_POINT ( 'NONE',  ( 0.4276279923108053382, 0.2180236230141815168, 0.000000000000000000 ) ) ;
#2702 = EDGE_CURVE ( 'NONE', #2303, #2306, #1541, .T. ) ;
#2703 = CARTESIAN_POINT ( 'NONE',  ( 0.4276279923108055048, -0.2180236230141813503, 0.2200000000000000011 ) ) ;
#2704 = PRODUCT_DEFINITION_CONTEXT ( 'detailed design', #581, 'design' ) ;
#2705 = LINE ( 'NONE', #636, #1848 ) ;
#2706 = LINE ( 'NONE', #2970, #2562 ) ;
#2707 = ORIENTED_EDGE ( 'NONE', *, *, #1784, .F. ) ;
#2708 = CARTESIAN_POINT ( 'NONE',  ( -0.4537554347483638284, 0.2100142981711566881, 0.2200000000000000011 ) ) ;
#2709 = CARTESIAN_POINT ( 'NONE',  ( 0.01961125325522496826, -0.2785072727871421017, 0.2235072727871421638 ) ) ;
#2710 = VERTEX_POINT ( 'NONE', #246 ) ;
#2711 = DIRECTION ( 'NONE',  ( -1.000000000000000000, 0.000000000000000000, 0.000000000000000000 ) ) ;
#2712 = CARTESIAN_POINT ( 'NONE',  ( -0.3500000000000004774, 0.000000000000000000, 0.2200000000000000011 ) ) ;
#2713 = VERTEX_POINT ( 'NONE', #1288 ) ;
#2714 = AXIS2_PLACEMENT_3D ( 'NONE', #1964, #1728, #101 ) ;
#2715 = EDGE_CURVE ( 'NONE', #2306, #207, #843, .T. ) ;
#2716 = ORIENTED_EDGE ( 'NONE', *, *, #2662, .F. ) ;
#2717 = DIRECTION ( 'NONE',  ( -0.000000000000000000, -0.000000000000000000, -1.000000000000000000 ) ) ;
#2718 = CARTESIAN_POINT ( 'NONE',  ( 0.3141858428704209505, -0.3141858428704207840, 0.2200000000000000011 ) ) ;
#2719 = CIRCLE ( 'NONE', #695, 0.01999999999999999001 ) ;
#2720 = EDGE_CURVE ( 'NONE', #137, #1266, #2809, .T. ) ;
#2721 = LINE ( 'NONE', #2480, #1680 ) ;
#2722 = VECTOR ( 'NONE', #2250, 39.37007874015748143 ) ;
#2723 = DIRECTION ( 'NONE',  ( -0.000000000000000000, -0.000000000000000000, -1.000000000000000000 ) ) ;
#2724 = ORIENTED_EDGE ( 'NONE', *, *, #826, .T. ) ;
#2725 = CARTESIAN_POINT ( 'NONE',  ( 0.3500000000000004774, 4.286263797015740909E-17, 0.2200000000000000011 ) ) ;
#2726 = CARTESIAN_POINT ( 'NONE',  ( 0.000000000000000000, 0.000000000000000000, 0.2500000000000000000 ) ) ;
#2727 = VERTEX_POINT ( 'NONE', #1138 ) ;
#2728 = CARTESIAN_POINT ( 'NONE',  ( 0.2509999999999999454, -0.02544294910121024447, 0.05301331679096390331 ) ) ;
#2729 = DIRECTION ( 'NONE',  ( -0.000000000000000000, -0.000000000000000000, 1.000000000000000000 ) ) ;
#2730 = ORIENTED_EDGE ( 'NONE', *, *, #1985, .T. ) ;
#2731 = EDGE_LOOP ( 'NONE', ( #1296, #973, #3089, #1477 ) ) ;
#2732 = LINE ( 'NONE', #1960, #1637 ) ;
#2733 = CARTESIAN_POINT ( 'NONE',  ( -0.4979708826829136181, -0.04500000000000010242, 0.2200000000000000011 ) ) ;
#2734 = EDGE_CURVE ( 'NONE', #800, #3118, #464, .T. ) ;
#2735 = DIRECTION ( 'NONE',  ( -1.000000000000000000, 1.707404996040165350E-15, 0.000000000000000000 ) ) ;
#2736 = CARTESIAN_POINT ( 'NONE',  ( -0.4276279923108052827, -0.2180236230141816001, 0.2200000000000000011 ) ) ;
#2737 = VERTEX_POINT ( 'NONE', #2947 ) ;
#2738 = EDGE_CURVE ( 'NONE', #2475, #18, #247, .T. ) ;
#2739 = EDGE_CURVE ( 'NONE', #1382, #2992, #2962, .T. ) ;
#2740 = CARTESIAN_POINT ( 'NONE',  ( 0.3941858428704210771, -0.1756217782649107106, 0.000000000000000000 ) ) ;
#2741 = FACE_OUTER_BOUND ( 'NONE', #1093, .T. ) ;
#2742 = VERTEX_POINT ( 'NONE', #1671 ) ;
#2743 = LINE ( 'NONE', #1736, #1597 ) ;
#2744 = CARTESIAN_POINT ( 'NONE',  ( -0.1140821431559787963, 0.2239644790723583634, 0.1960274562617081995 ) ) ;
#2745 = VECTOR ( 'NONE', #1796, 39.37007874015748143 ) ;
#2746 = ORIENTED_EDGE ( 'NONE', *, *, #1258, .F. ) ;
#2747 = FACE_OUTER_BOUND ( 'NONE', #2825, .T. ) ;
#2748 = VERTEX_POINT ( 'NONE', #2442 ) ;
#2749 = VECTOR ( 'NONE', #1722, 39.37007874015748143 ) ;
#2750 = DIRECTION ( 'NONE',  ( -1.000000000000000000, 0.000000000000000000, 0.000000000000000000 ) ) ;
#2751 = AXIS2_PLACEMENT_3D ( 'NONE', #3375, #239, #1041 ) ;
#2752 = ORIENTED_EDGE ( 'NONE', *, *, #2241, .T. ) ;
#2753 = CARTESIAN_POINT ( 'NONE',  ( -0.4026279923108053715, -0.2613248932034035743, 0.2200000000000000011 ) ) ;
#2754 = CARTESIAN_POINT ( 'NONE',  ( -0.4291858428704214412, 0.04499999999999991507, 0.2200000000000000011 ) ) ;
#2755 = EDGE_LOOP ( 'NONE', ( #475, #2342, #1336, #403 ) ) ;
#2756 = EDGE_CURVE ( 'NONE', #1400, #2232, #2409, .T. ) ;
#2757 = CARTESIAN_POINT ( 'NONE',  ( 0.4454458253237556509, 0.2271079406397724654, 0.2200000000000000011 ) ) ;
#2758 = EDGE_CURVE ( 'NONE', #3070, #1261, #2647, .T. ) ;
#2759 = DIRECTION ( 'NONE',  ( 0.000000000000000000, 0.000000000000000000, -1.000000000000000000 ) ) ;
#2760 = VERTEX_POINT ( 'NONE', #2918 ) ;
#2761 = LINE ( 'NONE', #931, #297 ) ;
#2762 = CARTESIAN_POINT ( 'NONE',  ( 0.2786454012790921531, 0.3926279923108054737, 0.2200000000000000011 ) ) ;
#2763 = EDGE_LOOP ( 'NONE', ( #1600, #3014, #224, #2716 ) ) ;
#2764 = CARTESIAN_POINT ( 'NONE',  ( 0.2509999999999999454, 3.032056333822631276E-21, 0.1960000000000000631 ) ) ;
#2765 = EDGE_LOOP ( 'NONE', ( #2891, #2595, #527, #2637 ) ) ;
#2766 = CARTESIAN_POINT ( 'NONE',  ( 0.000000000000000000, 0.000000000000000000, 0.000000000000000000 ) ) ;
#2767 = DIRECTION ( 'NONE',  ( 1.000000000000000000, 0.000000000000000000, 0.000000000000000000 ) ) ;
#2768 = ORIENTED_EDGE ( 'NONE', *, *, #1373, .F. ) ;
#2769 = LINE ( 'NONE', #1916, #317 ) ;
#2770 = DIRECTION ( 'NONE',  ( -1.000000000000000000, 0.000000000000000000, 0.000000000000000000 ) ) ;
#2771 = ORIENTED_EDGE ( 'NONE', *, *, #3249, .T. ) ;
#2772 = CIRCLE ( 'NONE', #2930, 0.01999999999999999001 ) ;
#2773 = CIRCLE ( 'NONE', #1737, 0.07000000000000000666 ) ;
#2774 = AXIS2_PLACEMENT_3D ( 'NONE', #2265, #1215, #1999 ) ;
#2775 = DIRECTION ( 'NONE',  ( -0.000000000000000000, -0.000000000000000000, -1.000000000000000000 ) ) ;
#2776 = ADVANCED_FACE ( 'NONE', ( #109 ), #1169, .F. ) ;
#2777 = DIRECTION ( 'NONE',  ( 0.000000000000000000, 0.000000000000000000, 1.000000000000000000 ) ) ;
#2778 = ORIENTED_EDGE ( 'NONE', *, *, #1050, .T. ) ;
#2779 = DIRECTION ( 'NONE',  ( 0.000000000000000000, 0.000000000000000000, -1.000000000000000000 ) ) ;
#2780 = DIRECTION ( 'NONE',  ( -1.000000000000000000, 0.000000000000000000, 0.000000000000000000 ) ) ;
#2781 = EDGE_CURVE ( 'NONE', #1422, #1016, #1942, .T. ) ;
#2782 = VERTEX_POINT ( 'NONE', #2712 ) ;
#2783 = CARTESIAN_POINT ( 'NONE',  ( 0.2510000000000000009, -0.02550306760792192193, 0.1959999999999996190 ) ) ;
#2784 = ORIENTED_EDGE ( 'NONE', *, *, #2366, .F. ) ;
#2785 = CARTESIAN_POINT ( 'NONE',  ( 0.000000000000000000, 0.000000000000000000, 0.2500000000000000000 ) ) ;
#2786 = CARTESIAN_POINT ( 'NONE',  ( -0.2271079406397725764, 0.4454458253237555398, 0.000000000000000000 ) ) ;
#2787 = AXIS2_PLACEMENT_3D ( 'NONE', #3098, #3080, #2791 ) ;
#2788 = ORIENTED_EDGE ( 'NONE', *, *, #1103, .F. ) ;
#2789 = LINE ( 'NONE', #1078, #3374 ) ;
#2790 = ORIENTED_EDGE ( 'NONE', *, *, #2720, .F. ) ;
#2791 = DIRECTION ( 'NONE',  ( -1.000000000000000000, 0.000000000000000000, 0.000000000000000000 ) ) ;
#2792 = DIRECTION ( 'NONE',  ( -1.000000000000000000, 0.000000000000000000, 0.000000000000000000 ) ) ;
#2793 = CARTESIAN_POINT ( 'NONE',  ( 0.2271079406397724931, -0.4454458253237555398, 0.000000000000000000 ) ) ;
#2794 = ORIENTED_EDGE ( 'NONE', *, *, #3317, .F. ) ;
#2795 = CARTESIAN_POINT ( 'NONE',  ( 0.3591858428704210460, -0.1149999999999999911, 0.2200000000000000011 ) ) ;
#2796 = CARTESIAN_POINT ( 'NONE',  ( -0.2786454012790923751, 0.3926279923108053072, 0.000000000000000000 ) ) ;
#2797 = ORIENTED_EDGE ( 'NONE', *, *, #3214, .T. ) ;
#2798 = AXIS2_PLACEMENT_3D ( 'NONE', #514, #1060, #2343 ) ;
#2799 = CARTESIAN_POINT ( 'NONE',  ( 0.02500000000000006731, -0.4793485162175847858, 0.2200000000000000011 ) ) ;
#2800 = ORIENTED_EDGE ( 'NONE', *, *, #1555, .T. ) ;
#2801 = DIRECTION ( 'NONE',  ( -1.000000000000000000, 0.000000000000000000, 0.000000000000000000 ) ) ;
#2802 = VECTOR ( 'NONE', #2007, 39.37007874015748143 ) ;
#2803 = CARTESIAN_POINT ( 'NONE',  ( 0.000000000000000000, 0.000000000000000000, 0.2200000000000000011 ) ) ;
#2804 = ORIENTED_EDGE ( 'NONE', *, *, #1804, .T. ) ;
#2805 = VERTEX_POINT ( 'NONE', #373 ) ;
#2806 = LINE ( 'NONE', #3057, #864 ) ;
#2807 = ORIENTED_EDGE ( 'NONE', *, *, #2307, .F. ) ;
#2808 = EDGE_CURVE ( 'NONE', #566, #197, #1155, .T. ) ;
#2809 = CIRCLE ( 'NONE', #517, 0.01999999999999999001 ) ;
#2810 = LINE ( 'NONE', #3146, #147 ) ;
#2811 = VECTOR ( 'NONE', #1598, 39.37007874015748143 ) ;
#2812 = CARTESIAN_POINT ( 'NONE',  ( 0.2271079406397725209, -0.4454458253237556509, 0.2200000000000000011 ) ) ;
#2813 = ORIENTED_EDGE ( 'NONE', *, *, #2808, .T. ) ;
#2814 = DIRECTION ( 'NONE',  ( -0.000000000000000000, -0.000000000000000000, -1.000000000000000000 ) ) ;
#2815 = CARTESIAN_POINT ( 'NONE',  ( 0.4291858428704208861, 0.1150000000000000189, 0.2200000000000000011 ) ) ;
#2816 = ORIENTED_EDGE ( 'NONE', *, *, #145, .F. ) ;
#2817 = CARTESIAN_POINT ( 'NONE',  ( 0.2535640646055102310, 0.3491858428704209816, 0.2200000000000000011 ) ) ;
#2818 = ORIENTED_EDGE ( 'NONE', *, *, #1463, .T. ) ;
#2819 = DIRECTION ( 'NONE',  ( 1.000000000000000000, 0.000000000000000000, 0.000000000000000000 ) ) ;
#2820 = CARTESIAN_POINT ( 'NONE',  ( 0.4993213710599841426, 0.02604166666666670599, 0.000000000000000000 ) ) ;
#2821 = EDGE_CURVE ( 'NONE', #1101, #1714, #2186, .T. ) ;
#2822 = ORIENTED_EDGE ( 'NONE', *, *, #2756, .F. ) ;
#2823 = ORIENTED_EDGE ( 'NONE', *, *, #1491, .F. ) ;
#2824 = CARTESIAN_POINT ( 'NONE',  ( -0.1696120970520098581, 0.1919042452423974643, 0.04918007654539832685 ) ) ;
#2825 = EDGE_LOOP ( 'NONE', ( #1578, #165, #1124, #2653 ) ) ;
#2826 = EDGE_CURVE ( 'NONE', #1192, #2928, #2666, .T. ) ;
#2827 = CARTESIAN_POINT ( 'NONE',  ( 0.2535640646055102865, -0.3491858428704208150, 0.2200000000000000011 ) ) ;
#2828 = VECTOR ( 'NONE', #1580, 39.37007874015748143 ) ;
#2829 = CIRCLE ( 'NONE', #2619, 0.5000000000000002220 ) ;
#2830 = CARTESIAN_POINT ( 'NONE',  ( -0.1149999999999999495, -0.4291858428704211081, 0.000000000000000000 ) ) ;
#2831 = VERTEX_POINT ( 'NONE', #885 ) ;
#2832 = DIRECTION ( 'NONE',  ( -1.000000000000000000, 0.000000000000000000, 0.000000000000000000 ) ) ;
#2833 = VECTOR ( 'NONE', #1713, 39.37007874015748143 ) ;
#2834 = FACE_OUTER_BOUND ( 'NONE', #1331, .T. ) ;
#2835 = PLANE ( 'NONE',  #352 ) ;
#2836 = VERTEX_POINT ( 'NONE', #2931 ) ;
#2837 = CARTESIAN_POINT ( 'NONE',  ( 0.4291858428704208861, 0.1150000000000000189, 0.2200000000000000011 ) ) ;
#2838 = DIRECTION ( 'NONE',  ( 0.8660254037844391517, -0.4999999999999988343, 0.000000000000000000 ) ) ;
#2839 = VERTEX_POINT ( 'NONE', #327 ) ;
#2840 = CARTESIAN_POINT ( 'NONE',  ( -0.4993213710599841426, 0.02604166666666656374, 0.2200000000000000011 ) ) ;
#2841 = ORIENTED_EDGE ( 'NONE', *, *, #1919, .T. ) ;
#2842 = EDGE_CURVE ( 'NONE', #2564, #1396, #1008, .T. ) ;
#2843 = CARTESIAN_POINT ( 'NONE',  ( 0.03966486509693462059, 0.2669293145921066701, 0.03611969292901395095 ) ) ;
#2844 = ADVANCED_FACE ( 'NONE', ( #853 ), #2978, .F. ) ;
#2845 = EDGE_CURVE ( 'NONE', #1838, #1396, #341, .T. ) ;
#2846 = CARTESIAN_POINT ( 'NONE',  ( -0.2879565845117564304, -0.4087554347483637329, 0.2200000000000000011 ) ) ;
#2847 = ORIENTED_EDGE ( 'NONE', *, *, #104, .F. ) ;
#2848 = DIRECTION ( 'NONE',  ( -1.000000000000000000, 0.000000000000000000, 0.000000000000000000 ) ) ;
#2849 = ORIENTED_EDGE ( 'NONE', *, *, #2623, .T. ) ;
#2850 = ADVANCED_FACE ( 'NONE', ( #1688 ), #1429, .T. ) ;
#2851 = FACE_OUTER_BOUND ( 'NONE', #1858, .T. ) ;
#2852 = LINE ( 'NONE', #2327, #2745 ) ;
#2853 = ORIENTED_EDGE ( 'NONE', *, *, #256, .F. ) ;
#2854 = DIRECTION ( 'NONE',  ( -1.000000000000000000, -1.810727177090497478E-16, 0.000000000000000000 ) ) ;
#2855 = DIRECTION ( 'NONE',  ( -0.000000000000000000, -0.000000000000000000, -1.000000000000000000 ) ) ;
#2856 = CIRCLE ( 'NONE', #173, 0.07000000000000000666 ) ;
#2857 = ORIENTED_EDGE ( 'NONE', *, *, #1555, .F. ) ;
#2858 = CARTESIAN_POINT ( 'NONE',  ( -0.4793485162175847858, 0.02499999999999990077, 0.000000000000000000 ) ) ;
#2859 = VERTEX_POINT ( 'NONE', #1910 ) ;
#2860 = VECTOR ( 'NONE', #812, 39.37007874015748143 ) ;
#2861 = AXIS2_PLACEMENT_3D ( 'NONE', #2718, #1434, #872 ) ;
#2862 = CARTESIAN_POINT ( 'NONE',  ( 0.1140821431559787269, 0.2239644790723583634, 0.05397254373829186991 ) ) ;
#2863 = VECTOR ( 'NONE', #1104, 39.37007874015748143 ) ;
#2864 = VECTOR ( 'NONE', #2214, 39.37007874015748143 ) ;
#2865 = EDGE_CURVE ( 'NONE', #2359, #2276, #1206, .T. ) ;
#2866 = ORIENTED_EDGE ( 'NONE', *, *, #1630, .T. ) ;
#2867 = DIRECTION ( 'NONE',  ( -1.000000000000000000, 0.000000000000000000, -0.000000000000000000 ) ) ;
#2868 = DIRECTION ( 'NONE',  ( -1.000000000000000000, 0.000000000000000000, 0.000000000000000000 ) ) ;
#2869 = EDGE_CURVE ( 'NONE', #3047, #1959, #1479, .T. ) ;
#2870 = LINE ( 'NONE', #2084, #787 ) ;
#2871 = ORIENTED_EDGE ( 'NONE', *, *, #2058, .T. ) ;
#2872 = DIRECTION ( 'NONE',  ( -1.000000000000000000, 0.000000000000000000, 0.000000000000000000 ) ) ;
#2873 = CARTESIAN_POINT ( 'NONE',  ( -0.4993213710599841426, 0.02604166666666656374, 0.000000000000000000 ) ) ;
#2874 = ORIENTED_EDGE ( 'NONE', *, *, #3087, .T. ) ;
#2875 = DIRECTION ( 'NONE',  ( 0.000000000000000000, 0.000000000000000000, 1.000000000000000000 ) ) ;
#2876 = ORIENTED_EDGE ( 'NONE', *, *, #545, .F. ) ;
#2877 = CARTESIAN_POINT ( 'NONE',  ( -0.2510000000000000009, -0.1449149175665960243, 0.2348298351331921385 ) ) ;
#2878 = VERTEX_POINT ( 'NONE', #1191 ) ;
#2879 = FACE_OUTER_BOUND ( 'NONE', #609, .T. ) ;
#2880 = EDGE_CURVE ( 'NONE', #3143, #2737, #2490, .T. ) ;
#2881 = CARTESIAN_POINT ( 'NONE',  ( 0.1480319883208520149, 0.2043635268274726913, 0.1970441451243644948 ) ) ;
#2882 = CIRCLE ( 'NONE', #810, 0.5000000000000001110 ) ;
#2883 = LINE ( 'NONE', #1829, #1549 ) ;
#2884 = ORIENTED_EDGE ( 'NONE', *, *, #2247, .F. ) ;
#2885 = CARTESIAN_POINT ( 'NONE',  ( 0.000000000000000000, 0.000000000000000000, 0.2200000000000000011 ) ) ;
#2886 = EDGE_CURVE ( 'NONE', #1618, #1153, #989, .T. ) ;
#2887 = DIRECTION ( 'NONE',  ( 2.586753110129282244E-17, -1.000000000000000000, 0.000000000000000000 ) ) ;
#2888 = CIRCLE ( 'NONE', #213, 0.07000000000000000666 ) ;
#2889 = EDGE_LOOP ( 'NONE', ( #387, #1292 ) ) ;
#2890 = DIRECTION ( 'NONE',  ( 1.000000000000000000, 0.000000000000000000, 0.000000000000000000 ) ) ;
#2891 = ORIENTED_EDGE ( 'NONE', *, *, #1030, .F. ) ;
#2892 = CARTESIAN_POINT ( 'NONE',  ( -0.4454458253237554843, -0.2271079406397724931, 0.000000000000000000 ) ) ;
#2893 = ORIENTED_EDGE ( 'NONE', *, *, #3317, .T. ) ;
#2894 = CARTESIAN_POINT ( 'NONE',  ( 0.2786454012790923196, -0.3926279923108053072, 0.2200000000000000011 ) ) ;
#2895 = CARTESIAN_POINT ( 'NONE',  ( 0.1801787685776476133, 0.1858035745926320814, 0.2035640573093286387 ) ) ;
#2896 = VERTEX_POINT ( 'NONE', #1244 ) ;
#2897 = DIRECTION ( 'NONE',  ( -0.000000000000000000, -0.000000000000000000, -1.000000000000000000 ) ) ;
#2898 = VERTEX_POINT ( 'NONE', #953 ) ;
#2899 = DIRECTION ( 'NONE',  ( -1.000000000000000000, 0.000000000000000000, 0.000000000000000000 ) ) ;
#2900 = CARTESIAN_POINT ( 'NONE',  ( 0.1801787685776476688, -0.1858035745926321369, 0.04643594269067134045 ) ) ;
#2901 = EDGE_CURVE ( 'NONE', #2566, #541, #2697, .T. ) ;
#2902 = VERTEX_POINT ( 'NONE', #1738 ) ;
#2903 = CARTESIAN_POINT ( 'NONE',  ( -0.4979708826829136181, -0.04500000000000010242, 0.2200000000000000011 ) ) ;
#2904 = VERTEX_POINT ( 'NONE', #3321 ) ;
#2905 = UNCERTAINTY_MEASURE_WITH_UNIT (LENGTH_MEASURE( 1.000000000000000082E-05 ), #599, 'distance_accuracy_value', 'NONE');
#2906 = CIRCLE ( 'NONE', #1057, 0.01999999999999999001 ) ;
#2907 = EDGE_CURVE ( 'NONE', #153, #2898, #2537, .T. ) ;
#2908 = DIRECTION ( 'NONE',  ( -0.000000000000000000, -0.000000000000000000, -1.000000000000000000 ) ) ;
#2909 = DIRECTION ( 'NONE',  ( -1.000000000000000000, 0.000000000000000000, 0.000000000000000000 ) ) ;
#2910 = EDGE_CURVE ( 'NONE', #2904, #33, #1669, .T. ) ;
#2911 = CIRCLE ( 'NONE', #2422, 0.01999999999999999001 ) ;
#2912 = CARTESIAN_POINT ( 'NONE',  ( -0.2510000000000000009, -0.1449149175665960243, 0.2348298351331921385 ) ) ;
#2913 = DIRECTION ( 'NONE',  ( -0.000000000000000000, -0.000000000000000000, -1.000000000000000000 ) ) ;
#2914 = AXIS2_PLACEMENT_3D ( 'NONE', #1906, #2913, #2182 ) ;
#2915 = CARTESIAN_POINT ( 'NONE',  ( -0.4454458253237558174, 0.2271079406397719380, 0.000000000000000000 ) ) ;
#2916 = ORIENTED_EDGE ( 'NONE', *, *, #3116, .F. ) ;
#2917 = DIRECTION ( 'NONE',  ( 0.000000000000000000, 0.000000000000000000, 1.000000000000000000 ) ) ;
#2918 = CARTESIAN_POINT ( 'NONE',  ( 0.2722134304202120103, -0.4194041586570889102, 0.2200000000000000011 ) ) ;
#2919 = ORIENTED_EDGE ( 'NONE', *, *, #647, .T. ) ;
#2920 = DIRECTION ( 'NONE',  ( 0.000000000000000000, 0.000000000000000000, 1.000000000000000000 ) ) ;
#2921 = EDGE_LOOP ( 'NONE', ( #179, #1139, #2935, #2788 ) ) ;
#2922 = ADVANCED_FACE ( 'NONE', ( #1777 ), #1756, .T. ) ;
#2923 = DIRECTION ( 'NONE',  ( -0.000000000000000000, -0.000000000000000000, 1.000000000000000000 ) ) ;
#2924 = DIRECTION ( 'NONE',  ( 0.4999999999999995559, 0.8660254037844388186, 0.000000000000000000 ) ) ;
#2925 = EDGE_CURVE ( 'NONE', #2581, #2836, #3016, .T. ) ;
#2926 = CARTESIAN_POINT ( 'NONE',  ( 0.4979708826829136181, 0.04500000000000003997, 0.2200000000000000011 ) ) ;
#2927 = DIRECTION ( 'NONE',  ( -1.000000000000000000, -9.756599977372368637E-16, 0.000000000000000000 ) ) ;
#2928 = VERTEX_POINT ( 'NONE', #2235 ) ;
#2929 = CARTESIAN_POINT ( 'NONE',  ( 0.2509999999999999454, -0.1449149175665962186, 0.01517016486680781637 ) ) ;
#2930 = AXIS2_PLACEMENT_3D ( 'NONE', #2110, #1183, #1163 ) ;
#2931 = CARTESIAN_POINT ( 'NONE',  ( 0.3941858428704208550, 0.1756217782649107106, 0.2200000000000000011 ) ) ;
#2932 = CIRCLE ( 'NONE', #1355, 0.01999999999999999001 ) ;
#2933 = ORIENTED_EDGE ( 'NONE', *, *, #2052, .T. ) ;
#2934 = LINE ( 'NONE', #3240, #1952 ) ;
#2935 = ORIENTED_EDGE ( 'NONE', *, *, #1150, .T. ) ;
#2936 = AXIS2_PLACEMENT_3D ( 'NONE', #4, #295, #3144 ) ;
#2937 = DIRECTION ( 'NONE',  ( -0.000000000000000000, -0.000000000000000000, -1.000000000000000000 ) ) ;
#2938 = ADVANCED_BREP_SHAPE_REPRESENTATION ( 'am-5654 500in Hex 3D Print Insert', ( #1353, #2541 ), #575 ) ;
#2939 = CARTESIAN_POINT ( 'NONE',  ( 0.2509999999999999454, 0.1222056202788551899, 0.02603910695246652862 ) ) ;
#2940 = LINE ( 'NONE', #1627, #3370 ) ;
#2941 = ADVANCED_FACE ( 'NONE', ( #916 ), #439, .T. ) ;
#2942 = LINE ( 'NONE', #2708, #1066 ) ;
#2943 = EDGE_CURVE ( 'NONE', #2459, #3161, #2154, .T. ) ;
#2944 = DIRECTION ( 'NONE',  ( 0.000000000000000000, 0.000000000000000000, 1.000000000000000000 ) ) ;
#2945 = EDGE_LOOP ( 'NONE', ( #1972, #2471, #1049, #1018 ) ) ;
#2946 = DIRECTION ( 'NONE',  ( 0.8660254037844388186, -0.4999999999999996114, 0.000000000000000000 ) ) ;
#2947 = CARTESIAN_POINT ( 'NONE',  ( 0.4793485162175847858, -0.04499999999999995670, 0.2200000000000000011 ) ) ;
#2948 = ORIENTED_EDGE ( 'NONE', *, *, #3213, .F. ) ;
#2949 = DIRECTION ( 'NONE',  ( 0.000000000000000000, 0.000000000000000000, 1.000000000000000000 ) ) ;
#2950 = DIRECTION ( 'NONE',  ( -1.000000000000000000, -3.414809992080330699E-15, 0.000000000000000000 ) ) ;
#2951 = DIRECTION ( 'NONE',  ( -1.000000000000000000, 0.000000000000000000, 0.000000000000000000 ) ) ;
#2952 = FACE_OUTER_BOUND ( 'NONE', #2585, .T. ) ;
#2953 = LINE ( 'NONE', #1917, #322 ) ;
#2954 = ORIENTED_EDGE ( 'NONE', *, *, #3152, .F. ) ;
#2955 = AXIS2_PLACEMENT_3D ( 'NONE', #1005, #2523, #3264 ) ;
#2956 = CARTESIAN_POINT ( 'NONE',  ( -0.4376279923108053471, -0.2007031149384927993, 0.000000000000000000 ) ) ;
#2957 = EDGE_CURVE ( 'NONE', #1897, #3123, #1717, .T. ) ;
#2958 = VERTEX_POINT ( 'NONE', #659 ) ;
#2959 = CARTESIAN_POINT ( 'NONE',  ( -0.5000000000000001110, 0.000000000000000000, 0.2200000000000000011 ) ) ;
#2960 = ORIENTED_EDGE ( 'NONE', *, *, #2738, .T. ) ;
#2961 = DIRECTION ( 'NONE',  ( -0.000000000000000000, -0.000000000000000000, 1.000000000000000000 ) ) ;
#2962 = CIRCLE ( 'NONE', #1772, 0.01999999999999999001 ) ;
#2963 = CARTESIAN_POINT ( 'NONE',  ( 0.2613248932034035188, -0.4026279923108053715, 0.000000000000000000 ) ) ;
#2964 = EDGE_CURVE ( 'NONE', #3118, #2347, #3266, .T. ) ;
#2965 = AXIS2_PLACEMENT_3D ( 'NONE', #706, #674, #1475 ) ;
#2966 = ORIENTED_EDGE ( 'NONE', *, *, #123, .T. ) ;
#2967 = DIRECTION ( 'NONE',  ( -1.000000000000000000, 0.000000000000000000, 0.000000000000000000 ) ) ;
#2968 = FACE_OUTER_BOUND ( 'NONE', #2323, .T. ) ;
#2969 = DIRECTION ( 'NONE',  ( -1.000000000000000000, 0.000000000000000000, 0.000000000000000000 ) ) ;
#2970 = CARTESIAN_POINT ( 'NONE',  ( -0.04499999999999992895, -0.4979708826829136736, 0.000000000000000000 ) ) ;
#2971 = ORIENTED_EDGE ( 'NONE', *, *, #2453, .T. ) ;
#2972 = B_SPLINE_CURVE_WITH_KNOTS ( 'NONE', 3,
 ( #2764, #1994, #164, #734, #2049, #661, #479, #3030 ),
 .UNSPECIFIED., .F., .F.,
 ( 4, 2, 2, 4 ),
 ( 0.01356065480558664264, 0.01451917015327068572, 0.01547768550095473053, 0.01739471619632282015 ),
 .UNSPECIFIED. ) ;
#2973 = DIRECTION ( 'NONE',  ( 0.000000000000000000, 0.000000000000000000, -1.000000000000000000 ) ) ;
#2974 = CARTESIAN_POINT ( 'NONE',  ( 0.4291858428704208861, 0.04500000000000003303, 0.2200000000000000011 ) ) ;
#2975 = ORIENTED_EDGE ( 'NONE', *, *, #2078, .F. ) ;
#2976 = FACE_OUTER_BOUND ( 'NONE', #2700, .T. ) ;
#2977 = EDGE_CURVE ( 'NONE', #2392, #2904, #1512, .T. ) ;
#2978 = CYLINDRICAL_SURFACE ( 'NONE', #622, 0.07000000000000000666 ) ;
#2979 = AXIS2_PLACEMENT_3D ( 'NONE', #284, #2908, #2368 ) ;
#2980 = ORIENTED_EDGE ( 'NONE', *, *, #2781, .T. ) ;
#2981 = DIRECTION ( 'NONE',  ( 0.5000000000000002220, -0.8660254037844384856, 0.000000000000000000 ) ) ;
#2982 = EDGE_CURVE ( 'NONE', #2109, #1817, #3351, .T. ) ;
#2983 = DIRECTION ( 'NONE',  ( 0.000000000000000000, 0.000000000000000000, -1.000000000000000000 ) ) ;
#2984 = VECTOR ( 'NONE', #2132, 39.37007874015748143 ) ;
#2985 = CARTESIAN_POINT ( 'NONE',  ( -0.4276279923108052827, -0.2180236230141816001, 0.2200000000000000011 ) ) ;
#2986 = AXIS2_PLACEMENT_3D ( 'NONE', #685, #2723, #1696 ) ;
#2987 = DIRECTION ( 'NONE',  ( -1.000000000000000000, 0.000000000000000000, 0.000000000000000000 ) ) ;
#2988 = ORIENTED_EDGE ( 'NONE', *, *, #902, .F. ) ;
#2989 = ADVANCED_FACE ( 'NONE', ( #257 ), #2100, .T. ) ;
#2990 = DIRECTION ( 'NONE',  ( 2.328077799116352879E-16, -1.000000000000000000, 0.000000000000000000 ) ) ;
#2991 = DIRECTION ( 'NONE',  ( -0.000000000000000000, -0.000000000000000000, -1.000000000000000000 ) ) ;
#2992 = VERTEX_POINT ( 'NONE', #1794 ) ;
#2993 = CARTESIAN_POINT ( 'NONE',  ( -0.2510000000000000564, 0.06253891632491817565, 0.04658535385491010400 ) ) ;
#2994 = B_SPLINE_CURVE_WITH_KNOTS ( 'NONE', 3,
 ( #832, #2166, #1395, #2148, #89, #54, #1100, #608 ),
 .UNSPECIFIED., .F., .F.,
 ( 4, 2, 2, 4 ),
 ( 0.009720893769677281526, 0.01068083402865461877, 0.01164077428763195601, 0.01356065480558663050 ),
 .UNSPECIFIED. ) ;
#2995 = CARTESIAN_POINT ( 'NONE',  ( -0.2613248932034032412, -0.4026279923108055381, 0.2200000000000000011 ) ) ;
#2996 = VERTEX_POINT ( 'NONE', #287 ) ;
#2997 = VERTEX_POINT ( 'NONE', #2357 ) ;
#2998 = FILL_AREA_STYLE_COLOUR ( '', #227 ) ;
#2999 = DIRECTION ( 'NONE',  ( -0.7071067811865486830, 8.659560562354947649E-17, 0.7071067811865462405 ) ) ;
#3000 = FACE_OUTER_BOUND ( 'NONE', #3173, .T. ) ;
#3001 = CARTESIAN_POINT ( 'NONE',  ( -0.4793485162175847858, 0.02499999999999990077, 0.2200000000000000011 ) ) ;
#3002 = ORIENTED_EDGE ( 'NONE', *, *, #3094, .F. ) ;
#3003 = EDGE_CURVE ( 'NONE', #935, #1544, #1827, .T. ) ;
#3004 = CIRCLE ( 'NONE', #2419, 0.3050000000000000488 ) ;
#3005 = DIRECTION ( 'NONE',  ( 0.5000000000000004441, -0.8660254037844383745, 0.000000000000000000 ) ) ;
#3006 = VECTOR ( 'NONE', #797, 39.37007874015748143 ) ;
#3007 = DIRECTION ( 'NONE',  ( -0.000000000000000000, -0.000000000000000000, 1.000000000000000000 ) ) ;
#3008 = VERTEX_POINT ( 'NONE', #3138 ) ;
#3009 = PLANE ( 'NONE',  #1001 ) ;
#3010 = CARTESIAN_POINT ( 'NONE',  ( -0.01961125325522505500, 0.2785072727871421572, 0.2235072727871421638 ) ) ;
#3011 = AXIS2_PLACEMENT_3D ( 'NONE', #3241, #2685, #1370 ) ;
#3012 = ORIENTED_EDGE ( 'NONE', *, *, #1341, .F. ) ;
#3013 = FACE_OUTER_BOUND ( 'NONE', #1039, .T. ) ;
#3014 = ORIENTED_EDGE ( 'NONE', *, *, #673, .F. ) ;
#3015 = CARTESIAN_POINT ( 'NONE',  ( 0.000000000000000000, 0.000000000000000000, 0.2200000000000000011 ) ) ;
#3016 = CIRCLE ( 'NONE', #1496, 0.07000000000000000666 ) ;
#3017 = FACE_OUTER_BOUND ( 'NONE', #954, .T. ) ;
#3018 = CONICAL_SURFACE ( 'NONE', #2914, 0.3050000000000000488, 0.7853981633974500554 ) ;
#3019 = PLANE ( 'NONE',  #2714 ) ;
#3020 = FACE_OUTER_BOUND ( 'NONE', #3359, .T. ) ;
#3021 = VERTEX_POINT ( 'NONE', #540 ) ;
#3022 = EDGE_CURVE ( 'NONE', #2805, #1983, #739, .T. ) ;
#3023 = EDGE_CURVE ( 'NONE', #1069, #2392, #215, .T. ) ;
#3024 = DIRECTION ( 'NONE',  ( -1.000000000000000000, -2.328077799116352879E-16, 0.000000000000000000 ) ) ;
#3025 = PLANE ( 'NONE',  #1852 ) ;
#3026 = ORIENTED_EDGE ( 'NONE', *, *, #984, .T. ) ;
#3027 = DIRECTION ( 'NONE',  ( 0.000000000000000000, 0.000000000000000000, -1.000000000000000000 ) ) ;
#3028 = DIRECTION ( 'NONE',  ( 0.000000000000000000, 0.000000000000000000, 1.000000000000000000 ) ) ;
#3029 = VERTEX_POINT ( 'NONE', #1570 ) ;
#3030 = CARTESIAN_POINT ( 'NONE',  ( 0.2509999999999999454, 0.1449149175665961076, 0.2348298351331921385 ) ) ;
#3031 = VERTEX_POINT ( 'NONE', #1840 ) ;
#3032 = DIRECTION ( 'NONE',  ( 0.000000000000000000, 0.000000000000000000, -1.000000000000000000 ) ) ;
#3033 = CARTESIAN_POINT ( 'NONE',  ( 0.4194041586570890767, -0.2722134304202117328, 0.2200000000000000011 ) ) ;
#3034 = ORIENTED_EDGE ( 'NONE', *, *, #3092, .T. ) ;
#3035 = CARTESIAN_POINT ( 'NONE',  ( -0.1040503752945034777, 0.2297563229476290436, 0.05405321155794644977 ) ) ;
#3036 = ORIENTED_EDGE ( 'NONE', *, *, #2821, .F. ) ;
#3037 = AXIS2_PLACEMENT_3D ( 'NONE', #1661, #666, #906 ) ;
#3038 = ORIENTED_EDGE ( 'NONE', *, *, #1319, .F. ) ;
#3039 = CIRCLE ( 'NONE', #2450, 0.5000000000000002220 ) ;
#3040 = CIRCLE ( 'NONE', #539, 0.3500000000000000333 ) ;
#3041 = CARTESIAN_POINT ( 'NONE',  ( 0.3591858428704210460, -0.1149999999999999911, 0.000000000000000000 ) ) ;
#3042 = ADVANCED_FACE ( 'NONE', ( #2834 ), #3151, .T. ) ;
#3043 = CARTESIAN_POINT ( 'NONE',  ( -0.4793485162175847858, -0.02500000000000010200, 0.000000000000000000 ) ) ;
#3044 = ORIENTED_EDGE ( 'NONE', *, *, #1698, .F. ) ;
#3045 = CARTESIAN_POINT ( 'NONE',  ( -0.4793485162175847858, -0.04500000000000010242, 0.000000000000000000 ) ) ;
#3046 = DIRECTION ( 'NONE',  ( 0.000000000000000000, 0.000000000000000000, 1.000000000000000000 ) ) ;
#3047 = VERTEX_POINT ( 'NONE', #1298 ) ;
#3048 = EDGE_CURVE ( 'NONE', #3161, #31, #2629, .T. ) ;
#3049 = CYLINDRICAL_SURFACE ( 'NONE', #890, 0.5000000000000001110 ) ;
#3050 = ORIENTED_EDGE ( 'NONE', *, *, #2130, .F. ) ;
#3051 = AXIS2_PLACEMENT_3D ( 'NONE', #3205, #649, #391 ) ;
#3052 = LINE ( 'NONE', #2549, #3177 ) ;
#3053 = DIRECTION ( 'NONE',  ( -1.000000000000000000, 0.000000000000000000, 0.000000000000000000 ) ) ;
#3054 = VECTOR ( 'NONE', #194, 39.37007874015748143 ) ;
#3055 = ORIENTED_EDGE ( 'NONE', *, *, #2698, .F. ) ;
#3056 = ORIENTED_EDGE ( 'NONE', *, *, #100, .T. ) ;
#3057 = CARTESIAN_POINT ( 'NONE',  ( -0.4087554347483634554, -0.2879565845117567635, 0.2200000000000000011 ) ) ;
#3058 = ORIENTED_EDGE ( 'NONE', *, *, #1513, .F. ) ;
#3059 = LINE ( 'NONE', #776, #877 ) ;
#3060 = CARTESIAN_POINT ( 'NONE',  ( 0.2007031149384926327, 0.4376279923108054581, 0.000000000000000000 ) ) ;
#3061 = CARTESIAN_POINT ( 'NONE',  ( 0.000000000000000000, 0.000000000000000000, 0.2200000000000000011 ) ) ;
#3062 = ORIENTED_EDGE ( 'NONE', *, *, #1654, .F. ) ;
#3063 = FACE_OUTER_BOUND ( 'NONE', #28, .T. ) ;
#3064 = VECTOR ( 'NONE', #3141, 39.37007874015748854 ) ;
#3065 = EDGE_CURVE ( 'NONE', #1623, #654, #2339, .T. ) ;
#3066 = DIRECTION ( 'NONE',  ( -0.000000000000000000, -0.000000000000000000, -1.000000000000000000 ) ) ;
#3067 = ORIENTED_EDGE ( 'NONE', *, *, #2845, .T. ) ;
#3068 = VECTOR ( 'NONE', #456, 39.37007874015748143 ) ;
#3069 = CARTESIAN_POINT ( 'NONE',  ( -0.4993213710599841426, -0.02604166666666677538, 0.000000000000000000 ) ) ;
#3070 = VERTEX_POINT ( 'NONE', #1812 ) ;
#3071 = CARTESIAN_POINT ( 'NONE',  ( -0.1756217782649106829, -0.3941858428704211326, 0.000000000000000000 ) ) ;
#3072 = AXIS2_PLACEMENT_3D ( 'NONE', #2377, #1330, #27 ) ;
#3073 = ADVANCED_FACE ( 'NONE', ( #2851 ), #815, .F. ) ;
#3074 = FACE_OUTER_BOUND ( 'NONE', #1602, .T. ) ;
#3075 = VECTOR ( 'NONE', #1125, 39.37007874015748143 ) ;
#3076 = EDGE_LOOP ( 'NONE', ( #2615, #2070, #2609, #2948 ) ) ;
#3077 = CARTESIAN_POINT ( 'NONE',  ( -0.2510000000000000009, 0.1449149175665961631, 0.01517016486680780249 ) ) ;
#3078 = EDGE_LOOP ( 'NONE', ( #1195, #459, #1576, #2452 ) ) ;
#3079 = AXIS2_PLACEMENT_3D ( 'NONE', #2152, #2729, #1652 ) ;
#3080 = DIRECTION ( 'NONE',  ( 0.000000000000000000, 0.000000000000000000, 1.000000000000000000 ) ) ;
#3081 = VECTOR ( 'NONE', #415, 39.37007874015748143 ) ;
#3082 =( NAMED_UNIT ( * ) SI_UNIT ( $, .STERADIAN. ) SOLID_ANGLE_UNIT ( ) );
#3083 = DIRECTION ( 'NONE',  ( -0.000000000000000000, -0.000000000000000000, -1.000000000000000000 ) ) ;
#3084 = ORIENTED_EDGE ( 'NONE', *, *, #1068, .T. ) ;
#3085 = CARTESIAN_POINT ( 'NONE',  ( -0.2879565845117564304, -0.4087554347483637329, 0.2200000000000000011 ) ) ;
#3086 = DIRECTION ( 'NONE',  ( -0.8660254037844385966, 0.4999999999999998890, 0.000000000000000000 ) ) ;
#3087 = EDGE_CURVE ( 'NONE', #2997, #566, #847, .T. ) ;
#3088 = CARTESIAN_POINT ( 'NONE',  ( -0.04499999999999994976, -0.4291858428704211081, 0.2200000000000000011 ) ) ;
#3089 = ORIENTED_EDGE ( 'NONE', *, *, #1149, .F. ) ;
#3090 = FACE_OUTER_BOUND ( 'NONE', #2763, .T. ) ;
#3091 = CARTESIAN_POINT ( 'NONE',  ( 0.000000000000000000, 0.000000000000000000, 0.2200000000000000011 ) ) ;
#3092 = EDGE_CURVE ( 'NONE', #197, #471, #1287, .T. ) ;
#3093 = ORIENTED_EDGE ( 'NONE', *, *, #1536, .F. ) ;
#3094 = EDGE_CURVE ( 'NONE', #1838, #2896, #1339, .T. ) ;
#3095 = CARTESIAN_POINT ( 'NONE',  ( -0.04499999999999994976, -0.4291858428704211081, 0.2200000000000000011 ) ) ;
#3096 = ORIENTED_EDGE ( 'NONE', *, *, #2880, .T. ) ;
#3097 = ADVANCED_FACE ( 'NONE', ( #1553 ), #639, .F. ) ;
#3098 = CARTESIAN_POINT ( 'NONE',  ( -0.4793485162175847858, -0.02500000000000010200, 0.2200000000000000011 ) ) ;
#3099 = AXIS2_PLACEMENT_3D ( 'NONE', #1643, #569, #794 ) ;
#3100 = LINE ( 'NONE', #3371, #2613 ) ;
#3101 = ORIENTED_EDGE ( 'NONE', *, *, #2957, .F. ) ;
#3102 = DIRECTION ( 'NONE',  ( -0.000000000000000000, 0.000000000000000000, 1.000000000000000000 ) ) ;
#3103 = VECTOR ( 'NONE', #1064, 39.37007874015748143 ) ;
#3104 = CARTESIAN_POINT ( 'NONE',  ( 0.2313887467447749424, 0.1562374799126461933, 0.2235072727871420528 ) ) ;
#3105 = ORIENTED_EDGE ( 'NONE', *, *, #1030, .T. ) ;
#3106 = LINE ( 'NONE', #3088, #2644 ) ;
#3107 = ORIENTED_EDGE ( 'NONE', *, *, #3231, .T. ) ;
#3108 = DIRECTION ( 'NONE',  ( 0.000000000000000000, 0.000000000000000000, -1.000000000000000000 ) ) ;
#3109 = FACE_OUTER_BOUND ( 'NONE', #2236, .T. ) ;
#3110 = ORIENTED_EDGE ( 'NONE', *, *, #2465, .F. ) ;
#3111 = CARTESIAN_POINT ( 'NONE',  ( 0.2180236230141816001, -0.4276279923108053382, 0.2200000000000000011 ) ) ;
#3112 = ORIENTED_EDGE ( 'NONE', *, *, #2135, .F. ) ;
#3113 = VECTOR ( 'NONE', #345, 39.37007874015748854 ) ;
#3114 = ADVANCED_FACE ( 'NONE', ( #369 ), #1920, .F. ) ;
#3115 = DIRECTION ( 'NONE',  ( -1.000000000000000000, 0.000000000000000000, 0.000000000000000000 ) ) ;
#3116 = EDGE_CURVE ( 'NONE', #2581, #2902, #1665, .T. ) ;
#3117 = PLANE ( 'NONE',  #94 ) ;
#3118 = VERTEX_POINT ( 'NONE', #2661 ) ;
#3119 = DIRECTION ( 'NONE',  ( -1.000000000000000000, 0.000000000000000000, 0.000000000000000000 ) ) ;
#3120 = DIRECTION ( 'NONE',  ( 0.000000000000000000, 0.000000000000000000, 1.000000000000000000 ) ) ;
#3121 = B_SPLINE_CURVE_WITH_KNOTS ( 'NONE', 3,
 ( #51, #574, #2402, #829, #1871, #1096, #320, #2912 ),
 .UNSPECIFIED., .F., .F.,
 ( 4, 2, 2, 4 ),
 ( 0.01356065480558663050, 0.01451917015327067531, 0.01547768550095471839, 0.01739471619632280627 ),
 .UNSPECIFIED. ) ;
#3122 = DIRECTION ( 'NONE',  ( 0.8660254037844385966, 0.5000000000000002220, 0.000000000000000000 ) ) ;
#3123 = VERTEX_POINT ( 'NONE', #2956 ) ;
#3124 = LINE ( 'NONE', #2329, #2199 ) ;
#3125 = DIRECTION ( 'NONE',  ( -0.4999999999999996114, -0.8660254037844388186, 0.000000000000000000 ) ) ;
#3126 = VECTOR ( 'NONE', #3234, 39.37007874015748854 ) ;
#3127 = VERTEX_POINT ( 'NONE', #1646 ) ;
#3128 = PLANE ( 'NONE',  #41 ) ;
#3129 = ORIENTED_EDGE ( 'NONE', *, *, #3347, .T. ) ;
#3130 = AXIS2_PLACEMENT_3D ( 'NONE', #347, #365, #378 ) ;
#3131 = DIRECTION ( 'NONE',  ( -0.4999999999999998335, -0.8660254037844385966, 0.000000000000000000 ) ) ;
#3132 = EDGE_CURVE ( 'NONE', #1803, #189, #1873, .T. ) ;
#3133 = VECTOR ( 'NONE', #771, 39.37007874015748143 ) ;
#3134 = CARTESIAN_POINT ( 'NONE',  ( -0.02604166666666667129, 0.4993213710599841981, 0.000000000000000000 ) ) ;
#3135 = CIRCLE ( 'NONE', #2429, 0.07000000000000000666 ) ;
#3136 = VERTEX_POINT ( 'NONE', #2725 ) ;
#3137 = CARTESIAN_POINT ( 'NONE',  ( -0.4476279923108055780, 0.2180236230141810450, 0.2200000000000000011 ) ) ;
#3138 = CARTESIAN_POINT ( 'NONE',  ( -0.2510000000000000009, 0.1449149175665961631, 0.01517016486680780249 ) ) ;
#3139 = DIRECTION ( 'NONE',  ( -1.000000000000000000, 0.000000000000000000, 0.000000000000000000 ) ) ;
#3140 = ORIENTED_EDGE ( 'NONE', *, *, #1283, .T. ) ;
#3141 = DIRECTION ( 'NONE',  ( -0.7071067811865486830, 0.000000000000000000, -0.7071067811865462405 ) ) ;
#3142 = CARTESIAN_POINT ( 'NONE',  ( -0.2613248932034035743, 0.4026279923108053715, 0.2200000000000000011 ) ) ;
#3143 = VERTEX_POINT ( 'NONE', #1344 ) ;
#3144 = DIRECTION ( 'NONE',  ( -1.000000000000000000, 0.000000000000000000, 0.000000000000000000 ) ) ;
#3145 = ORIENTED_EDGE ( 'NONE', *, *, #572, .F. ) ;
#3146 = CARTESIAN_POINT ( 'NONE',  ( -0.2100142981711572987, 0.4537554347483635508, 0.000000000000000000 ) ) ;
#3147 = VECTOR ( 'NONE', #1412, 39.37007874015748143 ) ;
#3148 = ORIENTED_EDGE ( 'NONE', *, *, #140, .F. ) ;
#3149 = CARTESIAN_POINT ( 'NONE',  ( 0.2509999999999999454, -0.1449149175665962186, 0.2348298351331921663 ) ) ;
#3150 = AXIS2_PLACEMENT_3D ( 'NONE', #367, #1164, #2451 ) ;
#3151 = CYLINDRICAL_SURFACE ( 'NONE', #571, 0.01999999999999999001 ) ;
#3152 = EDGE_CURVE ( 'NONE', #1261, #1322, #2942, .T. ) ;
#3153 = VECTOR ( 'NONE', #3007, 39.37007874015748143 ) ;
#3154 = PLANE ( 'NONE',  #1277 ) ;
#3155 = VERTEX_POINT ( 'NONE', #576 ) ;
#3156 = VERTEX_POINT ( 'NONE', #321 ) ;
#3157 = LINE ( 'NONE', #2616, #1870 ) ;
#3158 = PLANE ( 'NONE',  #1335 ) ;
#3159 = CIRCLE ( 'NONE', #217, 0.07000000000000000666 ) ;
#3160 = EDGE_CURVE ( 'NONE', #1445, #772, #896, .T. ) ;
#3161 = VERTEX_POINT ( 'NONE', #1151 ) ;
#3162 = FACE_OUTER_BOUND ( 'NONE', #543, .T. ) ;
#3163 = ORIENTED_EDGE ( 'NONE', *, *, #775, .F. ) ;
#3164 = CARTESIAN_POINT ( 'NONE',  ( 0.000000000000000000, 0.000000000000000000, 0.2200000000000000011 ) ) ;
#3165 = AXIS2_PLACEMENT_3D ( 'NONE', #3253, #2431, #376 ) ;
#3166 = FACE_OUTER_BOUND ( 'NONE', #811, .T. ) ;
#3167 = DIRECTION ( 'NONE',  ( 1.000000000000000000, 2.845428421142209020E-16, 0.000000000000000000 ) ) ;
#3168 = FACE_BOUND ( 'NONE', #2081, .T. ) ;
#3169 = ORIENTED_EDGE ( 'NONE', *, *, #2001, .T. ) ;
#3170 = LINE ( 'NONE', #1815, #888 ) ;
#3171 = ADVANCED_FACE ( 'NONE', ( #591 ), #3018, .F. ) ;
#3172 = CARTESIAN_POINT ( 'NONE',  ( 0.3141858428704208950, 0.3141858428704210615, 0.2200000000000000011 ) ) ;
#3173 = EDGE_LOOP ( 'NONE', ( #1376, #2328, #2954, #1814 ) ) ;
#3174 = LINE ( 'NONE', #1883, #979 ) ;
#3175 = VERTEX_POINT ( 'NONE', #2198 ) ;
#3176 = EDGE_CURVE ( 'NONE', #2713, #541, #3215, .T. ) ;
#3177 = VECTOR ( 'NONE', #2530, 39.37007874015748143 ) ;
#3178 = VECTOR ( 'NONE', #255, 39.37007874015748143 ) ;
#3179 = DIRECTION ( 'NONE',  ( -0.8660254037844389297, 0.4999999999999996114, 0.000000000000000000 ) ) ;
#3180 = FACE_OUTER_BOUND ( 'NONE', #1998, .T. ) ;
#3181 = AXIS2_PLACEMENT_3D ( 'NONE', #445, #3346, #1250 ) ;
#3182 = DIRECTION ( 'NONE',  ( -0.000000000000000000, -0.000000000000000000, -1.000000000000000000 ) ) ;
#3183 = AXIS2_PLACEMENT_3D ( 'NONE', #3338, #3120, #1281 ) ;
#3184 = CARTESIAN_POINT ( 'NONE',  ( 0.4026279923108054826, 0.2613248932034034633, 0.000000000000000000 ) ) ;
#3185 = ORIENTED_EDGE ( 'NONE', *, *, #2116, .F. ) ;
#3186 = FACE_OUTER_BOUND ( 'NONE', #2921, .T. ) ;
#3187 = AXIS2_PLACEMENT_3D ( 'NONE', #174, #1220, #2285 ) ;
#3188 = CARTESIAN_POINT ( 'NONE',  ( -0.3141858428704208950, 0.3141858428704205064, 0.2200000000000000011 ) ) ;
#3189 = EDGE_CURVE ( 'NONE', #3123, #1908, #1616, .T. ) ;
#3190 = ORIENTED_EDGE ( 'NONE', *, *, #1903, .T. ) ;
#3191 = CARTESIAN_POINT ( 'NONE',  ( -0.2722134304202120103, 0.4194041586570888547, 0.2200000000000000011 ) ) ;
#3192 = ORIENTED_EDGE ( 'NONE', *, *, #1569, .T. ) ;
#3193 = CARTESIAN_POINT ( 'NONE',  ( 0.000000000000000000, 0.000000000000000000, 0.2200000000000000011 ) ) ;
#3194 = EDGE_CURVE ( 'NONE', #1192, #1714, #251, .T. ) ;
#3195 = DIRECTION ( 'NONE',  ( -1.000000000000000000, 0.000000000000000000, 0.000000000000000000 ) ) ;
#3196 = CARTESIAN_POINT ( 'NONE',  ( -0.4793485162175847858, -0.04500000000000010242, 0.2200000000000000011 ) ) ;
#3197 = EDGE_CURVE ( 'NONE', #1544, #816, #1937, .T. ) ;
#3198 = CARTESIAN_POINT ( 'NONE',  ( -0.2313887467447750534, -0.1562374799126461933, 0.2235072727871421083 ) ) ;
#3199 = CARTESIAN_POINT ( 'NONE',  ( 0.3941858428704208550, 0.1756217782649107384, 0.2200000000000000011 ) ) ;
#3200 = ORIENTED_EDGE ( 'NONE', *, *, #3361, .T. ) ;
#3201 = CARTESIAN_POINT ( 'NONE',  ( 0.4291858428704210526, -0.1149999999999999911, 0.2200000000000000011 ) ) ;
#3202 = DIRECTION ( 'NONE',  ( -1.000000000000000000, 0.000000000000000000, 0.000000000000000000 ) ) ;
#3203 = AXIS2_PLACEMENT_3D ( 'NONE', #828, #3083, #763 ) ;
#3204 = ORIENTED_EDGE ( 'NONE', *, *, #2282, .T. ) ;
#3205 = CARTESIAN_POINT ( 'NONE',  ( 0.000000000000000000, 0.000000000000000000, 0.2200000000000000011 ) ) ;
#3206 = ORIENTED_EDGE ( 'NONE', *, *, #2643, .T. ) ;
#3207 = DIMENSIONAL_EXPONENTS ( 1.000000000000000000, 0.000000000000000000, 0.000000000000000000, 0.000000000000000000, 0.000000000000000000, 0.000000000000000000, 0.000000000000000000 ) ;
#3208 = CIRCLE ( 'NONE', #272, 0.01999999999999999001 ) ;
#3209 = CYLINDRICAL_SURFACE ( 'NONE', #2861, 0.07000000000000000666 ) ;
#3210 = FACE_OUTER_BOUND ( 'NONE', #1486, .T. ) ;
#3211 = DIRECTION ( 'NONE',  ( -1.000000000000000000, 0.000000000000000000, 0.000000000000000000 ) ) ;
#3212 = VERTEX_POINT ( 'NONE', #1631 ) ;
#3213 = EDGE_CURVE ( 'NONE', #2710, #3310, #336, .T. ) ;
#3214 = EDGE_CURVE ( 'NONE', #1959, #2217, #3135, .T. ) ;
#3215 = LINE ( 'NONE', #2389, #3238 ) ;
#3216 = CIRCLE ( 'NONE', #1148, 0.01999999999999999001 ) ;
#3217 = CARTESIAN_POINT ( 'NONE',  ( 0.2509999999999999454, -0.1449149175665962186, 0.2348298351331921663 ) ) ;
#3218 = ORIENTED_EDGE ( 'NONE', *, *, #235, .F. ) ;
#3219 = CARTESIAN_POINT ( 'NONE',  ( -0.2510000000000000009, 0.1449149175665961631, 0.01517016486680780249 ) ) ;
#3220 = DIRECTION ( 'NONE',  ( 0.000000000000000000, 0.000000000000000000, -1.000000000000000000 ) ) ;
#3221 = VERTEX_POINT ( 'NONE', #2675 ) ;
#3222 = LENGTH_MEASURE_WITH_UNIT ( LENGTH_MEASURE( 0.02539999999999999897 ), #855 );
#3223 = CARTESIAN_POINT ( 'NONE',  ( -3.822945654009372482E-17, 0.2898298351331921596, 0.2348298351331921663 ) ) ;
#3224 = DIRECTION ( 'NONE',  ( -0.8660254037844391517, 0.4999999999999988343, 0.000000000000000000 ) ) ;
#3225 = CARTESIAN_POINT ( 'NONE',  ( -0.03966486509693472468, -0.2669293145921067256, 0.03611969292901395095 ) ) ;
#3226 = ORIENTED_EDGE ( 'NONE', *, *, #938, .F. ) ;
#3227 = AXIS2_PLACEMENT_3D ( 'NONE', #388, #1377, #2408 ) ;
#3228 = EDGE_CURVE ( 'NONE', #772, #1285, #952, .T. ) ;
#3229 = DIRECTION ( 'NONE',  ( -0.000000000000000000, -0.000000000000000000, 1.000000000000000000 ) ) ;
#3230 = VECTOR ( 'NONE', #738, 39.37007874015748143 ) ;
#3231 = EDGE_CURVE ( 'NONE', #189, #3212, #118, .T. ) ;
#3232 = DIRECTION ( 'NONE',  ( 0.8660254037844388186, -0.4999999999999998335, 0.000000000000000000 ) ) ;
#3233 = ORIENTED_EDGE ( 'NONE', *, *, #670, .F. ) ;
#3234 = DIRECTION ( 'NONE',  ( 0.4999999999999995559, 0.8660254037844388186, 0.000000000000000000 ) ) ;
#3235 = AXIS2_PLACEMENT_3D ( 'NONE', #361, #2169, #596 ) ;
#3236 = CARTESIAN_POINT ( 'NONE',  ( -0.2535640646055100644, -0.3491858428704209816, 0.2200000000000000011 ) ) ;
#3237 = EDGE_CURVE ( 'NONE', #207, #2831, #139, .T. ) ;
#3238 = VECTOR ( 'NONE', #39, 39.37007874015748143 ) ;
#3239 = VERTEX_POINT ( 'NONE', #452 ) ;
#3240 = CARTESIAN_POINT ( 'NONE',  ( 0.2879565845117565415, 0.4087554347483636774, 0.000000000000000000 ) ) ;
#3241 = CARTESIAN_POINT ( 'NONE',  ( 0.02499999999999999098, 0.4793485162175848413, 0.000000000000000000 ) ) ;
#3242 = CARTESIAN_POINT ( 'NONE',  ( -0.4276279923108052827, -0.2180236230141816001, 0.000000000000000000 ) ) ;
#3243 = DIRECTION ( 'NONE',  ( -1.000000000000000000, 0.000000000000000000, 0.000000000000000000 ) ) ;
#3244 = ORIENTED_EDGE ( 'NONE', *, *, #3065, .F. ) ;
#3245 = LINE ( 'NONE', #1202, #356 ) ;
#3246 = LINE ( 'NONE', #929, #1795 ) ;
#3247 = EDGE_LOOP ( 'NONE', ( #2768, #55, #1235, #1180 ) ) ;
#3248 = CARTESIAN_POINT ( 'NONE',  ( 0.2509999999999999454, -0.06253891632491825892, 0.04658535385491017339 ) ) ;
#3249 = EDGE_CURVE ( 'NONE', #2536, #3143, #2043, .T. ) ;
#3250 = DIRECTION ( 'NONE',  ( -0.000000000000000000, -0.000000000000000000, -1.000000000000000000 ) ) ;
#3251 = AXIS2_PLACEMENT_3D ( 'NONE', #2624, #1067, #314 ) ;
#3252 = ORIENTED_EDGE ( 'NONE', *, *, #2715, .T. ) ;
#3253 = CARTESIAN_POINT ( 'NONE',  ( -0.1149999999999999495, -0.4291858428704211081, 0.2200000000000000011 ) ) ;
#3254 = EDGE_CURVE ( 'NONE', #996, #1285, #655, .T. ) ;
#3255 = DIRECTION ( 'NONE',  ( -1.000000000000000000, 0.000000000000000000, 0.000000000000000000 ) ) ;
#3256 = AXIS2_PLACEMENT_3D ( 'NONE', #2726, #386, #1222 ) ;
#3257 = FACE_OUTER_BOUND ( 'NONE', #486, .T. ) ;
#3258 = CIRCLE ( 'NONE', #2399, 0.01999999999999999001 ) ;
#3259 = CARTESIAN_POINT ( 'NONE',  ( 0.2007031149384927993, -0.4376279923108054026, 0.2200000000000000011 ) ) ;
#3260 = VERTEX_POINT ( 'NONE', #3316 ) ;
#3261 = CARTESIAN_POINT ( 'NONE',  ( 0.3926279923108054737, 0.2786454012790922641, 0.2200000000000000011 ) ) ;
#3262 = CARTESIAN_POINT ( 'NONE',  ( 0.000000000000000000, 0.000000000000000000, 0.2200000000000000011 ) ) ;
#3263 = EDGE_LOOP ( 'NONE', ( #758, #518, #2684, #78 ) ) ;
#3264 = DIRECTION ( 'NONE',  ( -1.000000000000000000, 0.000000000000000000, 0.000000000000000000 ) ) ;
#3265 = AXIS2_PLACEMENT_3D ( 'NONE', #2432, #614, #2950 ) ;
#3266 = LINE ( 'NONE', #731, #405 ) ;
#3267 = ORIENTED_EDGE ( 'NONE', *, *, #3132, .T. ) ;
#3268 = EDGE_CURVE ( 'NONE', #2276, #3175, #1664, .T. ) ;
#3269 = CARTESIAN_POINT ( 'NONE',  ( -0.04499999999999993588, -0.4793485162175847858, 0.000000000000000000 ) ) ;
#3270 = VERTEX_POINT ( 'NONE', #3261 ) ;
#3271 = CYLINDRICAL_SURFACE ( 'NONE', #723, 0.07000000000000000666 ) ;
#3272 = DIRECTION ( 'NONE',  ( 0.000000000000000000, 0.000000000000000000, 1.000000000000000000 ) ) ;
#3273 = ORIENTED_EDGE ( 'NONE', *, *, #938, .T. ) ;
#3274 = EDGE_CURVE ( 'NONE', #207, #710, #2105, .T. ) ;
#3275 = DIRECTION ( 'NONE',  ( -0.000000000000000000, -0.000000000000000000, -1.000000000000000000 ) ) ;
#3276 = CARTESIAN_POINT ( 'NONE',  ( -0.07082123142235234592, -0.2489411781071562135, 0.04643594269067136820 ) ) ;
#3277 = ORIENTED_EDGE ( 'NONE', *, *, #1755, .F. ) ;
#3278 = VECTOR ( 'NONE', #1782, 39.37007874015748143 ) ;
#3279 = CARTESIAN_POINT ( 'NONE',  ( -0.1040503752945034360, -0.2297563229476290436, 0.1959467884420535155 ) ) ;
#3280 = CIRCLE ( 'NONE', #2205, 0.07000000000000000666 ) ;
#3281 = DIRECTION ( 'NONE',  ( -0.000000000000000000, -0.000000000000000000, 1.000000000000000000 ) ) ;
#3282 = EDGE_LOOP ( 'NONE', ( #1539, #2853, #3148, #2551, #480, #382, #208 ) ) ;
#3283 = DIRECTION ( 'NONE',  ( -1.000000000000000000, 0.000000000000000000, 0.000000000000000000 ) ) ;
#3284 = DIRECTION ( 'NONE',  ( -0.000000000000000000, -0.000000000000000000, -1.000000000000000000 ) ) ;
#3285 = ORIENTED_EDGE ( 'NONE', *, *, #360, .T. ) ;
#3286 = CARTESIAN_POINT ( 'NONE',  ( 0.2509999999999999454, -0.1449149175665962186, 0.2348298351331921663 ) ) ;
#3287 = ORIENTED_EDGE ( 'NONE', *, *, #3003, .F. ) ;
#3288 = CARTESIAN_POINT ( 'NONE',  ( -0.3491858428704208706, 0.2535640646055097869, 0.000000000000000000 ) ) ;
#3289 = AXIS2_PLACEMENT_3D ( 'NONE', #1046, #2855, #2618 ) ;
#3290 = DIRECTION ( 'NONE',  ( -0.000000000000000000, -0.000000000000000000, -1.000000000000000000 ) ) ;
#3291 = AXIS2_PLACEMENT_3D ( 'NONE', #909, #1456, #3298 ) ;
#3292 = ORIENTED_EDGE ( 'NONE', *, *, #1674, .F. ) ;
#3293 = ORIENTED_EDGE ( 'NONE', *, *, #2116, .T. ) ;
#3294 = CARTESIAN_POINT ( 'NONE',  ( 0.3141858428704209505, -0.3141858428704207840, 0.000000000000000000 ) ) ;
#3295 = ORIENTED_EDGE ( 'NONE', *, *, #2001, .F. ) ;
#3296 = EDGE_CURVE ( 'NONE', #3118, #226, #2651, .T. ) ;
#3297 = EDGE_CURVE ( 'NONE', #1427, #710, #3245, .T. ) ;
#3298 = DIRECTION ( 'NONE',  ( -1.000000000000000000, 0.000000000000000000, 0.000000000000000000 ) ) ;
#3299 = DIRECTION ( 'NONE',  ( -0.000000000000000000, -0.000000000000000000, -1.000000000000000000 ) ) ;
#3300 = ORIENTED_EDGE ( 'NONE', *, *, #460, .T. ) ;
#3301 = DIRECTION ( 'NONE',  ( -0.8660254037844388186, 0.4999999999999996114, 0.000000000000000000 ) ) ;
#3302 = CARTESIAN_POINT ( 'NONE',  ( -0.2509999999999999454, 0.08662625656543143648, 0.2102738539766239034 ) ) ;
#3303 = ORIENTED_EDGE ( 'NONE', *, *, #2598, .F. ) ;
#3304 = DIRECTION ( 'NONE',  ( -0.000000000000000000, -0.000000000000000000, -1.000000000000000000 ) ) ;
#3305 = ORIENTED_EDGE ( 'NONE', *, *, #760, .F. ) ;
#3306 = LINE ( 'NONE', #2260, #1166 ) ;
#3307 = ORIENTED_EDGE ( 'NONE', *, *, #2573, .F. ) ;
#3308 = ORIENTED_EDGE ( 'NONE', *, *, #3268, .F. ) ;
#3309 = CARTESIAN_POINT ( 'NONE',  ( -4.186125334006127528E-17, -0.2898298351331921041, 0.01517016486680783371 ) ) ;
#3310 = VERTEX_POINT ( 'NONE', #3060 ) ;
#3311 = AXIS2_PLACEMENT_3D ( 'NONE', #2516, #135, #1420 ) ;
#3312 = VECTOR ( 'NONE', #3299, 39.37007874015748143 ) ;
#3313 = CARTESIAN_POINT ( 'NONE',  ( 0.2613248932034032967, 0.4026279923108054826, 0.2200000000000000011 ) ) ;
#3314 = ADVANCED_FACE ( 'NONE', ( #1771 ), #2249, .T. ) ;
#3315 = AXIS2_PLACEMENT_3D ( 'NONE', #791, #2636, #32 ) ;
#3316 = CARTESIAN_POINT ( 'NONE',  ( 0.2007031149384927993, -0.4376279923108054026, 0.000000000000000000 ) ) ;
#3317 = EDGE_CURVE ( 'NONE', #1459, #1305, #1699, .T. ) ;
#3318 = CYLINDRICAL_SURFACE ( 'NONE', #914, 0.01999999999999999001 ) ;
#3319 = ORIENTED_EDGE ( 'NONE', *, *, #2845, .F. ) ;
#3320 = LINE ( 'NONE', #987, #2369 ) ;
#3321 = CARTESIAN_POINT ( 'NONE',  ( -0.2510000000000000009, 0.1449149175665961353, 0.2348298351331921940 ) ) ;
#3322 = VERTEX_POINT ( 'NONE', #2740 ) ;
#3323 = CARTESIAN_POINT ( 'NONE',  ( 0.2509999999999999454, 3.032056333822631276E-21, 0.1960000000000000631 ) ) ;
#3324 = VERTEX_POINT ( 'NONE', #384 ) ;
#3325 = LINE ( 'NONE', #682, #335 ) ;
#3326 = CYLINDRICAL_SURFACE ( 'NONE', #401, 0.5000000000000002220 ) ;
#3327 = CIRCLE ( 'NONE', #876, 0.5000000000000001110 ) ;
#3328 = EDGE_LOOP ( 'NONE', ( #620, #3273, #883, #115 ) ) ;
#3329 = DIRECTION ( 'NONE',  ( 0.000000000000000000, 0.000000000000000000, 1.000000000000000000 ) ) ;
#3330 = VERTEX_POINT ( 'NONE', #947 ) ;
#3331 = CARTESIAN_POINT ( 'NONE',  ( 0.1029680116791478611, 0.2303812258723156037, 0.05295585487563559540 ) ) ;
#3332 = LENGTH_MEASURE_WITH_UNIT ( LENGTH_MEASURE( 0.02539999999999999897 ), #2591 );
#3333 = ADVANCED_FACE ( 'NONE', ( #2502 ), #1731, .F. ) ;
#3334 = CARTESIAN_POINT ( 'NONE',  ( 0.02604166666666665395, 0.4993213710599841981, 0.000000000000000000 ) ) ;
#3335 = EDGE_LOOP ( 'NONE', ( #1349, #2315, #2847, #3163 ) ) ;
#3336 = DIRECTION ( 'NONE',  ( 0.000000000000000000, 0.000000000000000000, 1.000000000000000000 ) ) ;
#3337 = VECTOR ( 'NONE', #1861, 39.37007874015748854 ) ;
#3338 = CARTESIAN_POINT ( 'NONE',  ( -0.3141858428704207840, -0.3141858428704210615, 0.000000000000000000 ) ) ;
#3339 = ADVANCED_FACE ( 'NONE', ( #2540 ), #2520, .F. ) ;
#3340 = VERTEX_POINT ( 'NONE', #3041 ) ;
#3341 = CIRCLE ( 'NONE', #1872, 0.07000000000000000666 ) ;
#3342 = CARTESIAN_POINT ( 'NONE',  ( 0.02499999999999999098, 0.4793485162175848413, 0.2200000000000000011 ) ) ;
#3343 = ORIENTED_EDGE ( 'NONE', *, *, #1889, .T. ) ;
#3344 = CARTESIAN_POINT ( 'NONE',  ( -0.2007031149384928825, 0.4376279923108054026, 0.2200000000000000011 ) ) ;
#3345 = AXIS2_PLACEMENT_3D ( 'NONE', #1182, #2223, #3255 ) ;
#3346 = DIRECTION ( 'NONE',  ( -0.000000000000000000, -0.000000000000000000, -1.000000000000000000 ) ) ;
#3347 = EDGE_CURVE ( 'NONE', #654, #2525, #2268, .T. ) ;
#3348 = ORIENTED_EDGE ( 'NONE', *, *, #2512, .T. ) ;
#3349 = DIRECTION ( 'NONE',  ( 1.293376555064641091E-16, -1.000000000000000000, 0.000000000000000000 ) ) ;
#3350 = ORIENTED_EDGE ( 'NONE', *, *, #7, .T. ) ;
#3351 = CIRCLE ( 'NONE', #2047, 0.07000000000000000666 ) ;
#3352 = DIRECTION ( 'NONE',  ( -0.8660254037844382635, -0.5000000000000005551, 0.000000000000000000 ) ) ;
#3353 = PLANE ( 'NONE',  #976 ) ;
#3354 = ORIENTED_EDGE ( 'NONE', *, *, #504, .T. ) ;
#3355 = CARTESIAN_POINT ( 'NONE',  ( -0.4537554347483636064, -0.2100142981711572987, 0.000000000000000000 ) ) ;
#3356 = DIRECTION ( 'NONE',  ( 0.000000000000000000, 0.000000000000000000, 1.000000000000000000 ) ) ;
#3357 = ORIENTED_EDGE ( 'NONE', *, *, #2027, .T. ) ;
#3358 = DIRECTION ( 'NONE',  ( 0.5000000000000002220, -0.8660254037844385966, 0.000000000000000000 ) ) ;
#3359 = EDGE_LOOP ( 'NONE', ( #1774, #2866, #756, #2464 ) ) ;
#3360 = CARTESIAN_POINT ( 'NONE',  ( 0.2786454012790921531, 0.3926279923108054737, 0.000000000000000000 ) ) ;
#3361 = EDGE_CURVE ( 'NONE', #3021, #191, #624, .T. ) ;
#3362 = DIRECTION ( 'NONE',  ( -1.000000000000000000, 0.000000000000000000, 0.000000000000000000 ) ) ;
#3363 = ORIENTED_EDGE ( 'NONE', *, *, #2869, .T. ) ;
#3364 = FACE_OUTER_BOUND ( 'NONE', #2765, .T. ) ;
#3365 = ORIENTED_EDGE ( 'NONE', *, *, #127, .F. ) ;
#3366 = EDGE_CURVE ( 'NONE', #2902, #351, #305, .T. ) ;
#3367 = EDGE_CURVE ( 'NONE', #1400, #202, #192, .T. ) ;
#3368 = FACE_OUTER_BOUND ( 'NONE', #1943, .T. ) ;
#3369 = VECTOR ( 'NONE', #684, 39.37007874015748143 ) ;
#3370 = VECTOR ( 'NONE', #1809, 39.37007874015748143 ) ;
#3371 = CARTESIAN_POINT ( 'NONE',  ( 0.4291858428704208861, 0.04500000000000003303, 0.2200000000000000011 ) ) ;
#3372 = ORIENTED_EDGE ( 'NONE', *, *, #3274, .T. ) ;
#3373 = CARTESIAN_POINT ( 'NONE',  ( 0.4291858428704210526, -0.1149999999999999911, 0.2200000000000000011 ) ) ;
#3374 = VECTOR ( 'NONE', #1306, 39.37007874015748854 ) ;
#3375 = CARTESIAN_POINT ( 'NONE',  ( -0.3141858428704207840, -0.3141858428704210615, 0.2200000000000000011 ) ) ;
#3376 = CARTESIAN_POINT ( 'NONE',  ( -0.2786454012790923751, 0.3926279923108053072, 0.000000000000000000 ) ) ;
#3377 = VERTEX_POINT ( 'NONE', #3134 ) ;
#3378 = CARTESIAN_POINT ( 'NONE',  ( -0.4793485162175847858, 0.04499999999999990119, 0.2200000000000000011 ) ) ;
ENDSEC;
END-ISO-10303-21;
