ISO-10303-21;
HEADER;
/* Generated by software containing ST-Developer
 * from STEP Tools, Inc. (www.steptools.com) 
 */
/* OPTION: using custom renumber hook */

FILE_DESCRIPTION(
/* description */ ('STEP AP242',
'CAx-IF Rec.Pracs.---Representation and Presentation of Product Manufa
cturing Information (PMI)---4.0---2014-10-13',
'CAx-IF Rec.Pracs.---3D Tessellated Geometry---0.4---2014-09-14','2;1'),

/* implementation_level */ '2;1');

FILE_NAME(
/* name */ '682a81fbbac6131a1479c231',
/* time_stamp */ '2025-05-19T00:57:31Z',
/* author */ (''),
/* organization */ (''),
/* preprocessor_version */ 'ST-DEVELOPER v20',
/* originating_system */ 'ONSHAPE BY PTC INC, 1.198',
/* authorisation */ '  ');

FILE_SCHEMA (('AP242_MANAGED_MODEL_BASED_3D_ENGINEERING_MIM_LF { 1 0 10303 442 1 1 4 }'));
ENDSEC;

DATA;
#10=SHAPE_REPRESENTATION_RELATIONSHIP('','',#1577,#11);
#11=ADVANCED_BREP_SHAPE_REPRESENTATION('',(#1575),#2719);
#12=PLANE('',#1612);
#13=PLANE('',#1650);
#14=PLANE('',#1688);
#15=PLANE('',#1689);
#16=PLANE('',#1690);
#17=PLANE('',#1691);
#18=PLANE('',#1692);
#19=PLANE('',#1693);
#20=PLANE('',#1696);
#21=PLANE('',#1698);
#22=PLANE('',#1701);
#23=PLANE('',#1703);
#24=PLANE('',#1706);
#25=PLANE('',#1708);
#26=PLANE('',#1711);
#27=PLANE('',#1713);
#28=PLANE('',#1716);
#29=PLANE('',#1718);
#30=PLANE('',#1721);
#31=PLANE('',#1723);
#32=PLANE('',#1726);
#33=PLANE('',#1728);
#34=PLANE('',#1731);
#35=PLANE('',#1733);
#36=PLANE('',#1736);
#37=PLANE('',#1738);
#38=PLANE('',#1741);
#39=PLANE('',#1743);
#40=PLANE('',#1746);
#41=PLANE('',#1748);
#42=PLANE('',#1751);
#43=PLANE('',#1753);
#44=CIRCLE('',#1580,0.0127);
#45=CIRCLE('',#1581,0.0127);
#46=CIRCLE('',#1583,0.0127);
#47=CIRCLE('',#1584,0.0127);
#48=CIRCLE('',#1586,0.0127);
#49=CIRCLE('',#1587,0.0127);
#50=CIRCLE('',#1589,0.0127);
#51=CIRCLE('',#1590,0.0127);
#52=CIRCLE('',#1592,0.0127);
#53=CIRCLE('',#1593,0.0127);
#54=CIRCLE('',#1595,0.0127);
#55=CIRCLE('',#1596,0.0127);
#56=CIRCLE('',#1598,0.0127);
#57=CIRCLE('',#1599,0.0127);
#58=CIRCLE('',#1601,0.0127);
#59=CIRCLE('',#1602,0.0127);
#60=CIRCLE('',#1604,0.0127);
#61=CIRCLE('',#1605,0.0127);
#62=CIRCLE('',#1607,0.0127);
#63=CIRCLE('',#1608,0.0127);
#64=CIRCLE('',#1610,0.0127);
#65=CIRCLE('',#1611,0.0127);
#66=CIRCLE('',#1613,0.00075);
#67=CIRCLE('',#1614,0.00075);
#68=CIRCLE('',#1615,0.001);
#69=CIRCLE('',#1616,0.00075);
#70=CIRCLE('',#1617,0.00075);
#71=CIRCLE('',#1618,0.001);
#72=CIRCLE('',#1619,0.00075);
#73=CIRCLE('',#1620,0.00075);
#74=CIRCLE('',#1621,0.001);
#75=CIRCLE('',#1622,0.00075);
#76=CIRCLE('',#1623,0.00075);
#77=CIRCLE('',#1624,0.001);
#78=CIRCLE('',#1625,0.00075);
#79=CIRCLE('',#1626,0.00075);
#80=CIRCLE('',#1627,0.001);
#81=CIRCLE('',#1628,0.00075);
#82=CIRCLE('',#1629,0.00075);
#83=CIRCLE('',#1630,0.001);
#84=CIRCLE('',#1631,0.00075);
#85=CIRCLE('',#1632,0.00075);
#86=CIRCLE('',#1633,0.001);
#87=CIRCLE('',#1634,0.00075);
#88=CIRCLE('',#1635,0.00075);
#89=CIRCLE('',#1636,0.001);
#90=CIRCLE('',#1637,0.00075);
#91=CIRCLE('',#1638,0.00075);
#92=CIRCLE('',#1639,0.001);
#93=CIRCLE('',#1640,0.00075);
#94=CIRCLE('',#1641,0.00075);
#95=CIRCLE('',#1642,0.001);
#96=CIRCLE('',#1643,0.00075);
#97=CIRCLE('',#1644,0.00075);
#98=CIRCLE('',#1645,0.001);
#99=CIRCLE('',#1646,0.00075);
#100=CIRCLE('',#1647,0.0127);
#101=CIRCLE('',#1648,0.00075);
#102=CIRCLE('',#1649,0.001);
#103=CIRCLE('',#1651,0.00075);
#104=CIRCLE('',#1652,0.001);
#105=CIRCLE('',#1653,0.00075);
#106=CIRCLE('',#1654,0.0127);
#107=CIRCLE('',#1655,0.00075);
#108=CIRCLE('',#1656,0.001);
#109=CIRCLE('',#1657,0.00075);
#110=CIRCLE('',#1658,0.00075);
#111=CIRCLE('',#1659,0.001);
#112=CIRCLE('',#1660,0.00075);
#113=CIRCLE('',#1661,0.00075);
#114=CIRCLE('',#1662,0.001);
#115=CIRCLE('',#1663,0.00075);
#116=CIRCLE('',#1664,0.00075);
#117=CIRCLE('',#1665,0.001);
#118=CIRCLE('',#1666,0.00075);
#119=CIRCLE('',#1667,0.00075);
#120=CIRCLE('',#1668,0.001);
#121=CIRCLE('',#1669,0.00075);
#122=CIRCLE('',#1670,0.00075);
#123=CIRCLE('',#1671,0.001);
#124=CIRCLE('',#1672,0.00075);
#125=CIRCLE('',#1673,0.00075);
#126=CIRCLE('',#1674,0.001);
#127=CIRCLE('',#1675,0.00075);
#128=CIRCLE('',#1676,0.00075);
#129=CIRCLE('',#1677,0.001);
#130=CIRCLE('',#1678,0.00075);
#131=CIRCLE('',#1679,0.00075);
#132=CIRCLE('',#1680,0.001);
#133=CIRCLE('',#1681,0.00075);
#134=CIRCLE('',#1682,0.00075);
#135=CIRCLE('',#1683,0.001);
#136=CIRCLE('',#1684,0.00075);
#137=CIRCLE('',#1685,0.00075);
#138=CIRCLE('',#1686,0.001);
#139=CIRCLE('',#1687,0.00075);
#140=ORIENTED_EDGE('',*,*,#608,.F.);
#141=ORIENTED_EDGE('',*,*,#609,.T.);
#142=ORIENTED_EDGE('',*,*,#610,.T.);
#143=ORIENTED_EDGE('',*,*,#611,.F.);
#144=ORIENTED_EDGE('',*,*,#612,.F.);
#145=ORIENTED_EDGE('',*,*,#613,.T.);
#146=ORIENTED_EDGE('',*,*,#614,.T.);
#147=ORIENTED_EDGE('',*,*,#615,.F.);
#148=ORIENTED_EDGE('',*,*,#616,.F.);
#149=ORIENTED_EDGE('',*,*,#617,.T.);
#150=ORIENTED_EDGE('',*,*,#618,.T.);
#151=ORIENTED_EDGE('',*,*,#619,.F.);
#152=ORIENTED_EDGE('',*,*,#620,.F.);
#153=ORIENTED_EDGE('',*,*,#621,.T.);
#154=ORIENTED_EDGE('',*,*,#622,.T.);
#155=ORIENTED_EDGE('',*,*,#623,.F.);
#156=ORIENTED_EDGE('',*,*,#624,.F.);
#157=ORIENTED_EDGE('',*,*,#625,.T.);
#158=ORIENTED_EDGE('',*,*,#626,.T.);
#159=ORIENTED_EDGE('',*,*,#627,.F.);
#160=ORIENTED_EDGE('',*,*,#628,.F.);
#161=ORIENTED_EDGE('',*,*,#629,.T.);
#162=ORIENTED_EDGE('',*,*,#630,.T.);
#163=ORIENTED_EDGE('',*,*,#631,.F.);
#164=ORIENTED_EDGE('',*,*,#632,.F.);
#165=ORIENTED_EDGE('',*,*,#633,.T.);
#166=ORIENTED_EDGE('',*,*,#634,.T.);
#167=ORIENTED_EDGE('',*,*,#635,.F.);
#168=ORIENTED_EDGE('',*,*,#636,.F.);
#169=ORIENTED_EDGE('',*,*,#637,.T.);
#170=ORIENTED_EDGE('',*,*,#638,.T.);
#171=ORIENTED_EDGE('',*,*,#639,.F.);
#172=ORIENTED_EDGE('',*,*,#640,.F.);
#173=ORIENTED_EDGE('',*,*,#641,.T.);
#174=ORIENTED_EDGE('',*,*,#642,.T.);
#175=ORIENTED_EDGE('',*,*,#643,.F.);
#176=ORIENTED_EDGE('',*,*,#644,.F.);
#177=ORIENTED_EDGE('',*,*,#645,.T.);
#178=ORIENTED_EDGE('',*,*,#646,.T.);
#179=ORIENTED_EDGE('',*,*,#647,.F.);
#180=ORIENTED_EDGE('',*,*,#648,.F.);
#181=ORIENTED_EDGE('',*,*,#649,.T.);
#182=ORIENTED_EDGE('',*,*,#650,.T.);
#183=ORIENTED_EDGE('',*,*,#651,.F.);
#184=ORIENTED_EDGE('',*,*,#652,.F.);
#185=ORIENTED_EDGE('',*,*,#653,.F.);
#186=ORIENTED_EDGE('',*,*,#654,.F.);
#187=ORIENTED_EDGE('',*,*,#655,.F.);
#188=ORIENTED_EDGE('',*,*,#656,.F.);
#189=ORIENTED_EDGE('',*,*,#657,.F.);
#190=ORIENTED_EDGE('',*,*,#658,.F.);
#191=ORIENTED_EDGE('',*,*,#659,.T.);
#192=ORIENTED_EDGE('',*,*,#611,.T.);
#193=ORIENTED_EDGE('',*,*,#660,.T.);
#194=ORIENTED_EDGE('',*,*,#661,.F.);
#195=ORIENTED_EDGE('',*,*,#662,.F.);
#196=ORIENTED_EDGE('',*,*,#663,.F.);
#197=ORIENTED_EDGE('',*,*,#664,.T.);
#198=ORIENTED_EDGE('',*,*,#615,.T.);
#199=ORIENTED_EDGE('',*,*,#665,.T.);
#200=ORIENTED_EDGE('',*,*,#666,.F.);
#201=ORIENTED_EDGE('',*,*,#667,.F.);
#202=ORIENTED_EDGE('',*,*,#668,.F.);
#203=ORIENTED_EDGE('',*,*,#669,.T.);
#204=ORIENTED_EDGE('',*,*,#619,.T.);
#205=ORIENTED_EDGE('',*,*,#670,.T.);
#206=ORIENTED_EDGE('',*,*,#671,.F.);
#207=ORIENTED_EDGE('',*,*,#672,.F.);
#208=ORIENTED_EDGE('',*,*,#673,.F.);
#209=ORIENTED_EDGE('',*,*,#674,.T.);
#210=ORIENTED_EDGE('',*,*,#623,.T.);
#211=ORIENTED_EDGE('',*,*,#675,.T.);
#212=ORIENTED_EDGE('',*,*,#676,.F.);
#213=ORIENTED_EDGE('',*,*,#677,.F.);
#214=ORIENTED_EDGE('',*,*,#678,.F.);
#215=ORIENTED_EDGE('',*,*,#679,.T.);
#216=ORIENTED_EDGE('',*,*,#627,.T.);
#217=ORIENTED_EDGE('',*,*,#680,.T.);
#218=ORIENTED_EDGE('',*,*,#681,.F.);
#219=ORIENTED_EDGE('',*,*,#682,.F.);
#220=ORIENTED_EDGE('',*,*,#683,.F.);
#221=ORIENTED_EDGE('',*,*,#684,.T.);
#222=ORIENTED_EDGE('',*,*,#631,.T.);
#223=ORIENTED_EDGE('',*,*,#685,.T.);
#224=ORIENTED_EDGE('',*,*,#686,.F.);
#225=ORIENTED_EDGE('',*,*,#687,.F.);
#226=ORIENTED_EDGE('',*,*,#688,.F.);
#227=ORIENTED_EDGE('',*,*,#689,.T.);
#228=ORIENTED_EDGE('',*,*,#635,.T.);
#229=ORIENTED_EDGE('',*,*,#690,.T.);
#230=ORIENTED_EDGE('',*,*,#691,.F.);
#231=ORIENTED_EDGE('',*,*,#692,.F.);
#232=ORIENTED_EDGE('',*,*,#693,.F.);
#233=ORIENTED_EDGE('',*,*,#694,.T.);
#234=ORIENTED_EDGE('',*,*,#639,.T.);
#235=ORIENTED_EDGE('',*,*,#695,.T.);
#236=ORIENTED_EDGE('',*,*,#696,.F.);
#237=ORIENTED_EDGE('',*,*,#697,.F.);
#238=ORIENTED_EDGE('',*,*,#698,.F.);
#239=ORIENTED_EDGE('',*,*,#699,.T.);
#240=ORIENTED_EDGE('',*,*,#643,.T.);
#241=ORIENTED_EDGE('',*,*,#700,.T.);
#242=ORIENTED_EDGE('',*,*,#701,.F.);
#243=ORIENTED_EDGE('',*,*,#702,.F.);
#244=ORIENTED_EDGE('',*,*,#703,.F.);
#245=ORIENTED_EDGE('',*,*,#704,.T.);
#246=ORIENTED_EDGE('',*,*,#647,.T.);
#247=ORIENTED_EDGE('',*,*,#705,.T.);
#248=ORIENTED_EDGE('',*,*,#706,.F.);
#249=ORIENTED_EDGE('',*,*,#707,.F.);
#250=ORIENTED_EDGE('',*,*,#708,.F.);
#251=ORIENTED_EDGE('',*,*,#709,.T.);
#252=ORIENTED_EDGE('',*,*,#651,.T.);
#253=ORIENTED_EDGE('',*,*,#710,.T.);
#254=ORIENTED_EDGE('',*,*,#711,.F.);
#255=ORIENTED_EDGE('',*,*,#712,.F.);
#256=ORIENTED_EDGE('',*,*,#713,.F.);
#257=ORIENTED_EDGE('',*,*,#714,.T.);
#258=ORIENTED_EDGE('',*,*,#715,.T.);
#259=ORIENTED_EDGE('',*,*,#716,.T.);
#260=ORIENTED_EDGE('',*,*,#717,.F.);
#261=ORIENTED_EDGE('',*,*,#718,.F.);
#262=ORIENTED_EDGE('',*,*,#719,.T.);
#263=ORIENTED_EDGE('',*,*,#720,.T.);
#264=ORIENTED_EDGE('',*,*,#721,.T.);
#265=ORIENTED_EDGE('',*,*,#722,.T.);
#266=ORIENTED_EDGE('',*,*,#723,.T.);
#267=ORIENTED_EDGE('',*,*,#724,.T.);
#268=ORIENTED_EDGE('',*,*,#725,.F.);
#269=ORIENTED_EDGE('',*,*,#726,.T.);
#270=ORIENTED_EDGE('',*,*,#727,.T.);
#271=ORIENTED_EDGE('',*,*,#728,.T.);
#272=ORIENTED_EDGE('',*,*,#729,.F.);
#273=ORIENTED_EDGE('',*,*,#730,.F.);
#274=ORIENTED_EDGE('',*,*,#731,.F.);
#275=ORIENTED_EDGE('',*,*,#732,.T.);
#276=ORIENTED_EDGE('',*,*,#733,.T.);
#277=ORIENTED_EDGE('',*,*,#734,.T.);
#278=ORIENTED_EDGE('',*,*,#735,.F.);
#279=ORIENTED_EDGE('',*,*,#649,.F.);
#280=ORIENTED_EDGE('',*,*,#736,.F.);
#281=ORIENTED_EDGE('',*,*,#737,.T.);
#282=ORIENTED_EDGE('',*,*,#738,.T.);
#283=ORIENTED_EDGE('',*,*,#739,.T.);
#284=ORIENTED_EDGE('',*,*,#740,.F.);
#285=ORIENTED_EDGE('',*,*,#645,.F.);
#286=ORIENTED_EDGE('',*,*,#741,.F.);
#287=ORIENTED_EDGE('',*,*,#742,.T.);
#288=ORIENTED_EDGE('',*,*,#743,.T.);
#289=ORIENTED_EDGE('',*,*,#744,.T.);
#290=ORIENTED_EDGE('',*,*,#745,.F.);
#291=ORIENTED_EDGE('',*,*,#641,.F.);
#292=ORIENTED_EDGE('',*,*,#746,.F.);
#293=ORIENTED_EDGE('',*,*,#747,.T.);
#294=ORIENTED_EDGE('',*,*,#748,.T.);
#295=ORIENTED_EDGE('',*,*,#749,.T.);
#296=ORIENTED_EDGE('',*,*,#750,.F.);
#297=ORIENTED_EDGE('',*,*,#637,.F.);
#298=ORIENTED_EDGE('',*,*,#751,.F.);
#299=ORIENTED_EDGE('',*,*,#752,.T.);
#300=ORIENTED_EDGE('',*,*,#753,.T.);
#301=ORIENTED_EDGE('',*,*,#754,.T.);
#302=ORIENTED_EDGE('',*,*,#755,.F.);
#303=ORIENTED_EDGE('',*,*,#633,.F.);
#304=ORIENTED_EDGE('',*,*,#756,.F.);
#305=ORIENTED_EDGE('',*,*,#757,.T.);
#306=ORIENTED_EDGE('',*,*,#758,.T.);
#307=ORIENTED_EDGE('',*,*,#759,.T.);
#308=ORIENTED_EDGE('',*,*,#760,.F.);
#309=ORIENTED_EDGE('',*,*,#629,.F.);
#310=ORIENTED_EDGE('',*,*,#761,.F.);
#311=ORIENTED_EDGE('',*,*,#762,.T.);
#312=ORIENTED_EDGE('',*,*,#763,.T.);
#313=ORIENTED_EDGE('',*,*,#764,.T.);
#314=ORIENTED_EDGE('',*,*,#765,.F.);
#315=ORIENTED_EDGE('',*,*,#625,.F.);
#316=ORIENTED_EDGE('',*,*,#766,.F.);
#317=ORIENTED_EDGE('',*,*,#767,.T.);
#318=ORIENTED_EDGE('',*,*,#768,.T.);
#319=ORIENTED_EDGE('',*,*,#769,.T.);
#320=ORIENTED_EDGE('',*,*,#770,.F.);
#321=ORIENTED_EDGE('',*,*,#621,.F.);
#322=ORIENTED_EDGE('',*,*,#771,.F.);
#323=ORIENTED_EDGE('',*,*,#772,.T.);
#324=ORIENTED_EDGE('',*,*,#773,.T.);
#325=ORIENTED_EDGE('',*,*,#774,.T.);
#326=ORIENTED_EDGE('',*,*,#775,.F.);
#327=ORIENTED_EDGE('',*,*,#617,.F.);
#328=ORIENTED_EDGE('',*,*,#776,.F.);
#329=ORIENTED_EDGE('',*,*,#777,.T.);
#330=ORIENTED_EDGE('',*,*,#778,.T.);
#331=ORIENTED_EDGE('',*,*,#779,.T.);
#332=ORIENTED_EDGE('',*,*,#780,.F.);
#333=ORIENTED_EDGE('',*,*,#613,.F.);
#334=ORIENTED_EDGE('',*,*,#781,.F.);
#335=ORIENTED_EDGE('',*,*,#782,.T.);
#336=ORIENTED_EDGE('',*,*,#783,.T.);
#337=ORIENTED_EDGE('',*,*,#784,.T.);
#338=ORIENTED_EDGE('',*,*,#785,.F.);
#339=ORIENTED_EDGE('',*,*,#609,.F.);
#340=ORIENTED_EDGE('',*,*,#719,.F.);
#341=ORIENTED_EDGE('',*,*,#786,.F.);
#342=ORIENTED_EDGE('',*,*,#652,.T.);
#343=ORIENTED_EDGE('',*,*,#787,.T.);
#344=ORIENTED_EDGE('',*,*,#724,.F.);
#345=ORIENTED_EDGE('',*,*,#788,.F.);
#346=ORIENTED_EDGE('',*,*,#653,.T.);
#347=ORIENTED_EDGE('',*,*,#786,.T.);
#348=ORIENTED_EDGE('',*,*,#723,.F.);
#349=ORIENTED_EDGE('',*,*,#789,.F.);
#350=ORIENTED_EDGE('',*,*,#654,.T.);
#351=ORIENTED_EDGE('',*,*,#788,.T.);
#352=ORIENTED_EDGE('',*,*,#722,.F.);
#353=ORIENTED_EDGE('',*,*,#790,.F.);
#354=ORIENTED_EDGE('',*,*,#655,.T.);
#355=ORIENTED_EDGE('',*,*,#789,.T.);
#356=ORIENTED_EDGE('',*,*,#721,.F.);
#357=ORIENTED_EDGE('',*,*,#791,.F.);
#358=ORIENTED_EDGE('',*,*,#656,.T.);
#359=ORIENTED_EDGE('',*,*,#790,.T.);
#360=ORIENTED_EDGE('',*,*,#720,.F.);
#361=ORIENTED_EDGE('',*,*,#787,.F.);
#362=ORIENTED_EDGE('',*,*,#657,.T.);
#363=ORIENTED_EDGE('',*,*,#791,.T.);
#364=ORIENTED_EDGE('',*,*,#730,.T.);
#365=ORIENTED_EDGE('',*,*,#792,.T.);
#366=ORIENTED_EDGE('',*,*,#715,.F.);
#367=ORIENTED_EDGE('',*,*,#793,.F.);
#368=ORIENTED_EDGE('',*,*,#731,.T.);
#369=ORIENTED_EDGE('',*,*,#793,.T.);
#370=ORIENTED_EDGE('',*,*,#714,.F.);
#371=ORIENTED_EDGE('',*,*,#794,.F.);
#372=ORIENTED_EDGE('',*,*,#794,.T.);
#373=ORIENTED_EDGE('',*,*,#713,.T.);
#374=ORIENTED_EDGE('',*,*,#795,.F.);
#375=ORIENTED_EDGE('',*,*,#732,.F.);
#376=ORIENTED_EDGE('',*,*,#795,.T.);
#377=ORIENTED_EDGE('',*,*,#712,.T.);
#378=ORIENTED_EDGE('',*,*,#796,.F.);
#379=ORIENTED_EDGE('',*,*,#733,.F.);
#380=ORIENTED_EDGE('',*,*,#796,.T.);
#381=ORIENTED_EDGE('',*,*,#711,.T.);
#382=ORIENTED_EDGE('',*,*,#797,.F.);
#383=ORIENTED_EDGE('',*,*,#734,.F.);
#384=ORIENTED_EDGE('',*,*,#735,.T.);
#385=ORIENTED_EDGE('',*,*,#797,.T.);
#386=ORIENTED_EDGE('',*,*,#710,.F.);
#387=ORIENTED_EDGE('',*,*,#650,.F.);
#388=ORIENTED_EDGE('',*,*,#736,.T.);
#389=ORIENTED_EDGE('',*,*,#648,.T.);
#390=ORIENTED_EDGE('',*,*,#709,.F.);
#391=ORIENTED_EDGE('',*,*,#798,.F.);
#392=ORIENTED_EDGE('',*,*,#798,.T.);
#393=ORIENTED_EDGE('',*,*,#708,.T.);
#394=ORIENTED_EDGE('',*,*,#799,.F.);
#395=ORIENTED_EDGE('',*,*,#737,.F.);
#396=ORIENTED_EDGE('',*,*,#799,.T.);
#397=ORIENTED_EDGE('',*,*,#707,.T.);
#398=ORIENTED_EDGE('',*,*,#800,.F.);
#399=ORIENTED_EDGE('',*,*,#738,.F.);
#400=ORIENTED_EDGE('',*,*,#800,.T.);
#401=ORIENTED_EDGE('',*,*,#706,.T.);
#402=ORIENTED_EDGE('',*,*,#801,.F.);
#403=ORIENTED_EDGE('',*,*,#739,.F.);
#404=ORIENTED_EDGE('',*,*,#740,.T.);
#405=ORIENTED_EDGE('',*,*,#801,.T.);
#406=ORIENTED_EDGE('',*,*,#705,.F.);
#407=ORIENTED_EDGE('',*,*,#646,.F.);
#408=ORIENTED_EDGE('',*,*,#741,.T.);
#409=ORIENTED_EDGE('',*,*,#644,.T.);
#410=ORIENTED_EDGE('',*,*,#704,.F.);
#411=ORIENTED_EDGE('',*,*,#802,.F.);
#412=ORIENTED_EDGE('',*,*,#802,.T.);
#413=ORIENTED_EDGE('',*,*,#703,.T.);
#414=ORIENTED_EDGE('',*,*,#803,.F.);
#415=ORIENTED_EDGE('',*,*,#742,.F.);
#416=ORIENTED_EDGE('',*,*,#803,.T.);
#417=ORIENTED_EDGE('',*,*,#702,.T.);
#418=ORIENTED_EDGE('',*,*,#804,.F.);
#419=ORIENTED_EDGE('',*,*,#743,.F.);
#420=ORIENTED_EDGE('',*,*,#804,.T.);
#421=ORIENTED_EDGE('',*,*,#701,.T.);
#422=ORIENTED_EDGE('',*,*,#805,.F.);
#423=ORIENTED_EDGE('',*,*,#744,.F.);
#424=ORIENTED_EDGE('',*,*,#745,.T.);
#425=ORIENTED_EDGE('',*,*,#805,.T.);
#426=ORIENTED_EDGE('',*,*,#700,.F.);
#427=ORIENTED_EDGE('',*,*,#642,.F.);
#428=ORIENTED_EDGE('',*,*,#746,.T.);
#429=ORIENTED_EDGE('',*,*,#640,.T.);
#430=ORIENTED_EDGE('',*,*,#699,.F.);
#431=ORIENTED_EDGE('',*,*,#806,.F.);
#432=ORIENTED_EDGE('',*,*,#806,.T.);
#433=ORIENTED_EDGE('',*,*,#698,.T.);
#434=ORIENTED_EDGE('',*,*,#807,.F.);
#435=ORIENTED_EDGE('',*,*,#747,.F.);
#436=ORIENTED_EDGE('',*,*,#807,.T.);
#437=ORIENTED_EDGE('',*,*,#697,.T.);
#438=ORIENTED_EDGE('',*,*,#808,.F.);
#439=ORIENTED_EDGE('',*,*,#748,.F.);
#440=ORIENTED_EDGE('',*,*,#808,.T.);
#441=ORIENTED_EDGE('',*,*,#696,.T.);
#442=ORIENTED_EDGE('',*,*,#809,.F.);
#443=ORIENTED_EDGE('',*,*,#749,.F.);
#444=ORIENTED_EDGE('',*,*,#750,.T.);
#445=ORIENTED_EDGE('',*,*,#809,.T.);
#446=ORIENTED_EDGE('',*,*,#695,.F.);
#447=ORIENTED_EDGE('',*,*,#638,.F.);
#448=ORIENTED_EDGE('',*,*,#751,.T.);
#449=ORIENTED_EDGE('',*,*,#636,.T.);
#450=ORIENTED_EDGE('',*,*,#694,.F.);
#451=ORIENTED_EDGE('',*,*,#810,.F.);
#452=ORIENTED_EDGE('',*,*,#810,.T.);
#453=ORIENTED_EDGE('',*,*,#693,.T.);
#454=ORIENTED_EDGE('',*,*,#811,.F.);
#455=ORIENTED_EDGE('',*,*,#752,.F.);
#456=ORIENTED_EDGE('',*,*,#811,.T.);
#457=ORIENTED_EDGE('',*,*,#692,.T.);
#458=ORIENTED_EDGE('',*,*,#812,.F.);
#459=ORIENTED_EDGE('',*,*,#753,.F.);
#460=ORIENTED_EDGE('',*,*,#812,.T.);
#461=ORIENTED_EDGE('',*,*,#691,.T.);
#462=ORIENTED_EDGE('',*,*,#813,.F.);
#463=ORIENTED_EDGE('',*,*,#754,.F.);
#464=ORIENTED_EDGE('',*,*,#755,.T.);
#465=ORIENTED_EDGE('',*,*,#813,.T.);
#466=ORIENTED_EDGE('',*,*,#690,.F.);
#467=ORIENTED_EDGE('',*,*,#634,.F.);
#468=ORIENTED_EDGE('',*,*,#756,.T.);
#469=ORIENTED_EDGE('',*,*,#632,.T.);
#470=ORIENTED_EDGE('',*,*,#689,.F.);
#471=ORIENTED_EDGE('',*,*,#814,.F.);
#472=ORIENTED_EDGE('',*,*,#814,.T.);
#473=ORIENTED_EDGE('',*,*,#688,.T.);
#474=ORIENTED_EDGE('',*,*,#815,.F.);
#475=ORIENTED_EDGE('',*,*,#757,.F.);
#476=ORIENTED_EDGE('',*,*,#815,.T.);
#477=ORIENTED_EDGE('',*,*,#687,.T.);
#478=ORIENTED_EDGE('',*,*,#816,.F.);
#479=ORIENTED_EDGE('',*,*,#758,.F.);
#480=ORIENTED_EDGE('',*,*,#816,.T.);
#481=ORIENTED_EDGE('',*,*,#686,.T.);
#482=ORIENTED_EDGE('',*,*,#817,.F.);
#483=ORIENTED_EDGE('',*,*,#759,.F.);
#484=ORIENTED_EDGE('',*,*,#760,.T.);
#485=ORIENTED_EDGE('',*,*,#817,.T.);
#486=ORIENTED_EDGE('',*,*,#685,.F.);
#487=ORIENTED_EDGE('',*,*,#630,.F.);
#488=ORIENTED_EDGE('',*,*,#761,.T.);
#489=ORIENTED_EDGE('',*,*,#628,.T.);
#490=ORIENTED_EDGE('',*,*,#684,.F.);
#491=ORIENTED_EDGE('',*,*,#818,.F.);
#492=ORIENTED_EDGE('',*,*,#818,.T.);
#493=ORIENTED_EDGE('',*,*,#683,.T.);
#494=ORIENTED_EDGE('',*,*,#819,.F.);
#495=ORIENTED_EDGE('',*,*,#762,.F.);
#496=ORIENTED_EDGE('',*,*,#819,.T.);
#497=ORIENTED_EDGE('',*,*,#682,.T.);
#498=ORIENTED_EDGE('',*,*,#820,.F.);
#499=ORIENTED_EDGE('',*,*,#763,.F.);
#500=ORIENTED_EDGE('',*,*,#820,.T.);
#501=ORIENTED_EDGE('',*,*,#681,.T.);
#502=ORIENTED_EDGE('',*,*,#821,.F.);
#503=ORIENTED_EDGE('',*,*,#764,.F.);
#504=ORIENTED_EDGE('',*,*,#765,.T.);
#505=ORIENTED_EDGE('',*,*,#821,.T.);
#506=ORIENTED_EDGE('',*,*,#680,.F.);
#507=ORIENTED_EDGE('',*,*,#626,.F.);
#508=ORIENTED_EDGE('',*,*,#766,.T.);
#509=ORIENTED_EDGE('',*,*,#624,.T.);
#510=ORIENTED_EDGE('',*,*,#679,.F.);
#511=ORIENTED_EDGE('',*,*,#822,.F.);
#512=ORIENTED_EDGE('',*,*,#822,.T.);
#513=ORIENTED_EDGE('',*,*,#678,.T.);
#514=ORIENTED_EDGE('',*,*,#823,.F.);
#515=ORIENTED_EDGE('',*,*,#767,.F.);
#516=ORIENTED_EDGE('',*,*,#823,.T.);
#517=ORIENTED_EDGE('',*,*,#677,.T.);
#518=ORIENTED_EDGE('',*,*,#824,.F.);
#519=ORIENTED_EDGE('',*,*,#768,.F.);
#520=ORIENTED_EDGE('',*,*,#824,.T.);
#521=ORIENTED_EDGE('',*,*,#676,.T.);
#522=ORIENTED_EDGE('',*,*,#825,.F.);
#523=ORIENTED_EDGE('',*,*,#769,.F.);
#524=ORIENTED_EDGE('',*,*,#770,.T.);
#525=ORIENTED_EDGE('',*,*,#825,.T.);
#526=ORIENTED_EDGE('',*,*,#675,.F.);
#527=ORIENTED_EDGE('',*,*,#622,.F.);
#528=ORIENTED_EDGE('',*,*,#771,.T.);
#529=ORIENTED_EDGE('',*,*,#620,.T.);
#530=ORIENTED_EDGE('',*,*,#674,.F.);
#531=ORIENTED_EDGE('',*,*,#826,.F.);
#532=ORIENTED_EDGE('',*,*,#826,.T.);
#533=ORIENTED_EDGE('',*,*,#673,.T.);
#534=ORIENTED_EDGE('',*,*,#827,.F.);
#535=ORIENTED_EDGE('',*,*,#772,.F.);
#536=ORIENTED_EDGE('',*,*,#827,.T.);
#537=ORIENTED_EDGE('',*,*,#672,.T.);
#538=ORIENTED_EDGE('',*,*,#828,.F.);
#539=ORIENTED_EDGE('',*,*,#773,.F.);
#540=ORIENTED_EDGE('',*,*,#828,.T.);
#541=ORIENTED_EDGE('',*,*,#671,.T.);
#542=ORIENTED_EDGE('',*,*,#829,.F.);
#543=ORIENTED_EDGE('',*,*,#774,.F.);
#544=ORIENTED_EDGE('',*,*,#775,.T.);
#545=ORIENTED_EDGE('',*,*,#829,.T.);
#546=ORIENTED_EDGE('',*,*,#670,.F.);
#547=ORIENTED_EDGE('',*,*,#618,.F.);
#548=ORIENTED_EDGE('',*,*,#776,.T.);
#549=ORIENTED_EDGE('',*,*,#616,.T.);
#550=ORIENTED_EDGE('',*,*,#669,.F.);
#551=ORIENTED_EDGE('',*,*,#830,.F.);
#552=ORIENTED_EDGE('',*,*,#830,.T.);
#553=ORIENTED_EDGE('',*,*,#668,.T.);
#554=ORIENTED_EDGE('',*,*,#831,.F.);
#555=ORIENTED_EDGE('',*,*,#777,.F.);
#556=ORIENTED_EDGE('',*,*,#831,.T.);
#557=ORIENTED_EDGE('',*,*,#667,.T.);
#558=ORIENTED_EDGE('',*,*,#832,.F.);
#559=ORIENTED_EDGE('',*,*,#778,.F.);
#560=ORIENTED_EDGE('',*,*,#832,.T.);
#561=ORIENTED_EDGE('',*,*,#666,.T.);
#562=ORIENTED_EDGE('',*,*,#833,.F.);
#563=ORIENTED_EDGE('',*,*,#779,.F.);
#564=ORIENTED_EDGE('',*,*,#780,.T.);
#565=ORIENTED_EDGE('',*,*,#833,.T.);
#566=ORIENTED_EDGE('',*,*,#665,.F.);
#567=ORIENTED_EDGE('',*,*,#614,.F.);
#568=ORIENTED_EDGE('',*,*,#781,.T.);
#569=ORIENTED_EDGE('',*,*,#612,.T.);
#570=ORIENTED_EDGE('',*,*,#664,.F.);
#571=ORIENTED_EDGE('',*,*,#834,.F.);
#572=ORIENTED_EDGE('',*,*,#834,.T.);
#573=ORIENTED_EDGE('',*,*,#663,.T.);
#574=ORIENTED_EDGE('',*,*,#835,.F.);
#575=ORIENTED_EDGE('',*,*,#782,.F.);
#576=ORIENTED_EDGE('',*,*,#835,.T.);
#577=ORIENTED_EDGE('',*,*,#662,.T.);
#578=ORIENTED_EDGE('',*,*,#836,.F.);
#579=ORIENTED_EDGE('',*,*,#783,.F.);
#580=ORIENTED_EDGE('',*,*,#836,.T.);
#581=ORIENTED_EDGE('',*,*,#661,.T.);
#582=ORIENTED_EDGE('',*,*,#837,.F.);
#583=ORIENTED_EDGE('',*,*,#784,.F.);
#584=ORIENTED_EDGE('',*,*,#785,.T.);
#585=ORIENTED_EDGE('',*,*,#837,.T.);
#586=ORIENTED_EDGE('',*,*,#660,.F.);
#587=ORIENTED_EDGE('',*,*,#610,.F.);
#588=ORIENTED_EDGE('',*,*,#725,.T.);
#589=ORIENTED_EDGE('',*,*,#608,.T.);
#590=ORIENTED_EDGE('',*,*,#659,.F.);
#591=ORIENTED_EDGE('',*,*,#838,.F.);
#592=ORIENTED_EDGE('',*,*,#838,.T.);
#593=ORIENTED_EDGE('',*,*,#658,.T.);
#594=ORIENTED_EDGE('',*,*,#839,.F.);
#595=ORIENTED_EDGE('',*,*,#726,.F.);
#596=ORIENTED_EDGE('',*,*,#839,.T.);
#597=ORIENTED_EDGE('',*,*,#718,.T.);
#598=ORIENTED_EDGE('',*,*,#840,.F.);
#599=ORIENTED_EDGE('',*,*,#727,.F.);
#600=ORIENTED_EDGE('',*,*,#840,.T.);
#601=ORIENTED_EDGE('',*,*,#717,.T.);
#602=ORIENTED_EDGE('',*,*,#841,.F.);
#603=ORIENTED_EDGE('',*,*,#728,.F.);
#604=ORIENTED_EDGE('',*,*,#729,.T.);
#605=ORIENTED_EDGE('',*,*,#841,.T.);
#606=ORIENTED_EDGE('',*,*,#716,.F.);
#607=ORIENTED_EDGE('',*,*,#792,.F.);
#608=EDGE_CURVE('',#842,#843,#998,.T.);
#609=EDGE_CURVE('',#842,#844,#44,.T.);
#610=EDGE_CURVE('',#844,#845,#999,.T.);
#611=EDGE_CURVE('',#843,#845,#45,.T.);
#612=EDGE_CURVE('',#846,#847,#1000,.T.);
#613=EDGE_CURVE('',#846,#848,#46,.T.);
#614=EDGE_CURVE('',#848,#849,#1001,.T.);
#615=EDGE_CURVE('',#847,#849,#47,.T.);
#616=EDGE_CURVE('',#850,#851,#1002,.T.);
#617=EDGE_CURVE('',#850,#852,#48,.T.);
#618=EDGE_CURVE('',#852,#853,#1003,.T.);
#619=EDGE_CURVE('',#851,#853,#49,.T.);
#620=EDGE_CURVE('',#854,#855,#1004,.T.);
#621=EDGE_CURVE('',#854,#856,#50,.T.);
#622=EDGE_CURVE('',#856,#857,#1005,.T.);
#623=EDGE_CURVE('',#855,#857,#51,.T.);
#624=EDGE_CURVE('',#858,#859,#1006,.T.);
#625=EDGE_CURVE('',#858,#860,#52,.T.);
#626=EDGE_CURVE('',#860,#861,#1007,.T.);
#627=EDGE_CURVE('',#859,#861,#53,.T.);
#628=EDGE_CURVE('',#862,#863,#1008,.T.);
#629=EDGE_CURVE('',#862,#864,#54,.T.);
#630=EDGE_CURVE('',#864,#865,#1009,.T.);
#631=EDGE_CURVE('',#863,#865,#55,.T.);
#632=EDGE_CURVE('',#866,#867,#1010,.T.);
#633=EDGE_CURVE('',#866,#868,#56,.T.);
#634=EDGE_CURVE('',#868,#869,#1011,.T.);
#635=EDGE_CURVE('',#867,#869,#57,.T.);
#636=EDGE_CURVE('',#870,#871,#1012,.T.);
#637=EDGE_CURVE('',#870,#872,#58,.T.);
#638=EDGE_CURVE('',#872,#873,#1013,.T.);
#639=EDGE_CURVE('',#871,#873,#59,.T.);
#640=EDGE_CURVE('',#874,#875,#1014,.T.);
#641=EDGE_CURVE('',#874,#876,#60,.T.);
#642=EDGE_CURVE('',#876,#877,#1015,.T.);
#643=EDGE_CURVE('',#875,#877,#61,.T.);
#644=EDGE_CURVE('',#878,#879,#1016,.T.);
#645=EDGE_CURVE('',#878,#880,#62,.T.);
#646=EDGE_CURVE('',#880,#881,#1017,.T.);
#647=EDGE_CURVE('',#879,#881,#63,.T.);
#648=EDGE_CURVE('',#882,#883,#1018,.T.);
#649=EDGE_CURVE('',#882,#884,#64,.T.);
#650=EDGE_CURVE('',#884,#885,#1019,.T.);
#651=EDGE_CURVE('',#883,#885,#65,.T.);
#652=EDGE_CURVE('',#886,#887,#1020,.T.);
#653=EDGE_CURVE('',#888,#886,#1021,.T.);
#654=EDGE_CURVE('',#889,#888,#1022,.T.);
#655=EDGE_CURVE('',#890,#889,#1023,.T.);
#656=EDGE_CURVE('',#891,#890,#1024,.T.);
#657=EDGE_CURVE('',#887,#891,#1025,.T.);
#658=EDGE_CURVE('',#892,#893,#1026,.T.);
#659=EDGE_CURVE('',#892,#843,#66,.T.);
#660=EDGE_CURVE('',#845,#894,#67,.T.);
#661=EDGE_CURVE('',#895,#894,#1027,.T.);
#662=EDGE_CURVE('',#896,#895,#68,.T.);
#663=EDGE_CURVE('',#897,#896,#1028,.T.);
#664=EDGE_CURVE('',#897,#847,#69,.T.);
#665=EDGE_CURVE('',#849,#898,#70,.T.);
#666=EDGE_CURVE('',#899,#898,#1029,.T.);
#667=EDGE_CURVE('',#900,#899,#71,.T.);
#668=EDGE_CURVE('',#901,#900,#1030,.T.);
#669=EDGE_CURVE('',#901,#851,#72,.T.);
#670=EDGE_CURVE('',#853,#902,#73,.T.);
#671=EDGE_CURVE('',#903,#902,#1031,.T.);
#672=EDGE_CURVE('',#904,#903,#74,.T.);
#673=EDGE_CURVE('',#905,#904,#1032,.T.);
#674=EDGE_CURVE('',#905,#855,#75,.T.);
#675=EDGE_CURVE('',#857,#906,#76,.T.);
#676=EDGE_CURVE('',#907,#906,#1033,.T.);
#677=EDGE_CURVE('',#908,#907,#77,.T.);
#678=EDGE_CURVE('',#909,#908,#1034,.T.);
#679=EDGE_CURVE('',#909,#859,#78,.T.);
#680=EDGE_CURVE('',#861,#910,#79,.T.);
#681=EDGE_CURVE('',#911,#910,#1035,.T.);
#682=EDGE_CURVE('',#912,#911,#80,.T.);
#683=EDGE_CURVE('',#913,#912,#1036,.T.);
#684=EDGE_CURVE('',#913,#863,#81,.T.);
#685=EDGE_CURVE('',#865,#914,#82,.T.);
#686=EDGE_CURVE('',#915,#914,#1037,.T.);
#687=EDGE_CURVE('',#916,#915,#83,.T.);
#688=EDGE_CURVE('',#917,#916,#1038,.T.);
#689=EDGE_CURVE('',#917,#867,#84,.T.);
#690=EDGE_CURVE('',#869,#918,#85,.T.);
#691=EDGE_CURVE('',#919,#918,#1039,.T.);
#692=EDGE_CURVE('',#920,#919,#86,.T.);
#693=EDGE_CURVE('',#921,#920,#1040,.T.);
#694=EDGE_CURVE('',#921,#871,#87,.T.);
#695=EDGE_CURVE('',#873,#922,#88,.T.);
#696=EDGE_CURVE('',#923,#922,#1041,.T.);
#697=EDGE_CURVE('',#924,#923,#89,.T.);
#698=EDGE_CURVE('',#925,#924,#1042,.T.);
#699=EDGE_CURVE('',#925,#875,#90,.T.);
#700=EDGE_CURVE('',#877,#926,#91,.T.);
#701=EDGE_CURVE('',#927,#926,#1043,.T.);
#702=EDGE_CURVE('',#928,#927,#92,.T.);
#703=EDGE_CURVE('',#929,#928,#1044,.T.);
#704=EDGE_CURVE('',#929,#879,#93,.T.);
#705=EDGE_CURVE('',#881,#930,#94,.T.);
#706=EDGE_CURVE('',#931,#930,#1045,.T.);
#707=EDGE_CURVE('',#932,#931,#95,.T.);
#708=EDGE_CURVE('',#933,#932,#1046,.T.);
#709=EDGE_CURVE('',#933,#883,#96,.T.);
#710=EDGE_CURVE('',#885,#934,#97,.T.);
#711=EDGE_CURVE('',#935,#934,#1047,.T.);
#712=EDGE_CURVE('',#936,#935,#98,.T.);
#713=EDGE_CURVE('',#937,#936,#1048,.T.);
#714=EDGE_CURVE('',#937,#938,#99,.T.);
#715=EDGE_CURVE('',#938,#939,#100,.T.);
#716=EDGE_CURVE('',#939,#940,#101,.T.);
#717=EDGE_CURVE('',#941,#940,#1049,.T.);
#718=EDGE_CURVE('',#893,#941,#102,.T.);
#719=EDGE_CURVE('',#942,#943,#1050,.T.);
#720=EDGE_CURVE('',#943,#944,#1051,.T.);
#721=EDGE_CURVE('',#944,#945,#1052,.T.);
#722=EDGE_CURVE('',#945,#946,#1053,.T.);
#723=EDGE_CURVE('',#946,#947,#1054,.T.);
#724=EDGE_CURVE('',#947,#942,#1055,.T.);
#725=EDGE_CURVE('',#948,#842,#103,.T.);
#726=EDGE_CURVE('',#948,#949,#1056,.T.);
#727=EDGE_CURVE('',#949,#950,#104,.T.);
#728=EDGE_CURVE('',#950,#951,#1057,.T.);
#729=EDGE_CURVE('',#952,#951,#105,.T.);
#730=EDGE_CURVE('',#953,#952,#106,.T.);
#731=EDGE_CURVE('',#954,#953,#107,.T.);
#732=EDGE_CURVE('',#954,#955,#1058,.T.);
#733=EDGE_CURVE('',#955,#956,#108,.T.);
#734=EDGE_CURVE('',#956,#957,#1059,.T.);
#735=EDGE_CURVE('',#884,#957,#109,.T.);
#736=EDGE_CURVE('',#958,#882,#110,.T.);
#737=EDGE_CURVE('',#958,#959,#1060,.T.);
#738=EDGE_CURVE('',#959,#960,#111,.T.);
#739=EDGE_CURVE('',#960,#961,#1061,.T.);
#740=EDGE_CURVE('',#880,#961,#112,.T.);
#741=EDGE_CURVE('',#962,#878,#113,.T.);
#742=EDGE_CURVE('',#962,#963,#1062,.T.);
#743=EDGE_CURVE('',#963,#964,#114,.T.);
#744=EDGE_CURVE('',#964,#965,#1063,.T.);
#745=EDGE_CURVE('',#876,#965,#115,.T.);
#746=EDGE_CURVE('',#966,#874,#116,.T.);
#747=EDGE_CURVE('',#966,#967,#1064,.T.);
#748=EDGE_CURVE('',#967,#968,#117,.T.);
#749=EDGE_CURVE('',#968,#969,#1065,.T.);
#750=EDGE_CURVE('',#872,#969,#118,.T.);
#751=EDGE_CURVE('',#970,#870,#119,.T.);
#752=EDGE_CURVE('',#970,#971,#1066,.T.);
#753=EDGE_CURVE('',#971,#972,#120,.T.);
#754=EDGE_CURVE('',#972,#973,#1067,.T.);
#755=EDGE_CURVE('',#868,#973,#121,.T.);
#756=EDGE_CURVE('',#974,#866,#122,.T.);
#757=EDGE_CURVE('',#974,#975,#1068,.T.);
#758=EDGE_CURVE('',#975,#976,#123,.T.);
#759=EDGE_CURVE('',#976,#977,#1069,.T.);
#760=EDGE_CURVE('',#864,#977,#124,.T.);
#761=EDGE_CURVE('',#978,#862,#125,.T.);
#762=EDGE_CURVE('',#978,#979,#1070,.T.);
#763=EDGE_CURVE('',#979,#980,#126,.T.);
#764=EDGE_CURVE('',#980,#981,#1071,.T.);
#765=EDGE_CURVE('',#860,#981,#127,.T.);
#766=EDGE_CURVE('',#982,#858,#128,.T.);
#767=EDGE_CURVE('',#982,#983,#1072,.T.);
#768=EDGE_CURVE('',#983,#984,#129,.T.);
#769=EDGE_CURVE('',#984,#985,#1073,.T.);
#770=EDGE_CURVE('',#856,#985,#130,.T.);
#771=EDGE_CURVE('',#986,#854,#131,.T.);
#772=EDGE_CURVE('',#986,#987,#1074,.T.);
#773=EDGE_CURVE('',#987,#988,#132,.T.);
#774=EDGE_CURVE('',#988,#989,#1075,.T.);
#775=EDGE_CURVE('',#852,#989,#133,.T.);
#776=EDGE_CURVE('',#990,#850,#134,.T.);
#777=EDGE_CURVE('',#990,#991,#1076,.T.);
#778=EDGE_CURVE('',#991,#992,#135,.T.);
#779=EDGE_CURVE('',#992,#993,#1077,.T.);
#780=EDGE_CURVE('',#848,#993,#136,.T.);
#781=EDGE_CURVE('',#994,#846,#137,.T.);
#782=EDGE_CURVE('',#994,#995,#1078,.T.);
#783=EDGE_CURVE('',#995,#996,#138,.T.);
#784=EDGE_CURVE('',#996,#997,#1079,.T.);
#785=EDGE_CURVE('',#844,#997,#139,.T.);
#786=EDGE_CURVE('',#886,#942,#1080,.T.);
#787=EDGE_CURVE('',#887,#943,#1081,.T.);
#788=EDGE_CURVE('',#888,#947,#1082,.T.);
#789=EDGE_CURVE('',#889,#946,#1083,.T.);
#790=EDGE_CURVE('',#890,#945,#1084,.T.);
#791=EDGE_CURVE('',#891,#944,#1085,.T.);
#792=EDGE_CURVE('',#952,#939,#1086,.T.);
#793=EDGE_CURVE('',#953,#938,#1087,.T.);
#794=EDGE_CURVE('',#954,#937,#1088,.T.);
#795=EDGE_CURVE('',#955,#936,#1089,.T.);
#796=EDGE_CURVE('',#956,#935,#1090,.T.);
#797=EDGE_CURVE('',#957,#934,#1091,.T.);
#798=EDGE_CURVE('',#958,#933,#1092,.T.);
#799=EDGE_CURVE('',#959,#932,#1093,.T.);
#800=EDGE_CURVE('',#960,#931,#1094,.T.);
#801=EDGE_CURVE('',#961,#930,#1095,.T.);
#802=EDGE_CURVE('',#962,#929,#1096,.T.);
#803=EDGE_CURVE('',#963,#928,#1097,.T.);
#804=EDGE_CURVE('',#964,#927,#1098,.T.);
#805=EDGE_CURVE('',#965,#926,#1099,.T.);
#806=EDGE_CURVE('',#966,#925,#1100,.T.);
#807=EDGE_CURVE('',#967,#924,#1101,.T.);
#808=EDGE_CURVE('',#968,#923,#1102,.T.);
#809=EDGE_CURVE('',#969,#922,#1103,.T.);
#810=EDGE_CURVE('',#970,#921,#1104,.T.);
#811=EDGE_CURVE('',#971,#920,#1105,.T.);
#812=EDGE_CURVE('',#972,#919,#1106,.T.);
#813=EDGE_CURVE('',#973,#918,#1107,.T.);
#814=EDGE_CURVE('',#974,#917,#1108,.T.);
#815=EDGE_CURVE('',#975,#916,#1109,.T.);
#816=EDGE_CURVE('',#976,#915,#1110,.T.);
#817=EDGE_CURVE('',#977,#914,#1111,.T.);
#818=EDGE_CURVE('',#978,#913,#1112,.T.);
#819=EDGE_CURVE('',#979,#912,#1113,.T.);
#820=EDGE_CURVE('',#980,#911,#1114,.T.);
#821=EDGE_CURVE('',#981,#910,#1115,.T.);
#822=EDGE_CURVE('',#982,#909,#1116,.T.);
#823=EDGE_CURVE('',#983,#908,#1117,.T.);
#824=EDGE_CURVE('',#984,#907,#1118,.T.);
#825=EDGE_CURVE('',#985,#906,#1119,.T.);
#826=EDGE_CURVE('',#986,#905,#1120,.T.);
#827=EDGE_CURVE('',#987,#904,#1121,.T.);
#828=EDGE_CURVE('',#988,#903,#1122,.T.);
#829=EDGE_CURVE('',#989,#902,#1123,.T.);
#830=EDGE_CURVE('',#990,#901,#1124,.T.);
#831=EDGE_CURVE('',#991,#900,#1125,.T.);
#832=EDGE_CURVE('',#992,#899,#1126,.T.);
#833=EDGE_CURVE('',#993,#898,#1127,.T.);
#834=EDGE_CURVE('',#994,#897,#1128,.T.);
#835=EDGE_CURVE('',#995,#896,#1129,.T.);
#836=EDGE_CURVE('',#996,#895,#1130,.T.);
#837=EDGE_CURVE('',#997,#894,#1131,.T.);
#838=EDGE_CURVE('',#948,#892,#1132,.T.);
#839=EDGE_CURVE('',#949,#893,#1133,.T.);
#840=EDGE_CURVE('',#950,#941,#1134,.T.);
#841=EDGE_CURVE('',#951,#940,#1135,.T.);
#842=VERTEX_POINT('',#2250);
#843=VERTEX_POINT('',#2251);
#844=VERTEX_POINT('',#2253);
#845=VERTEX_POINT('',#2255);
#846=VERTEX_POINT('',#2259);
#847=VERTEX_POINT('',#2260);
#848=VERTEX_POINT('',#2262);
#849=VERTEX_POINT('',#2264);
#850=VERTEX_POINT('',#2268);
#851=VERTEX_POINT('',#2269);
#852=VERTEX_POINT('',#2271);
#853=VERTEX_POINT('',#2273);
#854=VERTEX_POINT('',#2277);
#855=VERTEX_POINT('',#2278);
#856=VERTEX_POINT('',#2280);
#857=VERTEX_POINT('',#2282);
#858=VERTEX_POINT('',#2286);
#859=VERTEX_POINT('',#2287);
#860=VERTEX_POINT('',#2289);
#861=VERTEX_POINT('',#2291);
#862=VERTEX_POINT('',#2295);
#863=VERTEX_POINT('',#2296);
#864=VERTEX_POINT('',#2298);
#865=VERTEX_POINT('',#2300);
#866=VERTEX_POINT('',#2304);
#867=VERTEX_POINT('',#2305);
#868=VERTEX_POINT('',#2307);
#869=VERTEX_POINT('',#2309);
#870=VERTEX_POINT('',#2313);
#871=VERTEX_POINT('',#2314);
#872=VERTEX_POINT('',#2316);
#873=VERTEX_POINT('',#2318);
#874=VERTEX_POINT('',#2322);
#875=VERTEX_POINT('',#2323);
#876=VERTEX_POINT('',#2325);
#877=VERTEX_POINT('',#2327);
#878=VERTEX_POINT('',#2331);
#879=VERTEX_POINT('',#2332);
#880=VERTEX_POINT('',#2334);
#881=VERTEX_POINT('',#2336);
#882=VERTEX_POINT('',#2340);
#883=VERTEX_POINT('',#2341);
#884=VERTEX_POINT('',#2343);
#885=VERTEX_POINT('',#2345);
#886=VERTEX_POINT('',#2349);
#887=VERTEX_POINT('',#2350);
#888=VERTEX_POINT('',#2352);
#889=VERTEX_POINT('',#2354);
#890=VERTEX_POINT('',#2356);
#891=VERTEX_POINT('',#2358);
#892=VERTEX_POINT('',#2361);
#893=VERTEX_POINT('',#2362);
#894=VERTEX_POINT('',#2365);
#895=VERTEX_POINT('',#2367);
#896=VERTEX_POINT('',#2369);
#897=VERTEX_POINT('',#2371);
#898=VERTEX_POINT('',#2374);
#899=VERTEX_POINT('',#2376);
#900=VERTEX_POINT('',#2378);
#901=VERTEX_POINT('',#2380);
#902=VERTEX_POINT('',#2383);
#903=VERTEX_POINT('',#2385);
#904=VERTEX_POINT('',#2387);
#905=VERTEX_POINT('',#2389);
#906=VERTEX_POINT('',#2392);
#907=VERTEX_POINT('',#2394);
#908=VERTEX_POINT('',#2396);
#909=VERTEX_POINT('',#2398);
#910=VERTEX_POINT('',#2401);
#911=VERTEX_POINT('',#2403);
#912=VERTEX_POINT('',#2405);
#913=VERTEX_POINT('',#2407);
#914=VERTEX_POINT('',#2410);
#915=VERTEX_POINT('',#2412);
#916=VERTEX_POINT('',#2414);
#917=VERTEX_POINT('',#2416);
#918=VERTEX_POINT('',#2419);
#919=VERTEX_POINT('',#2421);
#920=VERTEX_POINT('',#2423);
#921=VERTEX_POINT('',#2425);
#922=VERTEX_POINT('',#2428);
#923=VERTEX_POINT('',#2430);
#924=VERTEX_POINT('',#2432);
#925=VERTEX_POINT('',#2434);
#926=VERTEX_POINT('',#2437);
#927=VERTEX_POINT('',#2439);
#928=VERTEX_POINT('',#2441);
#929=VERTEX_POINT('',#2443);
#930=VERTEX_POINT('',#2446);
#931=VERTEX_POINT('',#2448);
#932=VERTEX_POINT('',#2450);
#933=VERTEX_POINT('',#2452);
#934=VERTEX_POINT('',#2455);
#935=VERTEX_POINT('',#2457);
#936=VERTEX_POINT('',#2459);
#937=VERTEX_POINT('',#2461);
#938=VERTEX_POINT('',#2463);
#939=VERTEX_POINT('',#2465);
#940=VERTEX_POINT('',#2467);
#941=VERTEX_POINT('',#2469);
#942=VERTEX_POINT('',#2473);
#943=VERTEX_POINT('',#2474);
#944=VERTEX_POINT('',#2476);
#945=VERTEX_POINT('',#2478);
#946=VERTEX_POINT('',#2480);
#947=VERTEX_POINT('',#2482);
#948=VERTEX_POINT('',#2485);
#949=VERTEX_POINT('',#2487);
#950=VERTEX_POINT('',#2489);
#951=VERTEX_POINT('',#2491);
#952=VERTEX_POINT('',#2493);
#953=VERTEX_POINT('',#2495);
#954=VERTEX_POINT('',#2497);
#955=VERTEX_POINT('',#2499);
#956=VERTEX_POINT('',#2501);
#957=VERTEX_POINT('',#2503);
#958=VERTEX_POINT('',#2506);
#959=VERTEX_POINT('',#2508);
#960=VERTEX_POINT('',#2510);
#961=VERTEX_POINT('',#2512);
#962=VERTEX_POINT('',#2515);
#963=VERTEX_POINT('',#2517);
#964=VERTEX_POINT('',#2519);
#965=VERTEX_POINT('',#2521);
#966=VERTEX_POINT('',#2524);
#967=VERTEX_POINT('',#2526);
#968=VERTEX_POINT('',#2528);
#969=VERTEX_POINT('',#2530);
#970=VERTEX_POINT('',#2533);
#971=VERTEX_POINT('',#2535);
#972=VERTEX_POINT('',#2537);
#973=VERTEX_POINT('',#2539);
#974=VERTEX_POINT('',#2542);
#975=VERTEX_POINT('',#2544);
#976=VERTEX_POINT('',#2546);
#977=VERTEX_POINT('',#2548);
#978=VERTEX_POINT('',#2551);
#979=VERTEX_POINT('',#2553);
#980=VERTEX_POINT('',#2555);
#981=VERTEX_POINT('',#2557);
#982=VERTEX_POINT('',#2560);
#983=VERTEX_POINT('',#2562);
#984=VERTEX_POINT('',#2564);
#985=VERTEX_POINT('',#2566);
#986=VERTEX_POINT('',#2569);
#987=VERTEX_POINT('',#2571);
#988=VERTEX_POINT('',#2573);
#989=VERTEX_POINT('',#2575);
#990=VERTEX_POINT('',#2578);
#991=VERTEX_POINT('',#2580);
#992=VERTEX_POINT('',#2582);
#993=VERTEX_POINT('',#2584);
#994=VERTEX_POINT('',#2587);
#995=VERTEX_POINT('',#2589);
#996=VERTEX_POINT('',#2591);
#997=VERTEX_POINT('',#2593);
#998=LINE('',#2249,#1136);
#999=LINE('',#2254,#1137);
#1000=LINE('',#2258,#1138);
#1001=LINE('',#2263,#1139);
#1002=LINE('',#2267,#1140);
#1003=LINE('',#2272,#1141);
#1004=LINE('',#2276,#1142);
#1005=LINE('',#2281,#1143);
#1006=LINE('',#2285,#1144);
#1007=LINE('',#2290,#1145);
#1008=LINE('',#2294,#1146);
#1009=LINE('',#2299,#1147);
#1010=LINE('',#2303,#1148);
#1011=LINE('',#2308,#1149);
#1012=LINE('',#2312,#1150);
#1013=LINE('',#2317,#1151);
#1014=LINE('',#2321,#1152);
#1015=LINE('',#2326,#1153);
#1016=LINE('',#2330,#1154);
#1017=LINE('',#2335,#1155);
#1018=LINE('',#2339,#1156);
#1019=LINE('',#2344,#1157);
#1020=LINE('',#2348,#1158);
#1021=LINE('',#2351,#1159);
#1022=LINE('',#2353,#1160);
#1023=LINE('',#2355,#1161);
#1024=LINE('',#2357,#1162);
#1025=LINE('',#2359,#1163);
#1026=LINE('',#2360,#1164);
#1027=LINE('',#2366,#1165);
#1028=LINE('',#2370,#1166);
#1029=LINE('',#2375,#1167);
#1030=LINE('',#2379,#1168);
#1031=LINE('',#2384,#1169);
#1032=LINE('',#2388,#1170);
#1033=LINE('',#2393,#1171);
#1034=LINE('',#2397,#1172);
#1035=LINE('',#2402,#1173);
#1036=LINE('',#2406,#1174);
#1037=LINE('',#2411,#1175);
#1038=LINE('',#2415,#1176);
#1039=LINE('',#2420,#1177);
#1040=LINE('',#2424,#1178);
#1041=LINE('',#2429,#1179);
#1042=LINE('',#2433,#1180);
#1043=LINE('',#2438,#1181);
#1044=LINE('',#2442,#1182);
#1045=LINE('',#2447,#1183);
#1046=LINE('',#2451,#1184);
#1047=LINE('',#2456,#1185);
#1048=LINE('',#2460,#1186);
#1049=LINE('',#2468,#1187);
#1050=LINE('',#2472,#1188);
#1051=LINE('',#2475,#1189);
#1052=LINE('',#2477,#1190);
#1053=LINE('',#2479,#1191);
#1054=LINE('',#2481,#1192);
#1055=LINE('',#2483,#1193);
#1056=LINE('',#2486,#1194);
#1057=LINE('',#2490,#1195);
#1058=LINE('',#2498,#1196);
#1059=LINE('',#2502,#1197);
#1060=LINE('',#2507,#1198);
#1061=LINE('',#2511,#1199);
#1062=LINE('',#2516,#1200);
#1063=LINE('',#2520,#1201);
#1064=LINE('',#2525,#1202);
#1065=LINE('',#2529,#1203);
#1066=LINE('',#2534,#1204);
#1067=LINE('',#2538,#1205);
#1068=LINE('',#2543,#1206);
#1069=LINE('',#2547,#1207);
#1070=LINE('',#2552,#1208);
#1071=LINE('',#2556,#1209);
#1072=LINE('',#2561,#1210);
#1073=LINE('',#2565,#1211);
#1074=LINE('',#2570,#1212);
#1075=LINE('',#2574,#1213);
#1076=LINE('',#2579,#1214);
#1077=LINE('',#2583,#1215);
#1078=LINE('',#2588,#1216);
#1079=LINE('',#2592,#1217);
#1080=LINE('',#2596,#1218);
#1081=LINE('',#2597,#1219);
#1082=LINE('',#2599,#1220);
#1083=LINE('',#2601,#1221);
#1084=LINE('',#2603,#1222);
#1085=LINE('',#2605,#1223);
#1086=LINE('',#2608,#1224);
#1087=LINE('',#2609,#1225);
#1088=LINE('',#2611,#1226);
#1089=LINE('',#2613,#1227);
#1090=LINE('',#2615,#1228);
#1091=LINE('',#2617,#1229);
#1092=LINE('',#2620,#1230);
#1093=LINE('',#2622,#1231);
#1094=LINE('',#2624,#1232);
#1095=LINE('',#2626,#1233);
#1096=LINE('',#2629,#1234);
#1097=LINE('',#2631,#1235);
#1098=LINE('',#2633,#1236);
#1099=LINE('',#2635,#1237);
#1100=LINE('',#2638,#1238);
#1101=LINE('',#2640,#1239);
#1102=LINE('',#2642,#1240);
#1103=LINE('',#2644,#1241);
#1104=LINE('',#2647,#1242);
#1105=LINE('',#2649,#1243);
#1106=LINE('',#2651,#1244);
#1107=LINE('',#2653,#1245);
#1108=LINE('',#2656,#1246);
#1109=LINE('',#2658,#1247);
#1110=LINE('',#2660,#1248);
#1111=LINE('',#2662,#1249);
#1112=LINE('',#2665,#1250);
#1113=LINE('',#2667,#1251);
#1114=LINE('',#2669,#1252);
#1115=LINE('',#2671,#1253);
#1116=LINE('',#2674,#1254);
#1117=LINE('',#2676,#1255);
#1118=LINE('',#2678,#1256);
#1119=LINE('',#2680,#1257);
#1120=LINE('',#2683,#1258);
#1121=LINE('',#2685,#1259);
#1122=LINE('',#2687,#1260);
#1123=LINE('',#2689,#1261);
#1124=LINE('',#2692,#1262);
#1125=LINE('',#2694,#1263);
#1126=LINE('',#2696,#1264);
#1127=LINE('',#2698,#1265);
#1128=LINE('',#2701,#1266);
#1129=LINE('',#2703,#1267);
#1130=LINE('',#2705,#1268);
#1131=LINE('',#2707,#1269);
#1132=LINE('',#2710,#1270);
#1133=LINE('',#2712,#1271);
#1134=LINE('',#2714,#1272);
#1135=LINE('',#2716,#1273);
#1136=VECTOR('',#1759,1.);
#1137=VECTOR('',#1762,1.);
#1138=VECTOR('',#1767,1.);
#1139=VECTOR('',#1770,1.);
#1140=VECTOR('',#1775,1.);
#1141=VECTOR('',#1778,1.);
#1142=VECTOR('',#1783,1.);
#1143=VECTOR('',#1786,1.);
#1144=VECTOR('',#1791,1.);
#1145=VECTOR('',#1794,1.);
#1146=VECTOR('',#1799,1.);
#1147=VECTOR('',#1802,1.);
#1148=VECTOR('',#1807,1.);
#1149=VECTOR('',#1810,1.);
#1150=VECTOR('',#1815,1.);
#1151=VECTOR('',#1818,1.);
#1152=VECTOR('',#1823,1.);
#1153=VECTOR('',#1826,1.);
#1154=VECTOR('',#1831,1.);
#1155=VECTOR('',#1834,1.);
#1156=VECTOR('',#1839,1.);
#1157=VECTOR('',#1842,1.);
#1158=VECTOR('',#1847,1.);
#1159=VECTOR('',#1848,1.);
#1160=VECTOR('',#1849,1.);
#1161=VECTOR('',#1850,1.);
#1162=VECTOR('',#1851,1.);
#1163=VECTOR('',#1852,1.);
#1164=VECTOR('',#1853,1.);
#1165=VECTOR('',#1858,1.);
#1166=VECTOR('',#1861,1.);
#1167=VECTOR('',#1866,1.);
#1168=VECTOR('',#1869,1.);
#1169=VECTOR('',#1874,1.);
#1170=VECTOR('',#1877,1.);
#1171=VECTOR('',#1882,1.);
#1172=VECTOR('',#1885,1.);
#1173=VECTOR('',#1890,1.);
#1174=VECTOR('',#1893,1.);
#1175=VECTOR('',#1898,1.);
#1176=VECTOR('',#1901,1.);
#1177=VECTOR('',#1906,1.);
#1178=VECTOR('',#1909,1.);
#1179=VECTOR('',#1914,1.);
#1180=VECTOR('',#1917,1.);
#1181=VECTOR('',#1922,1.);
#1182=VECTOR('',#1925,1.);
#1183=VECTOR('',#1930,1.);
#1184=VECTOR('',#1933,1.);
#1185=VECTOR('',#1938,1.);
#1186=VECTOR('',#1941,1.);
#1187=VECTOR('',#1948,1.);
#1188=VECTOR('',#1953,1.);
#1189=VECTOR('',#1954,1.);
#1190=VECTOR('',#1955,1.);
#1191=VECTOR('',#1956,1.);
#1192=VECTOR('',#1957,1.);
#1193=VECTOR('',#1958,1.);
#1194=VECTOR('',#1961,1.);
#1195=VECTOR('',#1964,1.);
#1196=VECTOR('',#1971,1.);
#1197=VECTOR('',#1974,1.);
#1198=VECTOR('',#1979,1.);
#1199=VECTOR('',#1982,1.);
#1200=VECTOR('',#1987,1.);
#1201=VECTOR('',#1990,1.);
#1202=VECTOR('',#1995,1.);
#1203=VECTOR('',#1998,1.);
#1204=VECTOR('',#2003,1.);
#1205=VECTOR('',#2006,1.);
#1206=VECTOR('',#2011,1.);
#1207=VECTOR('',#2014,1.);
#1208=VECTOR('',#2019,1.);
#1209=VECTOR('',#2022,1.);
#1210=VECTOR('',#2027,1.);
#1211=VECTOR('',#2030,1.);
#1212=VECTOR('',#2035,1.);
#1213=VECTOR('',#2038,1.);
#1214=VECTOR('',#2043,1.);
#1215=VECTOR('',#2046,1.);
#1216=VECTOR('',#2051,1.);
#1217=VECTOR('',#2054,1.);
#1218=VECTOR('',#2059,1.);
#1219=VECTOR('',#2060,1.);
#1220=VECTOR('',#2063,1.);
#1221=VECTOR('',#2066,1.);
#1222=VECTOR('',#2069,1.);
#1223=VECTOR('',#2072,1.);
#1224=VECTOR('',#2077,1.);
#1225=VECTOR('',#2078,1.);
#1226=VECTOR('',#2081,1.);
#1227=VECTOR('',#2084,1.);
#1228=VECTOR('',#2087,1.);
#1229=VECTOR('',#2090,1.);
#1230=VECTOR('',#2095,1.);
#1231=VECTOR('',#2098,1.);
#1232=VECTOR('',#2101,1.);
#1233=VECTOR('',#2104,1.);
#1234=VECTOR('',#2109,1.);
#1235=VECTOR('',#2112,1.);
#1236=VECTOR('',#2115,1.);
#1237=VECTOR('',#2118,1.);
#1238=VECTOR('',#2123,1.);
#1239=VECTOR('',#2126,1.);
#1240=VECTOR('',#2129,1.);
#1241=VECTOR('',#2132,1.);
#1242=VECTOR('',#2137,1.);
#1243=VECTOR('',#2140,1.);
#1244=VECTOR('',#2143,1.);
#1245=VECTOR('',#2146,1.);
#1246=VECTOR('',#2151,1.);
#1247=VECTOR('',#2154,1.);
#1248=VECTOR('',#2157,1.);
#1249=VECTOR('',#2160,1.);
#1250=VECTOR('',#2165,1.);
#1251=VECTOR('',#2168,1.);
#1252=VECTOR('',#2171,1.);
#1253=VECTOR('',#2174,1.);
#1254=VECTOR('',#2179,1.);
#1255=VECTOR('',#2182,1.);
#1256=VECTOR('',#2185,1.);
#1257=VECTOR('',#2188,1.);
#1258=VECTOR('',#2193,1.);
#1259=VECTOR('',#2196,1.);
#1260=VECTOR('',#2199,1.);
#1261=VECTOR('',#2202,1.);
#1262=VECTOR('',#2207,1.);
#1263=VECTOR('',#2210,1.);
#1264=VECTOR('',#2213,1.);
#1265=VECTOR('',#2216,1.);
#1266=VECTOR('',#2221,1.);
#1267=VECTOR('',#2224,1.);
#1268=VECTOR('',#2227,1.);
#1269=VECTOR('',#2230,1.);
#1270=VECTOR('',#2235,1.);
#1271=VECTOR('',#2238,1.);
#1272=VECTOR('',#2241,1.);
#1273=VECTOR('',#2244,1.);
#1274=EDGE_LOOP('',(#140,#141,#142,#143));
#1275=EDGE_LOOP('',(#144,#145,#146,#147));
#1276=EDGE_LOOP('',(#148,#149,#150,#151));
#1277=EDGE_LOOP('',(#152,#153,#154,#155));
#1278=EDGE_LOOP('',(#156,#157,#158,#159));
#1279=EDGE_LOOP('',(#160,#161,#162,#163));
#1280=EDGE_LOOP('',(#164,#165,#166,#167));
#1281=EDGE_LOOP('',(#168,#169,#170,#171));
#1282=EDGE_LOOP('',(#172,#173,#174,#175));
#1283=EDGE_LOOP('',(#176,#177,#178,#179));
#1284=EDGE_LOOP('',(#180,#181,#182,#183));
#1285=EDGE_LOOP('',(#184,#185,#186,#187,#188,#189));
#1286=EDGE_LOOP('',(#190,#191,#192,#193,#194,#195,#196,#197,#198,#199,#200,
#201,#202,#203,#204,#205,#206,#207,#208,#209,#210,#211,#212,#213,#214,#215,
#216,#217,#218,#219,#220,#221,#222,#223,#224,#225,#226,#227,#228,#229,#230,
#231,#232,#233,#234,#235,#236,#237,#238,#239,#240,#241,#242,#243,#244,#245,
#246,#247,#248,#249,#250,#251,#252,#253,#254,#255,#256,#257,#258,#259,#260,
#261));
#1287=EDGE_LOOP('',(#262,#263,#264,#265,#266,#267));
#1288=EDGE_LOOP('',(#268,#269,#270,#271,#272,#273,#274,#275,#276,#277,#278,
#279,#280,#281,#282,#283,#284,#285,#286,#287,#288,#289,#290,#291,#292,#293,
#294,#295,#296,#297,#298,#299,#300,#301,#302,#303,#304,#305,#306,#307,#308,
#309,#310,#311,#312,#313,#314,#315,#316,#317,#318,#319,#320,#321,#322,#323,
#324,#325,#326,#327,#328,#329,#330,#331,#332,#333,#334,#335,#336,#337,#338,
#339));
#1289=EDGE_LOOP('',(#340,#341,#342,#343));
#1290=EDGE_LOOP('',(#344,#345,#346,#347));
#1291=EDGE_LOOP('',(#348,#349,#350,#351));
#1292=EDGE_LOOP('',(#352,#353,#354,#355));
#1293=EDGE_LOOP('',(#356,#357,#358,#359));
#1294=EDGE_LOOP('',(#360,#361,#362,#363));
#1295=EDGE_LOOP('',(#364,#365,#366,#367));
#1296=EDGE_LOOP('',(#368,#369,#370,#371));
#1297=EDGE_LOOP('',(#372,#373,#374,#375));
#1298=EDGE_LOOP('',(#376,#377,#378,#379));
#1299=EDGE_LOOP('',(#380,#381,#382,#383));
#1300=EDGE_LOOP('',(#384,#385,#386,#387));
#1301=EDGE_LOOP('',(#388,#389,#390,#391));
#1302=EDGE_LOOP('',(#392,#393,#394,#395));
#1303=EDGE_LOOP('',(#396,#397,#398,#399));
#1304=EDGE_LOOP('',(#400,#401,#402,#403));
#1305=EDGE_LOOP('',(#404,#405,#406,#407));
#1306=EDGE_LOOP('',(#408,#409,#410,#411));
#1307=EDGE_LOOP('',(#412,#413,#414,#415));
#1308=EDGE_LOOP('',(#416,#417,#418,#419));
#1309=EDGE_LOOP('',(#420,#421,#422,#423));
#1310=EDGE_LOOP('',(#424,#425,#426,#427));
#1311=EDGE_LOOP('',(#428,#429,#430,#431));
#1312=EDGE_LOOP('',(#432,#433,#434,#435));
#1313=EDGE_LOOP('',(#436,#437,#438,#439));
#1314=EDGE_LOOP('',(#440,#441,#442,#443));
#1315=EDGE_LOOP('',(#444,#445,#446,#447));
#1316=EDGE_LOOP('',(#448,#449,#450,#451));
#1317=EDGE_LOOP('',(#452,#453,#454,#455));
#1318=EDGE_LOOP('',(#456,#457,#458,#459));
#1319=EDGE_LOOP('',(#460,#461,#462,#463));
#1320=EDGE_LOOP('',(#464,#465,#466,#467));
#1321=EDGE_LOOP('',(#468,#469,#470,#471));
#1322=EDGE_LOOP('',(#472,#473,#474,#475));
#1323=EDGE_LOOP('',(#476,#477,#478,#479));
#1324=EDGE_LOOP('',(#480,#481,#482,#483));
#1325=EDGE_LOOP('',(#484,#485,#486,#487));
#1326=EDGE_LOOP('',(#488,#489,#490,#491));
#1327=EDGE_LOOP('',(#492,#493,#494,#495));
#1328=EDGE_LOOP('',(#496,#497,#498,#499));
#1329=EDGE_LOOP('',(#500,#501,#502,#503));
#1330=EDGE_LOOP('',(#504,#505,#506,#507));
#1331=EDGE_LOOP('',(#508,#509,#510,#511));
#1332=EDGE_LOOP('',(#512,#513,#514,#515));
#1333=EDGE_LOOP('',(#516,#517,#518,#519));
#1334=EDGE_LOOP('',(#520,#521,#522,#523));
#1335=EDGE_LOOP('',(#524,#525,#526,#527));
#1336=EDGE_LOOP('',(#528,#529,#530,#531));
#1337=EDGE_LOOP('',(#532,#533,#534,#535));
#1338=EDGE_LOOP('',(#536,#537,#538,#539));
#1339=EDGE_LOOP('',(#540,#541,#542,#543));
#1340=EDGE_LOOP('',(#544,#545,#546,#547));
#1341=EDGE_LOOP('',(#548,#549,#550,#551));
#1342=EDGE_LOOP('',(#552,#553,#554,#555));
#1343=EDGE_LOOP('',(#556,#557,#558,#559));
#1344=EDGE_LOOP('',(#560,#561,#562,#563));
#1345=EDGE_LOOP('',(#564,#565,#566,#567));
#1346=EDGE_LOOP('',(#568,#569,#570,#571));
#1347=EDGE_LOOP('',(#572,#573,#574,#575));
#1348=EDGE_LOOP('',(#576,#577,#578,#579));
#1349=EDGE_LOOP('',(#580,#581,#582,#583));
#1350=EDGE_LOOP('',(#584,#585,#586,#587));
#1351=EDGE_LOOP('',(#588,#589,#590,#591));
#1352=EDGE_LOOP('',(#592,#593,#594,#595));
#1353=EDGE_LOOP('',(#596,#597,#598,#599));
#1354=EDGE_LOOP('',(#600,#601,#602,#603));
#1355=EDGE_LOOP('',(#604,#605,#606,#607));
#1356=FACE_BOUND('',#1274,.T.);
#1357=FACE_BOUND('',#1275,.T.);
#1358=FACE_BOUND('',#1276,.T.);
#1359=FACE_BOUND('',#1277,.T.);
#1360=FACE_BOUND('',#1278,.T.);
#1361=FACE_BOUND('',#1279,.T.);
#1362=FACE_BOUND('',#1280,.T.);
#1363=FACE_BOUND('',#1281,.T.);
#1364=FACE_BOUND('',#1282,.T.);
#1365=FACE_BOUND('',#1283,.T.);
#1366=FACE_BOUND('',#1284,.T.);
#1367=FACE_BOUND('',#1285,.T.);
#1368=FACE_BOUND('',#1286,.T.);
#1369=FACE_BOUND('',#1287,.T.);
#1370=FACE_BOUND('',#1288,.T.);
#1371=FACE_BOUND('',#1289,.T.);
#1372=FACE_BOUND('',#1290,.T.);
#1373=FACE_BOUND('',#1291,.T.);
#1374=FACE_BOUND('',#1292,.T.);
#1375=FACE_BOUND('',#1293,.T.);
#1376=FACE_BOUND('',#1294,.T.);
#1377=FACE_BOUND('',#1295,.T.);
#1378=FACE_BOUND('',#1296,.T.);
#1379=FACE_BOUND('',#1297,.T.);
#1380=FACE_BOUND('',#1298,.T.);
#1381=FACE_BOUND('',#1299,.T.);
#1382=FACE_BOUND('',#1300,.T.);
#1383=FACE_BOUND('',#1301,.T.);
#1384=FACE_BOUND('',#1302,.T.);
#1385=FACE_BOUND('',#1303,.T.);
#1386=FACE_BOUND('',#1304,.T.);
#1387=FACE_BOUND('',#1305,.T.);
#1388=FACE_BOUND('',#1306,.T.);
#1389=FACE_BOUND('',#1307,.T.);
#1390=FACE_BOUND('',#1308,.T.);
#1391=FACE_BOUND('',#1309,.T.);
#1392=FACE_BOUND('',#1310,.T.);
#1393=FACE_BOUND('',#1311,.T.);
#1394=FACE_BOUND('',#1312,.T.);
#1395=FACE_BOUND('',#1313,.T.);
#1396=FACE_BOUND('',#1314,.T.);
#1397=FACE_BOUND('',#1315,.T.);
#1398=FACE_BOUND('',#1316,.T.);
#1399=FACE_BOUND('',#1317,.T.);
#1400=FACE_BOUND('',#1318,.T.);
#1401=FACE_BOUND('',#1319,.T.);
#1402=FACE_BOUND('',#1320,.T.);
#1403=FACE_BOUND('',#1321,.T.);
#1404=FACE_BOUND('',#1322,.T.);
#1405=FACE_BOUND('',#1323,.T.);
#1406=FACE_BOUND('',#1324,.T.);
#1407=FACE_BOUND('',#1325,.T.);
#1408=FACE_BOUND('',#1326,.T.);
#1409=FACE_BOUND('',#1327,.T.);
#1410=FACE_BOUND('',#1328,.T.);
#1411=FACE_BOUND('',#1329,.T.);
#1412=FACE_BOUND('',#1330,.T.);
#1413=FACE_BOUND('',#1331,.T.);
#1414=FACE_BOUND('',#1332,.T.);
#1415=FACE_BOUND('',#1333,.T.);
#1416=FACE_BOUND('',#1334,.T.);
#1417=FACE_BOUND('',#1335,.T.);
#1418=FACE_BOUND('',#1336,.T.);
#1419=FACE_BOUND('',#1337,.T.);
#1420=FACE_BOUND('',#1338,.T.);
#1421=FACE_BOUND('',#1339,.T.);
#1422=FACE_BOUND('',#1340,.T.);
#1423=FACE_BOUND('',#1341,.T.);
#1424=FACE_BOUND('',#1342,.T.);
#1425=FACE_BOUND('',#1343,.T.);
#1426=FACE_BOUND('',#1344,.T.);
#1427=FACE_BOUND('',#1345,.T.);
#1428=FACE_BOUND('',#1346,.T.);
#1429=FACE_BOUND('',#1347,.T.);
#1430=FACE_BOUND('',#1348,.T.);
#1431=FACE_BOUND('',#1349,.T.);
#1432=FACE_BOUND('',#1350,.T.);
#1433=FACE_BOUND('',#1351,.T.);
#1434=FACE_BOUND('',#1352,.T.);
#1435=FACE_BOUND('',#1353,.T.);
#1436=FACE_BOUND('',#1354,.T.);
#1437=FACE_BOUND('',#1355,.T.);
#1438=CYLINDRICAL_SURFACE('',#1579,0.0127);
#1439=CYLINDRICAL_SURFACE('',#1582,0.0127);
#1440=CYLINDRICAL_SURFACE('',#1585,0.0127);
#1441=CYLINDRICAL_SURFACE('',#1588,0.0127);
#1442=CYLINDRICAL_SURFACE('',#1591,0.0127);
#1443=CYLINDRICAL_SURFACE('',#1594,0.0127);
#1444=CYLINDRICAL_SURFACE('',#1597,0.0127);
#1445=CYLINDRICAL_SURFACE('',#1600,0.0127);
#1446=CYLINDRICAL_SURFACE('',#1603,0.0127);
#1447=CYLINDRICAL_SURFACE('',#1606,0.0127);
#1448=CYLINDRICAL_SURFACE('',#1609,0.0127);
#1449=CYLINDRICAL_SURFACE('',#1694,0.0127);
#1450=CYLINDRICAL_SURFACE('',#1695,0.00075);
#1451=CYLINDRICAL_SURFACE('',#1697,0.001);
#1452=CYLINDRICAL_SURFACE('',#1699,0.00075);
#1453=CYLINDRICAL_SURFACE('',#1700,0.00075);
#1454=CYLINDRICAL_SURFACE('',#1702,0.001);
#1455=CYLINDRICAL_SURFACE('',#1704,0.00075);
#1456=CYLINDRICAL_SURFACE('',#1705,0.00075);
#1457=CYLINDRICAL_SURFACE('',#1707,0.001);
#1458=CYLINDRICAL_SURFACE('',#1709,0.00075);
#1459=CYLINDRICAL_SURFACE('',#1710,0.00075);
#1460=CYLINDRICAL_SURFACE('',#1712,0.001);
#1461=CYLINDRICAL_SURFACE('',#1714,0.00075);
#1462=CYLINDRICAL_SURFACE('',#1715,0.00075);
#1463=CYLINDRICAL_SURFACE('',#1717,0.001);
#1464=CYLINDRICAL_SURFACE('',#1719,0.00075);
#1465=CYLINDRICAL_SURFACE('',#1720,0.00075);
#1466=CYLINDRICAL_SURFACE('',#1722,0.001);
#1467=CYLINDRICAL_SURFACE('',#1724,0.00075);
#1468=CYLINDRICAL_SURFACE('',#1725,0.00075);
#1469=CYLINDRICAL_SURFACE('',#1727,0.001);
#1470=CYLINDRICAL_SURFACE('',#1729,0.00075);
#1471=CYLINDRICAL_SURFACE('',#1730,0.00075);
#1472=CYLINDRICAL_SURFACE('',#1732,0.001);
#1473=CYLINDRICAL_SURFACE('',#1734,0.00075);
#1474=CYLINDRICAL_SURFACE('',#1735,0.00075);
#1475=CYLINDRICAL_SURFACE('',#1737,0.001);
#1476=CYLINDRICAL_SURFACE('',#1739,0.00075);
#1477=CYLINDRICAL_SURFACE('',#1740,0.00075);
#1478=CYLINDRICAL_SURFACE('',#1742,0.001);
#1479=CYLINDRICAL_SURFACE('',#1744,0.00075);
#1480=CYLINDRICAL_SURFACE('',#1745,0.00075);
#1481=CYLINDRICAL_SURFACE('',#1747,0.001);
#1482=CYLINDRICAL_SURFACE('',#1749,0.00075);
#1483=CYLINDRICAL_SURFACE('',#1750,0.00075);
#1484=CYLINDRICAL_SURFACE('',#1752,0.001);
#1485=CYLINDRICAL_SURFACE('',#1754,0.00075);
#1486=ADVANCED_FACE('',(#1356),#1438,.T.);
#1487=ADVANCED_FACE('',(#1357),#1439,.T.);
#1488=ADVANCED_FACE('',(#1358),#1440,.T.);
#1489=ADVANCED_FACE('',(#1359),#1441,.T.);
#1490=ADVANCED_FACE('',(#1360),#1442,.T.);
#1491=ADVANCED_FACE('',(#1361),#1443,.T.);
#1492=ADVANCED_FACE('',(#1362),#1444,.T.);
#1493=ADVANCED_FACE('',(#1363),#1445,.T.);
#1494=ADVANCED_FACE('',(#1364),#1446,.T.);
#1495=ADVANCED_FACE('',(#1365),#1447,.T.);
#1496=ADVANCED_FACE('',(#1366),#1448,.T.);
#1497=ADVANCED_FACE('',(#1367,#1368),#12,.T.);
#1498=ADVANCED_FACE('',(#1369,#1370),#13,.F.);
#1499=ADVANCED_FACE('',(#1371),#14,.T.);
#1500=ADVANCED_FACE('',(#1372),#15,.T.);
#1501=ADVANCED_FACE('',(#1373),#16,.T.);
#1502=ADVANCED_FACE('',(#1374),#17,.T.);
#1503=ADVANCED_FACE('',(#1375),#18,.T.);
#1504=ADVANCED_FACE('',(#1376),#19,.T.);
#1505=ADVANCED_FACE('',(#1377),#1449,.T.);
#1506=ADVANCED_FACE('',(#1378),#1450,.T.);
#1507=ADVANCED_FACE('',(#1379),#20,.F.);
#1508=ADVANCED_FACE('',(#1380),#1451,.F.);
#1509=ADVANCED_FACE('',(#1381),#21,.F.);
#1510=ADVANCED_FACE('',(#1382),#1452,.T.);
#1511=ADVANCED_FACE('',(#1383),#1453,.T.);
#1512=ADVANCED_FACE('',(#1384),#22,.F.);
#1513=ADVANCED_FACE('',(#1385),#1454,.F.);
#1514=ADVANCED_FACE('',(#1386),#23,.F.);
#1515=ADVANCED_FACE('',(#1387),#1455,.T.);
#1516=ADVANCED_FACE('',(#1388),#1456,.T.);
#1517=ADVANCED_FACE('',(#1389),#24,.F.);
#1518=ADVANCED_FACE('',(#1390),#1457,.F.);
#1519=ADVANCED_FACE('',(#1391),#25,.F.);
#1520=ADVANCED_FACE('',(#1392),#1458,.T.);
#1521=ADVANCED_FACE('',(#1393),#1459,.T.);
#1522=ADVANCED_FACE('',(#1394),#26,.F.);
#1523=ADVANCED_FACE('',(#1395),#1460,.F.);
#1524=ADVANCED_FACE('',(#1396),#27,.F.);
#1525=ADVANCED_FACE('',(#1397),#1461,.T.);
#1526=ADVANCED_FACE('',(#1398),#1462,.T.);
#1527=ADVANCED_FACE('',(#1399),#28,.F.);
#1528=ADVANCED_FACE('',(#1400),#1463,.F.);
#1529=ADVANCED_FACE('',(#1401),#29,.F.);
#1530=ADVANCED_FACE('',(#1402),#1464,.T.);
#1531=ADVANCED_FACE('',(#1403),#1465,.T.);
#1532=ADVANCED_FACE('',(#1404),#30,.F.);
#1533=ADVANCED_FACE('',(#1405),#1466,.F.);
#1534=ADVANCED_FACE('',(#1406),#31,.F.);
#1535=ADVANCED_FACE('',(#1407),#1467,.T.);
#1536=ADVANCED_FACE('',(#1408),#1468,.T.);
#1537=ADVANCED_FACE('',(#1409),#32,.F.);
#1538=ADVANCED_FACE('',(#1410),#1469,.F.);
#1539=ADVANCED_FACE('',(#1411),#33,.F.);
#1540=ADVANCED_FACE('',(#1412),#1470,.T.);
#1541=ADVANCED_FACE('',(#1413),#1471,.T.);
#1542=ADVANCED_FACE('',(#1414),#34,.F.);
#1543=ADVANCED_FACE('',(#1415),#1472,.F.);
#1544=ADVANCED_FACE('',(#1416),#35,.F.);
#1545=ADVANCED_FACE('',(#1417),#1473,.T.);
#1546=ADVANCED_FACE('',(#1418),#1474,.T.);
#1547=ADVANCED_FACE('',(#1419),#36,.F.);
#1548=ADVANCED_FACE('',(#1420),#1475,.F.);
#1549=ADVANCED_FACE('',(#1421),#37,.F.);
#1550=ADVANCED_FACE('',(#1422),#1476,.T.);
#1551=ADVANCED_FACE('',(#1423),#1477,.T.);
#1552=ADVANCED_FACE('',(#1424),#38,.F.);
#1553=ADVANCED_FACE('',(#1425),#1478,.F.);
#1554=ADVANCED_FACE('',(#1426),#39,.F.);
#1555=ADVANCED_FACE('',(#1427),#1479,.T.);
#1556=ADVANCED_FACE('',(#1428),#1480,.T.);
#1557=ADVANCED_FACE('',(#1429),#40,.F.);
#1558=ADVANCED_FACE('',(#1430),#1481,.F.);
#1559=ADVANCED_FACE('',(#1431),#41,.F.);
#1560=ADVANCED_FACE('',(#1432),#1482,.T.);
#1561=ADVANCED_FACE('',(#1433),#1483,.T.);
#1562=ADVANCED_FACE('',(#1434),#42,.F.);
#1563=ADVANCED_FACE('',(#1435),#1484,.F.);
#1564=ADVANCED_FACE('',(#1436),#43,.F.);
#1565=ADVANCED_FACE('',(#1437),#1485,.T.);
#1566=CLOSED_SHELL('',(#1486,#1487,#1488,#1489,#1490,#1491,#1492,#1493,
#1494,#1495,#1496,#1497,#1498,#1499,#1500,#1501,#1502,#1503,#1504,#1505,
#1506,#1507,#1508,#1509,#1510,#1511,#1512,#1513,#1514,#1515,#1516,#1517,
#1518,#1519,#1520,#1521,#1522,#1523,#1524,#1525,#1526,#1527,#1528,#1529,
#1530,#1531,#1532,#1533,#1534,#1535,#1536,#1537,#1538,#1539,#1540,#1541,
#1542,#1543,#1544,#1545,#1546,#1547,#1548,#1549,#1550,#1551,#1552,#1553,
#1554,#1555,#1556,#1557,#1558,#1559,#1560,#1561,#1562,#1563,#1564,#1565));
#1567=STYLED_ITEM('',(#1568),#1575);
#1568=PRESENTATION_STYLE_ASSIGNMENT((#1569));
#1569=SURFACE_STYLE_USAGE(.BOTH.,#1570);
#1570=SURFACE_SIDE_STYLE('',(#1571));
#1571=SURFACE_STYLE_FILL_AREA(#1572);
#1572=FILL_AREA_STYLE('',(#1573));
#1573=FILL_AREA_STYLE_COLOUR('',#1574);
#1574=COLOUR_RGB('',0.301960784313725,0.301960784313725,0.301960784313725);
#1575=MANIFOLD_SOLID_BREP('0_5-Hex_3DP_Adapter',#1566);
#1576=SHAPE_DEFINITION_REPRESENTATION(#2724,#1577);
#1577=SHAPE_REPRESENTATION('0_5-Hex_3DP_Adapter',(#1578),#2719);
#1578=AXIS2_PLACEMENT_3D('',#2247,#1755,#1756);
#1579=AXIS2_PLACEMENT_3D('',#2248,#1757,#1758);
#1580=AXIS2_PLACEMENT_3D('',#2252,#1760,#1761);
#1581=AXIS2_PLACEMENT_3D('',#2256,#1763,#1764);
#1582=AXIS2_PLACEMENT_3D('',#2257,#1765,#1766);
#1583=AXIS2_PLACEMENT_3D('',#2261,#1768,#1769);
#1584=AXIS2_PLACEMENT_3D('',#2265,#1771,#1772);
#1585=AXIS2_PLACEMENT_3D('',#2266,#1773,#1774);
#1586=AXIS2_PLACEMENT_3D('',#2270,#1776,#1777);
#1587=AXIS2_PLACEMENT_3D('',#2274,#1779,#1780);
#1588=AXIS2_PLACEMENT_3D('',#2275,#1781,#1782);
#1589=AXIS2_PLACEMENT_3D('',#2279,#1784,#1785);
#1590=AXIS2_PLACEMENT_3D('',#2283,#1787,#1788);
#1591=AXIS2_PLACEMENT_3D('',#2284,#1789,#1790);
#1592=AXIS2_PLACEMENT_3D('',#2288,#1792,#1793);
#1593=AXIS2_PLACEMENT_3D('',#2292,#1795,#1796);
#1594=AXIS2_PLACEMENT_3D('',#2293,#1797,#1798);
#1595=AXIS2_PLACEMENT_3D('',#2297,#1800,#1801);
#1596=AXIS2_PLACEMENT_3D('',#2301,#1803,#1804);
#1597=AXIS2_PLACEMENT_3D('',#2302,#1805,#1806);
#1598=AXIS2_PLACEMENT_3D('',#2306,#1808,#1809);
#1599=AXIS2_PLACEMENT_3D('',#2310,#1811,#1812);
#1600=AXIS2_PLACEMENT_3D('',#2311,#1813,#1814);
#1601=AXIS2_PLACEMENT_3D('',#2315,#1816,#1817);
#1602=AXIS2_PLACEMENT_3D('',#2319,#1819,#1820);
#1603=AXIS2_PLACEMENT_3D('',#2320,#1821,#1822);
#1604=AXIS2_PLACEMENT_3D('',#2324,#1824,#1825);
#1605=AXIS2_PLACEMENT_3D('',#2328,#1827,#1828);
#1606=AXIS2_PLACEMENT_3D('',#2329,#1829,#1830);
#1607=AXIS2_PLACEMENT_3D('',#2333,#1832,#1833);
#1608=AXIS2_PLACEMENT_3D('',#2337,#1835,#1836);
#1609=AXIS2_PLACEMENT_3D('',#2338,#1837,#1838);
#1610=AXIS2_PLACEMENT_3D('',#2342,#1840,#1841);
#1611=AXIS2_PLACEMENT_3D('',#2346,#1843,#1844);
#1612=AXIS2_PLACEMENT_3D('',#2347,#1845,#1846);
#1613=AXIS2_PLACEMENT_3D('',#2363,#1854,#1855);
#1614=AXIS2_PLACEMENT_3D('',#2364,#1856,#1857);
#1615=AXIS2_PLACEMENT_3D('',#2368,#1859,#1860);
#1616=AXIS2_PLACEMENT_3D('',#2372,#1862,#1863);
#1617=AXIS2_PLACEMENT_3D('',#2373,#1864,#1865);
#1618=AXIS2_PLACEMENT_3D('',#2377,#1867,#1868);
#1619=AXIS2_PLACEMENT_3D('',#2381,#1870,#1871);
#1620=AXIS2_PLACEMENT_3D('',#2382,#1872,#1873);
#1621=AXIS2_PLACEMENT_3D('',#2386,#1875,#1876);
#1622=AXIS2_PLACEMENT_3D('',#2390,#1878,#1879);
#1623=AXIS2_PLACEMENT_3D('',#2391,#1880,#1881);
#1624=AXIS2_PLACEMENT_3D('',#2395,#1883,#1884);
#1625=AXIS2_PLACEMENT_3D('',#2399,#1886,#1887);
#1626=AXIS2_PLACEMENT_3D('',#2400,#1888,#1889);
#1627=AXIS2_PLACEMENT_3D('',#2404,#1891,#1892);
#1628=AXIS2_PLACEMENT_3D('',#2408,#1894,#1895);
#1629=AXIS2_PLACEMENT_3D('',#2409,#1896,#1897);
#1630=AXIS2_PLACEMENT_3D('',#2413,#1899,#1900);
#1631=AXIS2_PLACEMENT_3D('',#2417,#1902,#1903);
#1632=AXIS2_PLACEMENT_3D('',#2418,#1904,#1905);
#1633=AXIS2_PLACEMENT_3D('',#2422,#1907,#1908);
#1634=AXIS2_PLACEMENT_3D('',#2426,#1910,#1911);
#1635=AXIS2_PLACEMENT_3D('',#2427,#1912,#1913);
#1636=AXIS2_PLACEMENT_3D('',#2431,#1915,#1916);
#1637=AXIS2_PLACEMENT_3D('',#2435,#1918,#1919);
#1638=AXIS2_PLACEMENT_3D('',#2436,#1920,#1921);
#1639=AXIS2_PLACEMENT_3D('',#2440,#1923,#1924);
#1640=AXIS2_PLACEMENT_3D('',#2444,#1926,#1927);
#1641=AXIS2_PLACEMENT_3D('',#2445,#1928,#1929);
#1642=AXIS2_PLACEMENT_3D('',#2449,#1931,#1932);
#1643=AXIS2_PLACEMENT_3D('',#2453,#1934,#1935);
#1644=AXIS2_PLACEMENT_3D('',#2454,#1936,#1937);
#1645=AXIS2_PLACEMENT_3D('',#2458,#1939,#1940);
#1646=AXIS2_PLACEMENT_3D('',#2462,#1942,#1943);
#1647=AXIS2_PLACEMENT_3D('',#2464,#1944,#1945);
#1648=AXIS2_PLACEMENT_3D('',#2466,#1946,#1947);
#1649=AXIS2_PLACEMENT_3D('',#2470,#1949,#1950);
#1650=AXIS2_PLACEMENT_3D('',#2471,#1951,#1952);
#1651=AXIS2_PLACEMENT_3D('',#2484,#1959,#1960);
#1652=AXIS2_PLACEMENT_3D('',#2488,#1962,#1963);
#1653=AXIS2_PLACEMENT_3D('',#2492,#1965,#1966);
#1654=AXIS2_PLACEMENT_3D('',#2494,#1967,#1968);
#1655=AXIS2_PLACEMENT_3D('',#2496,#1969,#1970);
#1656=AXIS2_PLACEMENT_3D('',#2500,#1972,#1973);
#1657=AXIS2_PLACEMENT_3D('',#2504,#1975,#1976);
#1658=AXIS2_PLACEMENT_3D('',#2505,#1977,#1978);
#1659=AXIS2_PLACEMENT_3D('',#2509,#1980,#1981);
#1660=AXIS2_PLACEMENT_3D('',#2513,#1983,#1984);
#1661=AXIS2_PLACEMENT_3D('',#2514,#1985,#1986);
#1662=AXIS2_PLACEMENT_3D('',#2518,#1988,#1989);
#1663=AXIS2_PLACEMENT_3D('',#2522,#1991,#1992);
#1664=AXIS2_PLACEMENT_3D('',#2523,#1993,#1994);
#1665=AXIS2_PLACEMENT_3D('',#2527,#1996,#1997);
#1666=AXIS2_PLACEMENT_3D('',#2531,#1999,#2000);
#1667=AXIS2_PLACEMENT_3D('',#2532,#2001,#2002);
#1668=AXIS2_PLACEMENT_3D('',#2536,#2004,#2005);
#1669=AXIS2_PLACEMENT_3D('',#2540,#2007,#2008);
#1670=AXIS2_PLACEMENT_3D('',#2541,#2009,#2010);
#1671=AXIS2_PLACEMENT_3D('',#2545,#2012,#2013);
#1672=AXIS2_PLACEMENT_3D('',#2549,#2015,#2016);
#1673=AXIS2_PLACEMENT_3D('',#2550,#2017,#2018);
#1674=AXIS2_PLACEMENT_3D('',#2554,#2020,#2021);
#1675=AXIS2_PLACEMENT_3D('',#2558,#2023,#2024);
#1676=AXIS2_PLACEMENT_3D('',#2559,#2025,#2026);
#1677=AXIS2_PLACEMENT_3D('',#2563,#2028,#2029);
#1678=AXIS2_PLACEMENT_3D('',#2567,#2031,#2032);
#1679=AXIS2_PLACEMENT_3D('',#2568,#2033,#2034);
#1680=AXIS2_PLACEMENT_3D('',#2572,#2036,#2037);
#1681=AXIS2_PLACEMENT_3D('',#2576,#2039,#2040);
#1682=AXIS2_PLACEMENT_3D('',#2577,#2041,#2042);
#1683=AXIS2_PLACEMENT_3D('',#2581,#2044,#2045);
#1684=AXIS2_PLACEMENT_3D('',#2585,#2047,#2048);
#1685=AXIS2_PLACEMENT_3D('',#2586,#2049,#2050);
#1686=AXIS2_PLACEMENT_3D('',#2590,#2052,#2053);
#1687=AXIS2_PLACEMENT_3D('',#2594,#2055,#2056);
#1688=AXIS2_PLACEMENT_3D('',#2595,#2057,#2058);
#1689=AXIS2_PLACEMENT_3D('',#2598,#2061,#2062);
#1690=AXIS2_PLACEMENT_3D('',#2600,#2064,#2065);
#1691=AXIS2_PLACEMENT_3D('',#2602,#2067,#2068);
#1692=AXIS2_PLACEMENT_3D('',#2604,#2070,#2071);
#1693=AXIS2_PLACEMENT_3D('',#2606,#2073,#2074);
#1694=AXIS2_PLACEMENT_3D('',#2607,#2075,#2076);
#1695=AXIS2_PLACEMENT_3D('',#2610,#2079,#2080);
#1696=AXIS2_PLACEMENT_3D('',#2612,#2082,#2083);
#1697=AXIS2_PLACEMENT_3D('',#2614,#2085,#2086);
#1698=AXIS2_PLACEMENT_3D('',#2616,#2088,#2089);
#1699=AXIS2_PLACEMENT_3D('',#2618,#2091,#2092);
#1700=AXIS2_PLACEMENT_3D('',#2619,#2093,#2094);
#1701=AXIS2_PLACEMENT_3D('',#2621,#2096,#2097);
#1702=AXIS2_PLACEMENT_3D('',#2623,#2099,#2100);
#1703=AXIS2_PLACEMENT_3D('',#2625,#2102,#2103);
#1704=AXIS2_PLACEMENT_3D('',#2627,#2105,#2106);
#1705=AXIS2_PLACEMENT_3D('',#2628,#2107,#2108);
#1706=AXIS2_PLACEMENT_3D('',#2630,#2110,#2111);
#1707=AXIS2_PLACEMENT_3D('',#2632,#2113,#2114);
#1708=AXIS2_PLACEMENT_3D('',#2634,#2116,#2117);
#1709=AXIS2_PLACEMENT_3D('',#2636,#2119,#2120);
#1710=AXIS2_PLACEMENT_3D('',#2637,#2121,#2122);
#1711=AXIS2_PLACEMENT_3D('',#2639,#2124,#2125);
#1712=AXIS2_PLACEMENT_3D('',#2641,#2127,#2128);
#1713=AXIS2_PLACEMENT_3D('',#2643,#2130,#2131);
#1714=AXIS2_PLACEMENT_3D('',#2645,#2133,#2134);
#1715=AXIS2_PLACEMENT_3D('',#2646,#2135,#2136);
#1716=AXIS2_PLACEMENT_3D('',#2648,#2138,#2139);
#1717=AXIS2_PLACEMENT_3D('',#2650,#2141,#2142);
#1718=AXIS2_PLACEMENT_3D('',#2652,#2144,#2145);
#1719=AXIS2_PLACEMENT_3D('',#2654,#2147,#2148);
#1720=AXIS2_PLACEMENT_3D('',#2655,#2149,#2150);
#1721=AXIS2_PLACEMENT_3D('',#2657,#2152,#2153);
#1722=AXIS2_PLACEMENT_3D('',#2659,#2155,#2156);
#1723=AXIS2_PLACEMENT_3D('',#2661,#2158,#2159);
#1724=AXIS2_PLACEMENT_3D('',#2663,#2161,#2162);
#1725=AXIS2_PLACEMENT_3D('',#2664,#2163,#2164);
#1726=AXIS2_PLACEMENT_3D('',#2666,#2166,#2167);
#1727=AXIS2_PLACEMENT_3D('',#2668,#2169,#2170);
#1728=AXIS2_PLACEMENT_3D('',#2670,#2172,#2173);
#1729=AXIS2_PLACEMENT_3D('',#2672,#2175,#2176);
#1730=AXIS2_PLACEMENT_3D('',#2673,#2177,#2178);
#1731=AXIS2_PLACEMENT_3D('',#2675,#2180,#2181);
#1732=AXIS2_PLACEMENT_3D('',#2677,#2183,#2184);
#1733=AXIS2_PLACEMENT_3D('',#2679,#2186,#2187);
#1734=AXIS2_PLACEMENT_3D('',#2681,#2189,#2190);
#1735=AXIS2_PLACEMENT_3D('',#2682,#2191,#2192);
#1736=AXIS2_PLACEMENT_3D('',#2684,#2194,#2195);
#1737=AXIS2_PLACEMENT_3D('',#2686,#2197,#2198);
#1738=AXIS2_PLACEMENT_3D('',#2688,#2200,#2201);
#1739=AXIS2_PLACEMENT_3D('',#2690,#2203,#2204);
#1740=AXIS2_PLACEMENT_3D('',#2691,#2205,#2206);
#1741=AXIS2_PLACEMENT_3D('',#2693,#2208,#2209);
#1742=AXIS2_PLACEMENT_3D('',#2695,#2211,#2212);
#1743=AXIS2_PLACEMENT_3D('',#2697,#2214,#2215);
#1744=AXIS2_PLACEMENT_3D('',#2699,#2217,#2218);
#1745=AXIS2_PLACEMENT_3D('',#2700,#2219,#2220);
#1746=AXIS2_PLACEMENT_3D('',#2702,#2222,#2223);
#1747=AXIS2_PLACEMENT_3D('',#2704,#2225,#2226);
#1748=AXIS2_PLACEMENT_3D('',#2706,#2228,#2229);
#1749=AXIS2_PLACEMENT_3D('',#2708,#2231,#2232);
#1750=AXIS2_PLACEMENT_3D('',#2709,#2233,#2234);
#1751=AXIS2_PLACEMENT_3D('',#2711,#2236,#2237);
#1752=AXIS2_PLACEMENT_3D('',#2713,#2239,#2240);
#1753=AXIS2_PLACEMENT_3D('',#2715,#2242,#2243);
#1754=AXIS2_PLACEMENT_3D('',#2717,#2245,#2246);
#1755=DIRECTION('',(0.,0.,1.));
#1756=DIRECTION('',(1.,0.,0.));
#1757=DIRECTION('',(0.,1.,0.));
#1758=DIRECTION('',(0.,0.,1.));
#1759=DIRECTION('',(0.,-1.,0.));
#1760=DIRECTION('',(0.,-1.,0.));
#1761=DIRECTION('',(0.,0.,-1.));
#1762=DIRECTION('',(0.,-1.,0.));
#1763=DIRECTION('',(0.,-1.,0.));
#1764=DIRECTION('',(0.,0.,-1.));
#1765=DIRECTION('',(0.,1.,0.));
#1766=DIRECTION('',(0.,0.,1.));
#1767=DIRECTION('',(0.,-1.,0.));
#1768=DIRECTION('',(0.,-1.,0.));
#1769=DIRECTION('',(0.,0.,-1.));
#1770=DIRECTION('',(0.,-1.,0.));
#1771=DIRECTION('',(0.,-1.,0.));
#1772=DIRECTION('',(0.,0.,-1.));
#1773=DIRECTION('',(0.,1.,0.));
#1774=DIRECTION('',(0.,0.,1.));
#1775=DIRECTION('',(0.,-1.,0.));
#1776=DIRECTION('',(0.,-1.,0.));
#1777=DIRECTION('',(0.,0.,-1.));
#1778=DIRECTION('',(0.,-1.,0.));
#1779=DIRECTION('',(0.,-1.,0.));
#1780=DIRECTION('',(0.,0.,-1.));
#1781=DIRECTION('',(0.,1.,0.));
#1782=DIRECTION('',(0.,0.,1.));
#1783=DIRECTION('',(0.,-1.,0.));
#1784=DIRECTION('',(0.,-1.,0.));
#1785=DIRECTION('',(0.,0.,-1.));
#1786=DIRECTION('',(0.,-1.,0.));
#1787=DIRECTION('',(0.,-1.,0.));
#1788=DIRECTION('',(0.,0.,-1.));
#1789=DIRECTION('',(0.,1.,0.));
#1790=DIRECTION('',(0.,0.,1.));
#1791=DIRECTION('',(0.,-1.,0.));
#1792=DIRECTION('',(0.,-1.,0.));
#1793=DIRECTION('',(0.,0.,-1.));
#1794=DIRECTION('',(0.,-1.,0.));
#1795=DIRECTION('',(0.,-1.,0.));
#1796=DIRECTION('',(0.,0.,-1.));
#1797=DIRECTION('',(0.,1.,0.));
#1798=DIRECTION('',(0.,0.,1.));
#1799=DIRECTION('',(0.,-1.,0.));
#1800=DIRECTION('',(0.,-1.,0.));
#1801=DIRECTION('',(0.,0.,-1.));
#1802=DIRECTION('',(0.,-1.,0.));
#1803=DIRECTION('',(0.,-1.,0.));
#1804=DIRECTION('',(0.,0.,-1.));
#1805=DIRECTION('',(0.,1.,0.));
#1806=DIRECTION('',(0.,0.,1.));
#1807=DIRECTION('',(0.,-1.,0.));
#1808=DIRECTION('',(0.,-1.,0.));
#1809=DIRECTION('',(0.,0.,-1.));
#1810=DIRECTION('',(0.,-1.,0.));
#1811=DIRECTION('',(0.,-1.,0.));
#1812=DIRECTION('',(0.,0.,-1.));
#1813=DIRECTION('',(0.,1.,0.));
#1814=DIRECTION('',(0.,0.,1.));
#1815=DIRECTION('',(0.,-1.,0.));
#1816=DIRECTION('',(0.,-1.,0.));
#1817=DIRECTION('',(0.,0.,-1.));
#1818=DIRECTION('',(0.,-1.,0.));
#1819=DIRECTION('',(0.,-1.,0.));
#1820=DIRECTION('',(0.,0.,-1.));
#1821=DIRECTION('',(0.,1.,0.));
#1822=DIRECTION('',(0.,0.,1.));
#1823=DIRECTION('',(0.,-1.,0.));
#1824=DIRECTION('',(0.,-1.,0.));
#1825=DIRECTION('',(0.,0.,-1.));
#1826=DIRECTION('',(0.,-1.,0.));
#1827=DIRECTION('',(0.,-1.,0.));
#1828=DIRECTION('',(0.,0.,-1.));
#1829=DIRECTION('',(0.,1.,0.));
#1830=DIRECTION('',(0.,0.,1.));
#1831=DIRECTION('',(0.,-1.,0.));
#1832=DIRECTION('',(0.,-1.,0.));
#1833=DIRECTION('',(0.,0.,-1.));
#1834=DIRECTION('',(0.,-1.,0.));
#1835=DIRECTION('',(0.,-1.,0.));
#1836=DIRECTION('',(0.,0.,-1.));
#1837=DIRECTION('',(0.,1.,0.));
#1838=DIRECTION('',(0.,0.,1.));
#1839=DIRECTION('',(0.,-1.,0.));
#1840=DIRECTION('',(0.,-1.,0.));
#1841=DIRECTION('',(0.,0.,-1.));
#1842=DIRECTION('',(0.,-1.,0.));
#1843=DIRECTION('',(0.,-1.,0.));
#1844=DIRECTION('',(0.,0.,-1.));
#1845=DIRECTION('',(0.,-1.,0.));
#1846=DIRECTION('',(1.,0.,0.));
#1847=DIRECTION('',(0.866025403784439,0.,0.5));
#1848=DIRECTION('',(0.866025403784439,0.,-0.5));
#1849=DIRECTION('',(-2.35642406552868E-16,0.,-1.));
#1850=DIRECTION('',(-0.866025403784439,0.,-0.5));
#1851=DIRECTION('',(-0.866025403784439,0.,0.5));
#1852=DIRECTION('',(2.35642406552868E-16,0.,1.));
#1853=DIRECTION('',(0.5,0.,-0.866025403784439));
#1854=DIRECTION('',(0.,-1.,0.));
#1855=DIRECTION('',(0.,0.,-1.));
#1856=DIRECTION('',(0.,-1.,0.));
#1857=DIRECTION('',(0.,0.,-1.));
#1858=DIRECTION('',(-0.5,0.,0.866025403784439));
#1859=DIRECTION('',(0.,-1.,0.));
#1860=DIRECTION('',(0.,0.,-1.));
#1861=DIRECTION('',(0.866025403784439,0.,-0.5));
#1862=DIRECTION('',(0.,-1.,0.));
#1863=DIRECTION('',(0.,0.,-1.));
#1864=DIRECTION('',(0.,-1.,0.));
#1865=DIRECTION('',(0.,0.,-1.));
#1866=DIRECTION('',(-0.866025403784439,0.,0.5));
#1867=DIRECTION('',(0.,-1.,0.));
#1868=DIRECTION('',(0.,0.,-1.));
#1869=DIRECTION('',(1.,0.,1.67037129032133E-16));
#1870=DIRECTION('',(0.,-1.,0.));
#1871=DIRECTION('',(0.,0.,-1.));
#1872=DIRECTION('',(0.,-1.,0.));
#1873=DIRECTION('',(0.,0.,-1.));
#1874=DIRECTION('',(-1.,0.,0.));
#1875=DIRECTION('',(0.,-1.,0.));
#1876=DIRECTION('',(0.,0.,-1.));
#1877=DIRECTION('',(0.866025403784439,0.,0.5));
#1878=DIRECTION('',(0.,-1.,0.));
#1879=DIRECTION('',(0.,0.,-1.));
#1880=DIRECTION('',(0.,-1.,0.));
#1881=DIRECTION('',(0.,0.,-1.));
#1882=DIRECTION('',(-0.866025403784439,0.,-0.5));
#1883=DIRECTION('',(0.,-1.,0.));
#1884=DIRECTION('',(0.,0.,-1.));
#1885=DIRECTION('',(0.5,0.,0.866025403784439));
#1886=DIRECTION('',(0.,-1.,0.));
#1887=DIRECTION('',(0.,0.,-1.));
#1888=DIRECTION('',(0.,-1.,0.));
#1889=DIRECTION('',(0.,0.,-1.));
#1890=DIRECTION('',(-0.5,0.,-0.866025403784439));
#1891=DIRECTION('',(0.,-1.,0.));
#1892=DIRECTION('',(0.,0.,-1.));
#1893=DIRECTION('',(-3.34074258064266E-16,0.,1.));
#1894=DIRECTION('',(0.,-1.,0.));
#1895=DIRECTION('',(0.,0.,-1.));
#1896=DIRECTION('',(0.,-1.,0.));
#1897=DIRECTION('',(0.,0.,-1.));
#1898=DIRECTION('',(-1.67037129032134E-16,0.,-1.));
#1899=DIRECTION('',(0.,-1.,0.));
#1900=DIRECTION('',(0.,0.,-1.));
#1901=DIRECTION('',(-0.5,0.,0.866025403784439));
#1902=DIRECTION('',(0.,-1.,0.));
#1903=DIRECTION('',(0.,0.,-1.));
#1904=DIRECTION('',(0.,-1.,0.));
#1905=DIRECTION('',(0.,0.,-1.));
#1906=DIRECTION('',(0.5,0.,-0.866025403784439));
#1907=DIRECTION('',(0.,-1.,0.));
#1908=DIRECTION('',(0.,0.,-1.));
#1909=DIRECTION('',(-0.866025403784439,0.,0.5));
#1910=DIRECTION('',(0.,-1.,0.));
#1911=DIRECTION('',(0.,0.,-1.));
#1912=DIRECTION('',(0.,-1.,0.));
#1913=DIRECTION('',(0.,0.,-1.));
#1914=DIRECTION('',(0.866025403784439,0.,-0.5));
#1915=DIRECTION('',(0.,-1.,0.));
#1916=DIRECTION('',(0.,0.,-1.));
#1917=DIRECTION('',(-1.,0.,-3.34074258064266E-16));
#1918=DIRECTION('',(0.,-1.,0.));
#1919=DIRECTION('',(0.,0.,-1.));
#1920=DIRECTION('',(0.,-1.,0.));
#1921=DIRECTION('',(0.,0.,-1.));
#1922=DIRECTION('',(1.,0.,-5.84629951612469E-16));
#1923=DIRECTION('',(0.,-1.,0.));
#1924=DIRECTION('',(0.,0.,-1.));
#1925=DIRECTION('',(-0.866025403784439,0.,-0.5));
#1926=DIRECTION('',(0.,-1.,0.));
#1927=DIRECTION('',(0.,0.,-1.));
#1928=DIRECTION('',(0.,-1.,0.));
#1929=DIRECTION('',(0.,0.,-1.));
#1930=DIRECTION('',(0.866025403784439,0.,0.5));
#1931=DIRECTION('',(0.,-1.,0.));
#1932=DIRECTION('',(0.,0.,-1.));
#1933=DIRECTION('',(-0.5,0.,-0.866025403784439));
#1934=DIRECTION('',(0.,-1.,0.));
#1935=DIRECTION('',(0.,0.,-1.));
#1936=DIRECTION('',(0.,-1.,0.));
#1937=DIRECTION('',(0.,0.,-1.));
#1938=DIRECTION('',(0.5,0.,0.866025403784439));
#1939=DIRECTION('',(0.,-1.,0.));
#1940=DIRECTION('',(0.,0.,-1.));
#1941=DIRECTION('',(8.35185645160664E-17,0.,-1.));
#1942=DIRECTION('',(0.,-1.,0.));
#1943=DIRECTION('',(0.,0.,-1.));
#1944=DIRECTION('',(0.,-1.,0.));
#1945=DIRECTION('',(0.,0.,-1.));
#1946=DIRECTION('',(0.,-1.,0.));
#1947=DIRECTION('',(0.,0.,-1.));
#1948=DIRECTION('',(0.,0.,1.));
#1949=DIRECTION('',(0.,-1.,0.));
#1950=DIRECTION('',(0.,0.,-1.));
#1951=DIRECTION('',(0.,-1.,0.));
#1952=DIRECTION('',(1.,0.,0.));
#1953=DIRECTION('',(0.866025403784439,0.,0.5));
#1954=DIRECTION('',(2.35642406552868E-16,0.,1.));
#1955=DIRECTION('',(-0.866025403784439,0.,0.5));
#1956=DIRECTION('',(-0.866025403784439,0.,-0.5));
#1957=DIRECTION('',(-2.35642406552868E-16,0.,-1.));
#1958=DIRECTION('',(0.866025403784439,0.,-0.5));
#1959=DIRECTION('',(0.,-1.,0.));
#1960=DIRECTION('',(0.,0.,-1.));
#1961=DIRECTION('',(0.5,0.,-0.866025403784439));
#1962=DIRECTION('',(0.,-1.,0.));
#1963=DIRECTION('',(0.,0.,-1.));
#1964=DIRECTION('',(0.,0.,1.));
#1965=DIRECTION('',(0.,-1.,0.));
#1966=DIRECTION('',(0.,0.,-1.));
#1967=DIRECTION('',(0.,-1.,0.));
#1968=DIRECTION('',(0.,0.,-1.));
#1969=DIRECTION('',(0.,-1.,0.));
#1970=DIRECTION('',(0.,0.,-1.));
#1971=DIRECTION('',(8.35185645160664E-17,0.,-1.));
#1972=DIRECTION('',(0.,-1.,0.));
#1973=DIRECTION('',(0.,0.,-1.));
#1974=DIRECTION('',(0.5,0.,0.866025403784439));
#1975=DIRECTION('',(0.,-1.,0.));
#1976=DIRECTION('',(0.,0.,-1.));
#1977=DIRECTION('',(0.,-1.,0.));
#1978=DIRECTION('',(0.,0.,-1.));
#1979=DIRECTION('',(-0.5,0.,-0.866025403784439));
#1980=DIRECTION('',(0.,-1.,0.));
#1981=DIRECTION('',(0.,0.,-1.));
#1982=DIRECTION('',(0.866025403784439,0.,0.5));
#1983=DIRECTION('',(0.,-1.,0.));
#1984=DIRECTION('',(0.,0.,-1.));
#1985=DIRECTION('',(0.,-1.,0.));
#1986=DIRECTION('',(0.,0.,-1.));
#1987=DIRECTION('',(-0.866025403784439,0.,-0.5));
#1988=DIRECTION('',(0.,-1.,0.));
#1989=DIRECTION('',(0.,0.,-1.));
#1990=DIRECTION('',(1.,0.,-5.84629951612469E-16));
#1991=DIRECTION('',(0.,-1.,0.));
#1992=DIRECTION('',(0.,0.,-1.));
#1993=DIRECTION('',(0.,-1.,0.));
#1994=DIRECTION('',(0.,0.,-1.));
#1995=DIRECTION('',(-1.,0.,-3.34074258064266E-16));
#1996=DIRECTION('',(0.,-1.,0.));
#1997=DIRECTION('',(0.,0.,-1.));
#1998=DIRECTION('',(0.866025403784439,0.,-0.5));
#1999=DIRECTION('',(0.,-1.,0.));
#2000=DIRECTION('',(0.,0.,-1.));
#2001=DIRECTION('',(0.,-1.,0.));
#2002=DIRECTION('',(0.,0.,-1.));
#2003=DIRECTION('',(-0.866025403784439,0.,0.5));
#2004=DIRECTION('',(0.,-1.,0.));
#2005=DIRECTION('',(0.,0.,-1.));
#2006=DIRECTION('',(0.5,0.,-0.866025403784439));
#2007=DIRECTION('',(0.,-1.,0.));
#2008=DIRECTION('',(0.,0.,-1.));
#2009=DIRECTION('',(0.,-1.,0.));
#2010=DIRECTION('',(0.,0.,-1.));
#2011=DIRECTION('',(-0.5,0.,0.866025403784439));
#2012=DIRECTION('',(0.,-1.,0.));
#2013=DIRECTION('',(0.,0.,-1.));
#2014=DIRECTION('',(-1.67037129032133E-16,0.,-1.));
#2015=DIRECTION('',(0.,-1.,0.));
#2016=DIRECTION('',(0.,0.,-1.));
#2017=DIRECTION('',(0.,-1.,0.));
#2018=DIRECTION('',(0.,0.,-1.));
#2019=DIRECTION('',(-3.34074258064266E-16,0.,1.));
#2020=DIRECTION('',(0.,-1.,0.));
#2021=DIRECTION('',(0.,0.,-1.));
#2022=DIRECTION('',(-0.5,0.,-0.866025403784439));
#2023=DIRECTION('',(0.,-1.,0.));
#2024=DIRECTION('',(0.,0.,-1.));
#2025=DIRECTION('',(0.,-1.,0.));
#2026=DIRECTION('',(0.,0.,-1.));
#2027=DIRECTION('',(0.5,0.,0.866025403784439));
#2028=DIRECTION('',(0.,-1.,0.));
#2029=DIRECTION('',(0.,0.,-1.));
#2030=DIRECTION('',(-0.866025403784439,0.,-0.5));
#2031=DIRECTION('',(0.,-1.,0.));
#2032=DIRECTION('',(0.,0.,-1.));
#2033=DIRECTION('',(0.,-1.,0.));
#2034=DIRECTION('',(0.,0.,-1.));
#2035=DIRECTION('',(0.866025403784439,0.,0.5));
#2036=DIRECTION('',(0.,-1.,0.));
#2037=DIRECTION('',(0.,0.,-1.));
#2038=DIRECTION('',(-1.,0.,0.));
#2039=DIRECTION('',(0.,-1.,0.));
#2040=DIRECTION('',(0.,0.,-1.));
#2041=DIRECTION('',(0.,-1.,0.));
#2042=DIRECTION('',(0.,0.,-1.));
#2043=DIRECTION('',(1.,0.,1.67037129032133E-16));
#2044=DIRECTION('',(0.,-1.,0.));
#2045=DIRECTION('',(0.,0.,-1.));
#2046=DIRECTION('',(-0.866025403784439,0.,0.5));
#2047=DIRECTION('',(0.,-1.,0.));
#2048=DIRECTION('',(0.,0.,-1.));
#2049=DIRECTION('',(0.,-1.,0.));
#2050=DIRECTION('',(0.,0.,-1.));
#2051=DIRECTION('',(0.866025403784439,0.,-0.5));
#2052=DIRECTION('',(0.,-1.,0.));
#2053=DIRECTION('',(0.,0.,-1.));
#2054=DIRECTION('',(-0.5,0.,0.866025403784439));
#2055=DIRECTION('',(0.,-1.,0.));
#2056=DIRECTION('',(0.,0.,-1.));
#2057=DIRECTION('',(-0.5,0.,0.866025403784439));
#2058=DIRECTION('',(0.866025403784439,0.,0.5));
#2059=DIRECTION('',(0.,1.,0.));
#2060=DIRECTION('',(0.,1.,0.));
#2061=DIRECTION('',(0.5,0.,0.866025403784439));
#2062=DIRECTION('',(0.866025403784439,0.,-0.5));
#2063=DIRECTION('',(0.,1.,0.));
#2064=DIRECTION('',(1.,0.,-2.35642406552868E-16));
#2065=DIRECTION('',(-2.35642406552868E-16,0.,-1.));
#2066=DIRECTION('',(0.,1.,0.));
#2067=DIRECTION('',(0.5,0.,-0.866025403784439));
#2068=DIRECTION('',(-0.866025403784439,0.,-0.5));
#2069=DIRECTION('',(0.,1.,0.));
#2070=DIRECTION('',(-0.5,0.,-0.866025403784439));
#2071=DIRECTION('',(-0.866025403784439,0.,0.5));
#2072=DIRECTION('',(0.,1.,0.));
#2073=DIRECTION('',(-1.,0.,2.35642406552868E-16));
#2074=DIRECTION('',(2.35642406552868E-16,0.,1.));
#2075=DIRECTION('',(0.,1.,0.));
#2076=DIRECTION('',(0.,0.,1.));
#2077=DIRECTION('',(0.,-1.,0.));
#2078=DIRECTION('',(0.,-1.,0.));
#2079=DIRECTION('',(0.,-1.,0.));
#2080=DIRECTION('',(0.,0.,-1.));
#2081=DIRECTION('',(0.,-1.,0.));
#2082=DIRECTION('',(-1.,0.,-8.35185645160664E-17));
#2083=DIRECTION('',(-8.35185645160664E-17,0.,1.));
#2084=DIRECTION('',(0.,-1.,0.));
#2085=DIRECTION('',(0.,-1.,0.));
#2086=DIRECTION('',(0.,0.,-1.));
#2087=DIRECTION('',(0.,-1.,0.));
#2088=DIRECTION('',(0.866025403784439,0.,-0.5));
#2089=DIRECTION('',(-0.5,0.,-0.866025403784439));
#2090=DIRECTION('',(0.,-1.,0.));
#2091=DIRECTION('',(0.,-1.,0.));
#2092=DIRECTION('',(0.,0.,-1.));
#2093=DIRECTION('',(0.,-1.,0.));
#2094=DIRECTION('',(0.,0.,-1.));
#2095=DIRECTION('',(0.,-1.,0.));
#2096=DIRECTION('',(-0.866025403784439,0.,0.5));
#2097=DIRECTION('',(0.5,0.,0.866025403784439));
#2098=DIRECTION('',(0.,-1.,0.));
#2099=DIRECTION('',(0.,-1.,0.));
#2100=DIRECTION('',(0.,0.,-1.));
#2101=DIRECTION('',(0.,-1.,0.));
#2102=DIRECTION('',(0.5,0.,-0.866025403784438));
#2103=DIRECTION('',(-0.866025403784439,0.,-0.5));
#2104=DIRECTION('',(0.,-1.,0.));
#2105=DIRECTION('',(0.,-1.,0.));
#2106=DIRECTION('',(0.,0.,-1.));
#2107=DIRECTION('',(0.,-1.,0.));
#2108=DIRECTION('',(0.,0.,-1.));
#2109=DIRECTION('',(0.,-1.,0.));
#2110=DIRECTION('',(-0.5,0.,0.866025403784439));
#2111=DIRECTION('',(0.866025403784439,0.,0.5));
#2112=DIRECTION('',(0.,-1.,0.));
#2113=DIRECTION('',(0.,-1.,0.));
#2114=DIRECTION('',(0.,0.,-1.));
#2115=DIRECTION('',(0.,-1.,0.));
#2116=DIRECTION('',(-5.84629951612469E-16,0.,-1.));
#2117=DIRECTION('',(-1.,0.,5.84629951612469E-16));
#2118=DIRECTION('',(0.,-1.,0.));
#2119=DIRECTION('',(0.,-1.,0.));
#2120=DIRECTION('',(0.,0.,-1.));
#2121=DIRECTION('',(0.,-1.,0.));
#2122=DIRECTION('',(0.,0.,-1.));
#2123=DIRECTION('',(0.,-1.,0.));
#2124=DIRECTION('',(-3.34074258064266E-16,0.,1.));
#2125=DIRECTION('',(1.,0.,3.34074258064266E-16));
#2126=DIRECTION('',(0.,-1.,0.));
#2127=DIRECTION('',(0.,-1.,0.));
#2128=DIRECTION('',(0.,0.,-1.));
#2129=DIRECTION('',(0.,-1.,0.));
#2130=DIRECTION('',(-0.5,0.,-0.866025403784439));
#2131=DIRECTION('',(-0.866025403784439,0.,0.5));
#2132=DIRECTION('',(0.,-1.,0.));
#2133=DIRECTION('',(0.,-1.,0.));
#2134=DIRECTION('',(0.,0.,-1.));
#2135=DIRECTION('',(0.,-1.,0.));
#2136=DIRECTION('',(0.,0.,-1.));
#2137=DIRECTION('',(0.,-1.,0.));
#2138=DIRECTION('',(0.5,0.,0.866025403784439));
#2139=DIRECTION('',(0.866025403784439,0.,-0.5));
#2140=DIRECTION('',(0.,-1.,0.));
#2141=DIRECTION('',(0.,-1.,0.));
#2142=DIRECTION('',(0.,0.,-1.));
#2143=DIRECTION('',(0.,-1.,0.));
#2144=DIRECTION('',(-0.866025403784439,0.,-0.5));
#2145=DIRECTION('',(-0.5,0.,0.866025403784439));
#2146=DIRECTION('',(0.,-1.,0.));
#2147=DIRECTION('',(0.,-1.,0.));
#2148=DIRECTION('',(0.,0.,-1.));
#2149=DIRECTION('',(0.,-1.,0.));
#2150=DIRECTION('',(0.,0.,-1.));
#2151=DIRECTION('',(0.,-1.,0.));
#2152=DIRECTION('',(0.866025403784439,0.,0.5));
#2153=DIRECTION('',(0.5,0.,-0.866025403784439));
#2154=DIRECTION('',(0.,-1.,0.));
#2155=DIRECTION('',(0.,-1.,0.));
#2156=DIRECTION('',(0.,0.,-1.));
#2157=DIRECTION('',(0.,-1.,0.));
#2158=DIRECTION('',(-1.,0.,1.67037129032133E-16));
#2159=DIRECTION('',(1.67037129032133E-16,0.,1.));
#2160=DIRECTION('',(0.,-1.,0.));
#2161=DIRECTION('',(0.,-1.,0.));
#2162=DIRECTION('',(0.,0.,-1.));
#2163=DIRECTION('',(0.,-1.,0.));
#2164=DIRECTION('',(0.,0.,-1.));
#2165=DIRECTION('',(0.,-1.,0.));
#2166=DIRECTION('',(1.,0.,3.34074258064266E-16));
#2167=DIRECTION('',(3.34074258064266E-16,0.,-1.));
#2168=DIRECTION('',(0.,-1.,0.));
#2169=DIRECTION('',(0.,-1.,0.));
#2170=DIRECTION('',(0.,0.,-1.));
#2171=DIRECTION('',(0.,-1.,0.));
#2172=DIRECTION('',(-0.866025403784439,0.,0.5));
#2173=DIRECTION('',(0.5,0.,0.866025403784439));
#2174=DIRECTION('',(0.,-1.,0.));
#2175=DIRECTION('',(0.,-1.,0.));
#2176=DIRECTION('',(0.,0.,-1.));
#2177=DIRECTION('',(0.,-1.,0.));
#2178=DIRECTION('',(0.,0.,-1.));
#2179=DIRECTION('',(0.,-1.,0.));
#2180=DIRECTION('',(0.866025403784439,0.,-0.5));
#2181=DIRECTION('',(-0.5,0.,-0.866025403784439));
#2182=DIRECTION('',(0.,-1.,0.));
#2183=DIRECTION('',(0.,-1.,0.));
#2184=DIRECTION('',(0.,0.,-1.));
#2185=DIRECTION('',(0.,-1.,0.));
#2186=DIRECTION('',(-0.5,0.,0.866025403784439));
#2187=DIRECTION('',(0.866025403784439,0.,0.5));
#2188=DIRECTION('',(0.,-1.,0.));
#2189=DIRECTION('',(0.,-1.,0.));
#2190=DIRECTION('',(0.,0.,-1.));
#2191=DIRECTION('',(0.,-1.,0.));
#2192=DIRECTION('',(0.,0.,-1.));
#2193=DIRECTION('',(0.,-1.,0.));
#2194=DIRECTION('',(0.5,0.,-0.866025403784439));
#2195=DIRECTION('',(-0.866025403784439,0.,-0.5));
#2196=DIRECTION('',(0.,-1.,0.));
#2197=DIRECTION('',(0.,-1.,0.));
#2198=DIRECTION('',(0.,0.,-1.));
#2199=DIRECTION('',(0.,-1.,0.));
#2200=DIRECTION('',(0.,0.,1.));
#2201=DIRECTION('',(1.,0.,0.));
#2202=DIRECTION('',(0.,-1.,0.));
#2203=DIRECTION('',(0.,-1.,0.));
#2204=DIRECTION('',(0.,0.,-1.));
#2205=DIRECTION('',(0.,-1.,0.));
#2206=DIRECTION('',(0.,0.,-1.));
#2207=DIRECTION('',(0.,-1.,0.));
#2208=DIRECTION('',(1.67037129032133E-16,0.,-1.));
#2209=DIRECTION('',(-1.,0.,-1.67037129032133E-16));
#2210=DIRECTION('',(0.,-1.,0.));
#2211=DIRECTION('',(0.,-1.,0.));
#2212=DIRECTION('',(0.,0.,-1.));
#2213=DIRECTION('',(0.,-1.,0.));
#2214=DIRECTION('',(0.5,0.,0.866025403784439));
#2215=DIRECTION('',(0.866025403784439,0.,-0.5));
#2216=DIRECTION('',(0.,-1.,0.));
#2217=DIRECTION('',(0.,-1.,0.));
#2218=DIRECTION('',(0.,0.,-1.));
#2219=DIRECTION('',(0.,-1.,0.));
#2220=DIRECTION('',(0.,0.,-1.));
#2221=DIRECTION('',(0.,-1.,0.));
#2222=DIRECTION('',(-0.5,0.,-0.866025403784439));
#2223=DIRECTION('',(-0.866025403784439,0.,0.5));
#2224=DIRECTION('',(0.,-1.,0.));
#2225=DIRECTION('',(0.,-1.,0.));
#2226=DIRECTION('',(0.,0.,-1.));
#2227=DIRECTION('',(0.,-1.,0.));
#2228=DIRECTION('',(0.866025403784438,0.,0.5));
#2229=DIRECTION('',(0.5,0.,-0.866025403784439));
#2230=DIRECTION('',(0.,-1.,0.));
#2231=DIRECTION('',(0.,-1.,0.));
#2232=DIRECTION('',(0.,0.,-1.));
#2233=DIRECTION('',(0.,-1.,0.));
#2234=DIRECTION('',(0.,0.,-1.));
#2235=DIRECTION('',(0.,-1.,0.));
#2236=DIRECTION('',(-0.866025403784439,0.,-0.5));
#2237=DIRECTION('',(-0.5,0.,0.866025403784439));
#2238=DIRECTION('',(0.,-1.,0.));
#2239=DIRECTION('',(0.,-1.,0.));
#2240=DIRECTION('',(0.,0.,-1.));
#2241=DIRECTION('',(0.,-1.,0.));
#2242=DIRECTION('',(1.,0.,0.));
#2243=DIRECTION('',(0.,0.,-1.));
#2244=DIRECTION('',(0.,-1.,0.));
#2245=DIRECTION('',(0.,-1.,0.));
#2246=DIRECTION('',(0.,0.,-1.));
#2247=CARTESIAN_POINT('',(0.,0.,0.));
#2248=CARTESIAN_POINT('',(0.,-0.003175,7.77650717458569E-19));
#2249=CARTESIAN_POINT('',(-0.00564719746691222,0.0333129728055165,0.0113753751924805));
#2250=CARTESIAN_POINT('',(-0.00564719746691222,0.003175,0.0113753751924805));
#2251=CARTESIAN_POINT('',(-0.00564719746691222,-0.003175,0.0113753751924805));
#2252=CARTESIAN_POINT('',(0.,0.003175,7.77650717458569E-19));
#2253=CARTESIAN_POINT('',(-0.00702776516081149,0.003175,0.0105783040627732));
#2254=CARTESIAN_POINT('',(-0.00702776516081149,0.0333129728055165,0.0105783040627732));
#2255=CARTESIAN_POINT('',(-0.00702776516081149,-0.003175,0.0105783040627732));
#2256=CARTESIAN_POINT('',(0.,-0.003175,7.77650717458569E-19));
#2257=CARTESIAN_POINT('',(0.,-0.003175,7.77650717458569E-19));
#2258=CARTESIAN_POINT('',(-0.0105783040627734,0.0333129728055165,0.00702776516081127));
#2259=CARTESIAN_POINT('',(-0.0105783040627734,0.003175,0.00702776516081127));
#2260=CARTESIAN_POINT('',(-0.0105783040627734,-0.003175,0.00702776516081127));
#2261=CARTESIAN_POINT('',(0.,0.003175,7.77650717458569E-19));
#2262=CARTESIAN_POINT('',(-0.0113753751924806,0.003175,0.00564719746691199));
#2263=CARTESIAN_POINT('',(-0.0113753751924806,0.0333129728055165,0.00564719746691199));
#2264=CARTESIAN_POINT('',(-0.0113753751924806,-0.003175,0.00564719746691199));
#2265=CARTESIAN_POINT('',(0.,-0.003175,7.77650717458569E-19));
#2266=CARTESIAN_POINT('',(0.,-0.003175,7.77650717458569E-19));
#2267=CARTESIAN_POINT('',(-0.0126749626277235,0.0333129728055165,0.000797071129707114));
#2268=CARTESIAN_POINT('',(-0.0126749626277235,0.003175,0.000797071129707114));
#2269=CARTESIAN_POINT('',(-0.0126749626277235,-0.003175,0.000797071129707114));
#2270=CARTESIAN_POINT('',(0.,0.003175,7.77650717458569E-19));
#2271=CARTESIAN_POINT('',(-0.0126749626277235,0.003175,-0.000797071129707374));
#2272=CARTESIAN_POINT('',(-0.0126749626277235,0.0333129728055165,-0.000797071129707374));
#2273=CARTESIAN_POINT('',(-0.0126749626277235,-0.003175,-0.000797071129707374));
#2274=CARTESIAN_POINT('',(0.,-0.003175,7.77650717458569E-19));
#2275=CARTESIAN_POINT('',(0.,-0.003175,7.77650717458569E-19));
#2276=CARTESIAN_POINT('',(-0.0113753751924805,0.0333129728055165,-0.00564719746691222));
#2277=CARTESIAN_POINT('',(-0.0113753751924805,0.003175,-0.00564719746691222));
#2278=CARTESIAN_POINT('',(-0.0113753751924805,-0.003175,-0.00564719746691222));
#2279=CARTESIAN_POINT('',(0.,0.003175,7.77650717458569E-19));
#2280=CARTESIAN_POINT('',(-0.0105783040627732,0.003175,-0.00702776516081149));
#2281=CARTESIAN_POINT('',(-0.0105783040627732,0.0333129728055165,-0.00702776516081149));
#2282=CARTESIAN_POINT('',(-0.0105783040627732,-0.003175,-0.00702776516081149));
#2283=CARTESIAN_POINT('',(0.,-0.003175,7.77650717458569E-19));
#2284=CARTESIAN_POINT('',(0.,-0.003175,7.77650717458569E-19));
#2285=CARTESIAN_POINT('',(-0.00702776516081128,0.0333129728055165,-0.0105783040627734));
#2286=CARTESIAN_POINT('',(-0.00702776516081128,0.003175,-0.0105783040627734));
#2287=CARTESIAN_POINT('',(-0.00702776516081128,-0.003175,-0.0105783040627734));
#2288=CARTESIAN_POINT('',(0.,0.003175,7.77650717458569E-19));
#2289=CARTESIAN_POINT('',(-0.00564719746691199,0.003175,-0.0113753751924806));
#2290=CARTESIAN_POINT('',(-0.00564719746691199,0.0333129728055165,-0.0113753751924806));
#2291=CARTESIAN_POINT('',(-0.00564719746691199,-0.003175,-0.0113753751924806));
#2292=CARTESIAN_POINT('',(0.,-0.003175,7.77650717458569E-19));
#2293=CARTESIAN_POINT('',(0.,-0.003175,7.77650717458569E-19));
#2294=CARTESIAN_POINT('',(-0.000797071129707114,0.0333129728055165,-0.0126749626277235));
#2295=CARTESIAN_POINT('',(-0.000797071129707114,0.003175,-0.0126749626277235));
#2296=CARTESIAN_POINT('',(-0.000797071129707114,-0.003175,-0.0126749626277235));
#2297=CARTESIAN_POINT('',(0.,0.003175,7.77650717458569E-19));
#2298=CARTESIAN_POINT('',(0.000797071129707377,0.003175,-0.0126749626277235));
#2299=CARTESIAN_POINT('',(0.000797071129707377,0.0333129728055165,-0.0126749626277235));
#2300=CARTESIAN_POINT('',(0.000797071129707377,-0.003175,-0.0126749626277235));
#2301=CARTESIAN_POINT('',(0.,-0.003175,7.77650717458569E-19));
#2302=CARTESIAN_POINT('',(0.,-0.003175,7.77650717458569E-19));
#2303=CARTESIAN_POINT('',(0.00564719746691223,0.0333129728055165,-0.0113753751924805));
#2304=CARTESIAN_POINT('',(0.00564719746691223,0.003175,-0.0113753751924805));
#2305=CARTESIAN_POINT('',(0.00564719746691223,-0.003175,-0.0113753751924805));
#2306=CARTESIAN_POINT('',(0.,0.003175,7.77650717458569E-19));
#2307=CARTESIAN_POINT('',(0.00702776516081149,0.003175,-0.0105783040627732));
#2308=CARTESIAN_POINT('',(0.00702776516081149,0.0333129728055165,-0.0105783040627732));
#2309=CARTESIAN_POINT('',(0.00702776516081149,-0.003175,-0.0105783040627732));
#2310=CARTESIAN_POINT('',(0.,-0.003175,7.77650717458569E-19));
#2311=CARTESIAN_POINT('',(0.,-0.003175,7.77650717458569E-19));
#2312=CARTESIAN_POINT('',(0.0105783040627734,0.0333129728055165,-0.00702776516081128));
#2313=CARTESIAN_POINT('',(0.0105783040627734,0.003175,-0.00702776516081128));
#2314=CARTESIAN_POINT('',(0.0105783040627734,-0.003175,-0.00702776516081128));
#2315=CARTESIAN_POINT('',(0.,0.003175,7.77650717458569E-19));
#2316=CARTESIAN_POINT('',(0.0113753751924806,0.003175,-0.00564719746691199));
#2317=CARTESIAN_POINT('',(0.0113753751924806,0.0333129728055165,-0.00564719746691199));
#2318=CARTESIAN_POINT('',(0.0113753751924806,-0.003175,-0.00564719746691199));
#2319=CARTESIAN_POINT('',(0.,-0.003175,7.77650717458569E-19));
#2320=CARTESIAN_POINT('',(0.,-0.003175,7.77650717458569E-19));
#2321=CARTESIAN_POINT('',(0.0126749626277235,0.0333129728055165,-0.000797071129707111));
#2322=CARTESIAN_POINT('',(0.0126749626277235,0.003175,-0.000797071129707111));
#2323=CARTESIAN_POINT('',(0.0126749626277235,-0.003175,-0.000797071129707111));
#2324=CARTESIAN_POINT('',(0.,0.003175,7.77650717458569E-19));
#2325=CARTESIAN_POINT('',(0.0126749626277235,0.003175,0.000797071129707371));
#2326=CARTESIAN_POINT('',(0.0126749626277235,0.0333129728055165,0.000797071129707371));
#2327=CARTESIAN_POINT('',(0.0126749626277235,-0.003175,0.000797071129707371));
#2328=CARTESIAN_POINT('',(0.,-0.003175,7.77650717458569E-19));
#2329=CARTESIAN_POINT('',(0.,-0.003175,7.77650717458569E-19));
#2330=CARTESIAN_POINT('',(0.0113753751924805,0.0333129728055165,0.00564719746691222));
#2331=CARTESIAN_POINT('',(0.0113753751924805,0.003175,0.00564719746691222));
#2332=CARTESIAN_POINT('',(0.0113753751924805,-0.003175,0.00564719746691222));
#2333=CARTESIAN_POINT('',(0.,0.003175,7.77650717458569E-19));
#2334=CARTESIAN_POINT('',(0.0105783040627732,0.003175,0.0070277651608115));
#2335=CARTESIAN_POINT('',(0.0105783040627732,0.0333129728055165,0.0070277651608115));
#2336=CARTESIAN_POINT('',(0.0105783040627732,-0.003175,0.0070277651608115));
#2337=CARTESIAN_POINT('',(0.,-0.003175,7.77650717458569E-19));
#2338=CARTESIAN_POINT('',(0.,-0.003175,7.77650717458569E-19));
#2339=CARTESIAN_POINT('',(0.00702776516081127,0.0333129728055165,0.0105783040627734));
#2340=CARTESIAN_POINT('',(0.00702776516081127,0.003175,0.0105783040627734));
#2341=CARTESIAN_POINT('',(0.00702776516081127,-0.003175,0.0105783040627734));
#2342=CARTESIAN_POINT('',(0.,0.003175,7.77650717458569E-19));
#2343=CARTESIAN_POINT('',(0.00564719746691199,0.003175,0.0113753751924806));
#2344=CARTESIAN_POINT('',(0.00564719746691199,0.0333129728055165,0.0113753751924806));
#2345=CARTESIAN_POINT('',(0.00564719746691199,-0.003175,0.0113753751924806));
#2346=CARTESIAN_POINT('',(0.,-0.003175,7.77650717458569E-19));
#2347=CARTESIAN_POINT('',(0.,-0.003175,0.));
#2348=CARTESIAN_POINT('',(0.0031877,-0.003175,-0.00552125835928732));
#2349=CARTESIAN_POINT('',(-3.03576608295941E-18,-0.003175,-0.00736167781238309));
#2350=CARTESIAN_POINT('',(0.0063754,-0.003175,-0.00368083890619155));
#2351=CARTESIAN_POINT('',(-0.0031877,-0.003175,-0.00552125835928732));
#2352=CARTESIAN_POINT('',(-0.0063754,-0.003175,-0.00368083890619155));
#2353=CARTESIAN_POINT('',(-0.0063754,-0.003175,3.90312782094781E-18));
#2354=CARTESIAN_POINT('',(-0.0063754,-0.003175,0.00368083890619155));
#2355=CARTESIAN_POINT('',(-0.0031877,-0.003175,0.00552125835928732));
#2356=CARTESIAN_POINT('',(-2.60208521396521E-18,-0.003175,0.00736167781238309));
#2357=CARTESIAN_POINT('',(0.0031877,-0.003175,0.00552125835928732));
#2358=CARTESIAN_POINT('',(0.0063754,-0.003175,0.00368083890619155));
#2359=CARTESIAN_POINT('',(0.0063754,-0.003175,-8.67361737988404E-19));
#2360=CARTESIAN_POINT('',(-0.00401510395222884,-0.003175,0.00995436404293097));
#2361=CARTESIAN_POINT('',(-0.00466418250067357,-0.003175,0.0110786010669403));
#2362=CARTESIAN_POINT('',(-0.00336602540378428,-0.003175,0.00883012701892157));
#2363=CARTESIAN_POINT('',(-0.0053137015535119,-0.003175,0.0107036010669403));
#2364=CARTESIAN_POINT('',(-0.00661273965918876,-0.003175,0.00995360106694015));
#2365=CARTESIAN_POINT('',(-0.00726225871202709,-0.003175,0.00957860106694015));
#2366=CARTESIAN_POINT('',(-0.00661318016358215,-0.003175,0.00845436404293097));
#2367=CARTESIAN_POINT('',(-0.00596410161513744,-0.003175,0.00733012701892166));
#2368=CARTESIAN_POINT('',(-0.00683012701892174,-0.003175,0.00683012701892174));
#2369=CARTESIAN_POINT('',(-0.00733012701892174,-0.003175,0.0059641016151373));
#2370=CARTESIAN_POINT('',(-0.00845436404293097,-0.003175,0.00661318016358217));
#2371=CARTESIAN_POINT('',(-0.00957860106694028,-0.003175,0.00726225871202689));
#2372=CARTESIAN_POINT('',(-0.00995360106694028,-0.003175,0.00661273965918856));
#2373=CARTESIAN_POINT('',(-0.0107036010669404,-0.003175,0.00531370155351168));
#2374=CARTESIAN_POINT('',(-0.0110786010669404,-0.003175,0.00466418250067335));
#2375=CARTESIAN_POINT('',(-0.00995436404293096,-0.003175,0.00401510395222885));
#2376=CARTESIAN_POINT('',(-0.00883012701892165,-0.003175,0.00336602540378414));
#2377=CARTESIAN_POINT('',(-0.00933012701892157,-0.003175,0.00249999999999983));
#2378=CARTESIAN_POINT('',(-0.00933012701892157,-0.003175,0.00149999999999983));
#2379=CARTESIAN_POINT('',(-0.010628284115811,-0.003175,0.0015));
#2380=CARTESIAN_POINT('',(-0.0119264412127005,-0.003175,0.0015));
#2381=CARTESIAN_POINT('',(-0.0119264412127005,-0.003175,0.00075));
#2382=CARTESIAN_POINT('',(-0.0119264412127004,-0.003175,-0.000750000000000246));
#2383=CARTESIAN_POINT('',(-0.0119264412127004,-0.003175,-0.00150000000000025));
#2384=CARTESIAN_POINT('',(-0.010628284115811,-0.003175,-0.00149999999999999));
#2385=CARTESIAN_POINT('',(-0.00933012701892157,-0.003175,-0.00149999999999999));
#2386=CARTESIAN_POINT('',(-0.00933012701892157,-0.003175,-0.00249999999999984));
#2387=CARTESIAN_POINT('',(-0.00883012701892157,-0.003175,-0.00336602540378428));
#2388=CARTESIAN_POINT('',(-0.00995436404293097,-0.003175,-0.00401510395222884));
#2389=CARTESIAN_POINT('',(-0.0110786010669403,-0.003175,-0.00466418250067357));
#2390=CARTESIAN_POINT('',(-0.0107036010669403,-0.003175,-0.00531370155351189));
#2391=CARTESIAN_POINT('',(-0.00995360106694015,-0.003175,-0.00661273965918876));
#2392=CARTESIAN_POINT('',(-0.00957860106694015,-0.003175,-0.00726225871202709));
#2393=CARTESIAN_POINT('',(-0.00845436404293097,-0.003175,-0.00661318016358215));
#2394=CARTESIAN_POINT('',(-0.00733012701892166,-0.003175,-0.00596410161513743));
#2395=CARTESIAN_POINT('',(-0.00683012701892174,-0.003175,-0.00683012701892174));
#2396=CARTESIAN_POINT('',(-0.0059641016151373,-0.003175,-0.00733012701892174));
#2397=CARTESIAN_POINT('',(-0.00661318016358217,-0.003175,-0.00845436404293097));
#2398=CARTESIAN_POINT('',(-0.00726225871202689,-0.003175,-0.00957860106694028));
#2399=CARTESIAN_POINT('',(-0.00661273965918856,-0.003175,-0.00995360106694028));
#2400=CARTESIAN_POINT('',(-0.00531370155351168,-0.003175,-0.0107036010669404));
#2401=CARTESIAN_POINT('',(-0.00466418250067335,-0.003175,-0.0110786010669404));
#2402=CARTESIAN_POINT('',(-0.00401510395222885,-0.003175,-0.00995436404293096));
#2403=CARTESIAN_POINT('',(-0.00336602540378414,-0.003175,-0.00883012701892165));
#2404=CARTESIAN_POINT('',(-0.00249999999999983,-0.003175,-0.00933012701892157));
#2405=CARTESIAN_POINT('',(-0.00149999999999983,-0.003175,-0.00933012701892157));
#2406=CARTESIAN_POINT('',(-0.0015,-0.003175,-0.010628284115811));
#2407=CARTESIAN_POINT('',(-0.0015,-0.003175,-0.0119264412127005));
#2408=CARTESIAN_POINT('',(-0.00075,-0.003175,-0.0119264412127005));
#2409=CARTESIAN_POINT('',(0.000750000000000248,-0.003175,-0.0119264412127004));
#2410=CARTESIAN_POINT('',(0.00150000000000025,-0.003175,-0.0119264412127004));
#2411=CARTESIAN_POINT('',(0.00149999999999999,-0.003175,-0.010628284115811));
#2412=CARTESIAN_POINT('',(0.00149999999999999,-0.003175,-0.00933012701892157));
#2413=CARTESIAN_POINT('',(0.00249999999999984,-0.003175,-0.00933012701892157));
#2414=CARTESIAN_POINT('',(0.00336602540378428,-0.003175,-0.00883012701892157));
#2415=CARTESIAN_POINT('',(0.00401510395222884,-0.003175,-0.00995436404293097));
#2416=CARTESIAN_POINT('',(0.00466418250067357,-0.003175,-0.0110786010669403));
#2417=CARTESIAN_POINT('',(0.0053137015535119,-0.003175,-0.0107036010669403));
#2418=CARTESIAN_POINT('',(0.00661273965918876,-0.003175,-0.00995360106694015));
#2419=CARTESIAN_POINT('',(0.00726225871202709,-0.003175,-0.00957860106694015));
#2420=CARTESIAN_POINT('',(0.00661318016358215,-0.003175,-0.00845436404293097));
#2421=CARTESIAN_POINT('',(0.00596410161513743,-0.003175,-0.00733012701892166));
#2422=CARTESIAN_POINT('',(0.00683012701892174,-0.003175,-0.00683012701892174));
#2423=CARTESIAN_POINT('',(0.00733012701892174,-0.003175,-0.0059641016151373));
#2424=CARTESIAN_POINT('',(0.00845436404293097,-0.003175,-0.00661318016358217));
#2425=CARTESIAN_POINT('',(0.00957860106694028,-0.003175,-0.00726225871202689));
#2426=CARTESIAN_POINT('',(0.00995360106694028,-0.003175,-0.00661273965918856));
#2427=CARTESIAN_POINT('',(0.0107036010669404,-0.003175,-0.00531370155351168));
#2428=CARTESIAN_POINT('',(0.0110786010669404,-0.003175,-0.00466418250067335));
#2429=CARTESIAN_POINT('',(0.00995436404293096,-0.003175,-0.00401510395222885));
#2430=CARTESIAN_POINT('',(0.00883012701892165,-0.003175,-0.00336602540378413));
#2431=CARTESIAN_POINT('',(0.00933012701892157,-0.003175,-0.00249999999999983));
#2432=CARTESIAN_POINT('',(0.00933012701892157,-0.003175,-0.00149999999999983));
#2433=CARTESIAN_POINT('',(0.010628284115811,-0.003175,-0.0015));
#2434=CARTESIAN_POINT('',(0.0119264412127005,-0.003175,-0.0015));
#2435=CARTESIAN_POINT('',(0.0119264412127005,-0.003175,-0.00075));
#2436=CARTESIAN_POINT('',(0.0119264412127004,-0.003175,0.000750000000000243));
#2437=CARTESIAN_POINT('',(0.0119264412127004,-0.003175,0.00150000000000024));
#2438=CARTESIAN_POINT('',(0.010628284115811,-0.003175,0.00149999999999998));
#2439=CARTESIAN_POINT('',(0.00933012701892157,-0.003175,0.00149999999999998));
#2440=CARTESIAN_POINT('',(0.00933012701892157,-0.003175,0.00249999999999983));
#2441=CARTESIAN_POINT('',(0.00883012701892157,-0.003175,0.00336602540378427));
#2442=CARTESIAN_POINT('',(0.00995436404293097,-0.003175,0.00401510395222884));
#2443=CARTESIAN_POINT('',(0.0110786010669403,-0.003175,0.00466418250067356));
#2444=CARTESIAN_POINT('',(0.0107036010669403,-0.003175,0.00531370155351189));
#2445=CARTESIAN_POINT('',(0.00995360106694015,-0.003175,0.00661273965918877));
#2446=CARTESIAN_POINT('',(0.00957860106694015,-0.003175,0.0072622587120271));
#2447=CARTESIAN_POINT('',(0.00845436404293097,-0.003175,0.00661318016358216));
#2448=CARTESIAN_POINT('',(0.00733012701892166,-0.003175,0.00596410161513744));
#2449=CARTESIAN_POINT('',(0.00683012701892173,-0.003175,0.00683012701892174));
#2450=CARTESIAN_POINT('',(0.0059641016151373,-0.003175,0.00733012701892174));
#2451=CARTESIAN_POINT('',(0.00661318016358216,-0.003175,0.00845436404293097));
#2452=CARTESIAN_POINT('',(0.00726225871202688,-0.003175,0.00957860106694028));
#2453=CARTESIAN_POINT('',(0.00661273965918855,-0.003175,0.00995360106694028));
#2454=CARTESIAN_POINT('',(0.00531370155351168,-0.003175,0.0107036010669404));
#2455=CARTESIAN_POINT('',(0.00466418250067335,-0.003175,0.0110786010669404));
#2456=CARTESIAN_POINT('',(0.00401510395222885,-0.003175,0.00995436404293096));
#2457=CARTESIAN_POINT('',(0.00336602540378413,-0.003175,0.00883012701892165));
#2458=CARTESIAN_POINT('',(0.00249999999999983,-0.003175,0.00933012701892157));
#2459=CARTESIAN_POINT('',(0.00149999999999983,-0.003175,0.00933012701892157));
#2460=CARTESIAN_POINT('',(0.0015,-0.003175,0.010628284115811));
#2461=CARTESIAN_POINT('',(0.0015,-0.003175,0.0119264412127005));
#2462=CARTESIAN_POINT('',(0.00075,-0.003175,0.0119264412127005));
#2463=CARTESIAN_POINT('',(0.000797071129707114,-0.003175,0.0126749626277235));
#2464=CARTESIAN_POINT('',(0.,-0.003175,7.77650717458569E-19));
#2465=CARTESIAN_POINT('',(-0.000797071129707377,-0.003175,0.0126749626277235));
#2466=CARTESIAN_POINT('',(-0.000750000000000248,-0.003175,0.0119264412127004));
#2467=CARTESIAN_POINT('',(-0.00150000000000025,-0.003175,0.0119264412127004));
#2468=CARTESIAN_POINT('',(-0.0015,-0.003175,0.010628284115811));
#2469=CARTESIAN_POINT('',(-0.0015,-0.003175,0.00933012701892157));
#2470=CARTESIAN_POINT('',(-0.00249999999999984,-0.003175,0.00933012701892157));
#2471=CARTESIAN_POINT('',(0.,0.003175,0.));
#2472=CARTESIAN_POINT('',(0.0031877,0.003175,-0.00552125835928732));
#2473=CARTESIAN_POINT('',(-3.03576608295941E-18,0.003175,-0.00736167781238309));
#2474=CARTESIAN_POINT('',(0.0063754,0.003175,-0.00368083890619155));
#2475=CARTESIAN_POINT('',(0.0063754,0.003175,-8.67361737988404E-19));
#2476=CARTESIAN_POINT('',(0.0063754,0.003175,0.00368083890619155));
#2477=CARTESIAN_POINT('',(0.0031877,0.003175,0.00552125835928732));
#2478=CARTESIAN_POINT('',(-2.60208521396521E-18,0.003175,0.00736167781238309));
#2479=CARTESIAN_POINT('',(-0.0031877,0.003175,0.00552125835928732));
#2480=CARTESIAN_POINT('',(-0.0063754,0.003175,0.00368083890619155));
#2481=CARTESIAN_POINT('',(-0.0063754,0.003175,3.90312782094781E-18));
#2482=CARTESIAN_POINT('',(-0.0063754,0.003175,-0.00368083890619155));
#2483=CARTESIAN_POINT('',(-0.0031877,0.003175,-0.00552125835928732));
#2484=CARTESIAN_POINT('',(-0.0053137015535119,0.003175,0.0107036010669403));
#2485=CARTESIAN_POINT('',(-0.00466418250067357,0.003175,0.0110786010669403));
#2486=CARTESIAN_POINT('',(0.00129903810567666,0.003175,0.00075));
#2487=CARTESIAN_POINT('',(-0.00336602540378428,0.003175,0.00883012701892157));
#2488=CARTESIAN_POINT('',(-0.00249999999999984,0.003175,0.00933012701892157));
#2489=CARTESIAN_POINT('',(-0.0015,0.003175,0.00933012701892157));
#2490=CARTESIAN_POINT('',(-0.0015,0.003175,0.));
#2491=CARTESIAN_POINT('',(-0.00150000000000025,0.003175,0.0119264412127004));
#2492=CARTESIAN_POINT('',(-0.000750000000000248,0.003175,0.0119264412127004));
#2493=CARTESIAN_POINT('',(-0.000797071129707377,0.003175,0.0126749626277235));
#2494=CARTESIAN_POINT('',(0.,0.003175,7.77650717458569E-19));
#2495=CARTESIAN_POINT('',(0.000797071129707114,0.003175,0.0126749626277235));
#2496=CARTESIAN_POINT('',(0.00075,0.003175,0.0119264412127005));
#2497=CARTESIAN_POINT('',(0.0015,0.003175,0.0119264412127005));
#2498=CARTESIAN_POINT('',(0.0015,0.003175,1.252778467741E-19));
#2499=CARTESIAN_POINT('',(0.00149999999999983,0.003175,0.00933012701892157));
#2500=CARTESIAN_POINT('',(0.00249999999999983,0.003175,0.00933012701892157));
#2501=CARTESIAN_POINT('',(0.00336602540378413,0.003175,0.00883012701892165));
#2502=CARTESIAN_POINT('',(-0.00129903810567665,0.003175,0.00075));
#2503=CARTESIAN_POINT('',(0.00466418250067335,0.003175,0.0110786010669404));
#2504=CARTESIAN_POINT('',(0.00531370155351168,0.003175,0.0107036010669404));
#2505=CARTESIAN_POINT('',(0.00661273965918855,0.003175,0.00995360106694028));
#2506=CARTESIAN_POINT('',(0.00726225871202688,0.003175,0.00957860106694028));
#2507=CARTESIAN_POINT('',(0.00129903810567666,0.003175,-0.00075));
#2508=CARTESIAN_POINT('',(0.0059641016151373,0.003175,0.00733012701892174));
#2509=CARTESIAN_POINT('',(0.00683012701892173,0.003175,0.00683012701892174));
#2510=CARTESIAN_POINT('',(0.00733012701892166,0.003175,0.00596410161513744));
#2511=CARTESIAN_POINT('',(-0.00075,0.003175,0.00129903810567664));
#2512=CARTESIAN_POINT('',(0.00957860106694015,0.003175,0.0072622587120271));
#2513=CARTESIAN_POINT('',(0.00995360106694015,0.003175,0.00661273965918877));
#2514=CARTESIAN_POINT('',(0.0107036010669403,0.003175,0.00531370155351189));
#2515=CARTESIAN_POINT('',(0.0110786010669403,0.003175,0.00466418250067356));
#2516=CARTESIAN_POINT('',(0.00075,0.003175,-0.00129903810567666));
#2517=CARTESIAN_POINT('',(0.00883012701892157,0.003175,0.00336602540378427));
#2518=CARTESIAN_POINT('',(0.00933012701892157,0.003175,0.00249999999999983));
#2519=CARTESIAN_POINT('',(0.00933012701892157,0.003175,0.00149999999999998));
#2520=CARTESIAN_POINT('',(8.76944927418696E-19,0.003175,0.00149999999999999));
#2521=CARTESIAN_POINT('',(0.0119264412127004,0.003175,0.00150000000000024));
#2522=CARTESIAN_POINT('',(0.0119264412127004,0.003175,0.000750000000000243));
#2523=CARTESIAN_POINT('',(0.0119264412127005,0.003175,-0.00075));
#2524=CARTESIAN_POINT('',(0.0119264412127005,0.003175,-0.0015));
#2525=CARTESIAN_POINT('',(5.01111387096401E-19,0.003175,-0.0015));
#2526=CARTESIAN_POINT('',(0.00933012701892157,0.003175,-0.00149999999999983));
#2527=CARTESIAN_POINT('',(0.00933012701892157,0.003175,-0.00249999999999983));
#2528=CARTESIAN_POINT('',(0.00883012701892165,0.003175,-0.00336602540378413));
#2529=CARTESIAN_POINT('',(0.00075,0.003175,0.00129903810567665));
#2530=CARTESIAN_POINT('',(0.0110786010669404,0.003175,-0.00466418250067335));
#2531=CARTESIAN_POINT('',(0.0107036010669404,0.003175,-0.00531370155351168));
#2532=CARTESIAN_POINT('',(0.00995360106694028,0.003175,-0.00661273965918856));
#2533=CARTESIAN_POINT('',(0.00957860106694028,0.003175,-0.00726225871202689));
#2534=CARTESIAN_POINT('',(-0.00075,0.003175,-0.00129903810567667));
#2535=CARTESIAN_POINT('',(0.00733012701892174,0.003175,-0.0059641016151373));
#2536=CARTESIAN_POINT('',(0.00683012701892174,0.003175,-0.00683012701892174));
#2537=CARTESIAN_POINT('',(0.00596410161513743,0.003175,-0.00733012701892166));
#2538=CARTESIAN_POINT('',(0.00129903810567665,0.003175,0.00075));
#2539=CARTESIAN_POINT('',(0.00726225871202709,0.003175,-0.00957860106694015));
#2540=CARTESIAN_POINT('',(0.00661273965918876,0.003175,-0.00995360106694015));
#2541=CARTESIAN_POINT('',(0.0053137015535119,0.003175,-0.0107036010669403));
#2542=CARTESIAN_POINT('',(0.00466418250067357,0.003175,-0.0110786010669403));
#2543=CARTESIAN_POINT('',(-0.00129903810567665,0.003175,-0.00075));
#2544=CARTESIAN_POINT('',(0.00336602540378428,0.003175,-0.00883012701892157));
#2545=CARTESIAN_POINT('',(0.00249999999999984,0.003175,-0.00933012701892157));
#2546=CARTESIAN_POINT('',(0.00149999999999999,0.003175,-0.00933012701892157));
#2547=CARTESIAN_POINT('',(0.00149999999999999,0.003175,-2.50555693548198E-19));
#2548=CARTESIAN_POINT('',(0.00150000000000025,0.003175,-0.0119264412127004));
#2549=CARTESIAN_POINT('',(0.000750000000000248,0.003175,-0.0119264412127004));
#2550=CARTESIAN_POINT('',(-0.00075,0.003175,-0.0119264412127005));
#2551=CARTESIAN_POINT('',(-0.0015,0.003175,-0.0119264412127005));
#2552=CARTESIAN_POINT('',(-0.0015,0.003175,-5.01111387096401E-19));
#2553=CARTESIAN_POINT('',(-0.00149999999999983,0.003175,-0.00933012701892157));
#2554=CARTESIAN_POINT('',(-0.00249999999999983,0.003175,-0.00933012701892157));
#2555=CARTESIAN_POINT('',(-0.00336602540378414,0.003175,-0.00883012701892165));
#2556=CARTESIAN_POINT('',(0.00129903810567665,0.003175,-0.00075));
#2557=CARTESIAN_POINT('',(-0.00466418250067335,0.003175,-0.0110786010669404));
#2558=CARTESIAN_POINT('',(-0.00531370155351168,0.003175,-0.0107036010669404));
#2559=CARTESIAN_POINT('',(-0.00661273965918856,0.003175,-0.00995360106694028));
#2560=CARTESIAN_POINT('',(-0.00726225871202689,0.003175,-0.00957860106694028));
#2561=CARTESIAN_POINT('',(-0.00129903810567667,0.003175,0.00075));
#2562=CARTESIAN_POINT('',(-0.0059641016151373,0.003175,-0.00733012701892174));
#2563=CARTESIAN_POINT('',(-0.00683012701892174,0.003175,-0.00683012701892174));
#2564=CARTESIAN_POINT('',(-0.00733012701892166,0.003175,-0.00596410161513743));
#2565=CARTESIAN_POINT('',(0.00075,0.003175,-0.00129903810567665));
#2566=CARTESIAN_POINT('',(-0.00957860106694015,0.003175,-0.00726225871202709));
#2567=CARTESIAN_POINT('',(-0.00995360106694015,0.003175,-0.00661273965918876));
#2568=CARTESIAN_POINT('',(-0.0107036010669403,0.003175,-0.00531370155351189));
#2569=CARTESIAN_POINT('',(-0.0110786010669403,0.003175,-0.00466418250067357));
#2570=CARTESIAN_POINT('',(-0.00075,0.003175,0.00129903810567665));
#2571=CARTESIAN_POINT('',(-0.00883012701892157,0.003175,-0.00336602540378428));
#2572=CARTESIAN_POINT('',(-0.00933012701892157,0.003175,-0.00249999999999984));
#2573=CARTESIAN_POINT('',(-0.00933012701892157,0.003175,-0.00149999999999999));
#2574=CARTESIAN_POINT('',(0.,0.003175,-0.00149999999999999));
#2575=CARTESIAN_POINT('',(-0.0119264412127004,0.003175,-0.00150000000000025));
#2576=CARTESIAN_POINT('',(-0.0119264412127004,0.003175,-0.000750000000000246));
#2577=CARTESIAN_POINT('',(-0.0119264412127005,0.003175,0.00075));
#2578=CARTESIAN_POINT('',(-0.0119264412127005,0.003175,0.0015));
#2579=CARTESIAN_POINT('',(-2.505556935482E-19,0.003175,0.0015));
#2580=CARTESIAN_POINT('',(-0.00933012701892157,0.003175,0.00149999999999983));
#2581=CARTESIAN_POINT('',(-0.00933012701892157,0.003175,0.00249999999999983));
#2582=CARTESIAN_POINT('',(-0.00883012701892165,0.003175,0.00336602540378414));
#2583=CARTESIAN_POINT('',(-0.00075,0.003175,-0.00129903810567665));
#2584=CARTESIAN_POINT('',(-0.0110786010669404,0.003175,0.00466418250067335));
#2585=CARTESIAN_POINT('',(-0.0107036010669404,0.003175,0.00531370155351168));
#2586=CARTESIAN_POINT('',(-0.00995360106694028,0.003175,0.00661273965918856));
#2587=CARTESIAN_POINT('',(-0.00957860106694028,0.003175,0.00726225871202689));
#2588=CARTESIAN_POINT('',(0.00075,0.003175,0.00129903810567667));
#2589=CARTESIAN_POINT('',(-0.00733012701892174,0.003175,0.0059641016151373));
#2590=CARTESIAN_POINT('',(-0.00683012701892174,0.003175,0.00683012701892174));
#2591=CARTESIAN_POINT('',(-0.00596410161513744,0.003175,0.00733012701892166));
#2592=CARTESIAN_POINT('',(-0.00129903810567664,0.003175,-0.00075));
#2593=CARTESIAN_POINT('',(-0.00726225871202709,0.003175,0.00957860106694015));
#2594=CARTESIAN_POINT('',(-0.00661273965918876,0.003175,0.00995360106694015));
#2595=CARTESIAN_POINT('',(0.0031877,-0.003175,-0.00552125835928732));
#2596=CARTESIAN_POINT('',(-3.03576608295941E-18,-0.003175,-0.00736167781238309));
#2597=CARTESIAN_POINT('',(0.0063754,-0.003175,-0.00368083890619155));
#2598=CARTESIAN_POINT('',(-0.0031877,-0.003175,-0.00552125835928732));
#2599=CARTESIAN_POINT('',(-0.0063754,-0.003175,-0.00368083890619155));
#2600=CARTESIAN_POINT('',(-0.0063754,-0.003175,3.90312782094781E-18));
#2601=CARTESIAN_POINT('',(-0.0063754,-0.003175,0.00368083890619155));
#2602=CARTESIAN_POINT('',(-0.0031877,-0.003175,0.00552125835928732));
#2603=CARTESIAN_POINT('',(-2.60208521396521E-18,-0.003175,0.00736167781238309));
#2604=CARTESIAN_POINT('',(0.0031877,-0.003175,0.00552125835928732));
#2605=CARTESIAN_POINT('',(0.0063754,-0.003175,0.00368083890619155));
#2606=CARTESIAN_POINT('',(0.0063754,-0.003175,-8.67361737988404E-19));
#2607=CARTESIAN_POINT('',(0.,-0.003175,7.77650717458569E-19));
#2608=CARTESIAN_POINT('',(-0.000797071129707377,0.0333129728055165,0.0126749626277235));
#2609=CARTESIAN_POINT('',(0.000797071129707114,0.0333129728055165,0.0126749626277235));
#2610=CARTESIAN_POINT('',(0.00075,0.0333129728055165,0.0119264412127005));
#2611=CARTESIAN_POINT('',(0.0015,0.0333129728055165,0.0119264412127005));
#2612=CARTESIAN_POINT('',(0.0015,0.0333129728055165,0.010628284115811));
#2613=CARTESIAN_POINT('',(0.00149999999999983,0.0333129728055165,0.00933012701892157));
#2614=CARTESIAN_POINT('',(0.00249999999999983,0.0333129728055165,0.00933012701892157));
#2615=CARTESIAN_POINT('',(0.00336602540378413,0.0333129728055165,0.00883012701892165));
#2616=CARTESIAN_POINT('',(0.00401510395222885,0.0333129728055165,0.00995436404293096));
#2617=CARTESIAN_POINT('',(0.00466418250067335,0.0333129728055165,0.0110786010669404));
#2618=CARTESIAN_POINT('',(0.00531370155351168,0.0333129728055165,0.0107036010669404));
#2619=CARTESIAN_POINT('',(0.00661273965918855,0.0333129728055165,0.00995360106694028));
#2620=CARTESIAN_POINT('',(0.00726225871202688,0.0333129728055165,0.00957860106694028));
#2621=CARTESIAN_POINT('',(0.00661318016358216,0.0333129728055165,0.00845436404293097));
#2622=CARTESIAN_POINT('',(0.0059641016151373,0.0333129728055165,0.00733012701892174));
#2623=CARTESIAN_POINT('',(0.00683012701892173,0.0333129728055165,0.00683012701892174));
#2624=CARTESIAN_POINT('',(0.00733012701892166,0.0333129728055165,0.00596410161513744));
#2625=CARTESIAN_POINT('',(0.00845436404293097,0.0333129728055165,0.00661318016358216));
#2626=CARTESIAN_POINT('',(0.00957860106694015,0.0333129728055165,0.0072622587120271));
#2627=CARTESIAN_POINT('',(0.00995360106694015,0.0333129728055165,0.00661273965918877));
#2628=CARTESIAN_POINT('',(0.0107036010669403,0.0333129728055165,0.00531370155351189));
#2629=CARTESIAN_POINT('',(0.0110786010669403,0.0333129728055165,0.00466418250067356));
#2630=CARTESIAN_POINT('',(0.00995436404293097,0.0333129728055165,0.00401510395222884));
#2631=CARTESIAN_POINT('',(0.00883012701892157,0.0333129728055165,0.00336602540378427));
#2632=CARTESIAN_POINT('',(0.00933012701892157,0.0333129728055165,0.00249999999999983));
#2633=CARTESIAN_POINT('',(0.00933012701892157,0.0333129728055165,0.00149999999999998));
#2634=CARTESIAN_POINT('',(0.010628284115811,0.0333129728055165,0.00149999999999998));
#2635=CARTESIAN_POINT('',(0.0119264412127004,0.0333129728055165,0.00150000000000024));
#2636=CARTESIAN_POINT('',(0.0119264412127004,0.0333129728055165,0.000750000000000243));
#2637=CARTESIAN_POINT('',(0.0119264412127005,0.0333129728055165,-0.00075));
#2638=CARTESIAN_POINT('',(0.0119264412127005,0.0333129728055165,-0.0015));
#2639=CARTESIAN_POINT('',(0.010628284115811,0.0333129728055165,-0.0015));
#2640=CARTESIAN_POINT('',(0.00933012701892157,0.0333129728055165,-0.00149999999999983));
#2641=CARTESIAN_POINT('',(0.00933012701892157,0.0333129728055165,-0.00249999999999983));
#2642=CARTESIAN_POINT('',(0.00883012701892165,0.0333129728055165,-0.00336602540378413));
#2643=CARTESIAN_POINT('',(0.00995436404293096,0.0333129728055165,-0.00401510395222885));
#2644=CARTESIAN_POINT('',(0.0110786010669404,0.0333129728055165,-0.00466418250067335));
#2645=CARTESIAN_POINT('',(0.0107036010669404,0.0333129728055165,-0.00531370155351168));
#2646=CARTESIAN_POINT('',(0.00995360106694028,0.0333129728055165,-0.00661273965918856));
#2647=CARTESIAN_POINT('',(0.00957860106694028,0.0333129728055165,-0.00726225871202689));
#2648=CARTESIAN_POINT('',(0.00845436404293097,0.0333129728055165,-0.00661318016358217));
#2649=CARTESIAN_POINT('',(0.00733012701892174,0.0333129728055165,-0.0059641016151373));
#2650=CARTESIAN_POINT('',(0.00683012701892174,0.0333129728055165,-0.00683012701892174));
#2651=CARTESIAN_POINT('',(0.00596410161513743,0.0333129728055165,-0.00733012701892166));
#2652=CARTESIAN_POINT('',(0.00661318016358215,0.0333129728055165,-0.00845436404293097));
#2653=CARTESIAN_POINT('',(0.00726225871202709,0.0333129728055165,-0.00957860106694015));
#2654=CARTESIAN_POINT('',(0.00661273965918876,0.0333129728055165,-0.00995360106694015));
#2655=CARTESIAN_POINT('',(0.0053137015535119,0.0333129728055165,-0.0107036010669403));
#2656=CARTESIAN_POINT('',(0.00466418250067357,0.0333129728055165,-0.0110786010669403));
#2657=CARTESIAN_POINT('',(0.00401510395222884,0.0333129728055165,-0.00995436404293097));
#2658=CARTESIAN_POINT('',(0.00336602540378428,0.0333129728055165,-0.00883012701892157));
#2659=CARTESIAN_POINT('',(0.00249999999999984,0.0333129728055165,-0.00933012701892157));
#2660=CARTESIAN_POINT('',(0.00149999999999999,0.0333129728055165,-0.00933012701892157));
#2661=CARTESIAN_POINT('',(0.00149999999999999,0.0333129728055165,-0.010628284115811));
#2662=CARTESIAN_POINT('',(0.00150000000000025,0.0333129728055165,-0.0119264412127004));
#2663=CARTESIAN_POINT('',(0.000750000000000248,0.0333129728055165,-0.0119264412127004));
#2664=CARTESIAN_POINT('',(-0.00075,0.0333129728055165,-0.0119264412127005));
#2665=CARTESIAN_POINT('',(-0.0015,0.0333129728055165,-0.0119264412127005));
#2666=CARTESIAN_POINT('',(-0.0015,0.0333129728055165,-0.010628284115811));
#2667=CARTESIAN_POINT('',(-0.00149999999999983,0.0333129728055165,-0.00933012701892157));
#2668=CARTESIAN_POINT('',(-0.00249999999999983,0.0333129728055165,-0.00933012701892157));
#2669=CARTESIAN_POINT('',(-0.00336602540378414,0.0333129728055165,-0.00883012701892165));
#2670=CARTESIAN_POINT('',(-0.00401510395222885,0.0333129728055165,-0.00995436404293096));
#2671=CARTESIAN_POINT('',(-0.00466418250067335,0.0333129728055165,-0.0110786010669404));
#2672=CARTESIAN_POINT('',(-0.00531370155351168,0.0333129728055165,-0.0107036010669404));
#2673=CARTESIAN_POINT('',(-0.00661273965918856,0.0333129728055165,-0.00995360106694028));
#2674=CARTESIAN_POINT('',(-0.00726225871202689,0.0333129728055165,-0.00957860106694028));
#2675=CARTESIAN_POINT('',(-0.00661318016358217,0.0333129728055165,-0.00845436404293097));
#2676=CARTESIAN_POINT('',(-0.0059641016151373,0.0333129728055165,-0.00733012701892174));
#2677=CARTESIAN_POINT('',(-0.00683012701892174,0.0333129728055165,-0.00683012701892174));
#2678=CARTESIAN_POINT('',(-0.00733012701892166,0.0333129728055165,-0.00596410161513743));
#2679=CARTESIAN_POINT('',(-0.00845436404293097,0.0333129728055165,-0.00661318016358215));
#2680=CARTESIAN_POINT('',(-0.00957860106694015,0.0333129728055165,-0.00726225871202709));
#2681=CARTESIAN_POINT('',(-0.00995360106694015,0.0333129728055165,-0.00661273965918876));
#2682=CARTESIAN_POINT('',(-0.0107036010669403,0.0333129728055165,-0.00531370155351189));
#2683=CARTESIAN_POINT('',(-0.0110786010669403,0.0333129728055165,-0.00466418250067357));
#2684=CARTESIAN_POINT('',(-0.00995436404293097,0.0333129728055165,-0.00401510395222884));
#2685=CARTESIAN_POINT('',(-0.00883012701892157,0.0333129728055165,-0.00336602540378428));
#2686=CARTESIAN_POINT('',(-0.00933012701892157,0.0333129728055165,-0.00249999999999984));
#2687=CARTESIAN_POINT('',(-0.00933012701892157,0.0333129728055165,-0.00149999999999999));
#2688=CARTESIAN_POINT('',(-0.010628284115811,0.0333129728055165,-0.00149999999999999));
#2689=CARTESIAN_POINT('',(-0.0119264412127004,0.0333129728055165,-0.00150000000000025));
#2690=CARTESIAN_POINT('',(-0.0119264412127004,0.0333129728055165,-0.000750000000000246));
#2691=CARTESIAN_POINT('',(-0.0119264412127005,0.0333129728055165,0.00075));
#2692=CARTESIAN_POINT('',(-0.0119264412127005,0.0333129728055165,0.0015));
#2693=CARTESIAN_POINT('',(-0.010628284115811,0.0333129728055165,0.0015));
#2694=CARTESIAN_POINT('',(-0.00933012701892157,0.0333129728055165,0.00149999999999983));
#2695=CARTESIAN_POINT('',(-0.00933012701892157,0.0333129728055165,0.00249999999999983));
#2696=CARTESIAN_POINT('',(-0.00883012701892165,0.0333129728055165,0.00336602540378414));
#2697=CARTESIAN_POINT('',(-0.00995436404293096,0.0333129728055165,0.00401510395222885));
#2698=CARTESIAN_POINT('',(-0.0110786010669404,0.0333129728055165,0.00466418250067335));
#2699=CARTESIAN_POINT('',(-0.0107036010669404,0.0333129728055165,0.00531370155351168));
#2700=CARTESIAN_POINT('',(-0.00995360106694028,0.0333129728055165,0.00661273965918856));
#2701=CARTESIAN_POINT('',(-0.00957860106694028,0.0333129728055165,0.00726225871202689));
#2702=CARTESIAN_POINT('',(-0.00845436404293097,0.0333129728055165,0.00661318016358217));
#2703=CARTESIAN_POINT('',(-0.00733012701892174,0.0333129728055165,0.0059641016151373));
#2704=CARTESIAN_POINT('',(-0.00683012701892174,0.0333129728055165,0.00683012701892174));
#2705=CARTESIAN_POINT('',(-0.00596410161513744,0.0333129728055165,0.00733012701892166));
#2706=CARTESIAN_POINT('',(-0.00661318016358215,0.0333129728055165,0.00845436404293097));
#2707=CARTESIAN_POINT('',(-0.00726225871202709,0.0333129728055165,0.00957860106694015));
#2708=CARTESIAN_POINT('',(-0.00661273965918876,0.0333129728055165,0.00995360106694015));
#2709=CARTESIAN_POINT('',(-0.0053137015535119,0.0333129728055165,0.0107036010669403));
#2710=CARTESIAN_POINT('',(-0.00466418250067357,0.0333129728055165,0.0110786010669403));
#2711=CARTESIAN_POINT('',(-0.00401510395222884,0.0333129728055165,0.00995436404293097));
#2712=CARTESIAN_POINT('',(-0.00336602540378428,0.0333129728055165,0.00883012701892157));
#2713=CARTESIAN_POINT('',(-0.00249999999999984,0.0333129728055165,0.00933012701892157));
#2714=CARTESIAN_POINT('',(-0.0015,0.0333129728055165,0.00933012701892157));
#2715=CARTESIAN_POINT('',(-0.0015,0.0333129728055165,0.010628284115811));
#2716=CARTESIAN_POINT('',(-0.00150000000000025,0.0333129728055165,0.0119264412127004));
#2717=CARTESIAN_POINT('',(-0.000750000000000248,0.0333129728055165,0.0119264412127004));
#2718=MECHANICAL_DESIGN_GEOMETRIC_PRESENTATION_REPRESENTATION('',(#1567),
#2719);
#2719=(
GEOMETRIC_REPRESENTATION_CONTEXT(3)
GLOBAL_UNCERTAINTY_ASSIGNED_CONTEXT((#2720))
GLOBAL_UNIT_ASSIGNED_CONTEXT((#2723,#2722,#2721))
REPRESENTATION_CONTEXT('0_5-Hex_3DP_Adapter','TOP_LEVEL_ASSEMBLY_PART')
);
#2720=UNCERTAINTY_MEASURE_WITH_UNIT(LENGTH_MEASURE(1.E-8),#2723,
'DISTANCE_ACCURACY_VALUE','Maximum Tolerance applied to model');
#2721=(
NAMED_UNIT(*)
SI_UNIT($,.STERADIAN.)
SOLID_ANGLE_UNIT()
);
#2722=(
NAMED_UNIT(*)
PLANE_ANGLE_UNIT()
SI_UNIT($,.RADIAN.)
);
#2723=(
LENGTH_UNIT()
NAMED_UNIT(*)
SI_UNIT($,.METRE.)
);
#2724=PRODUCT_DEFINITION_SHAPE('','',#2725);
#2725=PRODUCT_DEFINITION('','',#2727,#2726);
#2726=PRODUCT_DEFINITION_CONTEXT('',#2733,'design');
#2727=PRODUCT_DEFINITION_FORMATION_WITH_SPECIFIED_SOURCE('','',#2729,
 .NOT_KNOWN.);
#2728=PRODUCT_RELATED_PRODUCT_CATEGORY('','',(#2729));
#2729=PRODUCT('0_5-Hex_3DP_Adapter','0_5-Hex_3DP_Adapter',
'0_5-Hex_3DP_Adapter',(#2731));
#2730=PRODUCT_CATEGORY('','');
#2731=PRODUCT_CONTEXT('',#2733,'mechanical');
#2732=APPLICATION_PROTOCOL_DEFINITION('international standard',
'ap242_managed_model_based_3d_engineering',2011,#2733);
#2733=APPLICATION_CONTEXT('managed model based 3d engineering');
ENDSEC;
END-ISO-10303-21;
