ISO-10303-21;
HEADER;
/* Generated by software containing ST-Developer
 * from STEP Tools, Inc. (www.steptools.com) 
 */

FILE_DESCRIPTION(
/* description */ (''),
/* implementation_level */ '2;1');

FILE_NAME(
/* name */ 'SR-HEXto3DPRINT-01 v1.step',
/* time_stamp */ '2026-04-05T14:16:11-05:00',
/* author */ (''),
/* organization */ (''),
/* preprocessor_version */ 'ST-DEVELOPER v20.1',
/* originating_system */ 'Autodesk Translation Framework v14.24.0.0',
/* authorisation */ '');

FILE_SCHEMA (('AUTOMOTIVE_DESIGN { 1 0 10303 214 3 1 1 }'));
ENDSEC;

DATA;
#10=MECHANICAL_DESIGN_GEOMETRIC_PRESENTATION_REPRESENTATION('',(#17),#6407);
#11=ITEM_DEFINED_TRANSFORMATION($,$,#551,#590);
#12=(
REPRESENTATION_RELATIONSHIP($,$,#6421,#6420)
REPRESENTATION_RELATIONSHIP_WITH_TRANSFORMATION(#11)
SHAPE_REPRESENTATION_RELATIONSHIP()
);
#13=CONTEXT_DEPENDENT_SHAPE_REPRESENTATION(#12,#6419);
#14=NEXT_ASSEMBLY_USAGE_OCCURRENCE('Component1:1','Component1:1',
'Component1:1',#6423,#6424,'Component1:1');
#15=SHAPE_REPRESENTATION_RELATIONSHIP('SRR','None',#6421,#16);
#16=ADVANCED_BREP_SHAPE_REPRESENTATION('',(#18),#6406);
#17=STYLED_ITEM('',(#6434),#18);
#18=MANIFOLD_SOLID_BREP('Body1',#537);
#19=FACE_BOUND('',#136,.T.);
#20=FACE_BOUND('',#138,.T.);
#21=CIRCLE('',#559,0.600000000002775);
#22=CIRCLE('',#560,0.600000000002775);
#23=CIRCLE('',#562,0.600000000002774);
#24=CIRCLE('',#563,0.600000000002774);
#25=CIRCLE('',#565,0.600000000003479);
#26=CIRCLE('',#566,0.600000000003479);
#27=CIRCLE('',#568,0.600000000003479);
#28=CIRCLE('',#569,0.600000000003479);
#29=CIRCLE('',#571,0.600000000003479);
#30=CIRCLE('',#572,0.600000000003479);
#31=CIRCLE('',#574,0.6);
#32=CIRCLE('',#575,0.6);
#33=CIRCLE('',#577,0.600000000002783);
#34=CIRCLE('',#578,0.600000000002783);
#35=CIRCLE('',#580,0.600000000003478);
#36=CIRCLE('',#581,0.600000000003478);
#37=CIRCLE('',#583,0.600000000002775);
#38=CIRCLE('',#584,0.600000000002775);
#39=CIRCLE('',#586,0.600000000002775);
#40=CIRCLE('',#587,0.600000000002775);
#41=CYLINDRICAL_SURFACE('',#558,0.600000000002775);
#42=CYLINDRICAL_SURFACE('',#561,0.600000000002774);
#43=CYLINDRICAL_SURFACE('',#564,0.600000000003479);
#44=CYLINDRICAL_SURFACE('',#567,0.600000000003479);
#45=CYLINDRICAL_SURFACE('',#570,0.600000000003479);
#46=CYLINDRICAL_SURFACE('',#573,0.6);
#47=CYLINDRICAL_SURFACE('',#576,0.600000000002783);
#48=CYLINDRICAL_SURFACE('',#579,0.600000000003478);
#49=CYLINDRICAL_SURFACE('',#582,0.600000000002775);
#50=CYLINDRICAL_SURFACE('',#585,0.600000000002775);
#51=B_SPLINE_CURVE_WITH_KNOTS('',3,(#1029,#1030,#1031,#1032,#1033,#1034,
#1035,#1036,#1037,#1038,#1039,#1040,#1041,#1042,#1043,#1044,#1045,#1046,
#1047,#1048,#1049,#1050,#1051,#1052,#1053,#1054,#1055,#1056,#1057,#1058,
#1059,#1060,#1061,#1062,#1063,#1064,#1065,#1066,#1067,#1068,#1069,#1070,
#1071,#1072,#1073,#1074,#1075,#1076,#1077,#1078,#1079,#1080,#1081,#1082,
#1083,#1084,#1085,#1086,#1087,#1088,#1089,#1090,#1091,#1092,#1093,#1094,
#1095,#1096,#1097,#1098,#1099,#1100,#1101,#1102,#1103,#1104,#1105,#1106,
#1107,#1108,#1109,#1110,#1111,#1112,#1113,#1114,#1115,#1116,#1117,#1118,
#1119,#1120,#1121,#1122,#1123,#1124,#1125,#1126,#1127,#1128,#1129,#1130,
#1131,#1132,#1133,#1134,#1135,#1136,#1137,#1138,#1139,#1140,#1141,#1142,
#1143,#1144,#1145,#1146,#1147,#1148,#1149,#1150,#1151,#1152,#1153,#1154,
#1155,#1156,#1157,#1158,#1159,#1160,#1161,#1162,#1163,#1164,#1165,#1166,
#1167),.UNSPECIFIED.,.F.,.F.,(4,1,1,1,1,1,1,1,1,1,1,1,1,1,1,1,1,1,1,1,1,
1,1,1,1,1,1,1,1,1,1,1,1,1,1,1,1,1,1,1,1,1,1,1,1,1,1,1,1,1,1,1,1,1,1,1,1,
1,1,1,1,1,1,1,1,1,1,1,1,1,1,1,1,1,1,1,1,1,1,1,1,1,1,1,1,1,1,1,1,1,1,1,1,
1,1,1,1,1,1,1,1,1,1,1,1,1,1,1,1,1,1,1,1,1,1,1,1,1,1,1,1,1,1,1,1,1,1,1,1,
1,1,1,1,1,1,1,4),(1.34854168510391E-13,0.000589205024691004,0.00093632082352165,
0.0012636014346101,0.00157104685800699,0.00185865709377342,0.00212643214198409,
0.00237437200273162,0.00260247667613278,0.00281074616233771,0.00299918046154398,
0.00316777957401886,0.00331654350013654,0.00344547224044392,0.00355456579578622,
0.00371814213676899,0.00395699404946894,0.00402209705157061,0.00408649663013072,
0.00415020509231433,0.00421323546561992,0.00427560154639832,0.00433731795164939,
0.00439840017424305,0.00445886464169407,0.00451872877859262,0.004578011072756,
0.00463673114511608,0.00469490982328763,0.00475256921867338,0.00480973280684474,
0.00486642551078703,0.00492267378640839,0.00497850570947317,0.00503395106282244,
0.00508904142237771,0.00514381023997312,0.00519829292051541,0.00525252689031377,
0.00530655165264016,0.00536040882566278,0.00541414215683278,0.00546779750659647,
0.00552142279296269,0.00557506788700636,0.00562878444788864,0.0056826256845112,
0.00573664602963195,0.00579090071134753,0.00584544520655991,0.00590033456173192,
0.00595562256832271,0.00601136078426068,0.00606759739916847,0.00612437595026569,
0.00618173390825004,0.00623970116800752,0.0062982984972508,0.0063575360159892,
0.00641741179914228,0.00647791071083043,0.00653900358845989,0.00660064689398282,
0.00666278293546158,0.00672534073249964,0.0067882375547161,0.00685138110664994,
0.0068934136630024,0.00712509357634956,0.00735677348969673,0.00739880604604919,
0.00746194959798302,0.00752484642019949,0.00758740421723755,0.00764954025871631,
0.00771118356423924,0.0077722764418687,0.00783277535355685,0.00789265113670992,
0.00795188865544833,0.0080104859846916,0.00806845324444908,0.00812581120243344,
0.00818258975353065,0.00823882636843845,0.00829456458437642,0.00834985259096721,
0.00840474194613921,0.00845928644135159,0.00851354112306718,0.00856756146818793,
0.00862140270481049,0.00867511926569276,0.00872876435973643,0.00878238964610266,
0.00883604499586635,0.00888977832703635,0.00894363550005897,0.00899766026238536,
0.00905189423218372,0.00910637691272601,0.00916114573032142,0.00921623608987669,
0.00927168144322596,0.00932751336629073,0.0093837616419121,0.00944045434585438,
0.00949761793402574,0.0095552773294115,0.00961345600758305,0.00967217607994313,
0.0097314583741065,0.00979132251100505,0.00985178697845608,0.00991286920104974,
0.00997458560630081,0.0100369516870792,0.0100999820603848,0.0101636905225684,
0.0102280901011285,0.0102931931032302,0.0105320450159301,0.0106956213569129,
0.0108047149122552,0.0109336436525626,0.0110824075786803,0.0112510066911552,
0.0114394409903614,0.0116477104765664,0.0118758151499675,0.012123755010715,
0.0123915300589257,0.0126791402946921,0.012986585718089,0.0133138663291775,
0.0136609821280081,0.0142501871525646),.UNSPECIFIED.);
#52=B_SPLINE_CURVE_WITH_KNOTS('',3,(#1171,#1172,#1173,#1174,#1175,#1176,
#1177,#1178,#1179,#1180,#1181,#1182,#1183,#1184,#1185,#1186,#1187,#1188,
#1189,#1190,#1191,#1192,#1193,#1194,#1195,#1196,#1197,#1198,#1199,#1200,
#1201,#1202,#1203,#1204,#1205,#1206,#1207,#1208,#1209,#1210,#1211,#1212,
#1213,#1214,#1215,#1216,#1217,#1218,#1219,#1220,#1221,#1222,#1223,#1224,
#1225,#1226,#1227,#1228,#1229,#1230,#1231,#1232,#1233,#1234,#1235,#1236,
#1237,#1238,#1239,#1240,#1241,#1242,#1243,#1244,#1245,#1246,#1247,#1248,
#1249,#1250,#1251,#1252,#1253,#1254,#1255,#1256,#1257,#1258,#1259,#1260,
#1261,#1262,#1263,#1264,#1265,#1266,#1267,#1268,#1269,#1270,#1271,#1272,
#1273,#1274,#1275,#1276,#1277,#1278,#1279,#1280,#1281,#1282,#1283,#1284,
#1285,#1286,#1287,#1288,#1289,#1290,#1291,#1292,#1293,#1294,#1295,#1296,
#1297,#1298,#1299,#1300,#1301,#1302,#1303,#1304,#1305,#1306,#1307,#1308,
#1309),.UNSPECIFIED.,.F.,.F.,(4,1,1,1,1,1,1,1,1,1,1,1,1,1,1,1,1,1,1,1,1,
1,1,1,1,1,1,1,1,1,1,1,1,1,1,1,1,1,1,1,1,1,1,1,1,1,1,1,1,1,1,1,1,1,1,1,1,
1,1,1,1,1,1,1,1,1,1,1,1,1,1,1,1,1,1,1,1,1,1,1,1,1,1,1,1,1,1,1,1,1,1,1,1,
1,1,1,1,1,1,1,1,1,1,1,1,1,1,1,1,1,1,1,1,1,1,1,1,1,1,1,1,1,1,1,1,1,1,1,1,
1,1,1,1,1,1,1,4),(-0.0142501871525646,-0.0136609821280081,-0.0133138663291775,
-0.012986585718089,-0.0126791402946921,-0.0123915300589257,-0.012123755010715,
-0.0118758151499675,-0.0116477104765664,-0.0114394409903614,-0.0112510066911552,
-0.0110824075786803,-0.0109336436525626,-0.0108047149122552,-0.0106956213569129,
-0.0105320450159301,-0.0102931931032302,-0.0102280901011285,-0.0101636905225684,
-0.0100999820603848,-0.0100369516870792,-0.00997458560630081,-0.00991286920104974,
-0.00985178697845608,-0.00979132251100505,-0.0097314583741065,-0.00967217607994313,
-0.00961345600758305,-0.0095552773294115,-0.00949761793402574,-0.00944045434585438,
-0.0093837616419121,-0.00932751336629073,-0.00927168144322596,-0.00921623608987669,
-0.00916114573032142,-0.00910637691272601,-0.00905189423218372,-0.00899766026238536,
-0.00894363550005897,-0.00888977832703635,-0.00883604499586635,-0.00878238964610266,
-0.00872876435973643,-0.00867511926569276,-0.00862140270481049,-0.00856756146818793,
-0.00851354112306718,-0.00845928644135159,-0.00840474194613921,-0.00834985259096721,
-0.00829456458437642,-0.00823882636843845,-0.00818258975353065,-0.00812581120243344,
-0.00806845324444908,-0.0080104859846916,-0.00795188865544833,-0.00789265113670992,
-0.00783277535355685,-0.0077722764418687,-0.00771118356423924,-0.00764954025871631,
-0.00758740421723755,-0.00752484642019949,-0.00746194959798302,-0.00739880604604919,
-0.00735677348969673,-0.00712509357634956,-0.0068934136630024,-0.00685138110664994,
-0.0067882375547161,-0.00672534073249964,-0.00666278293546158,-0.00660064689398282,
-0.00653900358845989,-0.00647791071083043,-0.00641741179914228,-0.0063575360159892,
-0.0062982984972508,-0.00623970116800752,-0.00618173390825004,-0.00612437595026569,
-0.00606759739916847,-0.00601136078426068,-0.00595562256832271,-0.00590033456173192,
-0.00584544520655991,-0.00579090071134753,-0.00573664602963195,-0.0056826256845112,
-0.00562878444788864,-0.00557506788700636,-0.00552142279296269,-0.00546779750659647,
-0.00541414215683278,-0.00536040882566278,-0.00530655165264016,-0.00525252689031377,
-0.00519829292051541,-0.00514381023997312,-0.00508904142237771,-0.00503395106282244,
-0.00497850570947317,-0.00492267378640839,-0.00486642551078703,-0.00480973280684474,
-0.00475256921867338,-0.00469490982328763,-0.00463673114511608,-0.004578011072756,
-0.00451872877859262,-0.00445886464169407,-0.00439840017424305,-0.00433731795164939,
-0.00427560154639832,-0.00421323546561992,-0.00415020509231433,-0.00408649663013072,
-0.00402209705157061,-0.00395699404946894,-0.00371814213676899,-0.00355456579578622,
-0.00344547224044392,-0.00331654350013654,-0.00316777957401886,-0.00299918046154398,
-0.00281074616233771,-0.00260247667613278,-0.00237437200273162,-0.00212643214198409,
-0.00185865709377342,-0.00157104685800699,-0.0012636014346101,-0.00093632082352165,
-0.000589205024691004,-1.34854168510391E-13),.UNSPECIFIED.);
#53=B_SPLINE_CURVE_WITH_KNOTS('',3,(#1596,#1597,#1598,#1599,#1600,#1601,
#1602,#1603,#1604,#1605,#1606,#1607,#1608,#1609,#1610,#1611,#1612,#1613,
#1614,#1615,#1616,#1617,#1618,#1619,#1620,#1621,#1622,#1623,#1624,#1625,
#1626,#1627,#1628,#1629,#1630,#1631,#1632,#1633,#1634,#1635,#1636,#1637,
#1638,#1639,#1640,#1641,#1642,#1643,#1644,#1645,#1646,#1647,#1648,#1649,
#1650,#1651,#1652,#1653,#1654,#1655,#1656,#1657,#1658,#1659,#1660,#1661,
#1662,#1663,#1664,#1665,#1666,#1667,#1668,#1669,#1670,#1671,#1672,#1673,
#1674,#1675,#1676,#1677,#1678,#1679,#1680,#1681,#1682,#1683,#1684,#1685,
#1686,#1687,#1688,#1689,#1690,#1691,#1692,#1693,#1694,#1695,#1696,#1697,
#1698,#1699,#1700,#1701,#1702,#1703,#1704,#1705,#1706,#1707,#1708,#1709,
#1710,#1711,#1712,#1713,#1714,#1715,#1716,#1717,#1718,#1719,#1720,#1721,
#1722,#1723,#1724,#1725,#1726,#1727,#1728,#1729,#1730,#1731,#1732,#1733,
#1734),.UNSPECIFIED.,.F.,.F.,(4,1,1,1,1,1,1,1,1,1,1,1,1,1,1,1,1,1,1,1,1,
1,1,1,1,1,1,1,1,1,1,1,1,1,1,1,1,1,1,1,1,1,1,1,1,1,1,1,1,1,1,1,1,1,1,1,1,
1,1,1,1,1,1,1,1,1,1,1,1,1,1,1,1,1,1,1,1,1,1,1,1,1,1,1,1,1,1,1,1,1,1,1,1,
1,1,1,1,1,1,1,1,1,1,1,1,1,1,1,1,1,1,1,1,1,1,1,1,1,1,1,1,1,1,1,1,1,1,1,1,
1,1,1,1,1,1,1,4),(1.34853960434374E-13,0.000589205024691276,0.000936320823522082,
0.00126360143461068,0.00157104685800771,0.00185865709377428,0.00212643214198507,
0.00237437200273271,0.00260247667613398,0.00281074616233901,0.00299918046154536,
0.00316777957402031,0.00331654350013807,0.00344547224044551,0.00355456579578785,
0.0037181421367707,0.00395699404947077,0.00402209705157246,0.00408649663013261,
0.00415020509231624,0.00421323546562186,0.00427560154640029,0.00433731795165139,
0.00439840017424508,0.00445886464169613,0.0045187287785947,0.00457801107275811,
0.00463673114511822,0.00469490982328979,0.00475256921867557,0.00480973280684696,
0.00486642551078927,0.00492267378641066,0.00497850570947546,0.00503395106282476,
0.00508904142238005,0.00514381023997549,0.0051982929205178,0.00525252689031619,
0.0053065516526426,0.00536040882566525,0.00541414215683527,0.00546779750659899,
0.00552142279296524,0.00557506788700893,0.00562878444789123,0.00568262568451381,
0.00573664602963459,0.0057909007113502,0.0058454452065626,0.00590033456173464,
0.00595562256832545,0.00601136078426345,0.00606759739917127,0.00612437595026851,
0.00618173390825289,0.0062397011680104,0.0062982984972537,0.00635753601599213,
0.00641741179914524,0.00647791071083341,0.0065390035884629,0.00660064689398586,
0.00666278293546464,0.00672534073250273,0.00678823755471923,0.00685138110665309,
0.00689341366300557,0.00712509357635284,0.00735677348970012,0.0073988060460526,
0.00746194959798646,0.00752484642020295,0.00758740421724105,0.00764954025871983,
0.00771118356424279,0.00777227644187228,0.00783277535356045,0.00789265113671356,
0.00795188865545199,0.00801048598469529,0.0080684532444528,0.00812581120243719,
0.00818258975353442,0.00823882636844224,0.00829456458438024,0.00834985259097105,
0.00840474194614309,0.00845928644135549,0.0085135411230711,0.00856756146819188,
0.00862140270481446,0.00867511926569676,0.00872876435974045,0.0087823896461067,
0.00883604499587042,0.00888977832704044,0.00894363550006309,0.00899766026238951,
0.00905189423218789,0.0091063769127302,0.00916114573032564,0.00921623608988093,
0.00927168144323023,0.00932751336629503,0.00938376164191642,0.00944045434585873,
0.00949761793403012,0.0095552773294159,0.00961345600758748,0.00967217607994758,
0.00973145837411099,0.00979132251100956,0.00985178697846062,0.0099128692010543,
0.0099745856063054,0.0100369516870838,0.0100999820603895,0.0101636905225731,
0.0102280901011332,0.0102931931032349,0.010532045015935,0.0106956213569178,
0.0108047149122602,0.0109336436525676,0.0110824075786854,0.0112510066911603,
0.0114394409903667,0.0116477104765717,0.011875815149973,0.0121237550107206,
0.0123915300589314,0.012679140294698,0.012986585718095,0.0133138663291836,
0.0136609821280144,0.0142501871525712),.UNSPECIFIED.);
#54=B_SPLINE_CURVE_WITH_KNOTS('',3,(#1736,#1737,#1738,#1739,#1740,#1741,
#1742,#1743,#1744,#1745,#1746,#1747,#1748,#1749,#1750,#1751,#1752,#1753,
#1754,#1755,#1756,#1757,#1758,#1759,#1760,#1761,#1762,#1763,#1764,#1765,
#1766,#1767,#1768,#1769,#1770,#1771,#1772,#1773,#1774,#1775,#1776,#1777,
#1778,#1779,#1780,#1781,#1782,#1783,#1784,#1785,#1786,#1787,#1788,#1789,
#1790,#1791,#1792,#1793,#1794,#1795,#1796,#1797,#1798,#1799,#1800,#1801,
#1802,#1803,#1804,#1805,#1806,#1807,#1808,#1809,#1810,#1811,#1812,#1813,
#1814,#1815,#1816,#1817,#1818,#1819,#1820,#1821,#1822,#1823,#1824,#1825,
#1826,#1827,#1828,#1829,#1830,#1831,#1832,#1833,#1834,#1835,#1836,#1837,
#1838,#1839,#1840,#1841,#1842,#1843,#1844,#1845,#1846,#1847,#1848,#1849,
#1850,#1851,#1852,#1853,#1854,#1855,#1856,#1857,#1858,#1859,#1860,#1861,
#1862,#1863,#1864,#1865,#1866,#1867,#1868,#1869,#1870,#1871,#1872,#1873,
#1874),.UNSPECIFIED.,.F.,.F.,(4,1,1,1,1,1,1,1,1,1,1,1,1,1,1,1,1,1,1,1,1,
1,1,1,1,1,1,1,1,1,1,1,1,1,1,1,1,1,1,1,1,1,1,1,1,1,1,1,1,1,1,1,1,1,1,1,1,
1,1,1,1,1,1,1,1,1,1,1,1,1,1,1,1,1,1,1,1,1,1,1,1,1,1,1,1,1,1,1,1,1,1,1,1,
1,1,1,1,1,1,1,1,1,1,1,1,1,1,1,1,1,1,1,1,1,1,1,1,1,1,1,1,1,1,1,1,1,1,1,1,
1,1,1,1,1,1,1,4),(-0.0142501871525712,-0.0136609821280144,-0.0133138663291836,
-0.012986585718095,-0.012679140294698,-0.0123915300589314,-0.0121237550107206,
-0.011875815149973,-0.0116477104765717,-0.0114394409903667,-0.0112510066911603,
-0.0110824075786854,-0.0109336436525676,-0.0108047149122602,-0.0106956213569178,
-0.010532045015935,-0.0102931931032349,-0.0102280901011332,-0.0101636905225731,
-0.0100999820603895,-0.0100369516870838,-0.0099745856063054,-0.0099128692010543,
-0.00985178697846062,-0.00979132251100956,-0.00973145837411099,-0.00967217607994758,
-0.00961345600758748,-0.0095552773294159,-0.00949761793403012,-0.00944045434585873,
-0.00938376164191642,-0.00932751336629503,-0.00927168144323023,-0.00921623608988093,
-0.00916114573032564,-0.0091063769127302,-0.00905189423218789,-0.00899766026238951,
-0.00894363550006309,-0.00888977832704044,-0.00883604499587042,-0.0087823896461067,
-0.00872876435974045,-0.00867511926569676,-0.00862140270481446,-0.00856756146819188,
-0.0085135411230711,-0.00845928644135549,-0.00840474194614309,-0.00834985259097105,
-0.00829456458438024,-0.00823882636844224,-0.00818258975353442,-0.00812581120243719,
-0.0080684532444528,-0.00801048598469529,-0.00795188865545199,-0.00789265113671356,
-0.00783277535356045,-0.00777227644187228,-0.00771118356424279,-0.00764954025871983,
-0.00758740421724105,-0.00752484642020295,-0.00746194959798646,-0.0073988060460526,
-0.00735677348970012,-0.00712509357635284,-0.00689341366300557,-0.00685138110665309,
-0.00678823755471923,-0.00672534073250273,-0.00666278293546464,-0.00660064689398586,
-0.0065390035884629,-0.00647791071083341,-0.00641741179914524,-0.00635753601599213,
-0.0062982984972537,-0.0062397011680104,-0.00618173390825289,-0.00612437595026851,
-0.00606759739917127,-0.00601136078426345,-0.00595562256832545,-0.00590033456173464,
-0.0058454452065626,-0.0057909007113502,-0.00573664602963459,-0.00568262568451381,
-0.00562878444789123,-0.00557506788700893,-0.00552142279296524,-0.00546779750659899,
-0.00541414215683527,-0.00536040882566525,-0.0053065516526426,-0.00525252689031619,
-0.0051982929205178,-0.00514381023997549,-0.00508904142238005,-0.00503395106282476,
-0.00497850570947546,-0.00492267378641066,-0.00486642551078927,-0.00480973280684696,
-0.00475256921867557,-0.00469490982328979,-0.00463673114511822,-0.00457801107275811,
-0.0045187287785947,-0.00445886464169613,-0.00439840017424508,-0.00433731795165139,
-0.00427560154640029,-0.00421323546562186,-0.00415020509231624,-0.00408649663013261,
-0.00402209705157246,-0.00395699404947077,-0.0037181421367707,-0.00355456579578785,
-0.00344547224044551,-0.00331654350013807,-0.00316777957402031,-0.00299918046154536,
-0.00281074616233901,-0.00260247667613398,-0.00237437200273271,-0.00212643214198507,
-0.00185865709377428,-0.00157104685800771,-0.00126360143461068,-0.000936320823522082,
-0.000589205024691276,-1.34853960434374E-13),.UNSPECIFIED.);
#55=B_SPLINE_CURVE_WITH_KNOTS('',3,(#2161,#2162,#2163,#2164,#2165,#2166,
#2167,#2168,#2169,#2170,#2171,#2172,#2173,#2174,#2175,#2176,#2177,#2178,
#2179,#2180,#2181,#2182,#2183,#2184,#2185,#2186,#2187,#2188,#2189,#2190,
#2191,#2192,#2193,#2194,#2195,#2196,#2197,#2198,#2199,#2200,#2201,#2202,
#2203,#2204,#2205,#2206,#2207,#2208,#2209,#2210,#2211,#2212,#2213,#2214,
#2215,#2216,#2217,#2218,#2219,#2220,#2221,#2222,#2223,#2224,#2225,#2226,
#2227,#2228,#2229,#2230,#2231,#2232,#2233,#2234,#2235,#2236,#2237,#2238,
#2239,#2240,#2241,#2242,#2243,#2244,#2245,#2246,#2247,#2248,#2249,#2250,
#2251,#2252,#2253,#2254,#2255,#2256,#2257,#2258,#2259,#2260,#2261,#2262,
#2263,#2264,#2265,#2266,#2267,#2268,#2269,#2270,#2271,#2272,#2273,#2274,
#2275,#2276,#2277,#2278,#2279,#2280,#2281,#2282,#2283,#2284,#2285,#2286,
#2287,#2288,#2289,#2290,#2291,#2292,#2293,#2294,#2295,#2296,#2297,#2298,
#2299),.UNSPECIFIED.,.F.,.F.,(4,1,1,1,1,1,1,1,1,1,1,1,1,1,1,1,1,1,1,1,1,
1,1,1,1,1,1,1,1,1,1,1,1,1,1,1,1,1,1,1,1,1,1,1,1,1,1,1,1,1,1,1,1,1,1,1,1,
1,1,1,1,1,1,1,1,1,1,1,1,1,1,1,1,1,1,1,1,1,1,1,1,1,1,1,1,1,1,1,1,1,1,1,1,
1,1,1,1,1,1,1,1,1,1,1,1,1,1,1,1,1,1,1,1,1,1,1,1,1,1,1,1,1,1,1,1,1,1,1,1,
1,1,1,1,1,1,1,4),(1.34852568738544E-13,0.000589205024690572,0.000936320823520966,
0.00126360143460918,0.00157104685800584,0.00185865709377206,0.00212643214198254,
0.00237437200272989,0.00260247667613088,0.00281074616233566,0.00299918046154179,
0.00316777957401655,0.00331654350013412,0.00344547224044141,0.00355456579578363,
0.00371814213676628,0.00395699404946606,0.00402209705156767,0.00408649663012775,
0.0041502050923113,0.00421323546561684,0.0042756015463952,0.00433731795164623,
0.00439840017423985,0.00445886464169083,0.00451872877858933,0.00457801107275266,
0.0046367311451127,0.00469490982328421,0.00475256921866992,0.00480973280684124,
0.00486642551078348,0.0049226737864048,0.00497850570946954,0.00503395106281877,
0.005089041422374,0.00514381023996937,0.00519829292051162,0.00525252689030994,
0.00530655165263629,0.00536040882565887,0.00541414215682883,0.00546779750659248,
0.00552142279295867,0.0055750678870023,0.00562878444788453,0.00568262568450705,
0.00573664602962777,0.00579090071134331,0.00584544520655565,0.00590033456172762,
0.00595562256831837,0.0060113607842563,0.00606759739916405,0.00612437595026122,
0.00618173390824554,0.00623970116800297,0.00629829849724621,0.00635753601598457,
0.0064174117991376,0.00647791071082571,0.00653900358845512,0.006600646893978,
0.00666278293545672,0.00672534073249473,0.00678823755471116,0.00685138110664494,
0.00689341366299737,0.00712509357634437,0.00735677348969137,0.00739880604604379,
0.00746194959797758,0.007524846420194,0.00758740421723202,0.00764954025871073,
0.00771118356423362,0.00777227644186303,0.00783277535355114,0.00789265113670417,
0.00795188865544253,0.00801048598468576,0.0080684532444432,0.00812581120242752,
0.00818258975352469,0.00823882636843244,0.00829456458437037,0.00834985259096112,
0.00840474194613309,0.00845928644134543,0.00851354112306097,0.00856756146818169,
0.0086214027048042,0.00867511926568644,0.00872876435973007,0.00878238964609626,
0.00883604499585991,0.00888977832702987,0.00894363550005245,0.0089976602623788,
0.00905189423217712,0.00910637691271937,0.00916114573031474,0.00921623608986997,
0.0092716814432192,0.00932751336628394,0.00938376164190526,0.0094404543458475,
0.00949761793401882,0.00955527732940453,0.00961345600757604,0.00967217607993608,
0.00973145837409941,0.00979132251099792,0.0098517869784489,0.00991286920104251,
0.00997458560629354,0.0100369516870719,0.0100999820603774,0.010163690522561,
0.0102280901011211,0.0102931931032227,0.0105320450159225,0.0106956213569051,
0.0108047149122473,0.0109336436525546,0.0110824075786722,0.011251006691147,
0.0114394409903531,0.0116477104765579,0.0118758151499589,0.0121237550107062,
0.0123915300589167,0.0126791402946829,0.0129865857180796,0.0133138663291678,
0.0136609821279982,0.0142501871525542),.UNSPECIFIED.);
#56=B_SPLINE_CURVE_WITH_KNOTS('',3,(#2301,#2302,#2303,#2304,#2305,#2306,
#2307,#2308,#2309,#2310,#2311,#2312,#2313,#2314,#2315,#2316,#2317,#2318,
#2319,#2320,#2321,#2322,#2323,#2324,#2325,#2326,#2327,#2328,#2329,#2330,
#2331,#2332,#2333,#2334,#2335,#2336,#2337,#2338,#2339,#2340,#2341,#2342,
#2343,#2344,#2345,#2346,#2347,#2348,#2349,#2350,#2351,#2352,#2353,#2354,
#2355,#2356,#2357,#2358,#2359,#2360,#2361,#2362,#2363,#2364,#2365,#2366,
#2367,#2368,#2369,#2370,#2371,#2372,#2373,#2374,#2375,#2376,#2377,#2378,
#2379,#2380,#2381,#2382,#2383,#2384,#2385,#2386,#2387,#2388,#2389,#2390,
#2391,#2392,#2393,#2394,#2395,#2396,#2397,#2398,#2399,#2400,#2401,#2402,
#2403,#2404,#2405,#2406,#2407,#2408,#2409,#2410,#2411,#2412,#2413,#2414,
#2415,#2416,#2417,#2418,#2419,#2420,#2421,#2422,#2423,#2424,#2425,#2426,
#2427,#2428,#2429,#2430,#2431,#2432,#2433,#2434,#2435,#2436,#2437,#2438,
#2439),.UNSPECIFIED.,.F.,.F.,(4,1,1,1,1,1,1,1,1,1,1,1,1,1,1,1,1,1,1,1,1,
1,1,1,1,1,1,1,1,1,1,1,1,1,1,1,1,1,1,1,1,1,1,1,1,1,1,1,1,1,1,1,1,1,1,1,1,
1,1,1,1,1,1,1,1,1,1,1,1,1,1,1,1,1,1,1,1,1,1,1,1,1,1,1,1,1,1,1,1,1,1,1,1,
1,1,1,1,1,1,1,1,1,1,1,1,1,1,1,1,1,1,1,1,1,1,1,1,1,1,1,1,1,1,1,1,1,1,1,1,
1,1,1,1,1,1,1,4),(-0.0142501871525542,-0.0136609821279982,-0.0133138663291678,
-0.0129865857180796,-0.0126791402946829,-0.0123915300589167,-0.0121237550107062,
-0.0118758151499589,-0.0116477104765579,-0.0114394409903531,-0.011251006691147,
-0.0110824075786722,-0.0109336436525546,-0.0108047149122473,-0.0106956213569051,
-0.0105320450159225,-0.0102931931032227,-0.0102280901011211,-0.010163690522561,
-0.0100999820603774,-0.0100369516870719,-0.00997458560629354,-0.00991286920104251,
-0.0098517869784489,-0.00979132251099792,-0.00973145837409941,-0.00967217607993608,
-0.00961345600757604,-0.00955527732940453,-0.00949761793401882,-0.0094404543458475,
-0.00938376164190526,-0.00932751336628394,-0.0092716814432192,-0.00921623608986997,
-0.00916114573031474,-0.00910637691271937,-0.00905189423217712,-0.0089976602623788,
-0.00894363550005245,-0.00888977832702987,-0.00883604499585991,-0.00878238964609626,
-0.00872876435973007,-0.00867511926568644,-0.0086214027048042,-0.00856756146818169,
-0.00851354112306097,-0.00845928644134543,-0.00840474194613309,-0.00834985259096112,
-0.00829456458437037,-0.00823882636843244,-0.00818258975352469,-0.00812581120242752,
-0.0080684532444432,-0.00801048598468576,-0.00795188865544253,-0.00789265113670417,
-0.00783277535355114,-0.00777227644186303,-0.00771118356423362,-0.00764954025871073,
-0.00758740421723202,-0.007524846420194,-0.00746194959797758,-0.00739880604604379,
-0.00735677348969137,-0.00712509357634437,-0.00689341366299737,-0.00685138110664494,
-0.00678823755471116,-0.00672534073249473,-0.00666278293545672,-0.006600646893978,
-0.00653900358845512,-0.00647791071082571,-0.0064174117991376,-0.00635753601598457,
-0.00629829849724621,-0.00623970116800297,-0.00618173390824554,-0.00612437595026122,
-0.00606759739916405,-0.0060113607842563,-0.00595562256831837,-0.00590033456172762,
-0.00584544520655565,-0.00579090071134331,-0.00573664602962777,-0.00568262568450705,
-0.00562878444788453,-0.0055750678870023,-0.00552142279295867,-0.00546779750659248,
-0.00541414215682883,-0.00536040882565887,-0.00530655165263629,-0.00525252689030994,
-0.00519829292051162,-0.00514381023996937,-0.005089041422374,-0.00503395106281877,
-0.00497850570946954,-0.0049226737864048,-0.00486642551078348,-0.00480973280684124,
-0.00475256921866992,-0.00469490982328421,-0.0046367311451127,-0.00457801107275266,
-0.00451872877858933,-0.00445886464169083,-0.00439840017423985,-0.00433731795164623,
-0.0042756015463952,-0.00421323546561684,-0.0041502050923113,-0.00408649663012775,
-0.00402209705156767,-0.00395699404946606,-0.00371814213676628,-0.00355456579578363,
-0.00344547224044141,-0.00331654350013412,-0.00316777957401655,-0.00299918046154179,
-0.00281074616233566,-0.00260247667613088,-0.00237437200272989,-0.00212643214198254,
-0.00185865709377206,-0.00157104685800584,-0.00126360143460918,-0.000936320823520966,
-0.000589205024690572,-1.34852568738544E-13),.UNSPECIFIED.);
#57=B_SPLINE_CURVE_WITH_KNOTS('',3,(#2726,#2727,#2728,#2729,#2730,#2731,
#2732,#2733,#2734,#2735,#2736,#2737,#2738,#2739,#2740,#2741,#2742,#2743,
#2744,#2745,#2746,#2747,#2748,#2749,#2750,#2751,#2752,#2753,#2754,#2755,
#2756,#2757,#2758,#2759,#2760,#2761,#2762,#2763,#2764,#2765,#2766,#2767,
#2768,#2769,#2770,#2771,#2772,#2773,#2774,#2775,#2776,#2777,#2778,#2779,
#2780,#2781,#2782,#2783,#2784,#2785,#2786,#2787,#2788,#2789,#2790,#2791,
#2792,#2793,#2794,#2795,#2796,#2797,#2798,#2799,#2800,#2801,#2802,#2803,
#2804,#2805,#2806,#2807,#2808,#2809,#2810,#2811,#2812,#2813,#2814,#2815,
#2816,#2817,#2818,#2819,#2820,#2821,#2822,#2823,#2824,#2825,#2826,#2827,
#2828,#2829,#2830,#2831,#2832,#2833,#2834,#2835,#2836,#2837,#2838,#2839,
#2840,#2841,#2842,#2843,#2844,#2845,#2846,#2847,#2848,#2849,#2850,#2851,
#2852,#2853,#2854,#2855,#2856,#2857,#2858,#2859,#2860,#2861,#2862,#2863,
#2864),.UNSPECIFIED.,.F.,.F.,(4,1,1,1,1,1,1,1,1,1,1,1,1,1,1,1,1,1,1,1,1,
1,1,1,1,1,1,1,1,1,1,1,1,1,1,1,1,1,1,1,1,1,1,1,1,1,1,1,1,1,1,1,1,1,1,1,1,
1,1,1,1,1,1,1,1,1,1,1,1,1,1,1,1,1,1,1,1,1,1,1,1,1,1,1,1,1,1,1,1,1,1,1,1,
1,1,1,1,1,1,1,1,1,1,1,1,1,1,1,1,1,1,1,1,1,1,1,1,1,1,1,1,1,1,1,1,1,1,1,1,
1,1,1,1,1,1,1,4),(1.12464164554024E-13,0.000589205024670169,0.000936320823501548,
0.00126360143459069,0.00157104685798822,0.00185865709375526,0.0021264321419665,
0.00237437200271455,0.00260247667611619,0.00281074616232156,0.00299918046152822,
0.00316777957400346,0.00331654350012146,0.00344547224042911,0.00355456579577163,
0.00371814213675475,0.00395699404945521,0.00402209705155701,0.00408649663011726,
0.004150205092301,0.00421323546560672,0.00427560154638526,0.00433731795163646,
0.00439840017423025,0.0044588646416814,0.00451872877858007,0.00457801107274358,
0.00463673114510378,0.00469490982327545,0.00475256921866133,0.00480973280683281,
0.00486642551077521,0.00492267378639669,0.00497850570946159,0.00503395106281098,
0.00508904142236636,0.00514381023996189,0.00519829292050429,0.00525252689030276,
0.00530655165262927,0.005360408825652,0.00541414215682212,0.00546779750658592,
0.00552142279295226,0.00557506788699604,0.00562878444787843,0.0056826256845011,
0.00573664602962197,0.00579090071133766,0.00584544520655016,0.00590033456172228,
0.00595562256831319,0.00601136078425128,0.00606759739915919,0.00612437595025652,
0.006181733908241,0.0062397011679986,0.006298298497242,0.00635753601598053,
0.00641741179913373,0.00647791071082201,0.0065390035884516,0.00660064689397466,
0.00666278293545355,0.00672534073249174,0.00678823755470834,0.00685138110664231,
0.00689341366299485,0.00712509357634251,0.00735677348969016,0.00739880604604271,
0.00746194959797668,0.00752484642019328,0.00758740421723147,0.00764954025871036,
0.00771118356423342,0.00777227644186301,0.00783277535355128,0.00789265113670449,
0.00795188865544302,0.00801048598468642,0.00806845324444402,0.0081258112024285,
0.00818258975352583,0.00823882636843374,0.00829456458437183,0.00834985259096273,
0.00840474194613486,0.00845928644134735,0.00851354112306305,0.00856756146818392,
0.00862140270480659,0.00867511926568898,0.00872876435973276,0.0087823896460991,
0.0088360449958629,0.00888977832703301,0.00894363550005575,0.00899766026238225,
0.00905189423218073,0.00910637691272313,0.00916114573031866,0.00921623608987404,
0.00927168144322343,0.00932751336628832,0.00938376164190981,0.00944045434585221,
0.00949761793402369,0.00955527732940957,0.00961345600758124,0.00967217607994144,
0.00973145837410495,0.00979132251100362,0.00985178697845477,0.00991286920104856,
0.00997458560629976,0.0100369516870783,0.010099982060384,0.0101636905225678,
0.010228090101128,0.0102931931032298,0.0105320450159303,0.0106956213569134,
0.0108047149122559,0.0109336436525636,0.0110824075786816,0.0112510066911568,
0.0114394409903635,0.0116477104765688,0.0118758151499705,0.0121237550107185,
0.0123915300589298,0.0126791402946968,0.0129865857180943,0.0133138663291835,
0.0136609821280149,0.0142501871525726),.UNSPECIFIED.);
#58=B_SPLINE_CURVE_WITH_KNOTS('',3,(#2866,#2867,#2868,#2869,#2870,#2871,
#2872,#2873,#2874,#2875,#2876,#2877,#2878,#2879,#2880,#2881,#2882,#2883,
#2884,#2885,#2886,#2887,#2888,#2889,#2890,#2891,#2892,#2893,#2894,#2895,
#2896,#2897,#2898,#2899,#2900,#2901,#2902,#2903,#2904,#2905,#2906,#2907,
#2908,#2909,#2910,#2911,#2912,#2913,#2914,#2915,#2916,#2917,#2918,#2919,
#2920,#2921,#2922,#2923,#2924,#2925,#2926,#2927,#2928,#2929,#2930,#2931,
#2932,#2933,#2934,#2935,#2936,#2937,#2938,#2939,#2940,#2941,#2942,#2943,
#2944,#2945,#2946,#2947,#2948,#2949,#2950,#2951,#2952,#2953,#2954,#2955,
#2956,#2957,#2958,#2959,#2960,#2961,#2962,#2963,#2964,#2965,#2966,#2967,
#2968,#2969,#2970,#2971,#2972,#2973,#2974,#2975,#2976,#2977,#2978,#2979,
#2980,#2981,#2982,#2983,#2984,#2985,#2986,#2987,#2988,#2989,#2990,#2991,
#2992,#2993,#2994,#2995,#2996,#2997,#2998,#2999,#3000,#3001,#3002,#3003,
#3004),.UNSPECIFIED.,.F.,.F.,(4,1,1,1,1,1,1,1,1,1,1,1,1,1,1,1,1,1,1,1,1,
1,1,1,1,1,1,1,1,1,1,1,1,1,1,1,1,1,1,1,1,1,1,1,1,1,1,1,1,1,1,1,1,1,1,1,1,
1,1,1,1,1,1,1,1,1,1,1,1,1,1,1,1,1,1,1,1,1,1,1,1,1,1,1,1,1,1,1,1,1,1,1,1,
1,1,1,1,1,1,1,1,1,1,1,1,1,1,1,1,1,1,1,1,1,1,1,1,1,1,1,1,1,1,1,1,1,1,1,1,
1,1,1,1,1,1,1,4),(-0.0142501871525726,-0.0136609821280149,-0.0133138663291835,
-0.0129865857180943,-0.0126791402946968,-0.0123915300589298,-0.0121237550107185,
-0.0118758151499705,-0.0116477104765688,-0.0114394409903635,-0.0112510066911568,
-0.0110824075786816,-0.0109336436525636,-0.0108047149122559,-0.0106956213569134,
-0.0105320450159303,-0.0102931931032298,-0.010228090101128,-0.0101636905225678,
-0.010099982060384,-0.0100369516870783,-0.00997458560629976,-0.00991286920104856,
-0.00985178697845477,-0.00979132251100362,-0.00973145837410495,-0.00967217607994144,
-0.00961345600758124,-0.00955527732940957,-0.00949761793402369,-0.00944045434585221,
-0.00938376164190981,-0.00932751336628832,-0.00927168144322343,-0.00921623608987404,
-0.00916114573031866,-0.00910637691272313,-0.00905189423218073,-0.00899766026238225,
-0.00894363550005575,-0.00888977832703301,-0.0088360449958629,-0.0087823896460991,
-0.00872876435973276,-0.00867511926568898,-0.00862140270480659,-0.00856756146818392,
-0.00851354112306305,-0.00845928644134735,-0.00840474194613486,-0.00834985259096273,
-0.00829456458437183,-0.00823882636843374,-0.00818258975352583,-0.0081258112024285,
-0.00806845324444402,-0.00801048598468642,-0.00795188865544302,-0.00789265113670449,
-0.00783277535355128,-0.00777227644186301,-0.00771118356423342,-0.00764954025871036,
-0.00758740421723147,-0.00752484642019328,-0.00746194959797668,-0.00739880604604271,
-0.00735677348969016,-0.00712509357634251,-0.00689341366299485,-0.00685138110664231,
-0.00678823755470834,-0.00672534073249174,-0.00666278293545355,-0.00660064689397466,
-0.0065390035884516,-0.00647791071082201,-0.00641741179913373,-0.00635753601598053,
-0.006298298497242,-0.0062397011679986,-0.006181733908241,-0.00612437595025652,
-0.00606759739915919,-0.00601136078425128,-0.00595562256831319,-0.00590033456172228,
-0.00584544520655016,-0.00579090071133766,-0.00573664602962197,-0.0056826256845011,
-0.00562878444787843,-0.00557506788699604,-0.00552142279295226,-0.00546779750658592,
-0.00541414215682212,-0.005360408825652,-0.00530655165262927,-0.00525252689030276,
-0.00519829292050429,-0.00514381023996189,-0.00508904142236636,-0.00503395106281098,
-0.00497850570946159,-0.00492267378639669,-0.00486642551077521,-0.00480973280683281,
-0.00475256921866133,-0.00469490982327545,-0.00463673114510378,-0.00457801107274358,
-0.00451872877858007,-0.0044588646416814,-0.00439840017423025,-0.00433731795163646,
-0.00427560154638526,-0.00421323546560672,-0.004150205092301,-0.00408649663011726,
-0.00402209705155701,-0.00395699404945521,-0.00371814213675475,-0.00355456579577163,
-0.00344547224042911,-0.00331654350012146,-0.00316777957400346,-0.00299918046152822,
-0.00281074616232156,-0.00260247667611619,-0.00237437200271455,-0.0021264321419665,
-0.00185865709375526,-0.00157104685798822,-0.00126360143459069,-0.000936320823501548,
-0.000589205024670169,-1.12464164554024E-13),.UNSPECIFIED.);
#59=B_SPLINE_CURVE_WITH_KNOTS('',3,(#3291,#3292,#3293,#3294,#3295,#3296,
#3297,#3298,#3299,#3300,#3301,#3302,#3303,#3304,#3305,#3306,#3307,#3308,
#3309,#3310,#3311,#3312,#3313,#3314,#3315,#3316,#3317,#3318,#3319,#3320,
#3321,#3322,#3323,#3324,#3325,#3326,#3327,#3328,#3329,#3330,#3331,#3332,
#3333,#3334,#3335,#3336,#3337,#3338,#3339,#3340,#3341,#3342,#3343,#3344,
#3345,#3346,#3347,#3348,#3349,#3350,#3351,#3352,#3353,#3354,#3355,#3356,
#3357,#3358,#3359,#3360,#3361,#3362,#3363,#3364,#3365,#3366,#3367,#3368,
#3369,#3370,#3371,#3372,#3373,#3374,#3375,#3376,#3377,#3378,#3379,#3380,
#3381,#3382,#3383,#3384,#3385,#3386,#3387,#3388,#3389,#3390,#3391,#3392,
#3393,#3394,#3395,#3396,#3397,#3398,#3399,#3400,#3401,#3402,#3403,#3404,
#3405,#3406,#3407,#3408,#3409,#3410,#3411,#3412,#3413,#3414,#3415,#3416,
#3417,#3418,#3419,#3420,#3421,#3422,#3423,#3424,#3425,#3426,#3427,#3428,
#3429),.UNSPECIFIED.,.F.,.F.,(4,1,1,1,1,1,1,1,1,1,1,1,1,1,1,1,1,1,1,1,1,
1,1,1,1,1,1,1,1,1,1,1,1,1,1,1,1,1,1,1,1,1,1,1,1,1,1,1,1,1,1,1,1,1,1,1,1,
1,1,1,1,1,1,1,1,1,1,1,1,1,1,1,1,1,1,1,1,1,1,1,1,1,1,1,1,1,1,1,1,1,1,1,1,
1,1,1,1,1,1,1,1,1,1,1,1,1,1,1,1,1,1,1,1,1,1,1,1,1,1,1,1,1,1,1,1,1,1,1,1,
1,1,1,1,1,1,1,4),(1.12410692276564E-13,0.000589205024670085,0.000936320823501447,
0.00126360143459057,0.00157104685798809,0.00185865709375512,0.00212643214196634,
0.00237437200271438,0.00260247667611601,0.00281074616232138,0.00299918046152803,
0.00316777957400325,0.00331654350012124,0.00344547224042889,0.00355456579577141,
0.00371814213675452,0.00395699404945497,0.00402209705155677,0.00408649663011702,
0.00415020509230075,0.00421323546560647,0.004275601546385,0.0043373179516362,
0.00439840017422999,0.00445886464168114,0.00451872877857981,0.00457801107274331,
0.00463673114510351,0.00469490982327518,0.00475256921866105,0.00480973280683253,
0.00486642551077493,0.00492267378639641,0.0049785057094613,0.00503395106281069,
0.00508904142236607,0.00514381023996159,0.00519829292050399,0.00525252689030246,
0.00530655165262897,0.0053604088256517,0.00541414215682181,0.00546779750658561,
0.00552142279295195,0.00557506788699573,0.00562878444787811,0.00568262568450078,
0.00573664602962164,0.00579090071133734,0.00584544520654983,0.00590033456172195,
0.00595562256831285,0.00601136078425094,0.00606759739915885,0.00612437595025618,
0.00618173390824066,0.00623970116799826,0.00629829849724165,0.00635753601598018,
0.00641741179913338,0.00647791071082165,0.00653900358845124,0.00660064689397429,
0.00666278293545318,0.00672534073249137,0.00678823755470797,0.00685138110664193,
0.00689341366299448,0.00712509357634212,0.00735677348968976,0.00739880604604231,
0.00746194959797627,0.00752484642019287,0.00758740421723106,0.00764954025870995,
0.00771118356423301,0.00777227644186259,0.00783277535355086,0.00789265113670406,
0.00795188865544259,0.00801048598468599,0.00806845324444358,0.00812581120242806,
0.00818258975352539,0.0082388263684333,0.00829456458437139,0.00834985259096229,
0.00840474194613441,0.0084592864413469,0.0085135411230626,0.00856756146818346,
0.00862140270480613,0.00867511926568852,0.0087287643597323,0.00878238964609863,
0.00883604499586244,0.00888977832703254,0.00894363550005528,0.00899766026238178,
0.00905189423218025,0.00910637691272265,0.00916114573031818,0.00921623608987356,
0.00927168144322294,0.00932751336628783,0.00938376164190932,0.00944045434585172,
0.00949761793402319,0.00955527732940907,0.00961345600758074,0.00967217607994094,
0.00973145837410444,0.00979132251100311,0.00985178697845426,0.00991286920104804,
0.00997458560629924,0.0100369516870778,0.0100999820603835,0.0101636905225672,
0.0102280901011275,0.0102931931032293,0.0105320450159297,0.0106956213569128,
0.0108047149122554,0.010933643652563,0.011082407578681,0.0112510066911562,
0.0114394409903629,0.0116477104765682,0.0118758151499699,0.0121237550107179,
0.0123915300589291,0.0126791402946962,0.0129865857180937,0.0133138663291828,
0.0136609821280142,0.0142501871525715),.UNSPECIFIED.);
#60=B_SPLINE_CURVE_WITH_KNOTS('',3,(#3431,#3432,#3433,#3434,#3435,#3436,
#3437,#3438,#3439,#3440,#3441,#3442,#3443,#3444,#3445,#3446,#3447,#3448,
#3449,#3450,#3451,#3452,#3453,#3454,#3455,#3456,#3457,#3458,#3459,#3460,
#3461,#3462,#3463,#3464,#3465,#3466,#3467,#3468,#3469,#3470,#3471,#3472,
#3473,#3474,#3475,#3476,#3477,#3478,#3479,#3480,#3481,#3482,#3483,#3484,
#3485,#3486,#3487,#3488,#3489,#3490,#3491,#3492,#3493,#3494,#3495,#3496,
#3497,#3498,#3499,#3500,#3501,#3502,#3503,#3504,#3505,#3506,#3507,#3508,
#3509,#3510,#3511,#3512,#3513,#3514,#3515,#3516,#3517,#3518,#3519,#3520,
#3521,#3522,#3523,#3524,#3525,#3526,#3527,#3528,#3529,#3530,#3531,#3532,
#3533,#3534,#3535,#3536,#3537,#3538,#3539,#3540,#3541,#3542,#3543,#3544,
#3545,#3546,#3547,#3548,#3549,#3550,#3551,#3552,#3553,#3554,#3555,#3556,
#3557,#3558,#3559,#3560,#3561,#3562,#3563,#3564,#3565,#3566,#3567,#3568,
#3569),.UNSPECIFIED.,.F.,.F.,(4,1,1,1,1,1,1,1,1,1,1,1,1,1,1,1,1,1,1,1,1,
1,1,1,1,1,1,1,1,1,1,1,1,1,1,1,1,1,1,1,1,1,1,1,1,1,1,1,1,1,1,1,1,1,1,1,1,
1,1,1,1,1,1,1,1,1,1,1,1,1,1,1,1,1,1,1,1,1,1,1,1,1,1,1,1,1,1,1,1,1,1,1,1,
1,1,1,1,1,1,1,1,1,1,1,1,1,1,1,1,1,1,1,1,1,1,1,1,1,1,1,1,1,1,1,1,1,1,1,1,
1,1,1,1,1,1,1,4),(-0.0142501871525715,-0.0136609821280142,-0.0133138663291828,
-0.0129865857180937,-0.0126791402946962,-0.0123915300589291,-0.0121237550107179,
-0.0118758151499699,-0.0116477104765682,-0.0114394409903629,-0.0112510066911562,
-0.011082407578681,-0.010933643652563,-0.0108047149122554,-0.0106956213569128,
-0.0105320450159297,-0.0102931931032293,-0.0102280901011275,-0.0101636905225672,
-0.0100999820603835,-0.0100369516870778,-0.00997458560629924,-0.00991286920104804,
-0.00985178697845426,-0.00979132251100311,-0.00973145837410444,-0.00967217607994094,
-0.00961345600758074,-0.00955527732940907,-0.00949761793402319,-0.00944045434585172,
-0.00938376164190932,-0.00932751336628783,-0.00927168144322294,-0.00921623608987356,
-0.00916114573031818,-0.00910637691272265,-0.00905189423218025,-0.00899766026238178,
-0.00894363550005528,-0.00888977832703254,-0.00883604499586244,-0.00878238964609863,
-0.0087287643597323,-0.00867511926568852,-0.00862140270480613,-0.00856756146818346,
-0.0085135411230626,-0.0084592864413469,-0.00840474194613441,-0.00834985259096229,
-0.00829456458437139,-0.0082388263684333,-0.00818258975352539,-0.00812581120242806,
-0.00806845324444358,-0.00801048598468599,-0.00795188865544259,-0.00789265113670406,
-0.00783277535355086,-0.00777227644186259,-0.00771118356423301,-0.00764954025870995,
-0.00758740421723106,-0.00752484642019287,-0.00746194959797627,-0.00739880604604231,
-0.00735677348968976,-0.00712509357634212,-0.00689341366299448,-0.00685138110664193,
-0.00678823755470797,-0.00672534073249137,-0.00666278293545318,-0.00660064689397429,
-0.00653900358845124,-0.00647791071082165,-0.00641741179913338,-0.00635753601598018,
-0.00629829849724165,-0.00623970116799826,-0.00618173390824066,-0.00612437595025618,
-0.00606759739915885,-0.00601136078425094,-0.00595562256831285,-0.00590033456172195,
-0.00584544520654983,-0.00579090071133734,-0.00573664602962164,-0.00568262568450078,
-0.00562878444787811,-0.00557506788699573,-0.00552142279295195,-0.00546779750658561,
-0.00541414215682181,-0.0053604088256517,-0.00530655165262897,-0.00525252689030246,
-0.00519829292050399,-0.00514381023996159,-0.00508904142236607,-0.00503395106281069,
-0.0049785057094613,-0.00492267378639641,-0.00486642551077493,-0.00480973280683253,
-0.00475256921866105,-0.00469490982327518,-0.00463673114510351,-0.00457801107274331,
-0.00451872877857981,-0.00445886464168114,-0.00439840017422999,-0.0043373179516362,
-0.004275601546385,-0.00421323546560647,-0.00415020509230075,-0.00408649663011702,
-0.00402209705155677,-0.00395699404945497,-0.00371814213675452,-0.00355456579577141,
-0.00344547224042889,-0.00331654350012124,-0.00316777957400325,-0.00299918046152803,
-0.00281074616232138,-0.00260247667611601,-0.00237437200271438,-0.00212643214196634,
-0.00185865709375512,-0.00157104685798809,-0.00126360143459057,-0.000936320823501447,
-0.000589205024670085,-1.12410692276564E-13),.UNSPECIFIED.);
#61=B_SPLINE_CURVE_WITH_KNOTS('',3,(#3856,#3857,#3858,#3859,#3860,#3861,
#3862,#3863,#3864,#3865,#3866,#3867,#3868,#3869,#3870,#3871,#3872,#3873,
#3874,#3875,#3876,#3877,#3878,#3879,#3880,#3881,#3882,#3883,#3884,#3885,
#3886,#3887,#3888,#3889,#3890,#3891,#3892,#3893,#3894,#3895,#3896,#3897,
#3898,#3899,#3900,#3901,#3902,#3903,#3904,#3905,#3906,#3907,#3908,#3909,
#3910,#3911,#3912,#3913,#3914,#3915,#3916,#3917,#3918,#3919,#3920,#3921,
#3922,#3923,#3924,#3925,#3926,#3927,#3928,#3929,#3930,#3931,#3932,#3933,
#3934,#3935,#3936,#3937,#3938,#3939,#3940,#3941,#3942,#3943,#3944,#3945,
#3946,#3947,#3948,#3949,#3950,#3951,#3952,#3953,#3954,#3955,#3956,#3957,
#3958,#3959,#3960,#3961,#3962,#3963,#3964,#3965,#3966,#3967,#3968,#3969,
#3970,#3971,#3972,#3973,#3974,#3975,#3976,#3977,#3978,#3979,#3980,#3981,
#3982,#3983,#3984,#3985,#3986,#3987,#3988,#3989,#3990,#3991,#3992,#3993,
#3994),.UNSPECIFIED.,.F.,.F.,(4,1,1,1,1,1,1,1,1,1,1,1,1,1,1,1,1,1,1,1,1,
1,1,1,1,1,1,1,1,1,1,1,1,1,1,1,1,1,1,1,1,1,1,1,1,1,1,1,1,1,1,1,1,1,1,1,1,
1,1,1,1,1,1,1,1,1,1,1,1,1,1,1,1,1,1,1,1,1,1,1,1,1,1,1,1,1,1,1,1,1,1,1,1,
1,1,1,1,1,1,1,1,1,1,1,1,1,1,1,1,1,1,1,1,1,1,1,1,1,1,1,1,1,1,1,1,1,1,1,1,
1,1,1,1,1,1,1,4),(1.12410895610031E-13,0.000589205024670659,0.000936320823502358,
0.0012636014345918,0.00157104685798962,0.00185865709375693,0.00212643214196841,
0.00237437200271669,0.00260247667611854,0.00281074616232411,0.00299918046153094,
0.00316777957400633,0.00331654350012447,0.00344547224043224,0.00355456579577487,
0.00371814213675814,0.00395699404945881,0.00402209705156067,0.00408649663012099,
0.00415020509230478,0.00421323546561056,0.00427560154638916,0.00433731795164042,
0.00439840017423426,0.00445886464168547,0.0045187287785842,0.00457801107274776,
0.00463673114510801,0.00469490982327974,0.00475256921866567,0.0048097328068372,
0.00486642551077966,0.00492267378640119,0.00497850570946614,0.00503395106281558,
0.00508904142237101,0.00514381023996659,0.00519829292050904,0.00525252689030757,
0.00530655165263412,0.00536040882565691,0.00541414215682707,0.00546779750659092,
0.00552142279295731,0.00557506788700114,0.00562878444788358,0.0056826256845063,
0.00573664602962722,0.00579090071134297,0.00584544520655551,0.00590033456172769,
0.00595562256831864,0.00601136078425678,0.00606759739916475,0.00612437595026213,
0.00618173390824666,0.00623970116800432,0.00629829849724777,0.00635753601598636,
0.00641741179913962,0.00647791071082795,0.00653900358845759,0.00660064689398071,
0.00666278293545966,0.0067253407324979,0.00678823755471456,0.00685138110664859,
0.00689341366300117,0.00712509357634904,0.00735677348969691,0.0073988060460495,
0.00746194959798352,0.00752484642020018,0.00758740421723843,0.00764954025871738,
0.0077111835642405,0.00777227644187014,0.00783277535355847,0.00789265113671173,
0.00795188865545032,0.00801048598469377,0.00806845324445142,0.00812581120243596,
0.00818258975353334,0.0082388263684413,0.00829456458437945,0.0083498525909704,
0.00840474194614258,0.00845928644135512,0.00851354112307087,0.00856756146819179,
0.00862140270481451,0.00867511926569695,0.00872876435974078,0.00878238964610717,
0.00883604499587102,0.00888977832704118,0.00894363550006396,0.00899766026239052,
0.00905189423218905,0.0091063769127315,0.00916114573032708,0.00921623608988251,
0.00927168144323195,0.00932751336629689,0.00938376164191843,0.00944045434586089,
0.00949761793403242,0.00955527732941835,0.00961345600759008,0.00967217607995033,
0.00973145837411389,0.00979132251101262,0.00985178697846383,0.00991286920105767,
0.00997458560630893,0.0100369516870875,0.0100999820603933,0.0101636905225771,
0.0102280901011374,0.0102931931032393,0.01053204501594,0.0106956213569232,
0.0108047149122658,0.0109336436525736,0.0110824075786918,0.0112510066911671,
0.011439440990374,0.0116477104765796,0.0118758151499814,0.0121237550107297,
0.0123915300589412,0.0126791402947085,0.0129865857181063,0.0133138663291957,
0.0136609821280274,0.0142501871525854),.UNSPECIFIED.);
#62=B_SPLINE_CURVE_WITH_KNOTS('',3,(#3996,#3997,#3998,#3999,#4000,#4001,
#4002,#4003,#4004,#4005,#4006,#4007,#4008,#4009,#4010,#4011,#4012,#4013,
#4014,#4015,#4016,#4017,#4018,#4019,#4020,#4021,#4022,#4023,#4024,#4025,
#4026,#4027,#4028,#4029,#4030,#4031,#4032,#4033,#4034,#4035,#4036,#4037,
#4038,#4039,#4040,#4041,#4042,#4043,#4044,#4045,#4046,#4047,#4048,#4049,
#4050,#4051,#4052,#4053,#4054,#4055,#4056,#4057,#4058,#4059,#4060,#4061,
#4062,#4063,#4064,#4065,#4066,#4067,#4068,#4069,#4070,#4071,#4072,#4073,
#4074,#4075,#4076,#4077,#4078,#4079,#4080,#4081,#4082,#4083,#4084,#4085,
#4086,#4087,#4088,#4089,#4090,#4091,#4092,#4093,#4094,#4095,#4096,#4097,
#4098,#4099,#4100,#4101,#4102,#4103,#4104,#4105,#4106,#4107,#4108,#4109,
#4110,#4111,#4112,#4113,#4114,#4115,#4116,#4117,#4118,#4119,#4120,#4121,
#4122,#4123,#4124,#4125,#4126,#4127,#4128,#4129,#4130,#4131,#4132,#4133,
#4134),.UNSPECIFIED.,.F.,.F.,(4,1,1,1,1,1,1,1,1,1,1,1,1,1,1,1,1,1,1,1,1,
1,1,1,1,1,1,1,1,1,1,1,1,1,1,1,1,1,1,1,1,1,1,1,1,1,1,1,1,1,1,1,1,1,1,1,1,
1,1,1,1,1,1,1,1,1,1,1,1,1,1,1,1,1,1,1,1,1,1,1,1,1,1,1,1,1,1,1,1,1,1,1,1,
1,1,1,1,1,1,1,1,1,1,1,1,1,1,1,1,1,1,1,1,1,1,1,1,1,1,1,1,1,1,1,1,1,1,1,1,
1,1,1,1,1,1,1,4),(-0.0142501871525854,-0.0136609821280274,-0.0133138663291957,
-0.0129865857181063,-0.0126791402947085,-0.0123915300589412,-0.0121237550107297,
-0.0118758151499814,-0.0116477104765796,-0.011439440990374,-0.0112510066911671,
-0.0110824075786918,-0.0109336436525736,-0.0108047149122658,-0.0106956213569232,
-0.01053204501594,-0.0102931931032393,-0.0102280901011374,-0.0101636905225771,
-0.0100999820603933,-0.0100369516870875,-0.00997458560630893,-0.00991286920105767,
-0.00985178697846383,-0.00979132251101262,-0.00973145837411389,-0.00967217607995033,
-0.00961345600759008,-0.00955527732941835,-0.00949761793403242,-0.00944045434586089,
-0.00938376164191843,-0.00932751336629689,-0.00927168144323195,-0.00921623608988251,
-0.00916114573032708,-0.0091063769127315,-0.00905189423218905,-0.00899766026239052,
-0.00894363550006396,-0.00888977832704118,-0.00883604499587102,-0.00878238964610717,
-0.00872876435974078,-0.00867511926569695,-0.00862140270481451,-0.00856756146819179,
-0.00851354112307087,-0.00845928644135512,-0.00840474194614258,-0.0083498525909704,
-0.00829456458437945,-0.0082388263684413,-0.00818258975353334,-0.00812581120243596,
-0.00806845324445142,-0.00801048598469377,-0.00795188865545032,-0.00789265113671173,
-0.00783277535355847,-0.00777227644187014,-0.0077111835642405,-0.00764954025871738,
-0.00758740421723843,-0.00752484642020018,-0.00746194959798352,-0.0073988060460495,
-0.00735677348969691,-0.00712509357634904,-0.00689341366300117,-0.00685138110664859,
-0.00678823755471456,-0.0067253407324979,-0.00666278293545966,-0.00660064689398071,
-0.00653900358845759,-0.00647791071082795,-0.00641741179913962,-0.00635753601598636,
-0.00629829849724777,-0.00623970116800432,-0.00618173390824666,-0.00612437595026213,
-0.00606759739916475,-0.00601136078425678,-0.00595562256831864,-0.00590033456172769,
-0.00584544520655551,-0.00579090071134297,-0.00573664602962722,-0.0056826256845063,
-0.00562878444788358,-0.00557506788700114,-0.00552142279295731,-0.00546779750659092,
-0.00541414215682707,-0.00536040882565691,-0.00530655165263412,-0.00525252689030757,
-0.00519829292050904,-0.00514381023996659,-0.00508904142237101,-0.00503395106281558,
-0.00497850570946614,-0.00492267378640119,-0.00486642551077966,-0.0048097328068372,
-0.00475256921866567,-0.00469490982327974,-0.00463673114510801,-0.00457801107274776,
-0.0045187287785842,-0.00445886464168547,-0.00439840017423426,-0.00433731795164042,
-0.00427560154638916,-0.00421323546561056,-0.00415020509230478,-0.00408649663012099,
-0.00402209705156067,-0.00395699404945881,-0.00371814213675814,-0.00355456579577487,
-0.00344547224043224,-0.00331654350012447,-0.00316777957400633,-0.00299918046153094,
-0.00281074616232411,-0.00260247667611854,-0.00237437200271669,-0.00212643214196841,
-0.00185865709375693,-0.00157104685798962,-0.0012636014345918,-0.000936320823502358,
-0.000589205024670659,-1.12410895610031E-13),.UNSPECIFIED.);
#63=B_SPLINE_CURVE_WITH_KNOTS('',3,(#4421,#4422,#4423,#4424,#4425,#4426,
#4427,#4428,#4429,#4430,#4431,#4432,#4433,#4434,#4435,#4436,#4437,#4438,
#4439,#4440,#4441,#4442,#4443,#4444,#4445,#4446,#4447,#4448,#4449,#4450,
#4451,#4452,#4453,#4454,#4455,#4456,#4457,#4458,#4459,#4460,#4461,#4462,
#4463,#4464,#4465,#4466,#4467,#4468,#4469,#4470,#4471,#4472,#4473,#4474,
#4475,#4476,#4477,#4478,#4479,#4480,#4481,#4482,#4483,#4484,#4485,#4486,
#4487,#4488,#4489,#4490,#4491,#4492,#4493,#4494,#4495,#4496,#4497,#4498,
#4499,#4500,#4501,#4502,#4503,#4504,#4505,#4506,#4507,#4508,#4509,#4510,
#4511,#4512,#4513,#4514,#4515,#4516,#4517,#4518,#4519,#4520,#4521,#4522,
#4523,#4524,#4525,#4526,#4527,#4528,#4529,#4530,#4531,#4532,#4533,#4534,
#4535,#4536,#4537,#4538,#4539,#4540,#4541,#4542,#4543,#4544,#4545,#4546,
#4547,#4548,#4549,#4550,#4551,#4552,#4553,#4554,#4555,#4556,#4557,#4558,
#4559),.UNSPECIFIED.,.F.,.F.,(4,1,1,1,1,1,1,1,1,1,1,1,1,1,1,1,1,1,1,1,1,
1,1,1,1,1,1,1,1,1,1,1,1,1,1,1,1,1,1,1,1,1,1,1,1,1,1,1,1,1,1,1,1,1,1,1,1,
1,1,1,1,1,1,1,1,1,1,1,1,1,1,1,1,1,1,1,1,1,1,1,1,1,1,1,1,1,1,1,1,1,1,1,1,
1,1,1,1,1,1,1,1,1,1,1,1,1,1,1,1,1,1,1,1,1,1,1,1,1,1,1,1,1,1,1,1,1,1,1,1,
1,1,1,1,1,1,1,4),(1.34889522264128E-13,0.000589205024691725,0.000936320823522593,
0.00126360143461125,0.00157104685800833,0.00185865709377495,0.00212643214198579,
0.00237437200273348,0.00260247667613478,0.00281074616233985,0.00299918046154623,
0.00316777957402122,0.003316543500139,0.00344547224044646,0.00355456579578883,
0.0037181421367717,0.00395699404947181,0.00402209705157351,0.00408649663013367,
0.00415020509231731,0.00421323546562294,0.00427560154640139,0.0043373179516525,
0.0043984001742462,0.00445886464169726,0.00451872877859585,0.00457801107275926,
0.00463673114511938,0.00469490982329097,0.00475256921867676,0.00480973280684815,
0.00486642551079047,0.00492267378641187,0.00497850570947668,0.00503395106282599,
0.0050890414223813,0.00514381023997674,0.00519829292051906,0.00525252689031746,
0.00530655165264388,0.00536040882566654,0.00541414215683657,0.0054677975066003,
0.00552142279296656,0.00557506788701026,0.00562878444789257,0.00568262568451516,
0.00573664602963595,0.00579090071135157,0.00584544520656398,0.00590033456173602,
0.00595562256832685,0.00601136078426485,0.00606759739917268,0.00612437595026993,
0.00618173390825433,0.00623970116801184,0.00629829849725515,0.0063575360159936,
0.00641741179914671,0.0064779107108349,0.0065390035884644,0.00660064689398737,
0.00666278293546617,0.00672534073250426,0.00678823755472077,0.00685138110665465,
0.00689341366300713,0.00712509357635445,0.00735677348970176,0.00739880604605424,
0.00746194959798812,0.00752484642020463,0.00758740421724273,0.00764954025872152,
0.0077111835642445,0.00777227644187399,0.00783277535356218,0.0078926511367153,
0.00795188865545374,0.00801048598469705,0.00806845324445457,0.00812581120243896,
0.00818258975353621,0.00823882636844404,0.00829456458438205,0.00834985259097287,
0.00840474194614491,0.00845928644135733,0.00851354112307294,0.00856756146819373,
0.00862140270481633,0.00867511926569863,0.00872876435974234,0.0087823896461086,
0.00883604499587232,0.00888977832704235,0.00894363550006501,0.00899766026239143,
0.00905189423218983,0.00910637691273215,0.0091611457303276,0.0092162360898829,
0.00927168144323221,0.00932751336629702,0.00938376164191842,0.00944045434586074,
0.00949761793403214,0.00955527732941793,0.00961345600758952,0.00967217607994963,
0.00973145837411305,0.00979132251101163,0.0098517869784627,0.00991286920105639,
0.00997458560630751,0.010036951687086,0.0100999820603916,0.0101636905225752,
0.0102280901011354,0.0102931931032371,0.0105320450159372,0.0106956213569201,
0.0108047149122624,0.0109336436525699,0.0110824075786877,0.0112510066911627,
0.011439440990369,0.0116477104765741,0.0118758151499754,0.0121237550107231,
0.0123915300589339,0.0126791402947006,0.0129865857180976,0.0133138663291863,
0.0136609821280172,0.0142501871525737),.UNSPECIFIED.);
#64=B_SPLINE_CURVE_WITH_KNOTS('',3,(#4561,#4562,#4563,#4564,#4565,#4566,
#4567,#4568,#4569,#4570,#4571,#4572,#4573,#4574,#4575,#4576,#4577,#4578,
#4579,#4580,#4581,#4582,#4583,#4584,#4585,#4586,#4587,#4588,#4589,#4590,
#4591,#4592,#4593,#4594,#4595,#4596,#4597,#4598,#4599,#4600,#4601,#4602,
#4603,#4604,#4605,#4606,#4607,#4608,#4609,#4610,#4611,#4612,#4613,#4614,
#4615,#4616,#4617,#4618,#4619,#4620,#4621,#4622,#4623,#4624,#4625,#4626,
#4627,#4628,#4629,#4630,#4631,#4632,#4633,#4634,#4635,#4636,#4637,#4638,
#4639,#4640,#4641,#4642,#4643,#4644,#4645,#4646,#4647,#4648,#4649,#4650,
#4651,#4652,#4653,#4654,#4655,#4656,#4657,#4658,#4659,#4660,#4661,#4662,
#4663,#4664,#4665,#4666,#4667,#4668,#4669,#4670,#4671,#4672,#4673,#4674,
#4675,#4676,#4677,#4678,#4679,#4680,#4681,#4682,#4683,#4684,#4685,#4686,
#4687,#4688,#4689,#4690,#4691,#4692,#4693,#4694,#4695,#4696,#4697,#4698,
#4699),.UNSPECIFIED.,.F.,.F.,(4,1,1,1,1,1,1,1,1,1,1,1,1,1,1,1,1,1,1,1,1,
1,1,1,1,1,1,1,1,1,1,1,1,1,1,1,1,1,1,1,1,1,1,1,1,1,1,1,1,1,1,1,1,1,1,1,1,
1,1,1,1,1,1,1,1,1,1,1,1,1,1,1,1,1,1,1,1,1,1,1,1,1,1,1,1,1,1,1,1,1,1,1,1,
1,1,1,1,1,1,1,1,1,1,1,1,1,1,1,1,1,1,1,1,1,1,1,1,1,1,1,1,1,1,1,1,1,1,1,1,
1,1,1,1,1,1,1,4),(-0.0142501871525737,-0.0136609821280172,-0.0133138663291863,
-0.0129865857180976,-0.0126791402947006,-0.0123915300589339,-0.0121237550107231,
-0.0118758151499754,-0.0116477104765741,-0.011439440990369,-0.0112510066911627,
-0.0110824075786877,-0.0109336436525699,-0.0108047149122624,-0.0106956213569201,
-0.0105320450159372,-0.0102931931032371,-0.0102280901011354,-0.0101636905225752,
-0.0100999820603916,-0.010036951687086,-0.00997458560630751,-0.00991286920105639,
-0.0098517869784627,-0.00979132251101163,-0.00973145837411305,-0.00967217607994963,
-0.00961345600758952,-0.00955527732941793,-0.00949761793403214,-0.00944045434586074,
-0.00938376164191842,-0.00932751336629702,-0.00927168144323221,-0.0092162360898829,
-0.0091611457303276,-0.00910637691273215,-0.00905189423218983,-0.00899766026239143,
-0.00894363550006501,-0.00888977832704235,-0.00883604499587232,-0.0087823896461086,
-0.00872876435974234,-0.00867511926569863,-0.00862140270481633,-0.00856756146819373,
-0.00851354112307294,-0.00845928644135733,-0.00840474194614491,-0.00834985259097287,
-0.00829456458438205,-0.00823882636844404,-0.00818258975353621,-0.00812581120243896,
-0.00806845324445457,-0.00801048598469705,-0.00795188865545374,-0.0078926511367153,
-0.00783277535356218,-0.00777227644187399,-0.0077111835642445,-0.00764954025872152,
-0.00758740421724273,-0.00752484642020463,-0.00746194959798812,-0.00739880604605424,
-0.00735677348970176,-0.00712509357635445,-0.00689341366300713,-0.00685138110665465,
-0.00678823755472077,-0.00672534073250426,-0.00666278293546617,-0.00660064689398737,
-0.0065390035884644,-0.0064779107108349,-0.00641741179914671,-0.0063575360159936,
-0.00629829849725515,-0.00623970116801184,-0.00618173390825433,-0.00612437595026993,
-0.00606759739917268,-0.00601136078426485,-0.00595562256832685,-0.00590033456173602,
-0.00584544520656398,-0.00579090071135157,-0.00573664602963595,-0.00568262568451516,
-0.00562878444789257,-0.00557506788701026,-0.00552142279296656,-0.0054677975066003,
-0.00541414215683657,-0.00536040882566654,-0.00530655165264388,-0.00525252689031746,
-0.00519829292051906,-0.00514381023997674,-0.0050890414223813,-0.00503395106282599,
-0.00497850570947668,-0.00492267378641187,-0.00486642551079047,-0.00480973280684815,
-0.00475256921867676,-0.00469490982329097,-0.00463673114511938,-0.00457801107275926,
-0.00451872877859585,-0.00445886464169726,-0.0043984001742462,-0.0043373179516525,
-0.00427560154640139,-0.00421323546562294,-0.00415020509231731,-0.00408649663013367,
-0.00402209705157351,-0.00395699404947181,-0.0037181421367717,-0.00355456579578883,
-0.00344547224044646,-0.003316543500139,-0.00316777957402122,-0.00299918046154623,
-0.00281074616233985,-0.00260247667613478,-0.00237437200273348,-0.00212643214198579,
-0.00185865709377495,-0.00157104685800833,-0.00126360143461125,-0.000936320823522593,
-0.000589205024691725,-1.34889522264128E-13),.UNSPECIFIED.);
#65=B_SPLINE_CURVE_WITH_KNOTS('',3,(#4986,#4987,#4988,#4989,#4990,#4991,
#4992,#4993,#4994,#4995,#4996,#4997,#4998,#4999,#5000,#5001,#5002,#5003,
#5004,#5005,#5006,#5007,#5008,#5009,#5010,#5011,#5012,#5013,#5014,#5015,
#5016,#5017,#5018,#5019,#5020,#5021,#5022,#5023,#5024,#5025,#5026,#5027,
#5028,#5029,#5030,#5031,#5032,#5033,#5034,#5035,#5036,#5037,#5038,#5039,
#5040,#5041,#5042,#5043,#5044,#5045,#5046,#5047,#5048,#5049,#5050,#5051,
#5052,#5053,#5054,#5055,#5056,#5057,#5058,#5059,#5060,#5061,#5062,#5063,
#5064,#5065,#5066,#5067,#5068,#5069,#5070,#5071,#5072,#5073,#5074,#5075,
#5076,#5077,#5078,#5079,#5080,#5081,#5082,#5083,#5084,#5085,#5086,#5087,
#5088,#5089,#5090,#5091,#5092,#5093,#5094,#5095,#5096,#5097,#5098,#5099,
#5100,#5101,#5102,#5103,#5104,#5105,#5106,#5107,#5108,#5109,#5110,#5111,
#5112,#5113,#5114,#5115,#5116,#5117,#5118,#5119,#5120,#5121,#5122,#5123,
#5124),.UNSPECIFIED.,.F.,.F.,(4,1,1,1,1,1,1,1,1,1,1,1,1,1,1,1,1,1,1,1,1,
1,1,1,1,1,1,1,1,1,1,1,1,1,1,1,1,1,1,1,1,1,1,1,1,1,1,1,1,1,1,1,1,1,1,1,1,
1,1,1,1,1,1,1,1,1,1,1,1,1,1,1,1,1,1,1,1,1,1,1,1,1,1,1,1,1,1,1,1,1,1,1,1,
1,1,1,1,1,1,1,1,1,1,1,1,1,1,1,1,1,1,1,1,1,1,1,1,1,1,1,1,1,1,1,1,1,1,1,1,
1,1,1,1,1,1,1,4),(1.34890609237795E-13,0.000589205024691478,0.000936320823522201,
0.00126360143461072,0.00157104685800768,0.00185865709377417,0.0021264321419849,
0.00237437200273248,0.00260247667613369,0.00281074616233867,0.00299918046154498,
0.00316777957401989,0.00331654350013761,0.00344547224044502,0.00355456579578734,
0.00371814213677015,0.00395699404947015,0.00402209705157183,0.00408649663013196,
0.00415020509231558,0.00421323546562118,0.0042756015463996,0.00433731795165068,
0.00439840017424436,0.00445886464169539,0.00451872877859396,0.00457801107275735,
0.00463673114511744,0.004694909823289,0.00475256921867477,0.00480973280684614,
0.00486642551078843,0.00492267378640981,0.0049785057094746,0.00503395106282389,
0.00508904142237917,0.00514381023997459,0.00519829292051689,0.00525252689031526,
0.00530655165264166,0.0053604088256643,0.00541414215683431,0.00546779750659801,
0.00552142279296424,0.00557506788700793,0.00562878444789021,0.00568262568451278,
0.00573664602963355,0.00579090071134914,0.00584544520656153,0.00590033456173355,
0.00595562256832435,0.00601136078426234,0.00606759739917014,0.00612437595026737,
0.00618173390825174,0.00623970116800923,0.00629829849725252,0.00635753601599094,
0.00641741179914403,0.00647791071083219,0.00653900358846166,0.0066006468939846,
0.00666278293546338,0.00672534073250145,0.00678823755471793,0.00685138110665178,
0.00689341366300425,0.00712509357635146,0.00735677348969868,0.00739880604605115,
0.007461949597985,0.00752484642020148,0.00758740421723955,0.00764954025871832,
0.00771118356424127,0.00777227644187074,0.0078327753535589,0.00789265113671199,
0.00795188865545041,0.0080104859846937,0.00806845324445119,0.00812581120243556,
0.00818258975353279,0.00823882636844059,0.00829456458437858,0.00834985259096937,
0.00840474194614139,0.00845928644135379,0.00851354112306938,0.00856756146819014,
0.00862140270481272,0.008675119265695,0.00872876435973868,0.00878238964610492,
0.00883604499586862,0.00888977832703863,0.00894363550006127,0.00899766026238767,
0.00905189423218604,0.00910637691272834,0.00916114573032377,0.00921623608987904,
0.00927168144322833,0.00932751336629312,0.00938376164191449,0.00944045434585679,
0.00949761793402816,0.00955527732941393,0.00961345600758549,0.00967217607994558,
0.00973145837410897,0.00979132251100754,0.00985178697845857,0.00991286920105225,
0.00997458560630333,0.0100369516870818,0.0100999820603874,0.010163690522571,
0.0102280901011311,0.0102931931032328,0.0105320450159328,0.0106956213569156,
0.0108047149122579,0.0109336436525653,0.011082407578683,0.011251006691158,
0.0114394409903643,0.0116477104765692,0.0118758151499705,0.012123755010718,
0.0123915300589288,0.0126791402946953,0.0129865857180922,0.0133138663291807,
0.0136609821280115,0.0142501871525677),.UNSPECIFIED.);
#66=B_SPLINE_CURVE_WITH_KNOTS('',3,(#5126,#5127,#5128,#5129,#5130,#5131,
#5132,#5133,#5134,#5135,#5136,#5137,#5138,#5139,#5140,#5141,#5142,#5143,
#5144,#5145,#5146,#5147,#5148,#5149,#5150,#5151,#5152,#5153,#5154,#5155,
#5156,#5157,#5158,#5159,#5160,#5161,#5162,#5163,#5164,#5165,#5166,#5167,
#5168,#5169,#5170,#5171,#5172,#5173,#5174,#5175,#5176,#5177,#5178,#5179,
#5180,#5181,#5182,#5183,#5184,#5185,#5186,#5187,#5188,#5189,#5190,#5191,
#5192,#5193,#5194,#5195,#5196,#5197,#5198,#5199,#5200,#5201,#5202,#5203,
#5204,#5205,#5206,#5207,#5208,#5209,#5210,#5211,#5212,#5213,#5214,#5215,
#5216,#5217,#5218,#5219,#5220,#5221,#5222,#5223,#5224,#5225,#5226,#5227,
#5228,#5229,#5230,#5231,#5232,#5233,#5234,#5235,#5236,#5237,#5238,#5239,
#5240,#5241,#5242,#5243,#5244,#5245,#5246,#5247,#5248,#5249,#5250,#5251,
#5252,#5253,#5254,#5255,#5256,#5257,#5258,#5259,#5260,#5261,#5262,#5263,
#5264),.UNSPECIFIED.,.F.,.F.,(4,1,1,1,1,1,1,1,1,1,1,1,1,1,1,1,1,1,1,1,1,
1,1,1,1,1,1,1,1,1,1,1,1,1,1,1,1,1,1,1,1,1,1,1,1,1,1,1,1,1,1,1,1,1,1,1,1,
1,1,1,1,1,1,1,1,1,1,1,1,1,1,1,1,1,1,1,1,1,1,1,1,1,1,1,1,1,1,1,1,1,1,1,1,
1,1,1,1,1,1,1,1,1,1,1,1,1,1,1,1,1,1,1,1,1,1,1,1,1,1,1,1,1,1,1,1,1,1,1,1,
1,1,1,1,1,1,1,4),(-0.0142501871525677,-0.0136609821280115,-0.0133138663291807,
-0.0129865857180922,-0.0126791402946953,-0.0123915300589288,-0.012123755010718,
-0.0118758151499705,-0.0116477104765692,-0.0114394409903643,-0.011251006691158,
-0.011082407578683,-0.0109336436525653,-0.0108047149122579,-0.0106956213569156,
-0.0105320450159328,-0.0102931931032328,-0.0102280901011311,-0.010163690522571,
-0.0100999820603874,-0.0100369516870818,-0.00997458560630333,-0.00991286920105225,
-0.00985178697845857,-0.00979132251100754,-0.00973145837410897,-0.00967217607994558,
-0.00961345600758549,-0.00955527732941393,-0.00949761793402816,-0.00944045434585679,
-0.00938376164191449,-0.00932751336629312,-0.00927168144322833,-0.00921623608987904,
-0.00916114573032377,-0.00910637691272834,-0.00905189423218604,-0.00899766026238767,
-0.00894363550006127,-0.00888977832703863,-0.00883604499586862,-0.00878238964610492,
-0.00872876435973868,-0.008675119265695,-0.00862140270481272,-0.00856756146819014,
-0.00851354112306938,-0.00845928644135379,-0.00840474194614139,-0.00834985259096937,
-0.00829456458437858,-0.00823882636844059,-0.00818258975353279,-0.00812581120243556,
-0.00806845324445119,-0.0080104859846937,-0.00795188865545041,-0.00789265113671199,
-0.0078327753535589,-0.00777227644187074,-0.00771118356424127,-0.00764954025871832,
-0.00758740421723955,-0.00752484642020148,-0.007461949597985,-0.00739880604605115,
-0.00735677348969868,-0.00712509357635146,-0.00689341366300425,-0.00685138110665178,
-0.00678823755471793,-0.00672534073250145,-0.00666278293546338,-0.0066006468939846,
-0.00653900358846166,-0.00647791071083219,-0.00641741179914403,-0.00635753601599094,
-0.00629829849725252,-0.00623970116800923,-0.00618173390825174,-0.00612437595026737,
-0.00606759739917014,-0.00601136078426234,-0.00595562256832435,-0.00590033456173355,
-0.00584544520656153,-0.00579090071134914,-0.00573664602963355,-0.00568262568451278,
-0.00562878444789021,-0.00557506788700793,-0.00552142279296424,-0.00546779750659801,
-0.00541414215683431,-0.0053604088256643,-0.00530655165264166,-0.00525252689031526,
-0.00519829292051689,-0.00514381023997459,-0.00508904142237917,-0.00503395106282389,
-0.0049785057094746,-0.00492267378640981,-0.00486642551078843,-0.00480973280684614,
-0.00475256921867477,-0.004694909823289,-0.00463673114511744,-0.00457801107275735,
-0.00451872877859396,-0.00445886464169539,-0.00439840017424436,-0.00433731795165068,
-0.0042756015463996,-0.00421323546562118,-0.00415020509231558,-0.00408649663013196,
-0.00402209705157183,-0.00395699404947015,-0.00371814213677015,-0.00355456579578734,
-0.00344547224044502,-0.00331654350013761,-0.00316777957401989,-0.00299918046154498,
-0.00281074616233867,-0.00260247667613369,-0.00237437200273248,-0.0021264321419849,
-0.00185865709377417,-0.00157104685800768,-0.00126360143461072,-0.000936320823522201,
-0.000589205024691478,-1.34890609237795E-13),.UNSPECIFIED.);
#67=B_SPLINE_CURVE_WITH_KNOTS('',3,(#5551,#5552,#5553,#5554,#5555,#5556,
#5557,#5558,#5559,#5560,#5561,#5562,#5563,#5564,#5565,#5566,#5567,#5568,
#5569,#5570,#5571,#5572,#5573,#5574,#5575,#5576,#5577,#5578,#5579,#5580,
#5581,#5582,#5583,#5584,#5585,#5586,#5587,#5588,#5589,#5590,#5591,#5592,
#5593,#5594,#5595,#5596,#5597,#5598,#5599,#5600,#5601,#5602,#5603,#5604,
#5605,#5606,#5607,#5608,#5609,#5610,#5611,#5612,#5613,#5614,#5615,#5616,
#5617,#5618,#5619,#5620,#5621,#5622,#5623,#5624,#5625,#5626,#5627,#5628,
#5629,#5630,#5631,#5632,#5633,#5634,#5635,#5636,#5637,#5638,#5639,#5640,
#5641,#5642,#5643,#5644,#5645,#5646,#5647,#5648,#5649,#5650,#5651,#5652,
#5653,#5654,#5655,#5656,#5657,#5658,#5659,#5660,#5661,#5662,#5663,#5664,
#5665,#5666,#5667,#5668,#5669,#5670,#5671,#5672,#5673,#5674,#5675,#5676,
#5677,#5678,#5679,#5680,#5681,#5682,#5683,#5684,#5685,#5686,#5687,#5688,
#5689),.UNSPECIFIED.,.F.,.F.,(4,1,1,1,1,1,1,1,1,1,1,1,1,1,1,1,1,1,1,1,1,
1,1,1,1,1,1,1,1,1,1,1,1,1,1,1,1,1,1,1,1,1,1,1,1,1,1,1,1,1,1,1,1,1,1,1,1,
1,1,1,1,1,1,1,1,1,1,1,1,1,1,1,1,1,1,1,1,1,1,1,1,1,1,1,1,1,1,1,1,1,1,1,1,
1,1,1,1,1,1,1,1,1,1,1,1,1,1,1,1,1,1,1,1,1,1,1,1,1,1,1,1,1,1,1,1,1,1,1,1,
1,1,1,1,1,1,1,4),(1.124098314758E-13,0.000589205024672291,0.000936320823504954,
0.0012636014345953,0.00157104685799398,0.00185865709376208,0.00212643214197431,
0.00237437200272327,0.00260247667612576,0.0028107461623319,0.00299918046153926,
0.00316777957401512,0.00331654350013367,0.0034454722404418,0.00355456579578473,
0.00371814213676845,0.00395699404946979,0.00402209705157183,0.00408649663013232,
0.00415020509231629,0.00421323546562225,0.00427560154640102,0.00433731795165245,
0.00439840017424646,0.00445886464169784,0.00451872877859673,0.00457801107276045,
0.00463673114512087,0.00469490982329276,0.00475256921867885,0.00480973280685054,
0.00486642551079315,0.00492267378641485,0.00497850570947994,0.00503395106282954,
0.00508904142238513,0.00514381023998086,0.00519829292052346,0.00525252689032214,
0.00530655165264884,0.00536040882567177,0.00541414215684209,0.00546779750660609,
0.00552142279297262,0.0055750678870166,0.00562878444789919,0.00568262568452206,
0.00573664602964313,0.00579090071135903,0.00584544520657172,0.00590033456174405,
0.00595562256833516,0.00601136078427345,0.00606759739918158,0.00612437595027912,
0.00618173390826381,0.00623970116802162,0.00629829849726524,0.00635753601600399,
0.00641741179915742,0.00647791071084591,0.00653900358847573,0.00660064689399901,
0.00666278293547813,0.00672534073251656,0.00678823755473339,0.00685138110666759,
0.00689341366302029,0.00712509357636881,0.00735677348971732,0.00739880604607002,
0.00746194959800422,0.00752484642022105,0.00758740421725948,0.0076495402587386,
0.00771118356426189,0.0077722764418917,0.0078327753535802,0.00789265113673362,
0.00795188865547238,0.00801048598471599,0.0080684532444738,0.0081258112024585,
0.00818258975355604,0.00823882636846416,0.00829456458440245,0.00834985259099356,
0.00840474194616589,0.00845928644137858,0.00851354112309448,0.00856756146821555,
0.00862140270483842,0.00867511926572101,0.00872876435976499,0.00878238964613153,
0.00883604499589553,0.00888977832706584,0.00894363550008877,0.00899766026241548,
0.00905189423221416,0.00910637691275676,0.00916114573035249,0.00921623608990807,
0.00927168144325767,0.00932751336632277,0.00938376164194446,0.00944045434588708,
0.00949761793405877,0.00955527732944486,0.00961345600761674,0.00967217607997716,
0.00973145837414089,0.00979132251103978,0.00985178697849116,0.00991286920108517,
0.0099745856063366,0.0100369516871154,0.0100999820604213,0.0101636905226053,
0.0102280901011658,0.0102931931032678,0.0105320450159692,0.0106956213569529,
0.0108047149122958,0.010933643652604,0.0110824075787225,0.0112510066911984,
0.0114394409904057,0.0116477104766119,0.0118758151500143,0.0121237550107633,
0.0123915300589755,0.0126791402947436,0.0129865857181423,0.0133138663292327,
0.0136609821280653,0.0142501871526252),.UNSPECIFIED.);
#68=B_SPLINE_CURVE_WITH_KNOTS('',3,(#5691,#5692,#5693,#5694,#5695,#5696,
#5697,#5698,#5699,#5700,#5701,#5702,#5703,#5704,#5705,#5706,#5707,#5708,
#5709,#5710,#5711,#5712,#5713,#5714,#5715,#5716,#5717,#5718,#5719,#5720,
#5721,#5722,#5723,#5724,#5725,#5726,#5727,#5728,#5729,#5730,#5731,#5732,
#5733,#5734,#5735,#5736,#5737,#5738,#5739,#5740,#5741,#5742,#5743,#5744,
#5745,#5746,#5747,#5748,#5749,#5750,#5751,#5752,#5753,#5754,#5755,#5756,
#5757,#5758,#5759,#5760,#5761,#5762,#5763,#5764,#5765,#5766,#5767,#5768,
#5769,#5770,#5771,#5772,#5773,#5774,#5775,#5776,#5777,#5778,#5779,#5780,
#5781,#5782,#5783,#5784,#5785,#5786,#5787,#5788,#5789,#5790,#5791,#5792,
#5793,#5794,#5795,#5796,#5797,#5798,#5799,#5800,#5801,#5802,#5803,#5804,
#5805,#5806,#5807,#5808,#5809,#5810,#5811,#5812,#5813,#5814,#5815,#5816,
#5817,#5818,#5819,#5820,#5821,#5822,#5823,#5824,#5825,#5826,#5827,#5828,
#5829),.UNSPECIFIED.,.F.,.F.,(4,1,1,1,1,1,1,1,1,1,1,1,1,1,1,1,1,1,1,1,1,
1,1,1,1,1,1,1,1,1,1,1,1,1,1,1,1,1,1,1,1,1,1,1,1,1,1,1,1,1,1,1,1,1,1,1,1,
1,1,1,1,1,1,1,1,1,1,1,1,1,1,1,1,1,1,1,1,1,1,1,1,1,1,1,1,1,1,1,1,1,1,1,1,
1,1,1,1,1,1,1,1,1,1,1,1,1,1,1,1,1,1,1,1,1,1,1,1,1,1,1,1,1,1,1,1,1,1,1,1,
1,1,1,1,1,1,1,4),(-0.0142501871526252,-0.0136609821280653,-0.0133138663292327,
-0.0129865857181423,-0.0126791402947436,-0.0123915300589755,-0.0121237550107633,
-0.0118758151500143,-0.0116477104766119,-0.0114394409904057,-0.0112510066911984,
-0.0110824075787225,-0.010933643652604,-0.0108047149122958,-0.0106956213569529,
-0.0105320450159692,-0.0102931931032678,-0.0102280901011658,-0.0101636905226053,
-0.0100999820604213,-0.0100369516871154,-0.0099745856063366,-0.00991286920108517,
-0.00985178697849116,-0.00979132251103978,-0.00973145837414089,-0.00967217607997716,
-0.00961345600761674,-0.00955527732944486,-0.00949761793405877,-0.00944045434588708,
-0.00938376164194446,-0.00932751336632277,-0.00927168144325767,-0.00921623608990807,
-0.00916114573035249,-0.00910637691275676,-0.00905189423221416,-0.00899766026241548,
-0.00894363550008877,-0.00888977832706584,-0.00883604499589553,-0.00878238964613153,
-0.00872876435976499,-0.00867511926572101,-0.00862140270483842,-0.00856756146821555,
-0.00851354112309448,-0.00845928644137858,-0.00840474194616589,-0.00834985259099356,
-0.00829456458440245,-0.00823882636846416,-0.00818258975355604,-0.0081258112024585,
-0.0080684532444738,-0.00801048598471599,-0.00795188865547238,-0.00789265113673362,
-0.0078327753535802,-0.0077722764418917,-0.00771118356426189,-0.0076495402587386,
-0.00758740421725948,-0.00752484642022105,-0.00746194959800422,-0.00739880604607002,
-0.00735677348971732,-0.00712509357636881,-0.00689341366302029,-0.00685138110666759,
-0.00678823755473339,-0.00672534073251656,-0.00666278293547813,-0.00660064689399901,
-0.00653900358847573,-0.00647791071084591,-0.00641741179915742,-0.00635753601600399,
-0.00629829849726524,-0.00623970116802162,-0.00618173390826381,-0.00612437595027912,
-0.00606759739918158,-0.00601136078427345,-0.00595562256833516,-0.00590033456174405,
-0.00584544520657172,-0.00579090071135903,-0.00573664602964313,-0.00568262568452206,
-0.00562878444789919,-0.0055750678870166,-0.00552142279297262,-0.00546779750660609,
-0.00541414215684209,-0.00536040882567177,-0.00530655165264884,-0.00525252689032214,
-0.00519829292052346,-0.00514381023998086,-0.00508904142238513,-0.00503395106282954,
-0.00497850570947994,-0.00492267378641485,-0.00486642551079315,-0.00480973280685054,
-0.00475256921867885,-0.00469490982329276,-0.00463673114512087,-0.00457801107276045,
-0.00451872877859673,-0.00445886464169784,-0.00439840017424646,-0.00433731795165245,
-0.00427560154640102,-0.00421323546562225,-0.00415020509231629,-0.00408649663013232,
-0.00402209705157183,-0.00395699404946979,-0.00371814213676845,-0.00355456579578473,
-0.0034454722404418,-0.00331654350013367,-0.00316777957401512,-0.00299918046153926,
-0.0028107461623319,-0.00260247667612576,-0.00237437200272327,-0.00212643214197431,
-0.00185865709376208,-0.00157104685799398,-0.0012636014345953,-0.000936320823504954,
-0.000589205024672291,-1.124098314758E-13),.UNSPECIFIED.);
#69=B_SPLINE_CURVE_WITH_KNOTS('',3,(#6116,#6117,#6118,#6119,#6120,#6121,
#6122,#6123,#6124,#6125,#6126,#6127,#6128,#6129,#6130,#6131,#6132,#6133,
#6134,#6135,#6136,#6137,#6138,#6139,#6140,#6141,#6142,#6143,#6144,#6145,
#6146,#6147,#6148,#6149,#6150,#6151,#6152,#6153,#6154,#6155,#6156,#6157,
#6158,#6159,#6160,#6161,#6162,#6163,#6164,#6165,#6166,#6167,#6168,#6169,
#6170,#6171,#6172,#6173,#6174,#6175,#6176,#6177,#6178,#6179,#6180,#6181,
#6182,#6183,#6184,#6185,#6186,#6187,#6188,#6189,#6190,#6191,#6192,#6193,
#6194,#6195,#6196,#6197,#6198,#6199,#6200,#6201,#6202,#6203,#6204,#6205,
#6206,#6207,#6208,#6209,#6210,#6211,#6212,#6213,#6214,#6215,#6216,#6217,
#6218,#6219,#6220,#6221,#6222,#6223,#6224,#6225,#6226,#6227,#6228,#6229,
#6230,#6231,#6232,#6233,#6234,#6235,#6236,#6237,#6238,#6239,#6240,#6241,
#6242,#6243,#6244,#6245,#6246,#6247,#6248,#6249,#6250,#6251,#6252,#6253,
#6254),.UNSPECIFIED.,.F.,.F.,(4,1,1,1,1,1,1,1,1,1,1,1,1,1,1,1,1,1,1,1,1,
1,1,1,1,1,1,1,1,1,1,1,1,1,1,1,1,1,1,1,1,1,1,1,1,1,1,1,1,1,1,1,1,1,1,1,1,
1,1,1,1,1,1,1,1,1,1,1,1,1,1,1,1,1,1,1,1,1,1,1,1,1,1,1,1,1,1,1,1,1,1,1,1,
1,1,1,1,1,1,1,1,1,1,1,1,1,1,1,1,1,1,1,1,1,1,1,1,1,1,1,1,1,1,1,1,1,1,1,1,
1,1,1,1,1,1,1,4),(1.34849890271164E-13,0.000589205024690594,0.000936320823521002,
0.00126360143460922,0.0015710468580059,0.00185865709377214,0.00212643214198262,
0.00237437200272998,0.00260247667613098,0.00281074616233577,0.00299918046154191,
0.00316777957401667,0.00331654350013425,0.00344547224044155,0.00355456579578376,
0.00371814213676642,0.00395699404946621,0.00402209705156783,0.00408649663012791,
0.00415020509231146,0.00421323546561701,0.00427560154639537,0.0043373179516464,
0.00439840017424002,0.004458864641691,0.00451872877858951,0.00457801107275284,
0.00463673114511288,0.00469490982328439,0.00475256921867011,0.00480973280684142,
0.00486642551078367,0.004922673786405,0.00497850570946973,0.00503395106281897,
0.0050890414223742,0.00514381023996957,0.00519829292051182,0.00525252689031014,
0.0053065516526365,0.00536040882565908,0.00541414215682904,0.0054677975065927,
0.00552142279295888,0.00557506788700252,0.00562878444788475,0.00568262568450728,
0.00573664602962799,0.00579090071134354,0.00584544520655588,0.00590033456172785,
0.0059556225683186,0.00601136078425653,0.00606759739916429,0.00612437595026146,
0.00618173390824578,0.00623970116800322,0.00629829849724645,0.00635753601598482,
0.00641741179913786,0.00647791071082596,0.00653900358845538,0.00660064689397826,
0.00666278293545698,0.006725340732495,0.00678823755471142,0.00685138110664521,
0.00689341366299764,0.00712509357634465,0.00735677348969166,0.00739880604604409,
0.00746194959797788,0.0075248464201943,0.00758740421723232,0.00764954025871103,
0.00771118356423392,0.00777227644186334,0.00783277535355145,0.00789265113670448,
0.00795188865544285,0.00801048598468608,0.00806845324444352,0.00812581120242784,
0.00818258975352501,0.00823882636843277,0.0082945645843707,0.00834985259096145,
0.00840474194613342,0.00845928644134576,0.00851354112306131,0.00856756146818202,
0.00862140270480455,0.00867511926568678,0.00872876435973042,0.0087823896460966,
0.00883604499586026,0.00888977832703022,0.0089436355000528,0.00899766026237916,
0.00905189423217748,0.00910637691271973,0.0091611457303151,0.00921623608987033,
0.00927168144321957,0.0093275133662843,0.00938376164190563,0.00944045434584788,
0.0094976179340192,0.00955527732940491,0.00961345600757642,0.00967217607993646,
0.0097314583740998,0.0097913225109983,0.00985178697844929,0.0099128692010429,
0.00997458560629393,0.0100369516870723,0.0100999820603778,0.0101636905225614,
0.0102280901011215,0.0102931931032231,0.0105320450159229,0.0106956213569055,
0.0108047149122478,0.0109336436525551,0.0110824075786726,0.0112510066911474,
0.0114394409903535,0.0116477104765583,0.0118758151499593,0.0121237550107067,
0.0123915300589172,0.0126791402946834,0.0129865857180801,0.0133138663291683,
0.0136609821279987,0.0142501871525548),.UNSPECIFIED.);
#70=B_SPLINE_CURVE_WITH_KNOTS('',3,(#6256,#6257,#6258,#6259,#6260,#6261,
#6262,#6263,#6264,#6265,#6266,#6267,#6268,#6269,#6270,#6271,#6272,#6273,
#6274,#6275,#6276,#6277,#6278,#6279,#6280,#6281,#6282,#6283,#6284,#6285,
#6286,#6287,#6288,#6289,#6290,#6291,#6292,#6293,#6294,#6295,#6296,#6297,
#6298,#6299,#6300,#6301,#6302,#6303,#6304,#6305,#6306,#6307,#6308,#6309,
#6310,#6311,#6312,#6313,#6314,#6315,#6316,#6317,#6318,#6319,#6320,#6321,
#6322,#6323,#6324,#6325,#6326,#6327,#6328,#6329,#6330,#6331,#6332,#6333,
#6334,#6335,#6336,#6337,#6338,#6339,#6340,#6341,#6342,#6343,#6344,#6345,
#6346,#6347,#6348,#6349,#6350,#6351,#6352,#6353,#6354,#6355,#6356,#6357,
#6358,#6359,#6360,#6361,#6362,#6363,#6364,#6365,#6366,#6367,#6368,#6369,
#6370,#6371,#6372,#6373,#6374,#6375,#6376,#6377,#6378,#6379,#6380,#6381,
#6382,#6383,#6384,#6385,#6386,#6387,#6388,#6389,#6390,#6391,#6392,#6393,
#6394),.UNSPECIFIED.,.F.,.F.,(4,1,1,1,1,1,1,1,1,1,1,1,1,1,1,1,1,1,1,1,1,
1,1,1,1,1,1,1,1,1,1,1,1,1,1,1,1,1,1,1,1,1,1,1,1,1,1,1,1,1,1,1,1,1,1,1,1,
1,1,1,1,1,1,1,1,1,1,1,1,1,1,1,1,1,1,1,1,1,1,1,1,1,1,1,1,1,1,1,1,1,1,1,1,
1,1,1,1,1,1,1,1,1,1,1,1,1,1,1,1,1,1,1,1,1,1,1,1,1,1,1,1,1,1,1,1,1,1,1,1,
1,1,1,1,1,1,1,4),(-0.0142501871525548,-0.0136609821279987,-0.0133138663291683,
-0.0129865857180801,-0.0126791402946834,-0.0123915300589172,-0.0121237550107067,
-0.0118758151499593,-0.0116477104765583,-0.0114394409903535,-0.0112510066911474,
-0.0110824075786726,-0.0109336436525551,-0.0108047149122478,-0.0106956213569055,
-0.0105320450159229,-0.0102931931032231,-0.0102280901011215,-0.0101636905225614,
-0.0100999820603778,-0.0100369516870723,-0.00997458560629393,-0.0099128692010429,
-0.00985178697844929,-0.0097913225109983,-0.0097314583740998,-0.00967217607993646,
-0.00961345600757642,-0.00955527732940491,-0.0094976179340192,-0.00944045434584788,
-0.00938376164190563,-0.0093275133662843,-0.00927168144321957,-0.00921623608987033,
-0.0091611457303151,-0.00910637691271973,-0.00905189423217748,-0.00899766026237916,
-0.0089436355000528,-0.00888977832703022,-0.00883604499586026,-0.0087823896460966,
-0.00872876435973042,-0.00867511926568678,-0.00862140270480455,-0.00856756146818202,
-0.00851354112306131,-0.00845928644134576,-0.00840474194613342,-0.00834985259096145,
-0.0082945645843707,-0.00823882636843277,-0.00818258975352501,-0.00812581120242784,
-0.00806845324444352,-0.00801048598468608,-0.00795188865544285,-0.00789265113670448,
-0.00783277535355145,-0.00777227644186334,-0.00771118356423392,-0.00764954025871103,
-0.00758740421723232,-0.0075248464201943,-0.00746194959797788,-0.00739880604604409,
-0.00735677348969166,-0.00712509357634465,-0.00689341366299764,-0.00685138110664521,
-0.00678823755471142,-0.006725340732495,-0.00666278293545698,-0.00660064689397826,
-0.00653900358845538,-0.00647791071082596,-0.00641741179913786,-0.00635753601598482,
-0.00629829849724645,-0.00623970116800322,-0.00618173390824578,-0.00612437595026146,
-0.00606759739916429,-0.00601136078425653,-0.0059556225683186,-0.00590033456172785,
-0.00584544520655588,-0.00579090071134354,-0.00573664602962799,-0.00568262568450728,
-0.00562878444788475,-0.00557506788700252,-0.00552142279295888,-0.0054677975065927,
-0.00541414215682904,-0.00536040882565908,-0.0053065516526365,-0.00525252689031014,
-0.00519829292051182,-0.00514381023996957,-0.0050890414223742,-0.00503395106281897,
-0.00497850570946973,-0.004922673786405,-0.00486642551078367,-0.00480973280684142,
-0.00475256921867011,-0.00469490982328439,-0.00463673114511288,-0.00457801107275284,
-0.00451872877858951,-0.004458864641691,-0.00439840017424002,-0.0043373179516464,
-0.00427560154639537,-0.00421323546561701,-0.00415020509231146,-0.00408649663012791,
-0.00402209705156783,-0.00395699404946621,-0.00371814213676642,-0.00355456579578376,
-0.00344547224044155,-0.00331654350013425,-0.00316777957401667,-0.00299918046154191,
-0.00281074616233577,-0.00260247667613098,-0.00237437200272998,-0.00212643214198262,
-0.00185865709377214,-0.0015710468580059,-0.00126360143460922,-0.000936320823521002,
-0.000589205024690594,-1.34849890271164E-13),.UNSPECIFIED.);
#71=B_SPLINE_SURFACE_WITH_KNOTS('',3,1,((#749,#750),(#751,#752),(#753,#754),
(#755,#756),(#757,#758),(#759,#760),(#761,#762),(#763,#764),(#765,#766),
(#767,#768),(#769,#770),(#771,#772),(#773,#774),(#775,#776),(#777,#778),
(#779,#780),(#781,#782),(#783,#784),(#785,#786),(#787,#788),(#789,#790),
(#791,#792),(#793,#794),(#795,#796),(#797,#798),(#799,#800),(#801,#802),
(#803,#804),(#805,#806),(#807,#808),(#809,#810),(#811,#812),(#813,#814),
(#815,#816),(#817,#818),(#819,#820),(#821,#822),(#823,#824),(#825,#826),
(#827,#828),(#829,#830),(#831,#832),(#833,#834),(#835,#836),(#837,#838),
(#839,#840),(#841,#842),(#843,#844),(#845,#846),(#847,#848),(#849,#850),
(#851,#852),(#853,#854),(#855,#856),(#857,#858),(#859,#860),(#861,#862),
(#863,#864),(#865,#866),(#867,#868),(#869,#870),(#871,#872),(#873,#874),
(#875,#876),(#877,#878),(#879,#880),(#881,#882),(#883,#884),(#885,#886),
(#887,#888),(#889,#890),(#891,#892),(#893,#894),(#895,#896),(#897,#898),
(#899,#900),(#901,#902),(#903,#904),(#905,#906),(#907,#908),(#909,#910),
(#911,#912),(#913,#914),(#915,#916),(#917,#918),(#919,#920),(#921,#922),
(#923,#924),(#925,#926),(#927,#928),(#929,#930),(#931,#932),(#933,#934),
(#935,#936),(#937,#938),(#939,#940),(#941,#942),(#943,#944),(#945,#946),
(#947,#948),(#949,#950),(#951,#952),(#953,#954),(#955,#956),(#957,#958),
(#959,#960),(#961,#962),(#963,#964),(#965,#966),(#967,#968),(#969,#970),
(#971,#972),(#973,#974),(#975,#976),(#977,#978),(#979,#980),(#981,#982),
(#983,#984),(#985,#986),(#987,#988),(#989,#990),(#991,#992),(#993,#994),
(#995,#996),(#997,#998),(#999,#1000),(#1001,#1002),(#1003,#1004),(#1005,
#1006),(#1007,#1008),(#1009,#1010),(#1011,#1012),(#1013,#1014),(#1015,#1016),
(#1017,#1018),(#1019,#1020),(#1021,#1022),(#1023,#1024),(#1025,#1026)),
 .UNSPECIFIED.,.F.,.F.,.F.,(4,1,1,1,1,1,1,1,1,1,1,1,1,1,1,1,1,1,1,1,1,1,
1,1,1,1,1,1,1,1,1,1,1,1,1,1,1,1,1,1,1,1,1,1,1,1,1,1,1,1,1,1,1,1,1,1,1,1,
1,1,1,1,1,1,1,1,1,1,1,1,1,1,1,1,1,1,1,1,1,1,1,1,1,1,1,1,1,1,1,1,1,1,1,1,
1,1,1,1,1,1,1,1,1,1,1,1,1,1,1,1,1,1,1,1,1,1,1,1,1,1,1,1,1,1,1,1,1,1,1,1,
1,1,1,1,1,1,4),(2,2),(-0.0142501871525646,-0.0136609821280081,-0.0133138663291775,
-0.012986585718089,-0.0126791402946921,-0.0123915300589257,-0.012123755010715,
-0.0118758151499675,-0.0116477104765664,-0.0114394409903614,-0.0112510066911552,
-0.0110824075786803,-0.0109336436525626,-0.0108047149122552,-0.0106956213569129,
-0.0105320450159301,-0.0102931931032302,-0.0102280901011285,-0.0101636905225684,
-0.0100999820603848,-0.0100369516870792,-0.00997458560630081,-0.00991286920104974,
-0.00985178697845608,-0.00979132251100505,-0.0097314583741065,-0.00967217607994313,
-0.00961345600758305,-0.0095552773294115,-0.00949761793402574,-0.00944045434585438,
-0.0093837616419121,-0.00932751336629073,-0.00927168144322596,-0.00921623608987669,
-0.00916114573032142,-0.00910637691272601,-0.00905189423218372,-0.00899766026238536,
-0.00894363550005897,-0.00888977832703635,-0.00883604499586635,-0.00878238964610266,
-0.00872876435973643,-0.00867511926569276,-0.00862140270481049,-0.00856756146818793,
-0.00851354112306718,-0.00845928644135159,-0.00840474194613921,-0.00834985259096721,
-0.00829456458437642,-0.00823882636843845,-0.00818258975353065,-0.00812581120243344,
-0.00806845324444908,-0.0080104859846916,-0.00795188865544833,-0.00789265113670992,
-0.00783277535355685,-0.0077722764418687,-0.00771118356423924,-0.00764954025871631,
-0.00758740421723755,-0.00752484642019949,-0.00746194959798302,-0.00739880604604919,
-0.00735677348969673,-0.00712509357634956,-0.0068934136630024,-0.00685138110664994,
-0.0067882375547161,-0.00672534073249964,-0.00666278293546158,-0.00660064689398282,
-0.00653900358845989,-0.00647791071083043,-0.00641741179914228,-0.0063575360159892,
-0.0062982984972508,-0.00623970116800752,-0.00618173390825004,-0.00612437595026569,
-0.00606759739916847,-0.00601136078426068,-0.00595562256832271,-0.00590033456173192,
-0.00584544520655991,-0.00579090071134753,-0.00573664602963195,-0.0056826256845112,
-0.00562878444788864,-0.00557506788700636,-0.00552142279296269,-0.00546779750659647,
-0.00541414215683278,-0.00536040882566278,-0.00530655165264016,-0.00525252689031377,
-0.00519829292051541,-0.00514381023997312,-0.00508904142237771,-0.00503395106282244,
-0.00497850570947317,-0.00492267378640839,-0.00486642551078703,-0.00480973280684474,
-0.00475256921867338,-0.00469490982328763,-0.00463673114511608,-0.004578011072756,
-0.00451872877859262,-0.00445886464169407,-0.00439840017424305,-0.00433731795164939,
-0.00427560154639832,-0.00421323546561992,-0.00415020509231433,-0.00408649663013072,
-0.00402209705157061,-0.00395699404946894,-0.00371814213676899,-0.00355456579578622,
-0.00344547224044392,-0.00331654350013654,-0.00316777957401886,-0.00299918046154398,
-0.00281074616233771,-0.00260247667613278,-0.00237437200273162,-0.00212643214198409,
-0.00185865709377342,-0.00157104685800699,-0.0012636014346101,-0.00093632082352165,
-0.000589205024691004,-1.34854168510391E-13),(0.,0.635),.UNSPECIFIED.);
#72=B_SPLINE_SURFACE_WITH_KNOTS('',3,1,((#1317,#1318),(#1319,#1320),(#1321,
#1322),(#1323,#1324),(#1325,#1326),(#1327,#1328),(#1329,#1330),(#1331,#1332),
(#1333,#1334),(#1335,#1336),(#1337,#1338),(#1339,#1340),(#1341,#1342),(#1343,
#1344),(#1345,#1346),(#1347,#1348),(#1349,#1350),(#1351,#1352),(#1353,#1354),
(#1355,#1356),(#1357,#1358),(#1359,#1360),(#1361,#1362),(#1363,#1364),(#1365,
#1366),(#1367,#1368),(#1369,#1370),(#1371,#1372),(#1373,#1374),(#1375,#1376),
(#1377,#1378),(#1379,#1380),(#1381,#1382),(#1383,#1384),(#1385,#1386),(#1387,
#1388),(#1389,#1390),(#1391,#1392),(#1393,#1394),(#1395,#1396),(#1397,#1398),
(#1399,#1400),(#1401,#1402),(#1403,#1404),(#1405,#1406),(#1407,#1408),(#1409,
#1410),(#1411,#1412),(#1413,#1414),(#1415,#1416),(#1417,#1418),(#1419,#1420),
(#1421,#1422),(#1423,#1424),(#1425,#1426),(#1427,#1428),(#1429,#1430),(#1431,
#1432),(#1433,#1434),(#1435,#1436),(#1437,#1438),(#1439,#1440),(#1441,#1442),
(#1443,#1444),(#1445,#1446),(#1447,#1448),(#1449,#1450),(#1451,#1452),(#1453,
#1454),(#1455,#1456),(#1457,#1458),(#1459,#1460),(#1461,#1462),(#1463,#1464),
(#1465,#1466),(#1467,#1468),(#1469,#1470),(#1471,#1472),(#1473,#1474),(#1475,
#1476),(#1477,#1478),(#1479,#1480),(#1481,#1482),(#1483,#1484),(#1485,#1486),
(#1487,#1488),(#1489,#1490),(#1491,#1492),(#1493,#1494),(#1495,#1496),(#1497,
#1498),(#1499,#1500),(#1501,#1502),(#1503,#1504),(#1505,#1506),(#1507,#1508),
(#1509,#1510),(#1511,#1512),(#1513,#1514),(#1515,#1516),(#1517,#1518),(#1519,
#1520),(#1521,#1522),(#1523,#1524),(#1525,#1526),(#1527,#1528),(#1529,#1530),
(#1531,#1532),(#1533,#1534),(#1535,#1536),(#1537,#1538),(#1539,#1540),(#1541,
#1542),(#1543,#1544),(#1545,#1546),(#1547,#1548),(#1549,#1550),(#1551,#1552),
(#1553,#1554),(#1555,#1556),(#1557,#1558),(#1559,#1560),(#1561,#1562),(#1563,
#1564),(#1565,#1566),(#1567,#1568),(#1569,#1570),(#1571,#1572),(#1573,#1574),
(#1575,#1576),(#1577,#1578),(#1579,#1580),(#1581,#1582),(#1583,#1584),(#1585,
#1586),(#1587,#1588),(#1589,#1590),(#1591,#1592),(#1593,#1594)),
 .UNSPECIFIED.,.F.,.F.,.F.,(4,1,1,1,1,1,1,1,1,1,1,1,1,1,1,1,1,1,1,1,1,1,
1,1,1,1,1,1,1,1,1,1,1,1,1,1,1,1,1,1,1,1,1,1,1,1,1,1,1,1,1,1,1,1,1,1,1,1,
1,1,1,1,1,1,1,1,1,1,1,1,1,1,1,1,1,1,1,1,1,1,1,1,1,1,1,1,1,1,1,1,1,1,1,1,
1,1,1,1,1,1,1,1,1,1,1,1,1,1,1,1,1,1,1,1,1,1,1,1,1,1,1,1,1,1,1,1,1,1,1,1,
1,1,1,1,1,1,4),(2,2),(-0.0142501871525712,-0.0136609821280144,-0.0133138663291836,
-0.012986585718095,-0.012679140294698,-0.0123915300589314,-0.0121237550107206,
-0.011875815149973,-0.0116477104765717,-0.0114394409903667,-0.0112510066911603,
-0.0110824075786854,-0.0109336436525676,-0.0108047149122602,-0.0106956213569178,
-0.010532045015935,-0.0102931931032349,-0.0102280901011332,-0.0101636905225731,
-0.0100999820603895,-0.0100369516870838,-0.0099745856063054,-0.0099128692010543,
-0.00985178697846062,-0.00979132251100956,-0.00973145837411099,-0.00967217607994758,
-0.00961345600758748,-0.0095552773294159,-0.00949761793403012,-0.00944045434585873,
-0.00938376164191642,-0.00932751336629503,-0.00927168144323023,-0.00921623608988093,
-0.00916114573032564,-0.0091063769127302,-0.00905189423218789,-0.00899766026238951,
-0.00894363550006309,-0.00888977832704044,-0.00883604499587042,-0.0087823896461067,
-0.00872876435974045,-0.00867511926569676,-0.00862140270481446,-0.00856756146819188,
-0.0085135411230711,-0.00845928644135549,-0.00840474194614309,-0.00834985259097105,
-0.00829456458438024,-0.00823882636844224,-0.00818258975353442,-0.00812581120243719,
-0.0080684532444528,-0.00801048598469529,-0.00795188865545199,-0.00789265113671356,
-0.00783277535356045,-0.00777227644187228,-0.00771118356424279,-0.00764954025871983,
-0.00758740421724105,-0.00752484642020295,-0.00746194959798646,-0.0073988060460526,
-0.00735677348970012,-0.00712509357635284,-0.00689341366300557,-0.00685138110665309,
-0.00678823755471923,-0.00672534073250273,-0.00666278293546464,-0.00660064689398586,
-0.0065390035884629,-0.00647791071083341,-0.00641741179914524,-0.00635753601599213,
-0.0062982984972537,-0.0062397011680104,-0.00618173390825289,-0.00612437595026851,
-0.00606759739917127,-0.00601136078426345,-0.00595562256832545,-0.00590033456173464,
-0.0058454452065626,-0.0057909007113502,-0.00573664602963459,-0.00568262568451381,
-0.00562878444789123,-0.00557506788700893,-0.00552142279296524,-0.00546779750659899,
-0.00541414215683527,-0.00536040882566525,-0.0053065516526426,-0.00525252689031619,
-0.0051982929205178,-0.00514381023997549,-0.00508904142238005,-0.00503395106282476,
-0.00497850570947546,-0.00492267378641066,-0.00486642551078927,-0.00480973280684696,
-0.00475256921867557,-0.00469490982328979,-0.00463673114511822,-0.00457801107275811,
-0.0045187287785947,-0.00445886464169613,-0.00439840017424508,-0.00433731795165139,
-0.00427560154640029,-0.00421323546562186,-0.00415020509231624,-0.00408649663013261,
-0.00402209705157246,-0.00395699404947077,-0.0037181421367707,-0.00355456579578785,
-0.00344547224044551,-0.00331654350013807,-0.00316777957402031,-0.00299918046154536,
-0.00281074616233901,-0.00260247667613398,-0.00237437200273271,-0.00212643214198507,
-0.00185865709377428,-0.00157104685800771,-0.00126360143461068,-0.000936320823522082,
-0.000589205024691276,-1.34853960434374E-13),(0.,0.635),.UNSPECIFIED.);
#73=B_SPLINE_SURFACE_WITH_KNOTS('',3,1,((#1882,#1883),(#1884,#1885),(#1886,
#1887),(#1888,#1889),(#1890,#1891),(#1892,#1893),(#1894,#1895),(#1896,#1897),
(#1898,#1899),(#1900,#1901),(#1902,#1903),(#1904,#1905),(#1906,#1907),(#1908,
#1909),(#1910,#1911),(#1912,#1913),(#1914,#1915),(#1916,#1917),(#1918,#1919),
(#1920,#1921),(#1922,#1923),(#1924,#1925),(#1926,#1927),(#1928,#1929),(#1930,
#1931),(#1932,#1933),(#1934,#1935),(#1936,#1937),(#1938,#1939),(#1940,#1941),
(#1942,#1943),(#1944,#1945),(#1946,#1947),(#1948,#1949),(#1950,#1951),(#1952,
#1953),(#1954,#1955),(#1956,#1957),(#1958,#1959),(#1960,#1961),(#1962,#1963),
(#1964,#1965),(#1966,#1967),(#1968,#1969),(#1970,#1971),(#1972,#1973),(#1974,
#1975),(#1976,#1977),(#1978,#1979),(#1980,#1981),(#1982,#1983),(#1984,#1985),
(#1986,#1987),(#1988,#1989),(#1990,#1991),(#1992,#1993),(#1994,#1995),(#1996,
#1997),(#1998,#1999),(#2000,#2001),(#2002,#2003),(#2004,#2005),(#2006,#2007),
(#2008,#2009),(#2010,#2011),(#2012,#2013),(#2014,#2015),(#2016,#2017),(#2018,
#2019),(#2020,#2021),(#2022,#2023),(#2024,#2025),(#2026,#2027),(#2028,#2029),
(#2030,#2031),(#2032,#2033),(#2034,#2035),(#2036,#2037),(#2038,#2039),(#2040,
#2041),(#2042,#2043),(#2044,#2045),(#2046,#2047),(#2048,#2049),(#2050,#2051),
(#2052,#2053),(#2054,#2055),(#2056,#2057),(#2058,#2059),(#2060,#2061),(#2062,
#2063),(#2064,#2065),(#2066,#2067),(#2068,#2069),(#2070,#2071),(#2072,#2073),
(#2074,#2075),(#2076,#2077),(#2078,#2079),(#2080,#2081),(#2082,#2083),(#2084,
#2085),(#2086,#2087),(#2088,#2089),(#2090,#2091),(#2092,#2093),(#2094,#2095),
(#2096,#2097),(#2098,#2099),(#2100,#2101),(#2102,#2103),(#2104,#2105),(#2106,
#2107),(#2108,#2109),(#2110,#2111),(#2112,#2113),(#2114,#2115),(#2116,#2117),
(#2118,#2119),(#2120,#2121),(#2122,#2123),(#2124,#2125),(#2126,#2127),(#2128,
#2129),(#2130,#2131),(#2132,#2133),(#2134,#2135),(#2136,#2137),(#2138,#2139),
(#2140,#2141),(#2142,#2143),(#2144,#2145),(#2146,#2147),(#2148,#2149),(#2150,
#2151),(#2152,#2153),(#2154,#2155),(#2156,#2157),(#2158,#2159)),
 .UNSPECIFIED.,.F.,.F.,.F.,(4,1,1,1,1,1,1,1,1,1,1,1,1,1,1,1,1,1,1,1,1,1,
1,1,1,1,1,1,1,1,1,1,1,1,1,1,1,1,1,1,1,1,1,1,1,1,1,1,1,1,1,1,1,1,1,1,1,1,
1,1,1,1,1,1,1,1,1,1,1,1,1,1,1,1,1,1,1,1,1,1,1,1,1,1,1,1,1,1,1,1,1,1,1,1,
1,1,1,1,1,1,1,1,1,1,1,1,1,1,1,1,1,1,1,1,1,1,1,1,1,1,1,1,1,1,1,1,1,1,1,1,
1,1,1,1,1,1,4),(2,2),(-0.0142501871525542,-0.0136609821279982,-0.0133138663291678,
-0.0129865857180796,-0.0126791402946829,-0.0123915300589167,-0.0121237550107062,
-0.0118758151499589,-0.0116477104765579,-0.0114394409903531,-0.011251006691147,
-0.0110824075786722,-0.0109336436525546,-0.0108047149122473,-0.0106956213569051,
-0.0105320450159225,-0.0102931931032227,-0.0102280901011211,-0.010163690522561,
-0.0100999820603774,-0.0100369516870719,-0.00997458560629354,-0.00991286920104251,
-0.0098517869784489,-0.00979132251099792,-0.00973145837409941,-0.00967217607993608,
-0.00961345600757604,-0.00955527732940453,-0.00949761793401882,-0.0094404543458475,
-0.00938376164190526,-0.00932751336628394,-0.0092716814432192,-0.00921623608986997,
-0.00916114573031474,-0.00910637691271937,-0.00905189423217712,-0.0089976602623788,
-0.00894363550005245,-0.00888977832702987,-0.00883604499585991,-0.00878238964609626,
-0.00872876435973007,-0.00867511926568644,-0.0086214027048042,-0.00856756146818169,
-0.00851354112306097,-0.00845928644134543,-0.00840474194613309,-0.00834985259096112,
-0.00829456458437037,-0.00823882636843244,-0.00818258975352469,-0.00812581120242752,
-0.0080684532444432,-0.00801048598468576,-0.00795188865544253,-0.00789265113670417,
-0.00783277535355114,-0.00777227644186303,-0.00771118356423362,-0.00764954025871073,
-0.00758740421723202,-0.007524846420194,-0.00746194959797758,-0.00739880604604379,
-0.00735677348969137,-0.00712509357634437,-0.00689341366299737,-0.00685138110664494,
-0.00678823755471116,-0.00672534073249473,-0.00666278293545672,-0.006600646893978,
-0.00653900358845512,-0.00647791071082571,-0.0064174117991376,-0.00635753601598457,
-0.00629829849724621,-0.00623970116800297,-0.00618173390824554,-0.00612437595026122,
-0.00606759739916405,-0.0060113607842563,-0.00595562256831837,-0.00590033456172762,
-0.00584544520655565,-0.00579090071134331,-0.00573664602962777,-0.00568262568450705,
-0.00562878444788453,-0.0055750678870023,-0.00552142279295867,-0.00546779750659248,
-0.00541414215682883,-0.00536040882565887,-0.00530655165263629,-0.00525252689030994,
-0.00519829292051162,-0.00514381023996937,-0.005089041422374,-0.00503395106281877,
-0.00497850570946954,-0.0049226737864048,-0.00486642551078348,-0.00480973280684124,
-0.00475256921866992,-0.00469490982328421,-0.0046367311451127,-0.00457801107275266,
-0.00451872877858933,-0.00445886464169083,-0.00439840017423985,-0.00433731795164623,
-0.0042756015463952,-0.00421323546561684,-0.0041502050923113,-0.00408649663012775,
-0.00402209705156767,-0.00395699404946606,-0.00371814213676628,-0.00355456579578363,
-0.00344547224044141,-0.00331654350013412,-0.00316777957401655,-0.00299918046154179,
-0.00281074616233566,-0.00260247667613088,-0.00237437200272989,-0.00212643214198254,
-0.00185865709377206,-0.00157104685800584,-0.00126360143460918,-0.000936320823520966,
-0.000589205024690572,-1.34852568738544E-13),(0.,0.635),.UNSPECIFIED.);
#74=B_SPLINE_SURFACE_WITH_KNOTS('',3,1,((#2447,#2448),(#2449,#2450),(#2451,
#2452),(#2453,#2454),(#2455,#2456),(#2457,#2458),(#2459,#2460),(#2461,#2462),
(#2463,#2464),(#2465,#2466),(#2467,#2468),(#2469,#2470),(#2471,#2472),(#2473,
#2474),(#2475,#2476),(#2477,#2478),(#2479,#2480),(#2481,#2482),(#2483,#2484),
(#2485,#2486),(#2487,#2488),(#2489,#2490),(#2491,#2492),(#2493,#2494),(#2495,
#2496),(#2497,#2498),(#2499,#2500),(#2501,#2502),(#2503,#2504),(#2505,#2506),
(#2507,#2508),(#2509,#2510),(#2511,#2512),(#2513,#2514),(#2515,#2516),(#2517,
#2518),(#2519,#2520),(#2521,#2522),(#2523,#2524),(#2525,#2526),(#2527,#2528),
(#2529,#2530),(#2531,#2532),(#2533,#2534),(#2535,#2536),(#2537,#2538),(#2539,
#2540),(#2541,#2542),(#2543,#2544),(#2545,#2546),(#2547,#2548),(#2549,#2550),
(#2551,#2552),(#2553,#2554),(#2555,#2556),(#2557,#2558),(#2559,#2560),(#2561,
#2562),(#2563,#2564),(#2565,#2566),(#2567,#2568),(#2569,#2570),(#2571,#2572),
(#2573,#2574),(#2575,#2576),(#2577,#2578),(#2579,#2580),(#2581,#2582),(#2583,
#2584),(#2585,#2586),(#2587,#2588),(#2589,#2590),(#2591,#2592),(#2593,#2594),
(#2595,#2596),(#2597,#2598),(#2599,#2600),(#2601,#2602),(#2603,#2604),(#2605,
#2606),(#2607,#2608),(#2609,#2610),(#2611,#2612),(#2613,#2614),(#2615,#2616),
(#2617,#2618),(#2619,#2620),(#2621,#2622),(#2623,#2624),(#2625,#2626),(#2627,
#2628),(#2629,#2630),(#2631,#2632),(#2633,#2634),(#2635,#2636),(#2637,#2638),
(#2639,#2640),(#2641,#2642),(#2643,#2644),(#2645,#2646),(#2647,#2648),(#2649,
#2650),(#2651,#2652),(#2653,#2654),(#2655,#2656),(#2657,#2658),(#2659,#2660),
(#2661,#2662),(#2663,#2664),(#2665,#2666),(#2667,#2668),(#2669,#2670),(#2671,
#2672),(#2673,#2674),(#2675,#2676),(#2677,#2678),(#2679,#2680),(#2681,#2682),
(#2683,#2684),(#2685,#2686),(#2687,#2688),(#2689,#2690),(#2691,#2692),(#2693,
#2694),(#2695,#2696),(#2697,#2698),(#2699,#2700),(#2701,#2702),(#2703,#2704),
(#2705,#2706),(#2707,#2708),(#2709,#2710),(#2711,#2712),(#2713,#2714),(#2715,
#2716),(#2717,#2718),(#2719,#2720),(#2721,#2722),(#2723,#2724)),
 .UNSPECIFIED.,.F.,.F.,.F.,(4,1,1,1,1,1,1,1,1,1,1,1,1,1,1,1,1,1,1,1,1,1,
1,1,1,1,1,1,1,1,1,1,1,1,1,1,1,1,1,1,1,1,1,1,1,1,1,1,1,1,1,1,1,1,1,1,1,1,
1,1,1,1,1,1,1,1,1,1,1,1,1,1,1,1,1,1,1,1,1,1,1,1,1,1,1,1,1,1,1,1,1,1,1,1,
1,1,1,1,1,1,1,1,1,1,1,1,1,1,1,1,1,1,1,1,1,1,1,1,1,1,1,1,1,1,1,1,1,1,1,1,
1,1,1,1,1,1,4),(2,2),(-0.0142501871525726,-0.0136609821280149,-0.0133138663291835,
-0.0129865857180943,-0.0126791402946968,-0.0123915300589298,-0.0121237550107185,
-0.0118758151499705,-0.0116477104765688,-0.0114394409903635,-0.0112510066911568,
-0.0110824075786816,-0.0109336436525636,-0.0108047149122559,-0.0106956213569134,
-0.0105320450159303,-0.0102931931032298,-0.010228090101128,-0.0101636905225678,
-0.010099982060384,-0.0100369516870783,-0.00997458560629976,-0.00991286920104856,
-0.00985178697845477,-0.00979132251100362,-0.00973145837410495,-0.00967217607994144,
-0.00961345600758124,-0.00955527732940957,-0.00949761793402369,-0.00944045434585221,
-0.00938376164190981,-0.00932751336628832,-0.00927168144322343,-0.00921623608987404,
-0.00916114573031866,-0.00910637691272313,-0.00905189423218073,-0.00899766026238225,
-0.00894363550005575,-0.00888977832703301,-0.0088360449958629,-0.0087823896460991,
-0.00872876435973276,-0.00867511926568898,-0.00862140270480659,-0.00856756146818392,
-0.00851354112306305,-0.00845928644134735,-0.00840474194613486,-0.00834985259096273,
-0.00829456458437183,-0.00823882636843374,-0.00818258975352583,-0.0081258112024285,
-0.00806845324444402,-0.00801048598468642,-0.00795188865544302,-0.00789265113670449,
-0.00783277535355128,-0.00777227644186301,-0.00771118356423342,-0.00764954025871036,
-0.00758740421723147,-0.00752484642019328,-0.00746194959797668,-0.00739880604604271,
-0.00735677348969016,-0.00712509357634251,-0.00689341366299485,-0.00685138110664231,
-0.00678823755470834,-0.00672534073249174,-0.00666278293545355,-0.00660064689397466,
-0.0065390035884516,-0.00647791071082201,-0.00641741179913373,-0.00635753601598053,
-0.006298298497242,-0.0062397011679986,-0.006181733908241,-0.00612437595025652,
-0.00606759739915919,-0.00601136078425128,-0.00595562256831319,-0.00590033456172228,
-0.00584544520655016,-0.00579090071133766,-0.00573664602962197,-0.0056826256845011,
-0.00562878444787843,-0.00557506788699604,-0.00552142279295226,-0.00546779750658592,
-0.00541414215682212,-0.005360408825652,-0.00530655165262927,-0.00525252689030276,
-0.00519829292050429,-0.00514381023996189,-0.00508904142236636,-0.00503395106281098,
-0.00497850570946159,-0.00492267378639669,-0.00486642551077521,-0.00480973280683281,
-0.00475256921866133,-0.00469490982327545,-0.00463673114510378,-0.00457801107274358,
-0.00451872877858007,-0.0044588646416814,-0.00439840017423025,-0.00433731795163646,
-0.00427560154638526,-0.00421323546560672,-0.004150205092301,-0.00408649663011726,
-0.00402209705155701,-0.00395699404945521,-0.00371814213675475,-0.00355456579577163,
-0.00344547224042911,-0.00331654350012146,-0.00316777957400346,-0.00299918046152822,
-0.00281074616232156,-0.00260247667611619,-0.00237437200271455,-0.0021264321419665,
-0.00185865709375526,-0.00157104685798822,-0.00126360143459069,-0.000936320823501548,
-0.000589205024670169,-1.12464164554024E-13),(0.,0.635),.UNSPECIFIED.);
#75=B_SPLINE_SURFACE_WITH_KNOTS('',3,1,((#3012,#3013),(#3014,#3015),(#3016,
#3017),(#3018,#3019),(#3020,#3021),(#3022,#3023),(#3024,#3025),(#3026,#3027),
(#3028,#3029),(#3030,#3031),(#3032,#3033),(#3034,#3035),(#3036,#3037),(#3038,
#3039),(#3040,#3041),(#3042,#3043),(#3044,#3045),(#3046,#3047),(#3048,#3049),
(#3050,#3051),(#3052,#3053),(#3054,#3055),(#3056,#3057),(#3058,#3059),(#3060,
#3061),(#3062,#3063),(#3064,#3065),(#3066,#3067),(#3068,#3069),(#3070,#3071),
(#3072,#3073),(#3074,#3075),(#3076,#3077),(#3078,#3079),(#3080,#3081),(#3082,
#3083),(#3084,#3085),(#3086,#3087),(#3088,#3089),(#3090,#3091),(#3092,#3093),
(#3094,#3095),(#3096,#3097),(#3098,#3099),(#3100,#3101),(#3102,#3103),(#3104,
#3105),(#3106,#3107),(#3108,#3109),(#3110,#3111),(#3112,#3113),(#3114,#3115),
(#3116,#3117),(#3118,#3119),(#3120,#3121),(#3122,#3123),(#3124,#3125),(#3126,
#3127),(#3128,#3129),(#3130,#3131),(#3132,#3133),(#3134,#3135),(#3136,#3137),
(#3138,#3139),(#3140,#3141),(#3142,#3143),(#3144,#3145),(#3146,#3147),(#3148,
#3149),(#3150,#3151),(#3152,#3153),(#3154,#3155),(#3156,#3157),(#3158,#3159),
(#3160,#3161),(#3162,#3163),(#3164,#3165),(#3166,#3167),(#3168,#3169),(#3170,
#3171),(#3172,#3173),(#3174,#3175),(#3176,#3177),(#3178,#3179),(#3180,#3181),
(#3182,#3183),(#3184,#3185),(#3186,#3187),(#3188,#3189),(#3190,#3191),(#3192,
#3193),(#3194,#3195),(#3196,#3197),(#3198,#3199),(#3200,#3201),(#3202,#3203),
(#3204,#3205),(#3206,#3207),(#3208,#3209),(#3210,#3211),(#3212,#3213),(#3214,
#3215),(#3216,#3217),(#3218,#3219),(#3220,#3221),(#3222,#3223),(#3224,#3225),
(#3226,#3227),(#3228,#3229),(#3230,#3231),(#3232,#3233),(#3234,#3235),(#3236,
#3237),(#3238,#3239),(#3240,#3241),(#3242,#3243),(#3244,#3245),(#3246,#3247),
(#3248,#3249),(#3250,#3251),(#3252,#3253),(#3254,#3255),(#3256,#3257),(#3258,
#3259),(#3260,#3261),(#3262,#3263),(#3264,#3265),(#3266,#3267),(#3268,#3269),
(#3270,#3271),(#3272,#3273),(#3274,#3275),(#3276,#3277),(#3278,#3279),(#3280,
#3281),(#3282,#3283),(#3284,#3285),(#3286,#3287),(#3288,#3289)),
 .UNSPECIFIED.,.F.,.F.,.F.,(4,1,1,1,1,1,1,1,1,1,1,1,1,1,1,1,1,1,1,1,1,1,
1,1,1,1,1,1,1,1,1,1,1,1,1,1,1,1,1,1,1,1,1,1,1,1,1,1,1,1,1,1,1,1,1,1,1,1,
1,1,1,1,1,1,1,1,1,1,1,1,1,1,1,1,1,1,1,1,1,1,1,1,1,1,1,1,1,1,1,1,1,1,1,1,
1,1,1,1,1,1,1,1,1,1,1,1,1,1,1,1,1,1,1,1,1,1,1,1,1,1,1,1,1,1,1,1,1,1,1,1,
1,1,1,1,1,1,4),(2,2),(-0.0142501871525715,-0.0136609821280142,-0.0133138663291828,
-0.0129865857180937,-0.0126791402946962,-0.0123915300589291,-0.0121237550107179,
-0.0118758151499699,-0.0116477104765682,-0.0114394409903629,-0.0112510066911562,
-0.011082407578681,-0.010933643652563,-0.0108047149122554,-0.0106956213569128,
-0.0105320450159297,-0.0102931931032293,-0.0102280901011275,-0.0101636905225672,
-0.0100999820603835,-0.0100369516870778,-0.00997458560629924,-0.00991286920104804,
-0.00985178697845426,-0.00979132251100311,-0.00973145837410444,-0.00967217607994094,
-0.00961345600758074,-0.00955527732940907,-0.00949761793402319,-0.00944045434585172,
-0.00938376164190932,-0.00932751336628783,-0.00927168144322294,-0.00921623608987356,
-0.00916114573031818,-0.00910637691272265,-0.00905189423218025,-0.00899766026238178,
-0.00894363550005528,-0.00888977832703254,-0.00883604499586244,-0.00878238964609863,
-0.0087287643597323,-0.00867511926568852,-0.00862140270480613,-0.00856756146818346,
-0.0085135411230626,-0.0084592864413469,-0.00840474194613441,-0.00834985259096229,
-0.00829456458437139,-0.0082388263684333,-0.00818258975352539,-0.00812581120242806,
-0.00806845324444358,-0.00801048598468599,-0.00795188865544259,-0.00789265113670406,
-0.00783277535355086,-0.00777227644186259,-0.00771118356423301,-0.00764954025870995,
-0.00758740421723106,-0.00752484642019287,-0.00746194959797627,-0.00739880604604231,
-0.00735677348968976,-0.00712509357634212,-0.00689341366299448,-0.00685138110664193,
-0.00678823755470797,-0.00672534073249137,-0.00666278293545318,-0.00660064689397429,
-0.00653900358845124,-0.00647791071082165,-0.00641741179913338,-0.00635753601598018,
-0.00629829849724165,-0.00623970116799826,-0.00618173390824066,-0.00612437595025618,
-0.00606759739915885,-0.00601136078425094,-0.00595562256831285,-0.00590033456172195,
-0.00584544520654983,-0.00579090071133734,-0.00573664602962164,-0.00568262568450078,
-0.00562878444787811,-0.00557506788699573,-0.00552142279295195,-0.00546779750658561,
-0.00541414215682181,-0.0053604088256517,-0.00530655165262897,-0.00525252689030246,
-0.00519829292050399,-0.00514381023996159,-0.00508904142236607,-0.00503395106281069,
-0.0049785057094613,-0.00492267378639641,-0.00486642551077493,-0.00480973280683253,
-0.00475256921866105,-0.00469490982327518,-0.00463673114510351,-0.00457801107274331,
-0.00451872877857981,-0.00445886464168114,-0.00439840017422999,-0.0043373179516362,
-0.004275601546385,-0.00421323546560647,-0.00415020509230075,-0.00408649663011702,
-0.00402209705155677,-0.00395699404945497,-0.00371814213675452,-0.00355456579577141,
-0.00344547224042889,-0.00331654350012124,-0.00316777957400325,-0.00299918046152803,
-0.00281074616232138,-0.00260247667611601,-0.00237437200271438,-0.00212643214196634,
-0.00185865709375512,-0.00157104685798809,-0.00126360143459057,-0.000936320823501447,
-0.000589205024670085,-1.12410692276564E-13),(0.,0.635),.UNSPECIFIED.);
#76=B_SPLINE_SURFACE_WITH_KNOTS('',3,1,((#3577,#3578),(#3579,#3580),(#3581,
#3582),(#3583,#3584),(#3585,#3586),(#3587,#3588),(#3589,#3590),(#3591,#3592),
(#3593,#3594),(#3595,#3596),(#3597,#3598),(#3599,#3600),(#3601,#3602),(#3603,
#3604),(#3605,#3606),(#3607,#3608),(#3609,#3610),(#3611,#3612),(#3613,#3614),
(#3615,#3616),(#3617,#3618),(#3619,#3620),(#3621,#3622),(#3623,#3624),(#3625,
#3626),(#3627,#3628),(#3629,#3630),(#3631,#3632),(#3633,#3634),(#3635,#3636),
(#3637,#3638),(#3639,#3640),(#3641,#3642),(#3643,#3644),(#3645,#3646),(#3647,
#3648),(#3649,#3650),(#3651,#3652),(#3653,#3654),(#3655,#3656),(#3657,#3658),
(#3659,#3660),(#3661,#3662),(#3663,#3664),(#3665,#3666),(#3667,#3668),(#3669,
#3670),(#3671,#3672),(#3673,#3674),(#3675,#3676),(#3677,#3678),(#3679,#3680),
(#3681,#3682),(#3683,#3684),(#3685,#3686),(#3687,#3688),(#3689,#3690),(#3691,
#3692),(#3693,#3694),(#3695,#3696),(#3697,#3698),(#3699,#3700),(#3701,#3702),
(#3703,#3704),(#3705,#3706),(#3707,#3708),(#3709,#3710),(#3711,#3712),(#3713,
#3714),(#3715,#3716),(#3717,#3718),(#3719,#3720),(#3721,#3722),(#3723,#3724),
(#3725,#3726),(#3727,#3728),(#3729,#3730),(#3731,#3732),(#3733,#3734),(#3735,
#3736),(#3737,#3738),(#3739,#3740),(#3741,#3742),(#3743,#3744),(#3745,#3746),
(#3747,#3748),(#3749,#3750),(#3751,#3752),(#3753,#3754),(#3755,#3756),(#3757,
#3758),(#3759,#3760),(#3761,#3762),(#3763,#3764),(#3765,#3766),(#3767,#3768),
(#3769,#3770),(#3771,#3772),(#3773,#3774),(#3775,#3776),(#3777,#3778),(#3779,
#3780),(#3781,#3782),(#3783,#3784),(#3785,#3786),(#3787,#3788),(#3789,#3790),
(#3791,#3792),(#3793,#3794),(#3795,#3796),(#3797,#3798),(#3799,#3800),(#3801,
#3802),(#3803,#3804),(#3805,#3806),(#3807,#3808),(#3809,#3810),(#3811,#3812),
(#3813,#3814),(#3815,#3816),(#3817,#3818),(#3819,#3820),(#3821,#3822),(#3823,
#3824),(#3825,#3826),(#3827,#3828),(#3829,#3830),(#3831,#3832),(#3833,#3834),
(#3835,#3836),(#3837,#3838),(#3839,#3840),(#3841,#3842),(#3843,#3844),(#3845,
#3846),(#3847,#3848),(#3849,#3850),(#3851,#3852),(#3853,#3854)),
 .UNSPECIFIED.,.F.,.F.,.F.,(4,1,1,1,1,1,1,1,1,1,1,1,1,1,1,1,1,1,1,1,1,1,
1,1,1,1,1,1,1,1,1,1,1,1,1,1,1,1,1,1,1,1,1,1,1,1,1,1,1,1,1,1,1,1,1,1,1,1,
1,1,1,1,1,1,1,1,1,1,1,1,1,1,1,1,1,1,1,1,1,1,1,1,1,1,1,1,1,1,1,1,1,1,1,1,
1,1,1,1,1,1,1,1,1,1,1,1,1,1,1,1,1,1,1,1,1,1,1,1,1,1,1,1,1,1,1,1,1,1,1,1,
1,1,1,1,1,1,4),(2,2),(-0.0142501871525854,-0.0136609821280274,-0.0133138663291957,
-0.0129865857181063,-0.0126791402947085,-0.0123915300589412,-0.0121237550107297,
-0.0118758151499814,-0.0116477104765796,-0.011439440990374,-0.0112510066911671,
-0.0110824075786918,-0.0109336436525736,-0.0108047149122658,-0.0106956213569232,
-0.01053204501594,-0.0102931931032393,-0.0102280901011374,-0.0101636905225771,
-0.0100999820603933,-0.0100369516870875,-0.00997458560630893,-0.00991286920105767,
-0.00985178697846383,-0.00979132251101262,-0.00973145837411389,-0.00967217607995033,
-0.00961345600759008,-0.00955527732941835,-0.00949761793403242,-0.00944045434586089,
-0.00938376164191843,-0.00932751336629689,-0.00927168144323195,-0.00921623608988251,
-0.00916114573032708,-0.0091063769127315,-0.00905189423218905,-0.00899766026239052,
-0.00894363550006396,-0.00888977832704118,-0.00883604499587102,-0.00878238964610717,
-0.00872876435974078,-0.00867511926569695,-0.00862140270481451,-0.00856756146819179,
-0.00851354112307087,-0.00845928644135512,-0.00840474194614258,-0.0083498525909704,
-0.00829456458437945,-0.0082388263684413,-0.00818258975353334,-0.00812581120243596,
-0.00806845324445142,-0.00801048598469377,-0.00795188865545032,-0.00789265113671173,
-0.00783277535355847,-0.00777227644187014,-0.0077111835642405,-0.00764954025871738,
-0.00758740421723843,-0.00752484642020018,-0.00746194959798352,-0.0073988060460495,
-0.00735677348969691,-0.00712509357634904,-0.00689341366300117,-0.00685138110664859,
-0.00678823755471456,-0.0067253407324979,-0.00666278293545966,-0.00660064689398071,
-0.00653900358845759,-0.00647791071082795,-0.00641741179913962,-0.00635753601598636,
-0.00629829849724777,-0.00623970116800432,-0.00618173390824666,-0.00612437595026213,
-0.00606759739916475,-0.00601136078425678,-0.00595562256831864,-0.00590033456172769,
-0.00584544520655551,-0.00579090071134297,-0.00573664602962722,-0.0056826256845063,
-0.00562878444788358,-0.00557506788700114,-0.00552142279295731,-0.00546779750659092,
-0.00541414215682707,-0.00536040882565691,-0.00530655165263412,-0.00525252689030757,
-0.00519829292050904,-0.00514381023996659,-0.00508904142237101,-0.00503395106281558,
-0.00497850570946614,-0.00492267378640119,-0.00486642551077966,-0.0048097328068372,
-0.00475256921866567,-0.00469490982327974,-0.00463673114510801,-0.00457801107274776,
-0.0045187287785842,-0.00445886464168547,-0.00439840017423426,-0.00433731795164042,
-0.00427560154638916,-0.00421323546561056,-0.00415020509230478,-0.00408649663012099,
-0.00402209705156067,-0.00395699404945881,-0.00371814213675814,-0.00355456579577487,
-0.00344547224043224,-0.00331654350012447,-0.00316777957400633,-0.00299918046153094,
-0.00281074616232411,-0.00260247667611854,-0.00237437200271669,-0.00212643214196841,
-0.00185865709375693,-0.00157104685798962,-0.0012636014345918,-0.000936320823502358,
-0.000589205024670659,-1.12410895610031E-13),(0.,0.635),.UNSPECIFIED.);
#77=B_SPLINE_SURFACE_WITH_KNOTS('',3,1,((#4142,#4143),(#4144,#4145),(#4146,
#4147),(#4148,#4149),(#4150,#4151),(#4152,#4153),(#4154,#4155),(#4156,#4157),
(#4158,#4159),(#4160,#4161),(#4162,#4163),(#4164,#4165),(#4166,#4167),(#4168,
#4169),(#4170,#4171),(#4172,#4173),(#4174,#4175),(#4176,#4177),(#4178,#4179),
(#4180,#4181),(#4182,#4183),(#4184,#4185),(#4186,#4187),(#4188,#4189),(#4190,
#4191),(#4192,#4193),(#4194,#4195),(#4196,#4197),(#4198,#4199),(#4200,#4201),
(#4202,#4203),(#4204,#4205),(#4206,#4207),(#4208,#4209),(#4210,#4211),(#4212,
#4213),(#4214,#4215),(#4216,#4217),(#4218,#4219),(#4220,#4221),(#4222,#4223),
(#4224,#4225),(#4226,#4227),(#4228,#4229),(#4230,#4231),(#4232,#4233),(#4234,
#4235),(#4236,#4237),(#4238,#4239),(#4240,#4241),(#4242,#4243),(#4244,#4245),
(#4246,#4247),(#4248,#4249),(#4250,#4251),(#4252,#4253),(#4254,#4255),(#4256,
#4257),(#4258,#4259),(#4260,#4261),(#4262,#4263),(#4264,#4265),(#4266,#4267),
(#4268,#4269),(#4270,#4271),(#4272,#4273),(#4274,#4275),(#4276,#4277),(#4278,
#4279),(#4280,#4281),(#4282,#4283),(#4284,#4285),(#4286,#4287),(#4288,#4289),
(#4290,#4291),(#4292,#4293),(#4294,#4295),(#4296,#4297),(#4298,#4299),(#4300,
#4301),(#4302,#4303),(#4304,#4305),(#4306,#4307),(#4308,#4309),(#4310,#4311),
(#4312,#4313),(#4314,#4315),(#4316,#4317),(#4318,#4319),(#4320,#4321),(#4322,
#4323),(#4324,#4325),(#4326,#4327),(#4328,#4329),(#4330,#4331),(#4332,#4333),
(#4334,#4335),(#4336,#4337),(#4338,#4339),(#4340,#4341),(#4342,#4343),(#4344,
#4345),(#4346,#4347),(#4348,#4349),(#4350,#4351),(#4352,#4353),(#4354,#4355),
(#4356,#4357),(#4358,#4359),(#4360,#4361),(#4362,#4363),(#4364,#4365),(#4366,
#4367),(#4368,#4369),(#4370,#4371),(#4372,#4373),(#4374,#4375),(#4376,#4377),
(#4378,#4379),(#4380,#4381),(#4382,#4383),(#4384,#4385),(#4386,#4387),(#4388,
#4389),(#4390,#4391),(#4392,#4393),(#4394,#4395),(#4396,#4397),(#4398,#4399),
(#4400,#4401),(#4402,#4403),(#4404,#4405),(#4406,#4407),(#4408,#4409),(#4410,
#4411),(#4412,#4413),(#4414,#4415),(#4416,#4417),(#4418,#4419)),
 .UNSPECIFIED.,.F.,.F.,.F.,(4,1,1,1,1,1,1,1,1,1,1,1,1,1,1,1,1,1,1,1,1,1,
1,1,1,1,1,1,1,1,1,1,1,1,1,1,1,1,1,1,1,1,1,1,1,1,1,1,1,1,1,1,1,1,1,1,1,1,
1,1,1,1,1,1,1,1,1,1,1,1,1,1,1,1,1,1,1,1,1,1,1,1,1,1,1,1,1,1,1,1,1,1,1,1,
1,1,1,1,1,1,1,1,1,1,1,1,1,1,1,1,1,1,1,1,1,1,1,1,1,1,1,1,1,1,1,1,1,1,1,1,
1,1,1,1,1,1,4),(2,2),(-0.0142501871525737,-0.0136609821280172,-0.0133138663291863,
-0.0129865857180976,-0.0126791402947006,-0.0123915300589339,-0.0121237550107231,
-0.0118758151499754,-0.0116477104765741,-0.011439440990369,-0.0112510066911627,
-0.0110824075786877,-0.0109336436525699,-0.0108047149122624,-0.0106956213569201,
-0.0105320450159372,-0.0102931931032371,-0.0102280901011354,-0.0101636905225752,
-0.0100999820603916,-0.010036951687086,-0.00997458560630751,-0.00991286920105639,
-0.0098517869784627,-0.00979132251101163,-0.00973145837411305,-0.00967217607994963,
-0.00961345600758952,-0.00955527732941793,-0.00949761793403214,-0.00944045434586074,
-0.00938376164191842,-0.00932751336629702,-0.00927168144323221,-0.0092162360898829,
-0.0091611457303276,-0.00910637691273215,-0.00905189423218983,-0.00899766026239143,
-0.00894363550006501,-0.00888977832704235,-0.00883604499587232,-0.0087823896461086,
-0.00872876435974234,-0.00867511926569863,-0.00862140270481633,-0.00856756146819373,
-0.00851354112307294,-0.00845928644135733,-0.00840474194614491,-0.00834985259097287,
-0.00829456458438205,-0.00823882636844404,-0.00818258975353621,-0.00812581120243896,
-0.00806845324445457,-0.00801048598469705,-0.00795188865545374,-0.0078926511367153,
-0.00783277535356218,-0.00777227644187399,-0.0077111835642445,-0.00764954025872152,
-0.00758740421724273,-0.00752484642020463,-0.00746194959798812,-0.00739880604605424,
-0.00735677348970176,-0.00712509357635445,-0.00689341366300713,-0.00685138110665465,
-0.00678823755472077,-0.00672534073250426,-0.00666278293546617,-0.00660064689398737,
-0.0065390035884644,-0.0064779107108349,-0.00641741179914671,-0.0063575360159936,
-0.00629829849725515,-0.00623970116801184,-0.00618173390825433,-0.00612437595026993,
-0.00606759739917268,-0.00601136078426485,-0.00595562256832685,-0.00590033456173602,
-0.00584544520656398,-0.00579090071135157,-0.00573664602963595,-0.00568262568451516,
-0.00562878444789257,-0.00557506788701026,-0.00552142279296656,-0.0054677975066003,
-0.00541414215683657,-0.00536040882566654,-0.00530655165264388,-0.00525252689031746,
-0.00519829292051906,-0.00514381023997674,-0.0050890414223813,-0.00503395106282599,
-0.00497850570947668,-0.00492267378641187,-0.00486642551079047,-0.00480973280684815,
-0.00475256921867676,-0.00469490982329097,-0.00463673114511938,-0.00457801107275926,
-0.00451872877859585,-0.00445886464169726,-0.0043984001742462,-0.0043373179516525,
-0.00427560154640139,-0.00421323546562294,-0.00415020509231731,-0.00408649663013367,
-0.00402209705157351,-0.00395699404947181,-0.0037181421367717,-0.00355456579578883,
-0.00344547224044646,-0.003316543500139,-0.00316777957402122,-0.00299918046154623,
-0.00281074616233985,-0.00260247667613478,-0.00237437200273348,-0.00212643214198579,
-0.00185865709377495,-0.00157104685800833,-0.00126360143461125,-0.000936320823522593,
-0.000589205024691725,-1.34889522264128E-13),(0.,0.635),.UNSPECIFIED.);
#78=B_SPLINE_SURFACE_WITH_KNOTS('',3,1,((#4707,#4708),(#4709,#4710),(#4711,
#4712),(#4713,#4714),(#4715,#4716),(#4717,#4718),(#4719,#4720),(#4721,#4722),
(#4723,#4724),(#4725,#4726),(#4727,#4728),(#4729,#4730),(#4731,#4732),(#4733,
#4734),(#4735,#4736),(#4737,#4738),(#4739,#4740),(#4741,#4742),(#4743,#4744),
(#4745,#4746),(#4747,#4748),(#4749,#4750),(#4751,#4752),(#4753,#4754),(#4755,
#4756),(#4757,#4758),(#4759,#4760),(#4761,#4762),(#4763,#4764),(#4765,#4766),
(#4767,#4768),(#4769,#4770),(#4771,#4772),(#4773,#4774),(#4775,#4776),(#4777,
#4778),(#4779,#4780),(#4781,#4782),(#4783,#4784),(#4785,#4786),(#4787,#4788),
(#4789,#4790),(#4791,#4792),(#4793,#4794),(#4795,#4796),(#4797,#4798),(#4799,
#4800),(#4801,#4802),(#4803,#4804),(#4805,#4806),(#4807,#4808),(#4809,#4810),
(#4811,#4812),(#4813,#4814),(#4815,#4816),(#4817,#4818),(#4819,#4820),(#4821,
#4822),(#4823,#4824),(#4825,#4826),(#4827,#4828),(#4829,#4830),(#4831,#4832),
(#4833,#4834),(#4835,#4836),(#4837,#4838),(#4839,#4840),(#4841,#4842),(#4843,
#4844),(#4845,#4846),(#4847,#4848),(#4849,#4850),(#4851,#4852),(#4853,#4854),
(#4855,#4856),(#4857,#4858),(#4859,#4860),(#4861,#4862),(#4863,#4864),(#4865,
#4866),(#4867,#4868),(#4869,#4870),(#4871,#4872),(#4873,#4874),(#4875,#4876),
(#4877,#4878),(#4879,#4880),(#4881,#4882),(#4883,#4884),(#4885,#4886),(#4887,
#4888),(#4889,#4890),(#4891,#4892),(#4893,#4894),(#4895,#4896),(#4897,#4898),
(#4899,#4900),(#4901,#4902),(#4903,#4904),(#4905,#4906),(#4907,#4908),(#4909,
#4910),(#4911,#4912),(#4913,#4914),(#4915,#4916),(#4917,#4918),(#4919,#4920),
(#4921,#4922),(#4923,#4924),(#4925,#4926),(#4927,#4928),(#4929,#4930),(#4931,
#4932),(#4933,#4934),(#4935,#4936),(#4937,#4938),(#4939,#4940),(#4941,#4942),
(#4943,#4944),(#4945,#4946),(#4947,#4948),(#4949,#4950),(#4951,#4952),(#4953,
#4954),(#4955,#4956),(#4957,#4958),(#4959,#4960),(#4961,#4962),(#4963,#4964),
(#4965,#4966),(#4967,#4968),(#4969,#4970),(#4971,#4972),(#4973,#4974),(#4975,
#4976),(#4977,#4978),(#4979,#4980),(#4981,#4982),(#4983,#4984)),
 .UNSPECIFIED.,.F.,.F.,.F.,(4,1,1,1,1,1,1,1,1,1,1,1,1,1,1,1,1,1,1,1,1,1,
1,1,1,1,1,1,1,1,1,1,1,1,1,1,1,1,1,1,1,1,1,1,1,1,1,1,1,1,1,1,1,1,1,1,1,1,
1,1,1,1,1,1,1,1,1,1,1,1,1,1,1,1,1,1,1,1,1,1,1,1,1,1,1,1,1,1,1,1,1,1,1,1,
1,1,1,1,1,1,1,1,1,1,1,1,1,1,1,1,1,1,1,1,1,1,1,1,1,1,1,1,1,1,1,1,1,1,1,1,
1,1,1,1,1,1,4),(2,2),(-0.0142501871525677,-0.0136609821280115,-0.0133138663291807,
-0.0129865857180922,-0.0126791402946953,-0.0123915300589288,-0.012123755010718,
-0.0118758151499705,-0.0116477104765692,-0.0114394409903643,-0.011251006691158,
-0.011082407578683,-0.0109336436525653,-0.0108047149122579,-0.0106956213569156,
-0.0105320450159328,-0.0102931931032328,-0.0102280901011311,-0.010163690522571,
-0.0100999820603874,-0.0100369516870818,-0.00997458560630333,-0.00991286920105225,
-0.00985178697845857,-0.00979132251100754,-0.00973145837410897,-0.00967217607994558,
-0.00961345600758549,-0.00955527732941393,-0.00949761793402816,-0.00944045434585679,
-0.00938376164191449,-0.00932751336629312,-0.00927168144322833,-0.00921623608987904,
-0.00916114573032377,-0.00910637691272834,-0.00905189423218604,-0.00899766026238767,
-0.00894363550006127,-0.00888977832703863,-0.00883604499586862,-0.00878238964610492,
-0.00872876435973868,-0.008675119265695,-0.00862140270481272,-0.00856756146819014,
-0.00851354112306938,-0.00845928644135379,-0.00840474194614139,-0.00834985259096937,
-0.00829456458437858,-0.00823882636844059,-0.00818258975353279,-0.00812581120243556,
-0.00806845324445119,-0.0080104859846937,-0.00795188865545041,-0.00789265113671199,
-0.0078327753535589,-0.00777227644187074,-0.00771118356424127,-0.00764954025871832,
-0.00758740421723955,-0.00752484642020148,-0.007461949597985,-0.00739880604605115,
-0.00735677348969868,-0.00712509357635146,-0.00689341366300425,-0.00685138110665178,
-0.00678823755471793,-0.00672534073250145,-0.00666278293546338,-0.0066006468939846,
-0.00653900358846166,-0.00647791071083219,-0.00641741179914403,-0.00635753601599094,
-0.00629829849725252,-0.00623970116800923,-0.00618173390825174,-0.00612437595026737,
-0.00606759739917014,-0.00601136078426234,-0.00595562256832435,-0.00590033456173355,
-0.00584544520656153,-0.00579090071134914,-0.00573664602963355,-0.00568262568451278,
-0.00562878444789021,-0.00557506788700793,-0.00552142279296424,-0.00546779750659801,
-0.00541414215683431,-0.0053604088256643,-0.00530655165264166,-0.00525252689031526,
-0.00519829292051689,-0.00514381023997459,-0.00508904142237917,-0.00503395106282389,
-0.0049785057094746,-0.00492267378640981,-0.00486642551078843,-0.00480973280684614,
-0.00475256921867477,-0.004694909823289,-0.00463673114511744,-0.00457801107275735,
-0.00451872877859396,-0.00445886464169539,-0.00439840017424436,-0.00433731795165068,
-0.0042756015463996,-0.00421323546562118,-0.00415020509231558,-0.00408649663013196,
-0.00402209705157183,-0.00395699404947015,-0.00371814213677015,-0.00355456579578734,
-0.00344547224044502,-0.00331654350013761,-0.00316777957401989,-0.00299918046154498,
-0.00281074616233867,-0.00260247667613369,-0.00237437200273248,-0.0021264321419849,
-0.00185865709377417,-0.00157104685800768,-0.00126360143461072,-0.000936320823522201,
-0.000589205024691478,-1.34890609237795E-13),(0.,0.635),.UNSPECIFIED.);
#79=B_SPLINE_SURFACE_WITH_KNOTS('',3,1,((#5272,#5273),(#5274,#5275),(#5276,
#5277),(#5278,#5279),(#5280,#5281),(#5282,#5283),(#5284,#5285),(#5286,#5287),
(#5288,#5289),(#5290,#5291),(#5292,#5293),(#5294,#5295),(#5296,#5297),(#5298,
#5299),(#5300,#5301),(#5302,#5303),(#5304,#5305),(#5306,#5307),(#5308,#5309),
(#5310,#5311),(#5312,#5313),(#5314,#5315),(#5316,#5317),(#5318,#5319),(#5320,
#5321),(#5322,#5323),(#5324,#5325),(#5326,#5327),(#5328,#5329),(#5330,#5331),
(#5332,#5333),(#5334,#5335),(#5336,#5337),(#5338,#5339),(#5340,#5341),(#5342,
#5343),(#5344,#5345),(#5346,#5347),(#5348,#5349),(#5350,#5351),(#5352,#5353),
(#5354,#5355),(#5356,#5357),(#5358,#5359),(#5360,#5361),(#5362,#5363),(#5364,
#5365),(#5366,#5367),(#5368,#5369),(#5370,#5371),(#5372,#5373),(#5374,#5375),
(#5376,#5377),(#5378,#5379),(#5380,#5381),(#5382,#5383),(#5384,#5385),(#5386,
#5387),(#5388,#5389),(#5390,#5391),(#5392,#5393),(#5394,#5395),(#5396,#5397),
(#5398,#5399),(#5400,#5401),(#5402,#5403),(#5404,#5405),(#5406,#5407),(#5408,
#5409),(#5410,#5411),(#5412,#5413),(#5414,#5415),(#5416,#5417),(#5418,#5419),
(#5420,#5421),(#5422,#5423),(#5424,#5425),(#5426,#5427),(#5428,#5429),(#5430,
#5431),(#5432,#5433),(#5434,#5435),(#5436,#5437),(#5438,#5439),(#5440,#5441),
(#5442,#5443),(#5444,#5445),(#5446,#5447),(#5448,#5449),(#5450,#5451),(#5452,
#5453),(#5454,#5455),(#5456,#5457),(#5458,#5459),(#5460,#5461),(#5462,#5463),
(#5464,#5465),(#5466,#5467),(#5468,#5469),(#5470,#5471),(#5472,#5473),(#5474,
#5475),(#5476,#5477),(#5478,#5479),(#5480,#5481),(#5482,#5483),(#5484,#5485),
(#5486,#5487),(#5488,#5489),(#5490,#5491),(#5492,#5493),(#5494,#5495),(#5496,
#5497),(#5498,#5499),(#5500,#5501),(#5502,#5503),(#5504,#5505),(#5506,#5507),
(#5508,#5509),(#5510,#5511),(#5512,#5513),(#5514,#5515),(#5516,#5517),(#5518,
#5519),(#5520,#5521),(#5522,#5523),(#5524,#5525),(#5526,#5527),(#5528,#5529),
(#5530,#5531),(#5532,#5533),(#5534,#5535),(#5536,#5537),(#5538,#5539),(#5540,
#5541),(#5542,#5543),(#5544,#5545),(#5546,#5547),(#5548,#5549)),
 .UNSPECIFIED.,.F.,.F.,.F.,(4,1,1,1,1,1,1,1,1,1,1,1,1,1,1,1,1,1,1,1,1,1,
1,1,1,1,1,1,1,1,1,1,1,1,1,1,1,1,1,1,1,1,1,1,1,1,1,1,1,1,1,1,1,1,1,1,1,1,
1,1,1,1,1,1,1,1,1,1,1,1,1,1,1,1,1,1,1,1,1,1,1,1,1,1,1,1,1,1,1,1,1,1,1,1,
1,1,1,1,1,1,1,1,1,1,1,1,1,1,1,1,1,1,1,1,1,1,1,1,1,1,1,1,1,1,1,1,1,1,1,1,
1,1,1,1,1,1,4),(2,2),(-0.0142501871526252,-0.0136609821280653,-0.0133138663292327,
-0.0129865857181423,-0.0126791402947436,-0.0123915300589755,-0.0121237550107633,
-0.0118758151500143,-0.0116477104766119,-0.0114394409904057,-0.0112510066911984,
-0.0110824075787225,-0.010933643652604,-0.0108047149122958,-0.0106956213569529,
-0.0105320450159692,-0.0102931931032678,-0.0102280901011658,-0.0101636905226053,
-0.0100999820604213,-0.0100369516871154,-0.0099745856063366,-0.00991286920108517,
-0.00985178697849116,-0.00979132251103978,-0.00973145837414089,-0.00967217607997716,
-0.00961345600761674,-0.00955527732944486,-0.00949761793405877,-0.00944045434588708,
-0.00938376164194446,-0.00932751336632277,-0.00927168144325767,-0.00921623608990807,
-0.00916114573035249,-0.00910637691275676,-0.00905189423221416,-0.00899766026241548,
-0.00894363550008877,-0.00888977832706584,-0.00883604499589553,-0.00878238964613153,
-0.00872876435976499,-0.00867511926572101,-0.00862140270483842,-0.00856756146821555,
-0.00851354112309448,-0.00845928644137858,-0.00840474194616589,-0.00834985259099356,
-0.00829456458440245,-0.00823882636846416,-0.00818258975355604,-0.0081258112024585,
-0.0080684532444738,-0.00801048598471599,-0.00795188865547238,-0.00789265113673362,
-0.0078327753535802,-0.0077722764418917,-0.00771118356426189,-0.0076495402587386,
-0.00758740421725948,-0.00752484642022105,-0.00746194959800422,-0.00739880604607002,
-0.00735677348971732,-0.00712509357636881,-0.00689341366302029,-0.00685138110666759,
-0.00678823755473339,-0.00672534073251656,-0.00666278293547813,-0.00660064689399901,
-0.00653900358847573,-0.00647791071084591,-0.00641741179915742,-0.00635753601600399,
-0.00629829849726524,-0.00623970116802162,-0.00618173390826381,-0.00612437595027912,
-0.00606759739918158,-0.00601136078427345,-0.00595562256833516,-0.00590033456174405,
-0.00584544520657172,-0.00579090071135903,-0.00573664602964313,-0.00568262568452206,
-0.00562878444789919,-0.0055750678870166,-0.00552142279297262,-0.00546779750660609,
-0.00541414215684209,-0.00536040882567177,-0.00530655165264884,-0.00525252689032214,
-0.00519829292052346,-0.00514381023998086,-0.00508904142238513,-0.00503395106282954,
-0.00497850570947994,-0.00492267378641485,-0.00486642551079315,-0.00480973280685054,
-0.00475256921867885,-0.00469490982329276,-0.00463673114512087,-0.00457801107276045,
-0.00451872877859673,-0.00445886464169784,-0.00439840017424646,-0.00433731795165245,
-0.00427560154640102,-0.00421323546562225,-0.00415020509231629,-0.00408649663013232,
-0.00402209705157183,-0.00395699404946979,-0.00371814213676845,-0.00355456579578473,
-0.0034454722404418,-0.00331654350013367,-0.00316777957401512,-0.00299918046153926,
-0.0028107461623319,-0.00260247667612576,-0.00237437200272327,-0.00212643214197431,
-0.00185865709376208,-0.00157104685799398,-0.0012636014345953,-0.000936320823504954,
-0.000589205024672291,-1.124098314758E-13),(0.,0.635),.UNSPECIFIED.);
#80=B_SPLINE_SURFACE_WITH_KNOTS('',3,1,((#5837,#5838),(#5839,#5840),(#5841,
#5842),(#5843,#5844),(#5845,#5846),(#5847,#5848),(#5849,#5850),(#5851,#5852),
(#5853,#5854),(#5855,#5856),(#5857,#5858),(#5859,#5860),(#5861,#5862),(#5863,
#5864),(#5865,#5866),(#5867,#5868),(#5869,#5870),(#5871,#5872),(#5873,#5874),
(#5875,#5876),(#5877,#5878),(#5879,#5880),(#5881,#5882),(#5883,#5884),(#5885,
#5886),(#5887,#5888),(#5889,#5890),(#5891,#5892),(#5893,#5894),(#5895,#5896),
(#5897,#5898),(#5899,#5900),(#5901,#5902),(#5903,#5904),(#5905,#5906),(#5907,
#5908),(#5909,#5910),(#5911,#5912),(#5913,#5914),(#5915,#5916),(#5917,#5918),
(#5919,#5920),(#5921,#5922),(#5923,#5924),(#5925,#5926),(#5927,#5928),(#5929,
#5930),(#5931,#5932),(#5933,#5934),(#5935,#5936),(#5937,#5938),(#5939,#5940),
(#5941,#5942),(#5943,#5944),(#5945,#5946),(#5947,#5948),(#5949,#5950),(#5951,
#5952),(#5953,#5954),(#5955,#5956),(#5957,#5958),(#5959,#5960),(#5961,#5962),
(#5963,#5964),(#5965,#5966),(#5967,#5968),(#5969,#5970),(#5971,#5972),(#5973,
#5974),(#5975,#5976),(#5977,#5978),(#5979,#5980),(#5981,#5982),(#5983,#5984),
(#5985,#5986),(#5987,#5988),(#5989,#5990),(#5991,#5992),(#5993,#5994),(#5995,
#5996),(#5997,#5998),(#5999,#6000),(#6001,#6002),(#6003,#6004),(#6005,#6006),
(#6007,#6008),(#6009,#6010),(#6011,#6012),(#6013,#6014),(#6015,#6016),(#6017,
#6018),(#6019,#6020),(#6021,#6022),(#6023,#6024),(#6025,#6026),(#6027,#6028),
(#6029,#6030),(#6031,#6032),(#6033,#6034),(#6035,#6036),(#6037,#6038),(#6039,
#6040),(#6041,#6042),(#6043,#6044),(#6045,#6046),(#6047,#6048),(#6049,#6050),
(#6051,#6052),(#6053,#6054),(#6055,#6056),(#6057,#6058),(#6059,#6060),(#6061,
#6062),(#6063,#6064),(#6065,#6066),(#6067,#6068),(#6069,#6070),(#6071,#6072),
(#6073,#6074),(#6075,#6076),(#6077,#6078),(#6079,#6080),(#6081,#6082),(#6083,
#6084),(#6085,#6086),(#6087,#6088),(#6089,#6090),(#6091,#6092),(#6093,#6094),
(#6095,#6096),(#6097,#6098),(#6099,#6100),(#6101,#6102),(#6103,#6104),(#6105,
#6106),(#6107,#6108),(#6109,#6110),(#6111,#6112),(#6113,#6114)),
 .UNSPECIFIED.,.F.,.F.,.F.,(4,1,1,1,1,1,1,1,1,1,1,1,1,1,1,1,1,1,1,1,1,1,
1,1,1,1,1,1,1,1,1,1,1,1,1,1,1,1,1,1,1,1,1,1,1,1,1,1,1,1,1,1,1,1,1,1,1,1,
1,1,1,1,1,1,1,1,1,1,1,1,1,1,1,1,1,1,1,1,1,1,1,1,1,1,1,1,1,1,1,1,1,1,1,1,
1,1,1,1,1,1,1,1,1,1,1,1,1,1,1,1,1,1,1,1,1,1,1,1,1,1,1,1,1,1,1,1,1,1,1,1,
1,1,1,1,1,1,4),(2,2),(-0.0142501871525548,-0.0136609821279987,-0.0133138663291683,
-0.0129865857180801,-0.0126791402946834,-0.0123915300589172,-0.0121237550107067,
-0.0118758151499593,-0.0116477104765583,-0.0114394409903535,-0.0112510066911474,
-0.0110824075786726,-0.0109336436525551,-0.0108047149122478,-0.0106956213569055,
-0.0105320450159229,-0.0102931931032231,-0.0102280901011215,-0.0101636905225614,
-0.0100999820603778,-0.0100369516870723,-0.00997458560629393,-0.0099128692010429,
-0.00985178697844929,-0.0097913225109983,-0.0097314583740998,-0.00967217607993646,
-0.00961345600757642,-0.00955527732940491,-0.0094976179340192,-0.00944045434584788,
-0.00938376164190563,-0.0093275133662843,-0.00927168144321957,-0.00921623608987033,
-0.0091611457303151,-0.00910637691271973,-0.00905189423217748,-0.00899766026237916,
-0.0089436355000528,-0.00888977832703022,-0.00883604499586026,-0.0087823896460966,
-0.00872876435973042,-0.00867511926568678,-0.00862140270480455,-0.00856756146818202,
-0.00851354112306131,-0.00845928644134576,-0.00840474194613342,-0.00834985259096145,
-0.0082945645843707,-0.00823882636843277,-0.00818258975352501,-0.00812581120242784,
-0.00806845324444352,-0.00801048598468608,-0.00795188865544285,-0.00789265113670448,
-0.00783277535355145,-0.00777227644186334,-0.00771118356423392,-0.00764954025871103,
-0.00758740421723232,-0.0075248464201943,-0.00746194959797788,-0.00739880604604409,
-0.00735677348969166,-0.00712509357634465,-0.00689341366299764,-0.00685138110664521,
-0.00678823755471142,-0.006725340732495,-0.00666278293545698,-0.00660064689397826,
-0.00653900358845538,-0.00647791071082596,-0.00641741179913786,-0.00635753601598482,
-0.00629829849724645,-0.00623970116800322,-0.00618173390824578,-0.00612437595026146,
-0.00606759739916429,-0.00601136078425653,-0.0059556225683186,-0.00590033456172785,
-0.00584544520655588,-0.00579090071134354,-0.00573664602962799,-0.00568262568450728,
-0.00562878444788475,-0.00557506788700252,-0.00552142279295888,-0.0054677975065927,
-0.00541414215682904,-0.00536040882565908,-0.0053065516526365,-0.00525252689031014,
-0.00519829292051182,-0.00514381023996957,-0.0050890414223742,-0.00503395106281897,
-0.00497850570946973,-0.004922673786405,-0.00486642551078367,-0.00480973280684142,
-0.00475256921867011,-0.00469490982328439,-0.00463673114511288,-0.00457801107275284,
-0.00451872877858951,-0.004458864641691,-0.00439840017424002,-0.0043373179516464,
-0.00427560154639537,-0.00421323546561701,-0.00415020509231146,-0.00408649663012791,
-0.00402209705156783,-0.00395699404946621,-0.00371814213676642,-0.00355456579578376,
-0.00344547224044155,-0.00331654350013425,-0.00316777957401667,-0.00299918046154191,
-0.00281074616233577,-0.00260247667613098,-0.00237437200272998,-0.00212643214198262,
-0.00185865709377214,-0.0015710468580059,-0.00126360143460922,-0.000936320823521002,
-0.000589205024690594,-1.34849890271164E-13),(0.,0.635),.UNSPECIFIED.);
#81=FACE_OUTER_BOUND('',#109,.T.);
#82=FACE_OUTER_BOUND('',#110,.T.);
#83=FACE_OUTER_BOUND('',#111,.T.);
#84=FACE_OUTER_BOUND('',#112,.T.);
#85=FACE_OUTER_BOUND('',#113,.T.);
#86=FACE_OUTER_BOUND('',#114,.T.);
#87=FACE_OUTER_BOUND('',#115,.T.);
#88=FACE_OUTER_BOUND('',#116,.T.);
#89=FACE_OUTER_BOUND('',#117,.T.);
#90=FACE_OUTER_BOUND('',#118,.T.);
#91=FACE_OUTER_BOUND('',#119,.T.);
#92=FACE_OUTER_BOUND('',#120,.T.);
#93=FACE_OUTER_BOUND('',#121,.T.);
#94=FACE_OUTER_BOUND('',#122,.T.);
#95=FACE_OUTER_BOUND('',#123,.T.);
#96=FACE_OUTER_BOUND('',#124,.T.);
#97=FACE_OUTER_BOUND('',#125,.T.);
#98=FACE_OUTER_BOUND('',#126,.T.);
#99=FACE_OUTER_BOUND('',#127,.T.);
#100=FACE_OUTER_BOUND('',#128,.T.);
#101=FACE_OUTER_BOUND('',#129,.T.);
#102=FACE_OUTER_BOUND('',#130,.T.);
#103=FACE_OUTER_BOUND('',#131,.T.);
#104=FACE_OUTER_BOUND('',#132,.T.);
#105=FACE_OUTER_BOUND('',#133,.T.);
#106=FACE_OUTER_BOUND('',#134,.T.);
#107=FACE_OUTER_BOUND('',#135,.T.);
#108=FACE_OUTER_BOUND('',#137,.T.);
#109=EDGE_LOOP('',(#345,#346,#347,#348));
#110=EDGE_LOOP('',(#349,#350,#351,#352));
#111=EDGE_LOOP('',(#353,#354,#355,#356));
#112=EDGE_LOOP('',(#357,#358,#359,#360));
#113=EDGE_LOOP('',(#361,#362,#363,#364));
#114=EDGE_LOOP('',(#365,#366,#367,#368));
#115=EDGE_LOOP('',(#369,#370,#371,#372));
#116=EDGE_LOOP('',(#373,#374,#375,#376));
#117=EDGE_LOOP('',(#377,#378,#379,#380));
#118=EDGE_LOOP('',(#381,#382,#383,#384));
#119=EDGE_LOOP('',(#385,#386,#387,#388));
#120=EDGE_LOOP('',(#389,#390,#391,#392));
#121=EDGE_LOOP('',(#393,#394,#395,#396));
#122=EDGE_LOOP('',(#397,#398,#399,#400));
#123=EDGE_LOOP('',(#401,#402,#403,#404));
#124=EDGE_LOOP('',(#405,#406,#407,#408));
#125=EDGE_LOOP('',(#409,#410,#411,#412));
#126=EDGE_LOOP('',(#413,#414,#415,#416));
#127=EDGE_LOOP('',(#417,#418,#419,#420));
#128=EDGE_LOOP('',(#421,#422,#423,#424));
#129=EDGE_LOOP('',(#425,#426,#427,#428));
#130=EDGE_LOOP('',(#429,#430,#431,#432));
#131=EDGE_LOOP('',(#433,#434,#435,#436));
#132=EDGE_LOOP('',(#437,#438,#439,#440));
#133=EDGE_LOOP('',(#441,#442,#443,#444));
#134=EDGE_LOOP('',(#445,#446,#447,#448));
#135=EDGE_LOOP('',(#449,#450,#451,#452,#453,#454,#455,#456,#457,#458,#459,
#460,#461,#462,#463,#464,#465,#466,#467,#468));
#136=EDGE_LOOP('',(#469,#470,#471,#472,#473,#474));
#137=EDGE_LOOP('',(#475,#476,#477,#478,#479,#480,#481,#482,#483,#484,#485,
#486,#487,#488,#489,#490,#491,#492,#493,#494));
#138=EDGE_LOOP('',(#495,#496,#497,#498,#499,#500));
#139=LINE('',#716,#177);
#140=LINE('',#718,#178);
#141=LINE('',#720,#179);
#142=LINE('',#721,#180);
#143=LINE('',#724,#181);
#144=LINE('',#726,#182);
#145=LINE('',#727,#183);
#146=LINE('',#730,#184);
#147=LINE('',#732,#185);
#148=LINE('',#733,#186);
#149=LINE('',#736,#187);
#150=LINE('',#738,#188);
#151=LINE('',#739,#189);
#152=LINE('',#742,#190);
#153=LINE('',#744,#191);
#154=LINE('',#745,#192);
#155=LINE('',#747,#193);
#156=LINE('',#748,#194);
#157=LINE('',#1169,#195);
#158=LINE('',#1310,#196);
#159=LINE('',#1316,#197);
#160=LINE('',#1875,#198);
#161=LINE('',#1881,#199);
#162=LINE('',#2440,#200);
#163=LINE('',#2446,#201);
#164=LINE('',#3005,#202);
#165=LINE('',#3011,#203);
#166=LINE('',#3570,#204);
#167=LINE('',#3576,#205);
#168=LINE('',#4135,#206);
#169=LINE('',#4141,#207);
#170=LINE('',#4700,#208);
#171=LINE('',#4706,#209);
#172=LINE('',#5265,#210);
#173=LINE('',#5271,#211);
#174=LINE('',#5830,#212);
#175=LINE('',#5836,#213);
#176=LINE('',#6395,#214);
#177=VECTOR('',#597,0.393700787401575);
#178=VECTOR('',#598,0.393700787401575);
#179=VECTOR('',#599,0.393700787401575);
#180=VECTOR('',#600,0.393700787401575);
#181=VECTOR('',#603,0.393700787401575);
#182=VECTOR('',#604,0.393700787401575);
#183=VECTOR('',#605,0.393700787401575);
#184=VECTOR('',#608,0.393700787401575);
#185=VECTOR('',#609,0.393700787401575);
#186=VECTOR('',#610,0.393700787401575);
#187=VECTOR('',#613,0.393700787401575);
#188=VECTOR('',#614,0.393700787401575);
#189=VECTOR('',#615,0.393700787401575);
#190=VECTOR('',#618,0.393700787401575);
#191=VECTOR('',#619,0.393700787401575);
#192=VECTOR('',#620,0.393700787401575);
#193=VECTOR('',#623,0.393700787401575);
#194=VECTOR('',#624,0.393700787401575);
#195=VECTOR('',#625,0.393700787401575);
#196=VECTOR('',#626,0.393700787401575);
#197=VECTOR('',#633,0.393700787401575);
#198=VECTOR('',#634,0.393700787401575);
#199=VECTOR('',#641,0.393700787401575);
#200=VECTOR('',#642,0.393700787401575);
#201=VECTOR('',#649,0.393700787401575);
#202=VECTOR('',#650,0.393700787401575);
#203=VECTOR('',#657,0.393700787401575);
#204=VECTOR('',#658,0.393700787401575);
#205=VECTOR('',#665,0.393700787401575);
#206=VECTOR('',#666,0.393700787401575);
#207=VECTOR('',#673,0.393700787401575);
#208=VECTOR('',#674,0.393700787401575);
#209=VECTOR('',#681,0.393700787401575);
#210=VECTOR('',#682,0.393700787401575);
#211=VECTOR('',#689,0.393700787401575);
#212=VECTOR('',#690,0.393700787401575);
#213=VECTOR('',#697,0.393700787401575);
#214=VECTOR('',#698,0.393700787401575);
#215=VERTEX_POINT('',#714);
#216=VERTEX_POINT('',#715);
#217=VERTEX_POINT('',#717);
#218=VERTEX_POINT('',#719);
#219=VERTEX_POINT('',#723);
#220=VERTEX_POINT('',#725);
#221=VERTEX_POINT('',#729);
#222=VERTEX_POINT('',#731);
#223=VERTEX_POINT('',#735);
#224=VERTEX_POINT('',#737);
#225=VERTEX_POINT('',#741);
#226=VERTEX_POINT('',#743);
#227=VERTEX_POINT('',#1027);
#228=VERTEX_POINT('',#1028);
#229=VERTEX_POINT('',#1168);
#230=VERTEX_POINT('',#1170);
#231=VERTEX_POINT('',#1312);
#232=VERTEX_POINT('',#1314);
#233=VERTEX_POINT('',#1595);
#234=VERTEX_POINT('',#1735);
#235=VERTEX_POINT('',#1877);
#236=VERTEX_POINT('',#1879);
#237=VERTEX_POINT('',#2160);
#238=VERTEX_POINT('',#2300);
#239=VERTEX_POINT('',#2442);
#240=VERTEX_POINT('',#2444);
#241=VERTEX_POINT('',#2725);
#242=VERTEX_POINT('',#2865);
#243=VERTEX_POINT('',#3007);
#244=VERTEX_POINT('',#3009);
#245=VERTEX_POINT('',#3290);
#246=VERTEX_POINT('',#3430);
#247=VERTEX_POINT('',#3572);
#248=VERTEX_POINT('',#3574);
#249=VERTEX_POINT('',#3855);
#250=VERTEX_POINT('',#3995);
#251=VERTEX_POINT('',#4137);
#252=VERTEX_POINT('',#4139);
#253=VERTEX_POINT('',#4420);
#254=VERTEX_POINT('',#4560);
#255=VERTEX_POINT('',#4702);
#256=VERTEX_POINT('',#4704);
#257=VERTEX_POINT('',#4985);
#258=VERTEX_POINT('',#5125);
#259=VERTEX_POINT('',#5267);
#260=VERTEX_POINT('',#5269);
#261=VERTEX_POINT('',#5550);
#262=VERTEX_POINT('',#5690);
#263=VERTEX_POINT('',#5832);
#264=VERTEX_POINT('',#5834);
#265=VERTEX_POINT('',#6115);
#266=VERTEX_POINT('',#6255);
#267=EDGE_CURVE('',#215,#216,#139,.T.);
#268=EDGE_CURVE('',#216,#217,#140,.T.);
#269=EDGE_CURVE('',#218,#217,#141,.T.);
#270=EDGE_CURVE('',#215,#218,#142,.T.);
#271=EDGE_CURVE('',#219,#215,#143,.T.);
#272=EDGE_CURVE('',#220,#218,#144,.T.);
#273=EDGE_CURVE('',#219,#220,#145,.T.);
#274=EDGE_CURVE('',#221,#219,#146,.T.);
#275=EDGE_CURVE('',#222,#220,#147,.T.);
#276=EDGE_CURVE('',#221,#222,#148,.T.);
#277=EDGE_CURVE('',#223,#221,#149,.T.);
#278=EDGE_CURVE('',#224,#222,#150,.T.);
#279=EDGE_CURVE('',#223,#224,#151,.T.);
#280=EDGE_CURVE('',#225,#223,#152,.T.);
#281=EDGE_CURVE('',#226,#224,#153,.T.);
#282=EDGE_CURVE('',#225,#226,#154,.T.);
#283=EDGE_CURVE('',#216,#225,#155,.T.);
#284=EDGE_CURVE('',#217,#226,#156,.T.);
#285=EDGE_CURVE('',#227,#228,#51,.T.);
#286=EDGE_CURVE('',#227,#229,#157,.T.);
#287=EDGE_CURVE('',#230,#229,#52,.T.);
#288=EDGE_CURVE('',#228,#230,#158,.T.);
#289=EDGE_CURVE('',#231,#228,#21,.T.);
#290=EDGE_CURVE('',#232,#230,#22,.T.);
#291=EDGE_CURVE('',#231,#232,#159,.T.);
#292=EDGE_CURVE('',#231,#233,#53,.T.);
#293=EDGE_CURVE('',#234,#232,#54,.T.);
#294=EDGE_CURVE('',#233,#234,#160,.T.);
#295=EDGE_CURVE('',#235,#233,#23,.T.);
#296=EDGE_CURVE('',#236,#234,#24,.T.);
#297=EDGE_CURVE('',#235,#236,#161,.T.);
#298=EDGE_CURVE('',#235,#237,#55,.T.);
#299=EDGE_CURVE('',#238,#236,#56,.T.);
#300=EDGE_CURVE('',#237,#238,#162,.T.);
#301=EDGE_CURVE('',#239,#237,#25,.T.);
#302=EDGE_CURVE('',#240,#238,#26,.T.);
#303=EDGE_CURVE('',#239,#240,#163,.T.);
#304=EDGE_CURVE('',#239,#241,#57,.T.);
#305=EDGE_CURVE('',#242,#240,#58,.T.);
#306=EDGE_CURVE('',#241,#242,#164,.T.);
#307=EDGE_CURVE('',#243,#241,#27,.T.);
#308=EDGE_CURVE('',#244,#242,#28,.T.);
#309=EDGE_CURVE('',#243,#244,#165,.T.);
#310=EDGE_CURVE('',#243,#245,#59,.T.);
#311=EDGE_CURVE('',#246,#244,#60,.T.);
#312=EDGE_CURVE('',#245,#246,#166,.T.);
#313=EDGE_CURVE('',#247,#245,#29,.T.);
#314=EDGE_CURVE('',#248,#246,#30,.T.);
#315=EDGE_CURVE('',#247,#248,#167,.T.);
#316=EDGE_CURVE('',#247,#249,#61,.T.);
#317=EDGE_CURVE('',#250,#248,#62,.T.);
#318=EDGE_CURVE('',#249,#250,#168,.T.);
#319=EDGE_CURVE('',#251,#249,#31,.T.);
#320=EDGE_CURVE('',#252,#250,#32,.T.);
#321=EDGE_CURVE('',#251,#252,#169,.T.);
#322=EDGE_CURVE('',#251,#253,#63,.T.);
#323=EDGE_CURVE('',#254,#252,#64,.T.);
#324=EDGE_CURVE('',#253,#254,#170,.T.);
#325=EDGE_CURVE('',#255,#253,#33,.T.);
#326=EDGE_CURVE('',#256,#254,#34,.T.);
#327=EDGE_CURVE('',#255,#256,#171,.T.);
#328=EDGE_CURVE('',#255,#257,#65,.T.);
#329=EDGE_CURVE('',#258,#256,#66,.T.);
#330=EDGE_CURVE('',#257,#258,#172,.T.);
#331=EDGE_CURVE('',#259,#257,#35,.T.);
#332=EDGE_CURVE('',#260,#258,#36,.T.);
#333=EDGE_CURVE('',#259,#260,#173,.T.);
#334=EDGE_CURVE('',#259,#261,#67,.T.);
#335=EDGE_CURVE('',#262,#260,#68,.T.);
#336=EDGE_CURVE('',#261,#262,#174,.T.);
#337=EDGE_CURVE('',#263,#261,#37,.T.);
#338=EDGE_CURVE('',#264,#262,#38,.T.);
#339=EDGE_CURVE('',#263,#264,#175,.T.);
#340=EDGE_CURVE('',#263,#265,#69,.T.);
#341=EDGE_CURVE('',#266,#264,#70,.T.);
#342=EDGE_CURVE('',#265,#266,#176,.T.);
#343=EDGE_CURVE('',#227,#265,#39,.T.);
#344=EDGE_CURVE('',#229,#266,#40,.T.);
#345=ORIENTED_EDGE('',*,*,#267,.T.);
#346=ORIENTED_EDGE('',*,*,#268,.T.);
#347=ORIENTED_EDGE('',*,*,#269,.F.);
#348=ORIENTED_EDGE('',*,*,#270,.F.);
#349=ORIENTED_EDGE('',*,*,#271,.T.);
#350=ORIENTED_EDGE('',*,*,#270,.T.);
#351=ORIENTED_EDGE('',*,*,#272,.F.);
#352=ORIENTED_EDGE('',*,*,#273,.F.);
#353=ORIENTED_EDGE('',*,*,#274,.T.);
#354=ORIENTED_EDGE('',*,*,#273,.T.);
#355=ORIENTED_EDGE('',*,*,#275,.F.);
#356=ORIENTED_EDGE('',*,*,#276,.F.);
#357=ORIENTED_EDGE('',*,*,#277,.T.);
#358=ORIENTED_EDGE('',*,*,#276,.T.);
#359=ORIENTED_EDGE('',*,*,#278,.F.);
#360=ORIENTED_EDGE('',*,*,#279,.F.);
#361=ORIENTED_EDGE('',*,*,#280,.T.);
#362=ORIENTED_EDGE('',*,*,#279,.T.);
#363=ORIENTED_EDGE('',*,*,#281,.F.);
#364=ORIENTED_EDGE('',*,*,#282,.F.);
#365=ORIENTED_EDGE('',*,*,#283,.T.);
#366=ORIENTED_EDGE('',*,*,#282,.T.);
#367=ORIENTED_EDGE('',*,*,#284,.F.);
#368=ORIENTED_EDGE('',*,*,#268,.F.);
#369=ORIENTED_EDGE('',*,*,#285,.F.);
#370=ORIENTED_EDGE('',*,*,#286,.T.);
#371=ORIENTED_EDGE('',*,*,#287,.F.);
#372=ORIENTED_EDGE('',*,*,#288,.F.);
#373=ORIENTED_EDGE('',*,*,#289,.T.);
#374=ORIENTED_EDGE('',*,*,#288,.T.);
#375=ORIENTED_EDGE('',*,*,#290,.F.);
#376=ORIENTED_EDGE('',*,*,#291,.F.);
#377=ORIENTED_EDGE('',*,*,#292,.F.);
#378=ORIENTED_EDGE('',*,*,#291,.T.);
#379=ORIENTED_EDGE('',*,*,#293,.F.);
#380=ORIENTED_EDGE('',*,*,#294,.F.);
#381=ORIENTED_EDGE('',*,*,#295,.T.);
#382=ORIENTED_EDGE('',*,*,#294,.T.);
#383=ORIENTED_EDGE('',*,*,#296,.F.);
#384=ORIENTED_EDGE('',*,*,#297,.F.);
#385=ORIENTED_EDGE('',*,*,#298,.F.);
#386=ORIENTED_EDGE('',*,*,#297,.T.);
#387=ORIENTED_EDGE('',*,*,#299,.F.);
#388=ORIENTED_EDGE('',*,*,#300,.F.);
#389=ORIENTED_EDGE('',*,*,#301,.T.);
#390=ORIENTED_EDGE('',*,*,#300,.T.);
#391=ORIENTED_EDGE('',*,*,#302,.F.);
#392=ORIENTED_EDGE('',*,*,#303,.F.);
#393=ORIENTED_EDGE('',*,*,#304,.F.);
#394=ORIENTED_EDGE('',*,*,#303,.T.);
#395=ORIENTED_EDGE('',*,*,#305,.F.);
#396=ORIENTED_EDGE('',*,*,#306,.F.);
#397=ORIENTED_EDGE('',*,*,#307,.T.);
#398=ORIENTED_EDGE('',*,*,#306,.T.);
#399=ORIENTED_EDGE('',*,*,#308,.F.);
#400=ORIENTED_EDGE('',*,*,#309,.F.);
#401=ORIENTED_EDGE('',*,*,#310,.F.);
#402=ORIENTED_EDGE('',*,*,#309,.T.);
#403=ORIENTED_EDGE('',*,*,#311,.F.);
#404=ORIENTED_EDGE('',*,*,#312,.F.);
#405=ORIENTED_EDGE('',*,*,#313,.T.);
#406=ORIENTED_EDGE('',*,*,#312,.T.);
#407=ORIENTED_EDGE('',*,*,#314,.F.);
#408=ORIENTED_EDGE('',*,*,#315,.F.);
#409=ORIENTED_EDGE('',*,*,#316,.F.);
#410=ORIENTED_EDGE('',*,*,#315,.T.);
#411=ORIENTED_EDGE('',*,*,#317,.F.);
#412=ORIENTED_EDGE('',*,*,#318,.F.);
#413=ORIENTED_EDGE('',*,*,#319,.T.);
#414=ORIENTED_EDGE('',*,*,#318,.T.);
#415=ORIENTED_EDGE('',*,*,#320,.F.);
#416=ORIENTED_EDGE('',*,*,#321,.F.);
#417=ORIENTED_EDGE('',*,*,#322,.F.);
#418=ORIENTED_EDGE('',*,*,#321,.T.);
#419=ORIENTED_EDGE('',*,*,#323,.F.);
#420=ORIENTED_EDGE('',*,*,#324,.F.);
#421=ORIENTED_EDGE('',*,*,#325,.T.);
#422=ORIENTED_EDGE('',*,*,#324,.T.);
#423=ORIENTED_EDGE('',*,*,#326,.F.);
#424=ORIENTED_EDGE('',*,*,#327,.F.);
#425=ORIENTED_EDGE('',*,*,#328,.F.);
#426=ORIENTED_EDGE('',*,*,#327,.T.);
#427=ORIENTED_EDGE('',*,*,#329,.F.);
#428=ORIENTED_EDGE('',*,*,#330,.F.);
#429=ORIENTED_EDGE('',*,*,#331,.T.);
#430=ORIENTED_EDGE('',*,*,#330,.T.);
#431=ORIENTED_EDGE('',*,*,#332,.F.);
#432=ORIENTED_EDGE('',*,*,#333,.F.);
#433=ORIENTED_EDGE('',*,*,#334,.F.);
#434=ORIENTED_EDGE('',*,*,#333,.T.);
#435=ORIENTED_EDGE('',*,*,#335,.F.);
#436=ORIENTED_EDGE('',*,*,#336,.F.);
#437=ORIENTED_EDGE('',*,*,#337,.T.);
#438=ORIENTED_EDGE('',*,*,#336,.T.);
#439=ORIENTED_EDGE('',*,*,#338,.F.);
#440=ORIENTED_EDGE('',*,*,#339,.F.);
#441=ORIENTED_EDGE('',*,*,#340,.F.);
#442=ORIENTED_EDGE('',*,*,#339,.T.);
#443=ORIENTED_EDGE('',*,*,#341,.F.);
#444=ORIENTED_EDGE('',*,*,#342,.F.);
#445=ORIENTED_EDGE('',*,*,#343,.T.);
#446=ORIENTED_EDGE('',*,*,#342,.T.);
#447=ORIENTED_EDGE('',*,*,#344,.F.);
#448=ORIENTED_EDGE('',*,*,#286,.F.);
#449=ORIENTED_EDGE('',*,*,#344,.T.);
#450=ORIENTED_EDGE('',*,*,#341,.T.);
#451=ORIENTED_EDGE('',*,*,#338,.T.);
#452=ORIENTED_EDGE('',*,*,#335,.T.);
#453=ORIENTED_EDGE('',*,*,#332,.T.);
#454=ORIENTED_EDGE('',*,*,#329,.T.);
#455=ORIENTED_EDGE('',*,*,#326,.T.);
#456=ORIENTED_EDGE('',*,*,#323,.T.);
#457=ORIENTED_EDGE('',*,*,#320,.T.);
#458=ORIENTED_EDGE('',*,*,#317,.T.);
#459=ORIENTED_EDGE('',*,*,#314,.T.);
#460=ORIENTED_EDGE('',*,*,#311,.T.);
#461=ORIENTED_EDGE('',*,*,#308,.T.);
#462=ORIENTED_EDGE('',*,*,#305,.T.);
#463=ORIENTED_EDGE('',*,*,#302,.T.);
#464=ORIENTED_EDGE('',*,*,#299,.T.);
#465=ORIENTED_EDGE('',*,*,#296,.T.);
#466=ORIENTED_EDGE('',*,*,#293,.T.);
#467=ORIENTED_EDGE('',*,*,#290,.T.);
#468=ORIENTED_EDGE('',*,*,#287,.T.);
#469=ORIENTED_EDGE('',*,*,#284,.T.);
#470=ORIENTED_EDGE('',*,*,#281,.T.);
#471=ORIENTED_EDGE('',*,*,#278,.T.);
#472=ORIENTED_EDGE('',*,*,#275,.T.);
#473=ORIENTED_EDGE('',*,*,#272,.T.);
#474=ORIENTED_EDGE('',*,*,#269,.T.);
#475=ORIENTED_EDGE('',*,*,#343,.F.);
#476=ORIENTED_EDGE('',*,*,#285,.T.);
#477=ORIENTED_EDGE('',*,*,#289,.F.);
#478=ORIENTED_EDGE('',*,*,#292,.T.);
#479=ORIENTED_EDGE('',*,*,#295,.F.);
#480=ORIENTED_EDGE('',*,*,#298,.T.);
#481=ORIENTED_EDGE('',*,*,#301,.F.);
#482=ORIENTED_EDGE('',*,*,#304,.T.);
#483=ORIENTED_EDGE('',*,*,#307,.F.);
#484=ORIENTED_EDGE('',*,*,#310,.T.);
#485=ORIENTED_EDGE('',*,*,#313,.F.);
#486=ORIENTED_EDGE('',*,*,#316,.T.);
#487=ORIENTED_EDGE('',*,*,#319,.F.);
#488=ORIENTED_EDGE('',*,*,#322,.T.);
#489=ORIENTED_EDGE('',*,*,#325,.F.);
#490=ORIENTED_EDGE('',*,*,#328,.T.);
#491=ORIENTED_EDGE('',*,*,#331,.F.);
#492=ORIENTED_EDGE('',*,*,#334,.T.);
#493=ORIENTED_EDGE('',*,*,#337,.F.);
#494=ORIENTED_EDGE('',*,*,#340,.T.);
#495=ORIENTED_EDGE('',*,*,#283,.F.);
#496=ORIENTED_EDGE('',*,*,#267,.F.);
#497=ORIENTED_EDGE('',*,*,#271,.F.);
#498=ORIENTED_EDGE('',*,*,#274,.F.);
#499=ORIENTED_EDGE('',*,*,#277,.F.);
#500=ORIENTED_EDGE('',*,*,#280,.F.);
#501=PLANE('',#552);
#502=PLANE('',#553);
#503=PLANE('',#554);
#504=PLANE('',#555);
#505=PLANE('',#556);
#506=PLANE('',#557);
#507=PLANE('',#588);
#508=PLANE('',#589);
#509=ADVANCED_FACE('',(#81),#501,.T.);
#510=ADVANCED_FACE('',(#82),#502,.T.);
#511=ADVANCED_FACE('',(#83),#503,.T.);
#512=ADVANCED_FACE('',(#84),#504,.T.);
#513=ADVANCED_FACE('',(#85),#505,.T.);
#514=ADVANCED_FACE('',(#86),#506,.T.);
#515=ADVANCED_FACE('',(#87),#71,.T.);
#516=ADVANCED_FACE('',(#88),#41,.T.);
#517=ADVANCED_FACE('',(#89),#72,.T.);
#518=ADVANCED_FACE('',(#90),#42,.T.);
#519=ADVANCED_FACE('',(#91),#73,.T.);
#520=ADVANCED_FACE('',(#92),#43,.T.);
#521=ADVANCED_FACE('',(#93),#74,.T.);
#522=ADVANCED_FACE('',(#94),#44,.T.);
#523=ADVANCED_FACE('',(#95),#75,.T.);
#524=ADVANCED_FACE('',(#96),#45,.T.);
#525=ADVANCED_FACE('',(#97),#76,.T.);
#526=ADVANCED_FACE('',(#98),#46,.T.);
#527=ADVANCED_FACE('',(#99),#77,.T.);
#528=ADVANCED_FACE('',(#100),#47,.T.);
#529=ADVANCED_FACE('',(#101),#78,.T.);
#530=ADVANCED_FACE('',(#102),#48,.T.);
#531=ADVANCED_FACE('',(#103),#79,.T.);
#532=ADVANCED_FACE('',(#104),#49,.T.);
#533=ADVANCED_FACE('',(#105),#80,.T.);
#534=ADVANCED_FACE('',(#106),#50,.T.);
#535=ADVANCED_FACE('',(#107,#19),#507,.T.);
#536=ADVANCED_FACE('',(#108,#20),#508,.F.);
#537=CLOSED_SHELL('',(#509,#510,#511,#512,#513,#514,#515,#516,#517,#518,
#519,#520,#521,#522,#523,#524,#525,#526,#527,#528,#529,#530,#531,#532,#533,
#534,#535,#536));
#538=DERIVED_UNIT_ELEMENT(#540,1.);
#539=DERIVED_UNIT_ELEMENT(#6411,-3.);
#540=(
MASS_UNIT()
NAMED_UNIT(*)
SI_UNIT(.KILO.,.GRAM.)
);
#541=DERIVED_UNIT((#538,#539));
#542=MEASURE_REPRESENTATION_ITEM('density measure',
POSITIVE_RATIO_MEASURE(7850.),#541);
#543=PROPERTY_DEFINITION_REPRESENTATION(#548,#545);
#544=PROPERTY_DEFINITION_REPRESENTATION(#549,#546);
#545=REPRESENTATION('material name',(#547),#6406);
#546=REPRESENTATION('density',(#542),#6406);
#547=DESCRIPTIVE_REPRESENTATION_ITEM('Steel','Steel');
#548=PROPERTY_DEFINITION('material property','material name',#6424);
#549=PROPERTY_DEFINITION('material property','density of part',#6424);
#550=AXIS2_PLACEMENT_3D('',#711,#591,#592);
#551=AXIS2_PLACEMENT_3D('',#712,#593,#594);
#552=AXIS2_PLACEMENT_3D('',#713,#595,#596);
#553=AXIS2_PLACEMENT_3D('',#722,#601,#602);
#554=AXIS2_PLACEMENT_3D('',#728,#606,#607);
#555=AXIS2_PLACEMENT_3D('',#734,#611,#612);
#556=AXIS2_PLACEMENT_3D('',#740,#616,#617);
#557=AXIS2_PLACEMENT_3D('',#746,#621,#622);
#558=AXIS2_PLACEMENT_3D('',#1311,#627,#628);
#559=AXIS2_PLACEMENT_3D('',#1313,#629,#630);
#560=AXIS2_PLACEMENT_3D('',#1315,#631,#632);
#561=AXIS2_PLACEMENT_3D('',#1876,#635,#636);
#562=AXIS2_PLACEMENT_3D('',#1878,#637,#638);
#563=AXIS2_PLACEMENT_3D('',#1880,#639,#640);
#564=AXIS2_PLACEMENT_3D('',#2441,#643,#644);
#565=AXIS2_PLACEMENT_3D('',#2443,#645,#646);
#566=AXIS2_PLACEMENT_3D('',#2445,#647,#648);
#567=AXIS2_PLACEMENT_3D('',#3006,#651,#652);
#568=AXIS2_PLACEMENT_3D('',#3008,#653,#654);
#569=AXIS2_PLACEMENT_3D('',#3010,#655,#656);
#570=AXIS2_PLACEMENT_3D('',#3571,#659,#660);
#571=AXIS2_PLACEMENT_3D('',#3573,#661,#662);
#572=AXIS2_PLACEMENT_3D('',#3575,#663,#664);
#573=AXIS2_PLACEMENT_3D('',#4136,#667,#668);
#574=AXIS2_PLACEMENT_3D('',#4138,#669,#670);
#575=AXIS2_PLACEMENT_3D('',#4140,#671,#672);
#576=AXIS2_PLACEMENT_3D('',#4701,#675,#676);
#577=AXIS2_PLACEMENT_3D('',#4703,#677,#678);
#578=AXIS2_PLACEMENT_3D('',#4705,#679,#680);
#579=AXIS2_PLACEMENT_3D('',#5266,#683,#684);
#580=AXIS2_PLACEMENT_3D('',#5268,#685,#686);
#581=AXIS2_PLACEMENT_3D('',#5270,#687,#688);
#582=AXIS2_PLACEMENT_3D('',#5831,#691,#692);
#583=AXIS2_PLACEMENT_3D('',#5833,#693,#694);
#584=AXIS2_PLACEMENT_3D('',#5835,#695,#696);
#585=AXIS2_PLACEMENT_3D('',#6396,#699,#700);
#586=AXIS2_PLACEMENT_3D('',#6397,#701,#702);
#587=AXIS2_PLACEMENT_3D('',#6398,#703,#704);
#588=AXIS2_PLACEMENT_3D('',#6399,#705,#706);
#589=AXIS2_PLACEMENT_3D('',#6400,#707,#708);
#590=AXIS2_PLACEMENT_3D('',#6401,#709,#710);
#591=DIRECTION('axis',(0.,0.,1.));
#592=DIRECTION('refdir',(1.,0.,0.));
#593=DIRECTION('axis',(0.,0.,1.));
#594=DIRECTION('refdir',(1.,0.,0.));
#595=DIRECTION('center_axis',(1.,0.,0.));
#596=DIRECTION('ref_axis',(0.,1.,0.));
#597=DIRECTION('',(0.,1.,0.));
#598=DIRECTION('',(0.,0.,1.));
#599=DIRECTION('',(0.,1.,0.));
#600=DIRECTION('',(0.,0.,1.));
#601=DIRECTION('center_axis',(0.5,0.866025403784439,0.));
#602=DIRECTION('ref_axis',(-0.866025403784439,0.5,0.));
#603=DIRECTION('',(-0.866025403784439,0.5,0.));
#604=DIRECTION('',(-0.866025403784439,0.5,0.));
#605=DIRECTION('',(0.,0.,1.));
#606=DIRECTION('center_axis',(-0.5,0.866025403784439,0.));
#607=DIRECTION('ref_axis',(-0.866025403784439,-0.5,0.));
#608=DIRECTION('',(-0.866025403784439,-0.5,0.));
#609=DIRECTION('',(-0.866025403784439,-0.5,0.));
#610=DIRECTION('',(0.,0.,1.));
#611=DIRECTION('center_axis',(-1.,0.,0.));
#612=DIRECTION('ref_axis',(0.,-1.,0.));
#613=DIRECTION('',(0.,-1.,0.));
#614=DIRECTION('',(0.,-1.,0.));
#615=DIRECTION('',(0.,0.,1.));
#616=DIRECTION('center_axis',(-0.5,-0.866025403784439,0.));
#617=DIRECTION('ref_axis',(0.866025403784439,-0.5,0.));
#618=DIRECTION('',(0.866025403784439,-0.5,0.));
#619=DIRECTION('',(0.866025403784439,-0.5,0.));
#620=DIRECTION('',(0.,0.,1.));
#621=DIRECTION('center_axis',(0.5,-0.866025403784439,0.));
#622=DIRECTION('ref_axis',(0.866025403784438,0.5,0.));
#623=DIRECTION('',(0.866025403784438,0.5,0.));
#624=DIRECTION('',(0.866025403784438,0.5,0.));
#625=DIRECTION('',(0.,0.,1.));
#626=DIRECTION('',(0.,0.,1.));
#627=DIRECTION('center_axis',(0.,0.,1.));
#628=DIRECTION('ref_axis',(-0.934787814803165,0.355206617752998,0.));
#629=DIRECTION('center_axis',(0.,0.,1.));
#630=DIRECTION('ref_axis',(-0.934787814803165,0.355206617752998,0.));
#631=DIRECTION('center_axis',(0.,0.,1.));
#632=DIRECTION('ref_axis',(-0.934787814803165,0.355206617752998,0.));
#633=DIRECTION('',(0.,0.,1.));
#634=DIRECTION('',(0.,0.,1.));
#635=DIRECTION('center_axis',(0.,0.,1.));
#636=DIRECTION('ref_axis',(-0.547474016878479,0.836822681840629,0.));
#637=DIRECTION('center_axis',(0.,0.,1.));
#638=DIRECTION('ref_axis',(-0.547474016878479,0.836822681840629,0.));
#639=DIRECTION('center_axis',(0.,0.,1.));
#640=DIRECTION('ref_axis',(-0.547474016878479,0.836822681840629,0.));
#641=DIRECTION('',(0.,0.,1.));
#642=DIRECTION('',(0.,0.,1.));
#643=DIRECTION('center_axis',(0.,0.,1.));
#644=DIRECTION('ref_axis',(0.0489562475354269,0.998800924022024,0.));
#645=DIRECTION('center_axis',(0.,0.,1.));
#646=DIRECTION('ref_axis',(0.0489562475354269,0.998800924022024,0.));
#647=DIRECTION('center_axis',(0.,0.,1.));
#648=DIRECTION('ref_axis',(0.0489562475354269,0.998800924022024,0.));
#649=DIRECTION('',(0.,0.,1.));
#650=DIRECTION('',(0.,0.,1.));
#651=DIRECTION('center_axis',(0.,0.,1.));
#652=DIRECTION('ref_axis',(0.626686889353223,0.779271161222319,0.));
#653=DIRECTION('center_axis',(0.,0.,1.));
#654=DIRECTION('ref_axis',(0.626686889353223,0.779271161222319,0.));
#655=DIRECTION('center_axis',(0.,0.,1.));
#656=DIRECTION('ref_axis',(0.626686889353223,0.779271161222319,0.));
#657=DIRECTION('',(0.,0.,1.));
#658=DIRECTION('',(0.,0.,1.));
#659=DIRECTION('center_axis',(0.,0.,1.));
#660=DIRECTION('ref_axis',(0.965044439742039,0.262086301288286,0.));
#661=DIRECTION('center_axis',(0.,0.,1.));
#662=DIRECTION('ref_axis',(0.965044439742039,0.262086301288286,0.));
#663=DIRECTION('center_axis',(0.,0.,1.));
#664=DIRECTION('ref_axis',(0.965044439742039,0.262086301288286,0.));
#665=DIRECTION('',(0.,0.,1.));
#666=DIRECTION('',(0.,0.,1.));
#667=DIRECTION('center_axis',(0.,0.,1.));
#668=DIRECTION('ref_axis',(0.934787814803168,-0.355206617752988,0.));
#669=DIRECTION('center_axis',(0.,0.,1.));
#670=DIRECTION('ref_axis',(0.934787814803168,-0.355206617752988,0.));
#671=DIRECTION('center_axis',(0.,0.,1.));
#672=DIRECTION('ref_axis',(0.934787814803168,-0.355206617752988,0.));
#673=DIRECTION('',(0.,0.,1.));
#674=DIRECTION('',(0.,0.,1.));
#675=DIRECTION('center_axis',(0.,0.,1.));
#676=DIRECTION('ref_axis',(0.547474016878488,-0.836822681840623,0.));
#677=DIRECTION('center_axis',(0.,0.,1.));
#678=DIRECTION('ref_axis',(0.547474016878488,-0.836822681840623,0.));
#679=DIRECTION('center_axis',(0.,0.,1.));
#680=DIRECTION('ref_axis',(0.547474016878488,-0.836822681840623,0.));
#681=DIRECTION('',(0.,0.,1.));
#682=DIRECTION('',(0.,0.,1.));
#683=DIRECTION('center_axis',(0.,0.,1.));
#684=DIRECTION('ref_axis',(-0.0489562475354208,-0.998800924022025,0.));
#685=DIRECTION('center_axis',(0.,0.,1.));
#686=DIRECTION('ref_axis',(-0.0489562475354208,-0.998800924022025,0.));
#687=DIRECTION('center_axis',(0.,0.,1.));
#688=DIRECTION('ref_axis',(-0.0489562475354208,-0.998800924022025,0.));
#689=DIRECTION('',(0.,0.,1.));
#690=DIRECTION('',(0.,0.,1.));
#691=DIRECTION('center_axis',(0.,0.,1.));
#692=DIRECTION('ref_axis',(-0.626686889353949,-0.779271161221735,0.));
#693=DIRECTION('center_axis',(0.,0.,1.));
#694=DIRECTION('ref_axis',(-0.626686889353949,-0.779271161221735,0.));
#695=DIRECTION('center_axis',(0.,0.,1.));
#696=DIRECTION('ref_axis',(-0.626686889353949,-0.779271161221735,0.));
#697=DIRECTION('',(0.,0.,1.));
#698=DIRECTION('',(0.,0.,1.));
#699=DIRECTION('center_axis',(0.,0.,1.));
#700=DIRECTION('ref_axis',(-0.965044439742283,-0.262086301287386,0.));
#701=DIRECTION('center_axis',(0.,0.,1.));
#702=DIRECTION('ref_axis',(-0.965044439742283,-0.262086301287386,0.));
#703=DIRECTION('center_axis',(0.,0.,1.));
#704=DIRECTION('ref_axis',(-0.965044439742283,-0.262086301287386,0.));
#705=DIRECTION('center_axis',(0.,0.,1.));
#706=DIRECTION('ref_axis',(-1.,0.,0.));
#707=DIRECTION('center_axis',(0.,0.,1.));
#708=DIRECTION('ref_axis',(-1.,0.,0.));
#709=DIRECTION('',(0.,0.,1.));
#710=DIRECTION('',(1.,0.,0.));
#711=CARTESIAN_POINT('',(0.,0.,0.));
#712=CARTESIAN_POINT('',(0.,0.,0.));
#713=CARTESIAN_POINT('Origin',(-0.251,-0.144914917566596,0.25));
#714=CARTESIAN_POINT('',(-0.251,-0.144914917566596,0.25));
#715=CARTESIAN_POINT('',(-0.251,0.144914917566596,0.25));
#716=CARTESIAN_POINT('',(-0.251,-0.144914917566596,0.25));
#717=CARTESIAN_POINT('',(-0.251,0.144914917566596,0.5));
#718=CARTESIAN_POINT('',(-0.251,0.144914917566596,0.25));
#719=CARTESIAN_POINT('',(-0.251,-0.144914917566596,0.5));
#720=CARTESIAN_POINT('',(-0.251,-0.144914917566596,0.5));
#721=CARTESIAN_POINT('',(-0.251,-0.144914917566596,0.25));
#722=CARTESIAN_POINT('Origin',(-8.74191357972564E-17,-0.289829835133192,
0.25));
#723=CARTESIAN_POINT('',(-8.74191357972564E-17,-0.289829835133192,0.25));
#724=CARTESIAN_POINT('',(-8.74191357972564E-17,-0.289829835133192,0.25));
#725=CARTESIAN_POINT('',(-8.74191357972564E-17,-0.289829835133192,0.5));
#726=CARTESIAN_POINT('',(-8.74191357972564E-17,-0.289829835133192,0.5));
#727=CARTESIAN_POINT('',(-8.74191357972564E-17,-0.289829835133192,0.25));
#728=CARTESIAN_POINT('Origin',(0.251,-0.144914917566596,0.25));
#729=CARTESIAN_POINT('',(0.251,-0.144914917566596,0.25));
#730=CARTESIAN_POINT('',(0.251,-0.144914917566596,0.25));
#731=CARTESIAN_POINT('',(0.251,-0.144914917566596,0.5));
#732=CARTESIAN_POINT('',(0.251,-0.144914917566596,0.5));
#733=CARTESIAN_POINT('',(0.251,-0.144914917566596,0.25));
#734=CARTESIAN_POINT('Origin',(0.251,0.144914917566596,0.25));
#735=CARTESIAN_POINT('',(0.251,0.144914917566596,0.25));
#736=CARTESIAN_POINT('',(0.251,0.144914917566596,0.25));
#737=CARTESIAN_POINT('',(0.251,0.144914917566596,0.5));
#738=CARTESIAN_POINT('',(0.251,0.144914917566596,0.5));
#739=CARTESIAN_POINT('',(0.251,0.144914917566596,0.25));
#740=CARTESIAN_POINT('Origin',(-4.37095678986282E-17,0.289829835133192,
0.25));
#741=CARTESIAN_POINT('',(-4.37095678986282E-17,0.289829835133192,0.25));
#742=CARTESIAN_POINT('',(-4.37095678986282E-17,0.289829835133192,0.25));
#743=CARTESIAN_POINT('',(-4.37095678986282E-17,0.289829835133192,0.5));
#744=CARTESIAN_POINT('',(-4.37095678986282E-17,0.289829835133192,0.5));
#745=CARTESIAN_POINT('',(-4.37095678986282E-17,0.289829835133192,0.25));
#746=CARTESIAN_POINT('Origin',(-0.251,0.144914917566596,0.25));
#747=CARTESIAN_POINT('',(-0.251,0.144914917566596,0.25));
#748=CARTESIAN_POINT('',(-0.251,0.144914917566596,0.5));
#749=CARTESIAN_POINT('Ctrl Pts',(-0.57902666384858,0.157251780773883,0.25));
#750=CARTESIAN_POINT('Ctrl Pts',(-0.57902666384858,0.157251780773883,0.5));
#751=CARTESIAN_POINT('Ctrl Pts',(-0.574490315346025,0.151087359470768,0.249999999999998));
#752=CARTESIAN_POINT('Ctrl Pts',(-0.574490315346025,0.151087359470768,0.499999999999998));
#753=CARTESIAN_POINT('Ctrl Pts',(-0.566980236347562,0.141512226625428,0.249999999999998));
#754=CARTESIAN_POINT('Ctrl Pts',(-0.566980236347562,0.141512226625428,0.499999999999998));
#755=CARTESIAN_POINT('Ctrl Pts',(-0.55617674742942,0.129150526011472,0.249999999999998));
#756=CARTESIAN_POINT('Ctrl Pts',(-0.55617674742942,0.129150526011472,0.499999999999998));
#757=CARTESIAN_POINT('Ctrl Pts',(-0.547399971455034,0.119893293510255,0.249999999999998));
#758=CARTESIAN_POINT('Ctrl Pts',(-0.547399971455034,0.119893293510255,0.499999999999998));
#759=CARTESIAN_POINT('Ctrl Pts',(-0.538809610739652,0.111538228065872,0.249999999999998));
#760=CARTESIAN_POINT('Ctrl Pts',(-0.538809610739652,0.111538228065872,0.499999999999998));
#761=CARTESIAN_POINT('Ctrl Pts',(-0.530463478941736,0.104054112501506,0.249999999999998));
#762=CARTESIAN_POINT('Ctrl Pts',(-0.530463478941736,0.104054112501506,0.499999999999998));
#763=CARTESIAN_POINT('Ctrl Pts',(-0.522417130334974,0.0974065572710599,
0.249999999999998));
#764=CARTESIAN_POINT('Ctrl Pts',(-0.522417130334974,0.0974065572710599,
0.499999999999998));
#765=CARTESIAN_POINT('Ctrl Pts',(-0.514723701111181,0.091558089374438,0.249999999999998));
#766=CARTESIAN_POINT('Ctrl Pts',(-0.514723701111181,0.091558089374438,0.499999999999998));
#767=CARTESIAN_POINT('Ctrl Pts',(-0.507433738944754,0.0864685253197711,
0.249999999999998));
#768=CARTESIAN_POINT('Ctrl Pts',(-0.507433738944754,0.0864685253197711,
0.499999999999998));
#769=CARTESIAN_POINT('Ctrl Pts',(-0.500595117692664,0.082094337189713,0.249999999999998));
#770=CARTESIAN_POINT('Ctrl Pts',(-0.500595117692664,0.082094337189713,0.499999999999998));
#771=CARTESIAN_POINT('Ctrl Pts',(-0.494252703204263,0.0783913571154396,
0.249999999999998));
#772=CARTESIAN_POINT('Ctrl Pts',(-0.494252703204263,0.0783913571154396,
0.499999999999998));
#773=CARTESIAN_POINT('Ctrl Pts',(-0.488448854059432,0.0753067660341863,
0.249999999999998));
#774=CARTESIAN_POINT('Ctrl Pts',(-0.488448854059432,0.0753067660341863,
0.499999999999998));
#775=CARTESIAN_POINT('Ctrl Pts',(-0.483221313868377,0.0728050264056268,
0.249999999999998));
#776=CARTESIAN_POINT('Ctrl Pts',(-0.483221313868377,0.0728050264056268,
0.499999999999998));
#777=CARTESIAN_POINT('Ctrl Pts',(-0.47860922898543,0.0707885586819315,0.249999999999998));
#778=CARTESIAN_POINT('Ctrl Pts',(-0.47860922898543,0.0707885586819315,0.499999999999998));
#779=CARTESIAN_POINT('Ctrl Pts',(-0.473732103907072,0.0690068757672095,
0.249999999999998));
#780=CARTESIAN_POINT('Ctrl Pts',(-0.473732103907072,0.0690068757672095,
0.499999999999998));
#781=CARTESIAN_POINT('Ctrl Pts',(-0.467449015993674,0.0663855498540707,
0.249999999999998));
#782=CARTESIAN_POINT('Ctrl Pts',(-0.467449015993674,0.0663855498540707,
0.499999999999998));
#783=CARTESIAN_POINT('Ctrl Pts',(-0.461255943451152,0.0677002662849802,
0.249999999999998));
#784=CARTESIAN_POINT('Ctrl Pts',(-0.461255943451152,0.0677002662849802,
0.499999999999998));
#785=CARTESIAN_POINT('Ctrl Pts',(-0.456480775949013,0.0675968262415266,
0.249999999999998));
#786=CARTESIAN_POINT('Ctrl Pts',(-0.456480775949013,0.0675968262415266,
0.499999999999998));
#787=CARTESIAN_POINT('Ctrl Pts',(-0.453970223145645,0.0675599316478905,
0.249999999999998));
#788=CARTESIAN_POINT('Ctrl Pts',(-0.453970223145645,0.0675599316478905,
0.499999999999998));
#789=CARTESIAN_POINT('Ctrl Pts',(-0.451489397194685,0.0674673933143461,
0.249999999999998));
#790=CARTESIAN_POINT('Ctrl Pts',(-0.451489397194685,0.0674673933143461,
0.499999999999998));
#791=CARTESIAN_POINT('Ctrl Pts',(-0.449036338524909,0.0673389016937617,
0.249999999999998));
#792=CARTESIAN_POINT('Ctrl Pts',(-0.449036338524909,0.0673389016937617,
0.499999999999998));
#793=CARTESIAN_POINT('Ctrl Pts',(-0.446611754625807,0.0671695210582357,
0.249999999999998));
#794=CARTESIAN_POINT('Ctrl Pts',(-0.446611754625807,0.0671695210582357,
0.499999999999998));
#795=CARTESIAN_POINT('Ctrl Pts',(-0.44421562853413,0.066960772826667,0.249999999999998));
#796=CARTESIAN_POINT('Ctrl Pts',(-0.44421562853413,0.066960772826667,0.499999999999998));
#797=CARTESIAN_POINT('Ctrl Pts',(-0.441848113452798,0.0667124359545409,
0.249999999999998));
#798=CARTESIAN_POINT('Ctrl Pts',(-0.441848113452798,0.0667124359545409,
0.499999999999998));
#799=CARTESIAN_POINT('Ctrl Pts',(-0.439509297416426,0.0664247051105627,
0.249999999999998));
#800=CARTESIAN_POINT('Ctrl Pts',(-0.439509297416426,0.0664247051105627,
0.499999999999998));
#801=CARTESIAN_POINT('Ctrl Pts',(-0.437199266209527,0.0660976169212798,
0.249999999999998));
#802=CARTESIAN_POINT('Ctrl Pts',(-0.437199266209527,0.0660976169212798,
0.499999999999998));
#803=CARTESIAN_POINT('Ctrl Pts',(-0.434918087928422,0.0657311964349499,
0.249999999999998));
#804=CARTESIAN_POINT('Ctrl Pts',(-0.434918087928422,0.0657311964349499,
0.499999999999998));
#805=CARTESIAN_POINT('Ctrl Pts',(-0.432665818594072,0.0653254131644456,
0.249999999999998));
#806=CARTESIAN_POINT('Ctrl Pts',(-0.432665818594072,0.0653254131644456,
0.499999999999998));
#807=CARTESIAN_POINT('Ctrl Pts',(-0.430442502664186,0.0648801869515166,
0.249999999999998));
#808=CARTESIAN_POINT('Ctrl Pts',(-0.430442502664186,0.0648801869515166,
0.499999999999998));
#809=CARTESIAN_POINT('Ctrl Pts',(-0.428248175435673,0.0643953802326422,
0.249999999999998));
#810=CARTESIAN_POINT('Ctrl Pts',(-0.428248175435673,0.0643953802326422,
0.499999999999998));
#811=CARTESIAN_POINT('Ctrl Pts',(-0.426082865596829,0.0638707934357673,
0.249999999999998));
#812=CARTESIAN_POINT('Ctrl Pts',(-0.426082865596829,0.0638707934357673,
0.499999999999998));
#813=CARTESIAN_POINT('Ctrl Pts',(-0.423946598511545,0.0633061590858453,
0.249999999999998));
#814=CARTESIAN_POINT('Ctrl Pts',(-0.423946598511545,0.0633061590858453,
0.499999999999998));
#815=CARTESIAN_POINT('Ctrl Pts',(-0.421839400224428,0.06270113579441,0.249999999999998));
#816=CARTESIAN_POINT('Ctrl Pts',(-0.421839400224428,0.06270113579441,0.499999999999998));
#817=CARTESIAN_POINT('Ctrl Pts',(-0.419761302355101,0.0620553018453514,
0.249999999999998));
#818=CARTESIAN_POINT('Ctrl Pts',(-0.419761302355101,0.0620553018453514,
0.499999999999998));
#819=CARTESIAN_POINT('Ctrl Pts',(-0.417712348027561,0.0613681484968859,
0.249999999999998));
#820=CARTESIAN_POINT('Ctrl Pts',(-0.417712348027561,0.0613681484968859,
0.499999999999998));
#821=CARTESIAN_POINT('Ctrl Pts',(-0.415692599013723,0.0606390730398272,
0.249999999999998));
#822=CARTESIAN_POINT('Ctrl Pts',(-0.415692599013723,0.0606390730398272,
0.499999999999998));
#823=CARTESIAN_POINT('Ctrl Pts',(-0.413702144290654,0.0598673717098655,
0.249999999999998));
#824=CARTESIAN_POINT('Ctrl Pts',(-0.413702144290654,0.0598673717098655,
0.499999999999998));
#825=CARTESIAN_POINT('Ctrl Pts',(-0.411741110235765,0.0590522325832481,
0.249999999999998));
#826=CARTESIAN_POINT('Ctrl Pts',(-0.411741110235765,0.0590522325832481,
0.499999999999998));
#827=CARTESIAN_POINT('Ctrl Pts',(-0.409809672707619,0.0581927286365523,
0.249999999999998));
#828=CARTESIAN_POINT('Ctrl Pts',(-0.409809672707619,0.0581927286365523,
0.499999999999998));
#829=CARTESIAN_POINT('Ctrl Pts',(-0.407908071281289,0.0572878112126056,
0.249999999999998));
#830=CARTESIAN_POINT('Ctrl Pts',(-0.407908071281289,0.0572878112126056,
0.499999999999998));
#831=CARTESIAN_POINT('Ctrl Pts',(-0.406036625923846,0.0563363042112799,
0.249999999999998));
#832=CARTESIAN_POINT('Ctrl Pts',(-0.406036625923846,0.0563363042112799,
0.499999999999998));
#833=CARTESIAN_POINT('Ctrl Pts',(-0.404195756403718,0.0553368994171931,
0.249999999999998));
#834=CARTESIAN_POINT('Ctrl Pts',(-0.404195756403718,0.0553368994171931,
0.499999999999998));
#835=CARTESIAN_POINT('Ctrl Pts',(-0.402386004722762,0.0542881534883694,
0.249999999999998));
#836=CARTESIAN_POINT('Ctrl Pts',(-0.402386004722762,0.0542881534883694,
0.499999999999998));
#837=CARTESIAN_POINT('Ctrl Pts',(-0.400608060835264,0.053188487261822,0.249999999999998));
#838=CARTESIAN_POINT('Ctrl Pts',(-0.400608060835264,0.053188487261822,0.499999999999998));
#839=CARTESIAN_POINT('Ctrl Pts',(-0.398862791865432,0.0520361881838095,
0.249999999999998));
#840=CARTESIAN_POINT('Ctrl Pts',(-0.398862791865432,0.0520361881838095,
0.499999999999998));
#841=CARTESIAN_POINT('Ctrl Pts',(-0.397151274943864,0.0508294168421385,
0.249999999999998));
#842=CARTESIAN_POINT('Ctrl Pts',(-0.397151274943864,0.0508294168421385,
0.499999999999998));
#843=CARTESIAN_POINT('Ctrl Pts',(-0.395474833641345,0.0495662187601338,
0.249999999999998));
#844=CARTESIAN_POINT('Ctrl Pts',(-0.395474833641345,0.0495662187601338,
0.499999999999998));
#845=CARTESIAN_POINT('Ctrl Pts',(-0.393835077770832,0.0482445427970477,
0.249999999999998));
#846=CARTESIAN_POINT('Ctrl Pts',(-0.393835077770832,0.0482445427970477,
0.499999999999998));
#847=CARTESIAN_POINT('Ctrl Pts',(-0.392233946040237,0.0468622676717016,
0.249999999999998));
#848=CARTESIAN_POINT('Ctrl Pts',(-0.392233946040237,0.0468622676717016,
0.499999999999998));
#849=CARTESIAN_POINT('Ctrl Pts',(-0.390673750654799,0.0454172382609715,
0.249999999999998));
#850=CARTESIAN_POINT('Ctrl Pts',(-0.390673750654799,0.0454172382609715,
0.499999999999998));
#851=CARTESIAN_POINT('Ctrl Pts',(-0.389157222477198,0.0439073133882763,
0.249999999999998));
#852=CARTESIAN_POINT('Ctrl Pts',(-0.389157222477198,0.0439073133882763,
0.499999999999998));
#853=CARTESIAN_POINT('Ctrl Pts',(-0.387687554751958,0.0423304267644127,
0.249999999999998));
#854=CARTESIAN_POINT('Ctrl Pts',(-0.387687554751958,0.0423304267644127,
0.499999999999998));
#855=CARTESIAN_POINT('Ctrl Pts',(-0.386268442697964,0.0406846625177303,
0.249999999999998));
#856=CARTESIAN_POINT('Ctrl Pts',(-0.386268442697964,0.0406846625177303,
0.499999999999998));
#857=CARTESIAN_POINT('Ctrl Pts',(-0.384904115497587,0.0389683462882073,
0.249999999999998));
#858=CARTESIAN_POINT('Ctrl Pts',(-0.384904115497587,0.0389683462882073,
0.499999999999998));
#859=CARTESIAN_POINT('Ctrl Pts',(-0.383599356426261,0.0371801520934474,
0.249999999999998));
#860=CARTESIAN_POINT('Ctrl Pts',(-0.383599356426261,0.0371801520934474,
0.499999999999998));
#861=CARTESIAN_POINT('Ctrl Pts',(-0.382359506149408,0.0353192240469545,
0.249999999999998));
#862=CARTESIAN_POINT('Ctrl Pts',(-0.382359506149408,0.0353192240469545,
0.499999999999998));
#863=CARTESIAN_POINT('Ctrl Pts',(-0.381190443766256,0.0333853104861474,
0.249999999999998));
#864=CARTESIAN_POINT('Ctrl Pts',(-0.381190443766256,0.0333853104861474,
0.499999999999998));
#865=CARTESIAN_POINT('Ctrl Pts',(-0.380098539922759,0.0313789061777906,
0.249999999999998));
#866=CARTESIAN_POINT('Ctrl Pts',(-0.380098539922759,0.0313789061777906,
0.499999999999998));
#867=CARTESIAN_POINT('Ctrl Pts',(-0.379090577402792,0.0293013960656628,
0.249999999999998));
#868=CARTESIAN_POINT('Ctrl Pts',(-0.379090577402792,0.0293013960656628,
0.499999999999998));
#869=CARTESIAN_POINT('Ctrl Pts',(-0.37817363359874,0.0271551918508647,0.249999999999998));
#870=CARTESIAN_POINT('Ctrl Pts',(-0.37817363359874,0.0271551918508647,0.499999999999998));
#871=CARTESIAN_POINT('Ctrl Pts',(-0.377354930066298,0.024943850284419,0.249999999999998));
#872=CARTESIAN_POINT('Ctrl Pts',(-0.377354930066298,0.024943850284419,0.499999999999998));
#873=CARTESIAN_POINT('Ctrl Pts',(-0.37664162481635,0.0226721619554584,0.249999999999998));
#874=CARTESIAN_POINT('Ctrl Pts',(-0.37664162481635,0.0226721619554584,0.499999999999998));
#875=CARTESIAN_POINT('Ctrl Pts',(-0.37604065069827,0.020346193884831,0.249999999999998));
#876=CARTESIAN_POINT('Ctrl Pts',(-0.37604065069827,0.020346193884831,0.499999999999998));
#877=CARTESIAN_POINT('Ctrl Pts',(-0.375558239279634,0.017973289635691,0.249999999999998));
#878=CARTESIAN_POINT('Ctrl Pts',(-0.375558239279634,0.017973289635691,0.499999999999998));
#879=CARTESIAN_POINT('Ctrl Pts',(-0.375200543274058,0.0155619606496517,
0.249999999999998));
#880=CARTESIAN_POINT('Ctrl Pts',(-0.375200543274058,0.0155619606496517,
0.499999999999998));
#881=CARTESIAN_POINT('Ctrl Pts',(-0.374970099604307,0.0131218820587419,
0.249999999999998));
#882=CARTESIAN_POINT('Ctrl Pts',(-0.374970099604307,0.0131218820587419,
0.499999999999998));
#883=CARTESIAN_POINT('Ctrl Pts',(-0.37488834484474,0.0109392467284518,0.249999999999998));
#884=CARTESIAN_POINT('Ctrl Pts',(-0.37488834484474,0.0109392467284518,0.499999999999998));
#885=CARTESIAN_POINT('Ctrl Pts',(-0.374889243864818,0.00656372248175636,
0.249999999999998));
#886=CARTESIAN_POINT('Ctrl Pts',(-0.374889243864818,0.00656372248175636,
0.499999999999998));
#887=CARTESIAN_POINT('Ctrl Pts',(-0.375093747909365,-1.32291968771755E-16,
0.249999999999998));
#888=CARTESIAN_POINT('Ctrl Pts',(-0.375093747909365,-1.32291968771755E-16,
0.499999999999998));
#889=CARTESIAN_POINT('Ctrl Pts',(-0.374889243864819,-0.00656372248175633,
0.249999999999998));
#890=CARTESIAN_POINT('Ctrl Pts',(-0.374889243864819,-0.00656372248175633,
0.499999999999998));
#891=CARTESIAN_POINT('Ctrl Pts',(-0.37488834484474,-0.0109392467284519,
0.249999999999998));
#892=CARTESIAN_POINT('Ctrl Pts',(-0.37488834484474,-0.0109392467284519,
0.499999999999998));
#893=CARTESIAN_POINT('Ctrl Pts',(-0.374970099604307,-0.0131218820587419,
0.249999999999998));
#894=CARTESIAN_POINT('Ctrl Pts',(-0.374970099604307,-0.0131218820587419,
0.499999999999998));
#895=CARTESIAN_POINT('Ctrl Pts',(-0.375200543274058,-0.0155619606496518,
0.249999999999998));
#896=CARTESIAN_POINT('Ctrl Pts',(-0.375200543274058,-0.0155619606496518,
0.499999999999998));
#897=CARTESIAN_POINT('Ctrl Pts',(-0.375558239279634,-0.0179732896356911,
0.249999999999998));
#898=CARTESIAN_POINT('Ctrl Pts',(-0.375558239279634,-0.0179732896356911,
0.499999999999998));
#899=CARTESIAN_POINT('Ctrl Pts',(-0.37604065069827,-0.0203461938848311,
0.249999999999998));
#900=CARTESIAN_POINT('Ctrl Pts',(-0.37604065069827,-0.0203461938848311,
0.499999999999998));
#901=CARTESIAN_POINT('Ctrl Pts',(-0.376641624816351,-0.0226721619554584,
0.249999999999998));
#902=CARTESIAN_POINT('Ctrl Pts',(-0.376641624816351,-0.0226721619554584,
0.499999999999998));
#903=CARTESIAN_POINT('Ctrl Pts',(-0.377354930066298,-0.0249438502844191,
0.249999999999998));
#904=CARTESIAN_POINT('Ctrl Pts',(-0.377354930066298,-0.0249438502844191,
0.499999999999998));
#905=CARTESIAN_POINT('Ctrl Pts',(-0.37817363359874,-0.0271551918508647,
0.249999999999998));
#906=CARTESIAN_POINT('Ctrl Pts',(-0.37817363359874,-0.0271551918508647,
0.499999999999998));
#907=CARTESIAN_POINT('Ctrl Pts',(-0.379090577402792,-0.0293013960656629,
0.249999999999998));
#908=CARTESIAN_POINT('Ctrl Pts',(-0.379090577402792,-0.0293013960656629,
0.499999999999998));
#909=CARTESIAN_POINT('Ctrl Pts',(-0.380098539922759,-0.0313789061777906,
0.249999999999998));
#910=CARTESIAN_POINT('Ctrl Pts',(-0.380098539922759,-0.0313789061777906,
0.499999999999998));
#911=CARTESIAN_POINT('Ctrl Pts',(-0.381190443766256,-0.0333853104861474,
0.249999999999998));
#912=CARTESIAN_POINT('Ctrl Pts',(-0.381190443766256,-0.0333853104861474,
0.499999999999998));
#913=CARTESIAN_POINT('Ctrl Pts',(-0.382359506149408,-0.0353192240469546,
0.249999999999998));
#914=CARTESIAN_POINT('Ctrl Pts',(-0.382359506149408,-0.0353192240469546,
0.499999999999998));
#915=CARTESIAN_POINT('Ctrl Pts',(-0.383599356426261,-0.0371801520934475,
0.249999999999998));
#916=CARTESIAN_POINT('Ctrl Pts',(-0.383599356426261,-0.0371801520934475,
0.499999999999998));
#917=CARTESIAN_POINT('Ctrl Pts',(-0.384904115497587,-0.0389683462882074,
0.249999999999998));
#918=CARTESIAN_POINT('Ctrl Pts',(-0.384904115497587,-0.0389683462882074,
0.499999999999998));
#919=CARTESIAN_POINT('Ctrl Pts',(-0.386268442697964,-0.0406846625177303,
0.249999999999998));
#920=CARTESIAN_POINT('Ctrl Pts',(-0.386268442697964,-0.0406846625177303,
0.499999999999998));
#921=CARTESIAN_POINT('Ctrl Pts',(-0.387687554751958,-0.0423304267644128,
0.249999999999998));
#922=CARTESIAN_POINT('Ctrl Pts',(-0.387687554751958,-0.0423304267644128,
0.499999999999998));
#923=CARTESIAN_POINT('Ctrl Pts',(-0.389157222477198,-0.0439073133882764,
0.249999999999998));
#924=CARTESIAN_POINT('Ctrl Pts',(-0.389157222477198,-0.0439073133882764,
0.499999999999998));
#925=CARTESIAN_POINT('Ctrl Pts',(-0.390673750654799,-0.0454172382609716,
0.249999999999998));
#926=CARTESIAN_POINT('Ctrl Pts',(-0.390673750654799,-0.0454172382609716,
0.499999999999998));
#927=CARTESIAN_POINT('Ctrl Pts',(-0.392233946040237,-0.0468622676717016,
0.249999999999998));
#928=CARTESIAN_POINT('Ctrl Pts',(-0.392233946040237,-0.0468622676717016,
0.499999999999998));
#929=CARTESIAN_POINT('Ctrl Pts',(-0.393835077770832,-0.0482445427970478,
0.249999999999998));
#930=CARTESIAN_POINT('Ctrl Pts',(-0.393835077770832,-0.0482445427970478,
0.499999999999998));
#931=CARTESIAN_POINT('Ctrl Pts',(-0.395474833641345,-0.0495662187601339,
0.249999999999998));
#932=CARTESIAN_POINT('Ctrl Pts',(-0.395474833641345,-0.0495662187601339,
0.499999999999998));
#933=CARTESIAN_POINT('Ctrl Pts',(-0.397151274943864,-0.0508294168421386,
0.249999999999998));
#934=CARTESIAN_POINT('Ctrl Pts',(-0.397151274943864,-0.0508294168421386,
0.499999999999998));
#935=CARTESIAN_POINT('Ctrl Pts',(-0.398862791865432,-0.0520361881838096,
0.249999999999998));
#936=CARTESIAN_POINT('Ctrl Pts',(-0.398862791865432,-0.0520361881838096,
0.499999999999998));
#937=CARTESIAN_POINT('Ctrl Pts',(-0.400608060835264,-0.0531884872618221,
0.249999999999998));
#938=CARTESIAN_POINT('Ctrl Pts',(-0.400608060835264,-0.0531884872618221,
0.499999999999998));
#939=CARTESIAN_POINT('Ctrl Pts',(-0.402386004722762,-0.0542881534883695,
0.249999999999998));
#940=CARTESIAN_POINT('Ctrl Pts',(-0.402386004722762,-0.0542881534883695,
0.499999999999998));
#941=CARTESIAN_POINT('Ctrl Pts',(-0.404195756403718,-0.0553368994171932,
0.249999999999998));
#942=CARTESIAN_POINT('Ctrl Pts',(-0.404195756403718,-0.0553368994171932,
0.499999999999998));
#943=CARTESIAN_POINT('Ctrl Pts',(-0.406036625923846,-0.05633630421128,0.249999999999998));
#944=CARTESIAN_POINT('Ctrl Pts',(-0.406036625923846,-0.05633630421128,0.499999999999998));
#945=CARTESIAN_POINT('Ctrl Pts',(-0.407908071281289,-0.0572878112126057,
0.249999999999998));
#946=CARTESIAN_POINT('Ctrl Pts',(-0.407908071281289,-0.0572878112126057,
0.499999999999998));
#947=CARTESIAN_POINT('Ctrl Pts',(-0.409809672707618,-0.0581927286365524,
0.249999999999998));
#948=CARTESIAN_POINT('Ctrl Pts',(-0.409809672707618,-0.0581927286365524,
0.499999999999998));
#949=CARTESIAN_POINT('Ctrl Pts',(-0.411741110235765,-0.0590522325832482,
0.249999999999998));
#950=CARTESIAN_POINT('Ctrl Pts',(-0.411741110235765,-0.0590522325832482,
0.499999999999998));
#951=CARTESIAN_POINT('Ctrl Pts',(-0.413702144290653,-0.0598673717098656,
0.249999999999998));
#952=CARTESIAN_POINT('Ctrl Pts',(-0.413702144290653,-0.0598673717098656,
0.499999999999998));
#953=CARTESIAN_POINT('Ctrl Pts',(-0.415692599013724,-0.0606390730398273,
0.249999999999998));
#954=CARTESIAN_POINT('Ctrl Pts',(-0.415692599013724,-0.0606390730398273,
0.499999999999998));
#955=CARTESIAN_POINT('Ctrl Pts',(-0.41771234802756,-0.061368148496886,0.249999999999998));
#956=CARTESIAN_POINT('Ctrl Pts',(-0.41771234802756,-0.061368148496886,0.499999999999998));
#957=CARTESIAN_POINT('Ctrl Pts',(-0.419761302355101,-0.0620553018453515,
0.249999999999998));
#958=CARTESIAN_POINT('Ctrl Pts',(-0.419761302355101,-0.0620553018453515,
0.499999999999998));
#959=CARTESIAN_POINT('Ctrl Pts',(-0.421839400224428,-0.0627011357944101,
0.249999999999998));
#960=CARTESIAN_POINT('Ctrl Pts',(-0.421839400224428,-0.0627011357944101,
0.499999999999998));
#961=CARTESIAN_POINT('Ctrl Pts',(-0.423946598511545,-0.0633061590858453,
0.249999999999998));
#962=CARTESIAN_POINT('Ctrl Pts',(-0.423946598511545,-0.0633061590858453,
0.499999999999998));
#963=CARTESIAN_POINT('Ctrl Pts',(-0.426082865596829,-0.0638707934357675,
0.249999999999998));
#964=CARTESIAN_POINT('Ctrl Pts',(-0.426082865596829,-0.0638707934357675,
0.499999999999998));
#965=CARTESIAN_POINT('Ctrl Pts',(-0.428248175435673,-0.0643953802326423,
0.249999999999998));
#966=CARTESIAN_POINT('Ctrl Pts',(-0.428248175435673,-0.0643953802326423,
0.499999999999998));
#967=CARTESIAN_POINT('Ctrl Pts',(-0.430442502664186,-0.0648801869515167,
0.249999999999998));
#968=CARTESIAN_POINT('Ctrl Pts',(-0.430442502664186,-0.0648801869515167,
0.499999999999998));
#969=CARTESIAN_POINT('Ctrl Pts',(-0.432665818594072,-0.0653254131644457,
0.249999999999998));
#970=CARTESIAN_POINT('Ctrl Pts',(-0.432665818594072,-0.0653254131644457,
0.499999999999998));
#971=CARTESIAN_POINT('Ctrl Pts',(-0.434918087928422,-0.06573119643495,0.249999999999998));
#972=CARTESIAN_POINT('Ctrl Pts',(-0.434918087928422,-0.06573119643495,0.499999999999998));
#973=CARTESIAN_POINT('Ctrl Pts',(-0.437199266209527,-0.06609761692128,0.249999999999998));
#974=CARTESIAN_POINT('Ctrl Pts',(-0.437199266209527,-0.06609761692128,0.499999999999998));
#975=CARTESIAN_POINT('Ctrl Pts',(-0.439509297416426,-0.0664247051105628,
0.249999999999998));
#976=CARTESIAN_POINT('Ctrl Pts',(-0.439509297416426,-0.0664247051105628,
0.499999999999998));
#977=CARTESIAN_POINT('Ctrl Pts',(-0.441848113452798,-0.066712435954541,
0.249999999999998));
#978=CARTESIAN_POINT('Ctrl Pts',(-0.441848113452798,-0.066712435954541,
0.499999999999998));
#979=CARTESIAN_POINT('Ctrl Pts',(-0.44421562853413,-0.0669607728266671,
0.249999999999998));
#980=CARTESIAN_POINT('Ctrl Pts',(-0.44421562853413,-0.0669607728266671,
0.499999999999998));
#981=CARTESIAN_POINT('Ctrl Pts',(-0.446611754625807,-0.0671695210582358,
0.249999999999998));
#982=CARTESIAN_POINT('Ctrl Pts',(-0.446611754625807,-0.0671695210582358,
0.499999999999998));
#983=CARTESIAN_POINT('Ctrl Pts',(-0.449036338524909,-0.0673389016937618,
0.249999999999998));
#984=CARTESIAN_POINT('Ctrl Pts',(-0.449036338524909,-0.0673389016937618,
0.499999999999998));
#985=CARTESIAN_POINT('Ctrl Pts',(-0.451489397194684,-0.0674673933143462,
0.249999999999998));
#986=CARTESIAN_POINT('Ctrl Pts',(-0.451489397194684,-0.0674673933143462,
0.499999999999998));
#987=CARTESIAN_POINT('Ctrl Pts',(-0.453970223145645,-0.0675599316478907,
0.249999999999998));
#988=CARTESIAN_POINT('Ctrl Pts',(-0.453970223145645,-0.0675599316478907,
0.499999999999998));
#989=CARTESIAN_POINT('Ctrl Pts',(-0.456480775949013,-0.0675968262415267,
0.249999999999998));
#990=CARTESIAN_POINT('Ctrl Pts',(-0.456480775949013,-0.0675968262415267,
0.499999999999998));
#991=CARTESIAN_POINT('Ctrl Pts',(-0.461255943451152,-0.0677002662849803,
0.249999999999998));
#992=CARTESIAN_POINT('Ctrl Pts',(-0.461255943451152,-0.0677002662849803,
0.499999999999998));
#993=CARTESIAN_POINT('Ctrl Pts',(-0.467449015993675,-0.0663855498540708,
0.249999999999998));
#994=CARTESIAN_POINT('Ctrl Pts',(-0.467449015993675,-0.0663855498540708,
0.499999999999998));
#995=CARTESIAN_POINT('Ctrl Pts',(-0.473732103907072,-0.0690068757672096,
0.249999999999998));
#996=CARTESIAN_POINT('Ctrl Pts',(-0.473732103907072,-0.0690068757672096,
0.499999999999998));
#997=CARTESIAN_POINT('Ctrl Pts',(-0.47860922898543,-0.0707885586819316,
0.249999999999998));
#998=CARTESIAN_POINT('Ctrl Pts',(-0.47860922898543,-0.0707885586819316,
0.499999999999998));
#999=CARTESIAN_POINT('Ctrl Pts',(-0.483221313868377,-0.072805026405627,
0.249999999999998));
#1000=CARTESIAN_POINT('Ctrl Pts',(-0.483221313868377,-0.072805026405627,
0.499999999999998));
#1001=CARTESIAN_POINT('Ctrl Pts',(-0.488448854059432,-0.0753067660341864,
0.249999999999998));
#1002=CARTESIAN_POINT('Ctrl Pts',(-0.488448854059432,-0.0753067660341864,
0.499999999999998));
#1003=CARTESIAN_POINT('Ctrl Pts',(-0.494252703204263,-0.0783913571154397,
0.249999999999998));
#1004=CARTESIAN_POINT('Ctrl Pts',(-0.494252703204263,-0.0783913571154397,
0.499999999999998));
#1005=CARTESIAN_POINT('Ctrl Pts',(-0.500595117692664,-0.0820943371897131,
0.249999999999998));
#1006=CARTESIAN_POINT('Ctrl Pts',(-0.500595117692664,-0.0820943371897131,
0.499999999999998));
#1007=CARTESIAN_POINT('Ctrl Pts',(-0.507433738944754,-0.0864685253197712,
0.249999999999998));
#1008=CARTESIAN_POINT('Ctrl Pts',(-0.507433738944754,-0.0864685253197712,
0.499999999999998));
#1009=CARTESIAN_POINT('Ctrl Pts',(-0.514723701111181,-0.0915580893744381,
0.249999999999998));
#1010=CARTESIAN_POINT('Ctrl Pts',(-0.514723701111181,-0.0915580893744381,
0.499999999999998));
#1011=CARTESIAN_POINT('Ctrl Pts',(-0.522417130334974,-0.09740655727106,
0.249999999999998));
#1012=CARTESIAN_POINT('Ctrl Pts',(-0.522417130334974,-0.09740655727106,
0.499999999999998));
#1013=CARTESIAN_POINT('Ctrl Pts',(-0.530463478941736,-0.104054112501506,
0.249999999999998));
#1014=CARTESIAN_POINT('Ctrl Pts',(-0.530463478941736,-0.104054112501506,
0.499999999999998));
#1015=CARTESIAN_POINT('Ctrl Pts',(-0.538809610739652,-0.111538228065872,
0.249999999999998));
#1016=CARTESIAN_POINT('Ctrl Pts',(-0.538809610739652,-0.111538228065872,
0.499999999999998));
#1017=CARTESIAN_POINT('Ctrl Pts',(-0.547399971455033,-0.119893293510255,
0.249999999999998));
#1018=CARTESIAN_POINT('Ctrl Pts',(-0.547399971455033,-0.119893293510255,
0.499999999999998));
#1019=CARTESIAN_POINT('Ctrl Pts',(-0.556176747429419,-0.129150526011472,
0.249999999999998));
#1020=CARTESIAN_POINT('Ctrl Pts',(-0.556176747429419,-0.129150526011472,
0.499999999999998));
#1021=CARTESIAN_POINT('Ctrl Pts',(-0.566980236347559,-0.141512226625425,
0.249999999999998));
#1022=CARTESIAN_POINT('Ctrl Pts',(-0.566980236347559,-0.141512226625425,
0.499999999999998));
#1023=CARTESIAN_POINT('Ctrl Pts',(-0.57449031534602,-0.151087359470761,
0.249999999999998));
#1024=CARTESIAN_POINT('Ctrl Pts',(-0.57449031534602,-0.151087359470761,
0.499999999999998));
#1025=CARTESIAN_POINT('Ctrl Pts',(-0.579026663848047,-0.157251780773159,
0.25));
#1026=CARTESIAN_POINT('Ctrl Pts',(-0.579026663848047,-0.157251780773159,
0.5));
#1027=CARTESIAN_POINT('',(-0.579026663848047,-0.157251780773159,0.25));
#1028=CARTESIAN_POINT('',(-0.579026663847901,0.157251780773699,0.25));
#1029=CARTESIAN_POINT('Ctrl Pts',(-0.579026663848047,-0.157251780773159,
0.25));
#1030=CARTESIAN_POINT('Ctrl Pts',(-0.57449031534602,-0.151087359470761,
0.249999999999998));
#1031=CARTESIAN_POINT('Ctrl Pts',(-0.566980236347559,-0.141512226625425,
0.249999999999998));
#1032=CARTESIAN_POINT('Ctrl Pts',(-0.556176747429419,-0.129150526011472,
0.249999999999998));
#1033=CARTESIAN_POINT('Ctrl Pts',(-0.547399971455033,-0.119893293510255,
0.249999999999998));
#1034=CARTESIAN_POINT('Ctrl Pts',(-0.538809610739652,-0.111538228065872,
0.249999999999998));
#1035=CARTESIAN_POINT('Ctrl Pts',(-0.530463478941736,-0.104054112501506,
0.249999999999998));
#1036=CARTESIAN_POINT('Ctrl Pts',(-0.522417130334974,-0.09740655727106,
0.249999999999998));
#1037=CARTESIAN_POINT('Ctrl Pts',(-0.514723701111181,-0.0915580893744381,
0.249999999999998));
#1038=CARTESIAN_POINT('Ctrl Pts',(-0.507433738944754,-0.0864685253197712,
0.249999999999998));
#1039=CARTESIAN_POINT('Ctrl Pts',(-0.500595117692664,-0.0820943371897131,
0.249999999999998));
#1040=CARTESIAN_POINT('Ctrl Pts',(-0.494252703204263,-0.0783913571154397,
0.249999999999998));
#1041=CARTESIAN_POINT('Ctrl Pts',(-0.488448854059432,-0.0753067660341864,
0.249999999999998));
#1042=CARTESIAN_POINT('Ctrl Pts',(-0.483221313868377,-0.072805026405627,
0.249999999999998));
#1043=CARTESIAN_POINT('Ctrl Pts',(-0.47860922898543,-0.0707885586819316,
0.249999999999998));
#1044=CARTESIAN_POINT('Ctrl Pts',(-0.473732103907072,-0.0690068757672096,
0.249999999999998));
#1045=CARTESIAN_POINT('Ctrl Pts',(-0.467449015993675,-0.0663855498540708,
0.249999999999998));
#1046=CARTESIAN_POINT('Ctrl Pts',(-0.461255943451152,-0.0677002662849803,
0.249999999999998));
#1047=CARTESIAN_POINT('Ctrl Pts',(-0.456480775949013,-0.0675968262415267,
0.249999999999998));
#1048=CARTESIAN_POINT('Ctrl Pts',(-0.453970223145645,-0.0675599316478907,
0.249999999999998));
#1049=CARTESIAN_POINT('Ctrl Pts',(-0.451489397194684,-0.0674673933143462,
0.249999999999998));
#1050=CARTESIAN_POINT('Ctrl Pts',(-0.449036338524909,-0.0673389016937618,
0.249999999999998));
#1051=CARTESIAN_POINT('Ctrl Pts',(-0.446611754625807,-0.0671695210582358,
0.249999999999998));
#1052=CARTESIAN_POINT('Ctrl Pts',(-0.44421562853413,-0.0669607728266671,
0.249999999999998));
#1053=CARTESIAN_POINT('Ctrl Pts',(-0.441848113452798,-0.066712435954541,
0.249999999999998));
#1054=CARTESIAN_POINT('Ctrl Pts',(-0.439509297416426,-0.0664247051105628,
0.249999999999998));
#1055=CARTESIAN_POINT('Ctrl Pts',(-0.437199266209527,-0.06609761692128,
0.249999999999998));
#1056=CARTESIAN_POINT('Ctrl Pts',(-0.434918087928422,-0.06573119643495,
0.249999999999998));
#1057=CARTESIAN_POINT('Ctrl Pts',(-0.432665818594072,-0.0653254131644457,
0.249999999999998));
#1058=CARTESIAN_POINT('Ctrl Pts',(-0.430442502664186,-0.0648801869515167,
0.249999999999998));
#1059=CARTESIAN_POINT('Ctrl Pts',(-0.428248175435673,-0.0643953802326423,
0.249999999999998));
#1060=CARTESIAN_POINT('Ctrl Pts',(-0.426082865596829,-0.0638707934357675,
0.249999999999998));
#1061=CARTESIAN_POINT('Ctrl Pts',(-0.423946598511545,-0.0633061590858453,
0.249999999999998));
#1062=CARTESIAN_POINT('Ctrl Pts',(-0.421839400224428,-0.0627011357944101,
0.249999999999998));
#1063=CARTESIAN_POINT('Ctrl Pts',(-0.419761302355101,-0.0620553018453515,
0.249999999999998));
#1064=CARTESIAN_POINT('Ctrl Pts',(-0.41771234802756,-0.061368148496886,
0.249999999999998));
#1065=CARTESIAN_POINT('Ctrl Pts',(-0.415692599013724,-0.0606390730398273,
0.249999999999998));
#1066=CARTESIAN_POINT('Ctrl Pts',(-0.413702144290653,-0.0598673717098656,
0.249999999999998));
#1067=CARTESIAN_POINT('Ctrl Pts',(-0.411741110235765,-0.0590522325832482,
0.249999999999998));
#1068=CARTESIAN_POINT('Ctrl Pts',(-0.409809672707618,-0.0581927286365524,
0.249999999999998));
#1069=CARTESIAN_POINT('Ctrl Pts',(-0.407908071281289,-0.0572878112126057,
0.249999999999998));
#1070=CARTESIAN_POINT('Ctrl Pts',(-0.406036625923846,-0.05633630421128,
0.249999999999998));
#1071=CARTESIAN_POINT('Ctrl Pts',(-0.404195756403718,-0.0553368994171932,
0.249999999999998));
#1072=CARTESIAN_POINT('Ctrl Pts',(-0.402386004722762,-0.0542881534883695,
0.249999999999998));
#1073=CARTESIAN_POINT('Ctrl Pts',(-0.400608060835264,-0.0531884872618221,
0.249999999999998));
#1074=CARTESIAN_POINT('Ctrl Pts',(-0.398862791865432,-0.0520361881838096,
0.249999999999998));
#1075=CARTESIAN_POINT('Ctrl Pts',(-0.397151274943864,-0.0508294168421386,
0.249999999999998));
#1076=CARTESIAN_POINT('Ctrl Pts',(-0.395474833641345,-0.0495662187601339,
0.249999999999998));
#1077=CARTESIAN_POINT('Ctrl Pts',(-0.393835077770832,-0.0482445427970478,
0.249999999999998));
#1078=CARTESIAN_POINT('Ctrl Pts',(-0.392233946040237,-0.0468622676717016,
0.249999999999998));
#1079=CARTESIAN_POINT('Ctrl Pts',(-0.390673750654799,-0.0454172382609716,
0.249999999999998));
#1080=CARTESIAN_POINT('Ctrl Pts',(-0.389157222477198,-0.0439073133882764,
0.249999999999998));
#1081=CARTESIAN_POINT('Ctrl Pts',(-0.387687554751958,-0.0423304267644128,
0.249999999999998));
#1082=CARTESIAN_POINT('Ctrl Pts',(-0.386268442697964,-0.0406846625177303,
0.249999999999998));
#1083=CARTESIAN_POINT('Ctrl Pts',(-0.384904115497587,-0.0389683462882074,
0.249999999999998));
#1084=CARTESIAN_POINT('Ctrl Pts',(-0.383599356426261,-0.0371801520934475,
0.249999999999998));
#1085=CARTESIAN_POINT('Ctrl Pts',(-0.382359506149408,-0.0353192240469546,
0.249999999999998));
#1086=CARTESIAN_POINT('Ctrl Pts',(-0.381190443766256,-0.0333853104861474,
0.249999999999998));
#1087=CARTESIAN_POINT('Ctrl Pts',(-0.380098539922759,-0.0313789061777906,
0.249999999999998));
#1088=CARTESIAN_POINT('Ctrl Pts',(-0.379090577402792,-0.0293013960656629,
0.249999999999998));
#1089=CARTESIAN_POINT('Ctrl Pts',(-0.37817363359874,-0.0271551918508647,
0.249999999999998));
#1090=CARTESIAN_POINT('Ctrl Pts',(-0.377354930066298,-0.0249438502844191,
0.249999999999998));
#1091=CARTESIAN_POINT('Ctrl Pts',(-0.376641624816351,-0.0226721619554584,
0.249999999999998));
#1092=CARTESIAN_POINT('Ctrl Pts',(-0.37604065069827,-0.0203461938848311,
0.249999999999998));
#1093=CARTESIAN_POINT('Ctrl Pts',(-0.375558239279634,-0.0179732896356911,
0.249999999999998));
#1094=CARTESIAN_POINT('Ctrl Pts',(-0.375200543274058,-0.0155619606496518,
0.249999999999998));
#1095=CARTESIAN_POINT('Ctrl Pts',(-0.374970099604307,-0.0131218820587419,
0.249999999999998));
#1096=CARTESIAN_POINT('Ctrl Pts',(-0.37488834484474,-0.0109392467284519,
0.249999999999998));
#1097=CARTESIAN_POINT('Ctrl Pts',(-0.374889243864819,-0.00656372248175633,
0.249999999999998));
#1098=CARTESIAN_POINT('Ctrl Pts',(-0.375093747909365,-1.32291968771755E-16,
0.249999999999998));
#1099=CARTESIAN_POINT('Ctrl Pts',(-0.374889243864818,0.00656372248175636,
0.249999999999998));
#1100=CARTESIAN_POINT('Ctrl Pts',(-0.37488834484474,0.0109392467284518,
0.249999999999998));
#1101=CARTESIAN_POINT('Ctrl Pts',(-0.374970099604307,0.0131218820587419,
0.249999999999998));
#1102=CARTESIAN_POINT('Ctrl Pts',(-0.375200543274058,0.0155619606496517,
0.249999999999998));
#1103=CARTESIAN_POINT('Ctrl Pts',(-0.375558239279634,0.017973289635691,
0.249999999999998));
#1104=CARTESIAN_POINT('Ctrl Pts',(-0.37604065069827,0.020346193884831,0.249999999999998));
#1105=CARTESIAN_POINT('Ctrl Pts',(-0.37664162481635,0.0226721619554584,
0.249999999999998));
#1106=CARTESIAN_POINT('Ctrl Pts',(-0.377354930066298,0.024943850284419,
0.249999999999998));
#1107=CARTESIAN_POINT('Ctrl Pts',(-0.37817363359874,0.0271551918508647,
0.249999999999998));
#1108=CARTESIAN_POINT('Ctrl Pts',(-0.379090577402792,0.0293013960656628,
0.249999999999998));
#1109=CARTESIAN_POINT('Ctrl Pts',(-0.380098539922759,0.0313789061777906,
0.249999999999998));
#1110=CARTESIAN_POINT('Ctrl Pts',(-0.381190443766256,0.0333853104861474,
0.249999999999998));
#1111=CARTESIAN_POINT('Ctrl Pts',(-0.382359506149408,0.0353192240469545,
0.249999999999998));
#1112=CARTESIAN_POINT('Ctrl Pts',(-0.383599356426261,0.0371801520934474,
0.249999999999998));
#1113=CARTESIAN_POINT('Ctrl Pts',(-0.384904115497587,0.0389683462882073,
0.249999999999998));
#1114=CARTESIAN_POINT('Ctrl Pts',(-0.386268442697964,0.0406846625177303,
0.249999999999998));
#1115=CARTESIAN_POINT('Ctrl Pts',(-0.387687554751958,0.0423304267644127,
0.249999999999998));
#1116=CARTESIAN_POINT('Ctrl Pts',(-0.389157222477198,0.0439073133882763,
0.249999999999998));
#1117=CARTESIAN_POINT('Ctrl Pts',(-0.390673750654799,0.0454172382609715,
0.249999999999998));
#1118=CARTESIAN_POINT('Ctrl Pts',(-0.392233946040237,0.0468622676717016,
0.249999999999998));
#1119=CARTESIAN_POINT('Ctrl Pts',(-0.393835077770832,0.0482445427970477,
0.249999999999998));
#1120=CARTESIAN_POINT('Ctrl Pts',(-0.395474833641345,0.0495662187601338,
0.249999999999998));
#1121=CARTESIAN_POINT('Ctrl Pts',(-0.397151274943864,0.0508294168421385,
0.249999999999998));
#1122=CARTESIAN_POINT('Ctrl Pts',(-0.398862791865432,0.0520361881838095,
0.249999999999998));
#1123=CARTESIAN_POINT('Ctrl Pts',(-0.400608060835264,0.053188487261822,
0.249999999999998));
#1124=CARTESIAN_POINT('Ctrl Pts',(-0.402386004722762,0.0542881534883694,
0.249999999999998));
#1125=CARTESIAN_POINT('Ctrl Pts',(-0.404195756403718,0.0553368994171931,
0.249999999999998));
#1126=CARTESIAN_POINT('Ctrl Pts',(-0.406036625923846,0.0563363042112799,
0.249999999999998));
#1127=CARTESIAN_POINT('Ctrl Pts',(-0.407908071281289,0.0572878112126056,
0.249999999999998));
#1128=CARTESIAN_POINT('Ctrl Pts',(-0.409809672707619,0.0581927286365523,
0.249999999999998));
#1129=CARTESIAN_POINT('Ctrl Pts',(-0.411741110235765,0.0590522325832481,
0.249999999999998));
#1130=CARTESIAN_POINT('Ctrl Pts',(-0.413702144290654,0.0598673717098655,
0.249999999999998));
#1131=CARTESIAN_POINT('Ctrl Pts',(-0.415692599013723,0.0606390730398272,
0.249999999999998));
#1132=CARTESIAN_POINT('Ctrl Pts',(-0.417712348027561,0.0613681484968859,
0.249999999999998));
#1133=CARTESIAN_POINT('Ctrl Pts',(-0.419761302355101,0.0620553018453514,
0.249999999999998));
#1134=CARTESIAN_POINT('Ctrl Pts',(-0.421839400224428,0.06270113579441,0.249999999999998));
#1135=CARTESIAN_POINT('Ctrl Pts',(-0.423946598511545,0.0633061590858453,
0.249999999999998));
#1136=CARTESIAN_POINT('Ctrl Pts',(-0.426082865596829,0.0638707934357673,
0.249999999999998));
#1137=CARTESIAN_POINT('Ctrl Pts',(-0.428248175435673,0.0643953802326422,
0.249999999999998));
#1138=CARTESIAN_POINT('Ctrl Pts',(-0.430442502664186,0.0648801869515166,
0.249999999999998));
#1139=CARTESIAN_POINT('Ctrl Pts',(-0.432665818594072,0.0653254131644456,
0.249999999999998));
#1140=CARTESIAN_POINT('Ctrl Pts',(-0.434918087928422,0.0657311964349499,
0.249999999999998));
#1141=CARTESIAN_POINT('Ctrl Pts',(-0.437199266209527,0.0660976169212798,
0.249999999999998));
#1142=CARTESIAN_POINT('Ctrl Pts',(-0.439509297416426,0.0664247051105627,
0.249999999999998));
#1143=CARTESIAN_POINT('Ctrl Pts',(-0.441848113452798,0.0667124359545409,
0.249999999999998));
#1144=CARTESIAN_POINT('Ctrl Pts',(-0.44421562853413,0.066960772826667,0.249999999999998));
#1145=CARTESIAN_POINT('Ctrl Pts',(-0.446611754625807,0.0671695210582357,
0.249999999999998));
#1146=CARTESIAN_POINT('Ctrl Pts',(-0.449036338524909,0.0673389016937617,
0.249999999999998));
#1147=CARTESIAN_POINT('Ctrl Pts',(-0.451489397194685,0.0674673933143461,
0.249999999999998));
#1148=CARTESIAN_POINT('Ctrl Pts',(-0.453970223145645,0.0675599316478905,
0.249999999999998));
#1149=CARTESIAN_POINT('Ctrl Pts',(-0.456480775949013,0.0675968262415266,
0.249999999999998));
#1150=CARTESIAN_POINT('Ctrl Pts',(-0.461255943451152,0.0677002662849802,
0.249999999999998));
#1151=CARTESIAN_POINT('Ctrl Pts',(-0.467449015993674,0.0663855498540707,
0.249999999999998));
#1152=CARTESIAN_POINT('Ctrl Pts',(-0.473732103907072,0.0690068757672095,
0.249999999999998));
#1153=CARTESIAN_POINT('Ctrl Pts',(-0.47860922898543,0.0707885586819315,
0.249999999999998));
#1154=CARTESIAN_POINT('Ctrl Pts',(-0.483221313868377,0.0728050264056268,
0.249999999999998));
#1155=CARTESIAN_POINT('Ctrl Pts',(-0.488448854059432,0.0753067660341863,
0.249999999999998));
#1156=CARTESIAN_POINT('Ctrl Pts',(-0.494252703204263,0.0783913571154396,
0.249999999999998));
#1157=CARTESIAN_POINT('Ctrl Pts',(-0.500595117692664,0.082094337189713,
0.249999999999998));
#1158=CARTESIAN_POINT('Ctrl Pts',(-0.507433738944754,0.0864685253197711,
0.249999999999998));
#1159=CARTESIAN_POINT('Ctrl Pts',(-0.514723701111181,0.091558089374438,
0.249999999999998));
#1160=CARTESIAN_POINT('Ctrl Pts',(-0.522417130334974,0.0974065572710599,
0.249999999999998));
#1161=CARTESIAN_POINT('Ctrl Pts',(-0.530463478941736,0.104054112501506,
0.249999999999998));
#1162=CARTESIAN_POINT('Ctrl Pts',(-0.538809610739652,0.111538228065872,
0.249999999999998));
#1163=CARTESIAN_POINT('Ctrl Pts',(-0.547399971455034,0.119893293510255,
0.249999999999998));
#1164=CARTESIAN_POINT('Ctrl Pts',(-0.55617674742942,0.129150526011472,0.249999999999998));
#1165=CARTESIAN_POINT('Ctrl Pts',(-0.566980236347562,0.141512226625428,
0.249999999999998));
#1166=CARTESIAN_POINT('Ctrl Pts',(-0.574490315346025,0.151087359470768,
0.249999999999998));
#1167=CARTESIAN_POINT('Ctrl Pts',(-0.57902666384858,0.157251780773883,0.25));
#1168=CARTESIAN_POINT('',(-0.579026663848047,-0.157251780773159,0.5));
#1169=CARTESIAN_POINT('',(-0.579026663848047,-0.157251780773159,0.25));
#1170=CARTESIAN_POINT('',(-0.579026663847901,0.157251780773699,0.5));
#1171=CARTESIAN_POINT('Ctrl Pts',(-0.57902666384858,0.157251780773883,0.5));
#1172=CARTESIAN_POINT('Ctrl Pts',(-0.574490315346025,0.151087359470768,
0.499999999999998));
#1173=CARTESIAN_POINT('Ctrl Pts',(-0.566980236347562,0.141512226625428,
0.499999999999998));
#1174=CARTESIAN_POINT('Ctrl Pts',(-0.55617674742942,0.129150526011472,0.499999999999998));
#1175=CARTESIAN_POINT('Ctrl Pts',(-0.547399971455034,0.119893293510255,
0.499999999999998));
#1176=CARTESIAN_POINT('Ctrl Pts',(-0.538809610739652,0.111538228065872,
0.499999999999998));
#1177=CARTESIAN_POINT('Ctrl Pts',(-0.530463478941736,0.104054112501506,
0.499999999999998));
#1178=CARTESIAN_POINT('Ctrl Pts',(-0.522417130334974,0.0974065572710599,
0.499999999999998));
#1179=CARTESIAN_POINT('Ctrl Pts',(-0.514723701111181,0.091558089374438,
0.499999999999998));
#1180=CARTESIAN_POINT('Ctrl Pts',(-0.507433738944754,0.0864685253197711,
0.499999999999998));
#1181=CARTESIAN_POINT('Ctrl Pts',(-0.500595117692664,0.082094337189713,
0.499999999999998));
#1182=CARTESIAN_POINT('Ctrl Pts',(-0.494252703204263,0.0783913571154396,
0.499999999999998));
#1183=CARTESIAN_POINT('Ctrl Pts',(-0.488448854059432,0.0753067660341863,
0.499999999999998));
#1184=CARTESIAN_POINT('Ctrl Pts',(-0.483221313868377,0.0728050264056268,
0.499999999999998));
#1185=CARTESIAN_POINT('Ctrl Pts',(-0.47860922898543,0.0707885586819315,
0.499999999999998));
#1186=CARTESIAN_POINT('Ctrl Pts',(-0.473732103907072,0.0690068757672095,
0.499999999999998));
#1187=CARTESIAN_POINT('Ctrl Pts',(-0.467449015993674,0.0663855498540707,
0.499999999999998));
#1188=CARTESIAN_POINT('Ctrl Pts',(-0.461255943451152,0.0677002662849802,
0.499999999999998));
#1189=CARTESIAN_POINT('Ctrl Pts',(-0.456480775949013,0.0675968262415266,
0.499999999999998));
#1190=CARTESIAN_POINT('Ctrl Pts',(-0.453970223145645,0.0675599316478905,
0.499999999999998));
#1191=CARTESIAN_POINT('Ctrl Pts',(-0.451489397194685,0.0674673933143461,
0.499999999999998));
#1192=CARTESIAN_POINT('Ctrl Pts',(-0.449036338524909,0.0673389016937617,
0.499999999999998));
#1193=CARTESIAN_POINT('Ctrl Pts',(-0.446611754625807,0.0671695210582357,
0.499999999999998));
#1194=CARTESIAN_POINT('Ctrl Pts',(-0.44421562853413,0.066960772826667,0.499999999999998));
#1195=CARTESIAN_POINT('Ctrl Pts',(-0.441848113452798,0.0667124359545409,
0.499999999999998));
#1196=CARTESIAN_POINT('Ctrl Pts',(-0.439509297416426,0.0664247051105627,
0.499999999999998));
#1197=CARTESIAN_POINT('Ctrl Pts',(-0.437199266209527,0.0660976169212798,
0.499999999999998));
#1198=CARTESIAN_POINT('Ctrl Pts',(-0.434918087928422,0.0657311964349499,
0.499999999999998));
#1199=CARTESIAN_POINT('Ctrl Pts',(-0.432665818594072,0.0653254131644456,
0.499999999999998));
#1200=CARTESIAN_POINT('Ctrl Pts',(-0.430442502664186,0.0648801869515166,
0.499999999999998));
#1201=CARTESIAN_POINT('Ctrl Pts',(-0.428248175435673,0.0643953802326422,
0.499999999999998));
#1202=CARTESIAN_POINT('Ctrl Pts',(-0.426082865596829,0.0638707934357673,
0.499999999999998));
#1203=CARTESIAN_POINT('Ctrl Pts',(-0.423946598511545,0.0633061590858453,
0.499999999999998));
#1204=CARTESIAN_POINT('Ctrl Pts',(-0.421839400224428,0.06270113579441,0.499999999999998));
#1205=CARTESIAN_POINT('Ctrl Pts',(-0.419761302355101,0.0620553018453514,
0.499999999999998));
#1206=CARTESIAN_POINT('Ctrl Pts',(-0.417712348027561,0.0613681484968859,
0.499999999999998));
#1207=CARTESIAN_POINT('Ctrl Pts',(-0.415692599013723,0.0606390730398272,
0.499999999999998));
#1208=CARTESIAN_POINT('Ctrl Pts',(-0.413702144290654,0.0598673717098655,
0.499999999999998));
#1209=CARTESIAN_POINT('Ctrl Pts',(-0.411741110235765,0.0590522325832481,
0.499999999999998));
#1210=CARTESIAN_POINT('Ctrl Pts',(-0.409809672707619,0.0581927286365523,
0.499999999999998));
#1211=CARTESIAN_POINT('Ctrl Pts',(-0.407908071281289,0.0572878112126056,
0.499999999999998));
#1212=CARTESIAN_POINT('Ctrl Pts',(-0.406036625923846,0.0563363042112799,
0.499999999999998));
#1213=CARTESIAN_POINT('Ctrl Pts',(-0.404195756403718,0.0553368994171931,
0.499999999999998));
#1214=CARTESIAN_POINT('Ctrl Pts',(-0.402386004722762,0.0542881534883694,
0.499999999999998));
#1215=CARTESIAN_POINT('Ctrl Pts',(-0.400608060835264,0.053188487261822,
0.499999999999998));
#1216=CARTESIAN_POINT('Ctrl Pts',(-0.398862791865432,0.0520361881838095,
0.499999999999998));
#1217=CARTESIAN_POINT('Ctrl Pts',(-0.397151274943864,0.0508294168421385,
0.499999999999998));
#1218=CARTESIAN_POINT('Ctrl Pts',(-0.395474833641345,0.0495662187601338,
0.499999999999998));
#1219=CARTESIAN_POINT('Ctrl Pts',(-0.393835077770832,0.0482445427970477,
0.499999999999998));
#1220=CARTESIAN_POINT('Ctrl Pts',(-0.392233946040237,0.0468622676717016,
0.499999999999998));
#1221=CARTESIAN_POINT('Ctrl Pts',(-0.390673750654799,0.0454172382609715,
0.499999999999998));
#1222=CARTESIAN_POINT('Ctrl Pts',(-0.389157222477198,0.0439073133882763,
0.499999999999998));
#1223=CARTESIAN_POINT('Ctrl Pts',(-0.387687554751958,0.0423304267644127,
0.499999999999998));
#1224=CARTESIAN_POINT('Ctrl Pts',(-0.386268442697964,0.0406846625177303,
0.499999999999998));
#1225=CARTESIAN_POINT('Ctrl Pts',(-0.384904115497587,0.0389683462882073,
0.499999999999998));
#1226=CARTESIAN_POINT('Ctrl Pts',(-0.383599356426261,0.0371801520934474,
0.499999999999998));
#1227=CARTESIAN_POINT('Ctrl Pts',(-0.382359506149408,0.0353192240469545,
0.499999999999998));
#1228=CARTESIAN_POINT('Ctrl Pts',(-0.381190443766256,0.0333853104861474,
0.499999999999998));
#1229=CARTESIAN_POINT('Ctrl Pts',(-0.380098539922759,0.0313789061777906,
0.499999999999998));
#1230=CARTESIAN_POINT('Ctrl Pts',(-0.379090577402792,0.0293013960656628,
0.499999999999998));
#1231=CARTESIAN_POINT('Ctrl Pts',(-0.37817363359874,0.0271551918508647,
0.499999999999998));
#1232=CARTESIAN_POINT('Ctrl Pts',(-0.377354930066298,0.024943850284419,
0.499999999999998));
#1233=CARTESIAN_POINT('Ctrl Pts',(-0.37664162481635,0.0226721619554584,
0.499999999999998));
#1234=CARTESIAN_POINT('Ctrl Pts',(-0.37604065069827,0.020346193884831,0.499999999999998));
#1235=CARTESIAN_POINT('Ctrl Pts',(-0.375558239279634,0.017973289635691,
0.499999999999998));
#1236=CARTESIAN_POINT('Ctrl Pts',(-0.375200543274058,0.0155619606496517,
0.499999999999998));
#1237=CARTESIAN_POINT('Ctrl Pts',(-0.374970099604307,0.0131218820587419,
0.499999999999998));
#1238=CARTESIAN_POINT('Ctrl Pts',(-0.37488834484474,0.0109392467284518,
0.499999999999998));
#1239=CARTESIAN_POINT('Ctrl Pts',(-0.374889243864818,0.00656372248175636,
0.499999999999998));
#1240=CARTESIAN_POINT('Ctrl Pts',(-0.375093747909365,-1.32291968771755E-16,
0.499999999999998));
#1241=CARTESIAN_POINT('Ctrl Pts',(-0.374889243864819,-0.00656372248175633,
0.499999999999998));
#1242=CARTESIAN_POINT('Ctrl Pts',(-0.37488834484474,-0.0109392467284519,
0.499999999999998));
#1243=CARTESIAN_POINT('Ctrl Pts',(-0.374970099604307,-0.0131218820587419,
0.499999999999998));
#1244=CARTESIAN_POINT('Ctrl Pts',(-0.375200543274058,-0.0155619606496518,
0.499999999999998));
#1245=CARTESIAN_POINT('Ctrl Pts',(-0.375558239279634,-0.0179732896356911,
0.499999999999998));
#1246=CARTESIAN_POINT('Ctrl Pts',(-0.37604065069827,-0.0203461938848311,
0.499999999999998));
#1247=CARTESIAN_POINT('Ctrl Pts',(-0.376641624816351,-0.0226721619554584,
0.499999999999998));
#1248=CARTESIAN_POINT('Ctrl Pts',(-0.377354930066298,-0.0249438502844191,
0.499999999999998));
#1249=CARTESIAN_POINT('Ctrl Pts',(-0.37817363359874,-0.0271551918508647,
0.499999999999998));
#1250=CARTESIAN_POINT('Ctrl Pts',(-0.379090577402792,-0.0293013960656629,
0.499999999999998));
#1251=CARTESIAN_POINT('Ctrl Pts',(-0.380098539922759,-0.0313789061777906,
0.499999999999998));
#1252=CARTESIAN_POINT('Ctrl Pts',(-0.381190443766256,-0.0333853104861474,
0.499999999999998));
#1253=CARTESIAN_POINT('Ctrl Pts',(-0.382359506149408,-0.0353192240469546,
0.499999999999998));
#1254=CARTESIAN_POINT('Ctrl Pts',(-0.383599356426261,-0.0371801520934475,
0.499999999999998));
#1255=CARTESIAN_POINT('Ctrl Pts',(-0.384904115497587,-0.0389683462882074,
0.499999999999998));
#1256=CARTESIAN_POINT('Ctrl Pts',(-0.386268442697964,-0.0406846625177303,
0.499999999999998));
#1257=CARTESIAN_POINT('Ctrl Pts',(-0.387687554751958,-0.0423304267644128,
0.499999999999998));
#1258=CARTESIAN_POINT('Ctrl Pts',(-0.389157222477198,-0.0439073133882764,
0.499999999999998));
#1259=CARTESIAN_POINT('Ctrl Pts',(-0.390673750654799,-0.0454172382609716,
0.499999999999998));
#1260=CARTESIAN_POINT('Ctrl Pts',(-0.392233946040237,-0.0468622676717016,
0.499999999999998));
#1261=CARTESIAN_POINT('Ctrl Pts',(-0.393835077770832,-0.0482445427970478,
0.499999999999998));
#1262=CARTESIAN_POINT('Ctrl Pts',(-0.395474833641345,-0.0495662187601339,
0.499999999999998));
#1263=CARTESIAN_POINT('Ctrl Pts',(-0.397151274943864,-0.0508294168421386,
0.499999999999998));
#1264=CARTESIAN_POINT('Ctrl Pts',(-0.398862791865432,-0.0520361881838096,
0.499999999999998));
#1265=CARTESIAN_POINT('Ctrl Pts',(-0.400608060835264,-0.0531884872618221,
0.499999999999998));
#1266=CARTESIAN_POINT('Ctrl Pts',(-0.402386004722762,-0.0542881534883695,
0.499999999999998));
#1267=CARTESIAN_POINT('Ctrl Pts',(-0.404195756403718,-0.0553368994171932,
0.499999999999998));
#1268=CARTESIAN_POINT('Ctrl Pts',(-0.406036625923846,-0.05633630421128,
0.499999999999998));
#1269=CARTESIAN_POINT('Ctrl Pts',(-0.407908071281289,-0.0572878112126057,
0.499999999999998));
#1270=CARTESIAN_POINT('Ctrl Pts',(-0.409809672707618,-0.0581927286365524,
0.499999999999998));
#1271=CARTESIAN_POINT('Ctrl Pts',(-0.411741110235765,-0.0590522325832482,
0.499999999999998));
#1272=CARTESIAN_POINT('Ctrl Pts',(-0.413702144290653,-0.0598673717098656,
0.499999999999998));
#1273=CARTESIAN_POINT('Ctrl Pts',(-0.415692599013724,-0.0606390730398273,
0.499999999999998));
#1274=CARTESIAN_POINT('Ctrl Pts',(-0.41771234802756,-0.061368148496886,
0.499999999999998));
#1275=CARTESIAN_POINT('Ctrl Pts',(-0.419761302355101,-0.0620553018453515,
0.499999999999998));
#1276=CARTESIAN_POINT('Ctrl Pts',(-0.421839400224428,-0.0627011357944101,
0.499999999999998));
#1277=CARTESIAN_POINT('Ctrl Pts',(-0.423946598511545,-0.0633061590858453,
0.499999999999998));
#1278=CARTESIAN_POINT('Ctrl Pts',(-0.426082865596829,-0.0638707934357675,
0.499999999999998));
#1279=CARTESIAN_POINT('Ctrl Pts',(-0.428248175435673,-0.0643953802326423,
0.499999999999998));
#1280=CARTESIAN_POINT('Ctrl Pts',(-0.430442502664186,-0.0648801869515167,
0.499999999999998));
#1281=CARTESIAN_POINT('Ctrl Pts',(-0.432665818594072,-0.0653254131644457,
0.499999999999998));
#1282=CARTESIAN_POINT('Ctrl Pts',(-0.434918087928422,-0.06573119643495,
0.499999999999998));
#1283=CARTESIAN_POINT('Ctrl Pts',(-0.437199266209527,-0.06609761692128,
0.499999999999998));
#1284=CARTESIAN_POINT('Ctrl Pts',(-0.439509297416426,-0.0664247051105628,
0.499999999999998));
#1285=CARTESIAN_POINT('Ctrl Pts',(-0.441848113452798,-0.066712435954541,
0.499999999999998));
#1286=CARTESIAN_POINT('Ctrl Pts',(-0.44421562853413,-0.0669607728266671,
0.499999999999998));
#1287=CARTESIAN_POINT('Ctrl Pts',(-0.446611754625807,-0.0671695210582358,
0.499999999999998));
#1288=CARTESIAN_POINT('Ctrl Pts',(-0.449036338524909,-0.0673389016937618,
0.499999999999998));
#1289=CARTESIAN_POINT('Ctrl Pts',(-0.451489397194684,-0.0674673933143462,
0.499999999999998));
#1290=CARTESIAN_POINT('Ctrl Pts',(-0.453970223145645,-0.0675599316478907,
0.499999999999998));
#1291=CARTESIAN_POINT('Ctrl Pts',(-0.456480775949013,-0.0675968262415267,
0.499999999999998));
#1292=CARTESIAN_POINT('Ctrl Pts',(-0.461255943451152,-0.0677002662849803,
0.499999999999998));
#1293=CARTESIAN_POINT('Ctrl Pts',(-0.467449015993675,-0.0663855498540708,
0.499999999999998));
#1294=CARTESIAN_POINT('Ctrl Pts',(-0.473732103907072,-0.0690068757672096,
0.499999999999998));
#1295=CARTESIAN_POINT('Ctrl Pts',(-0.47860922898543,-0.0707885586819316,
0.499999999999998));
#1296=CARTESIAN_POINT('Ctrl Pts',(-0.483221313868377,-0.072805026405627,
0.499999999999998));
#1297=CARTESIAN_POINT('Ctrl Pts',(-0.488448854059432,-0.0753067660341864,
0.499999999999998));
#1298=CARTESIAN_POINT('Ctrl Pts',(-0.494252703204263,-0.0783913571154397,
0.499999999999998));
#1299=CARTESIAN_POINT('Ctrl Pts',(-0.500595117692664,-0.0820943371897131,
0.499999999999998));
#1300=CARTESIAN_POINT('Ctrl Pts',(-0.507433738944754,-0.0864685253197712,
0.499999999999998));
#1301=CARTESIAN_POINT('Ctrl Pts',(-0.514723701111181,-0.0915580893744381,
0.499999999999998));
#1302=CARTESIAN_POINT('Ctrl Pts',(-0.522417130334974,-0.09740655727106,
0.499999999999998));
#1303=CARTESIAN_POINT('Ctrl Pts',(-0.530463478941736,-0.104054112501506,
0.499999999999998));
#1304=CARTESIAN_POINT('Ctrl Pts',(-0.538809610739652,-0.111538228065872,
0.499999999999998));
#1305=CARTESIAN_POINT('Ctrl Pts',(-0.547399971455033,-0.119893293510255,
0.499999999999998));
#1306=CARTESIAN_POINT('Ctrl Pts',(-0.556176747429419,-0.129150526011472,
0.499999999999998));
#1307=CARTESIAN_POINT('Ctrl Pts',(-0.566980236347559,-0.141512226625425,
0.499999999999998));
#1308=CARTESIAN_POINT('Ctrl Pts',(-0.57449031534602,-0.151087359470761,
0.499999999999998));
#1309=CARTESIAN_POINT('Ctrl Pts',(-0.579026663848047,-0.157251780773159,
0.5));
#1310=CARTESIAN_POINT('',(-0.579026663847901,0.157251780773699,0.25));
#1311=CARTESIAN_POINT('Origin',(0.,0.,0.25));
#1312=CARTESIAN_POINT('',(-0.560872688884492,0.213123970652784,0.25));
#1313=CARTESIAN_POINT('Origin',(0.,0.,0.25));
#1314=CARTESIAN_POINT('',(-0.560872688884492,0.213123970652784,0.5));
#1315=CARTESIAN_POINT('Origin',(0.,0.,0.5));
#1316=CARTESIAN_POINT('',(-0.560872688884492,0.213123970652784,0.25));
#1317=CARTESIAN_POINT('Ctrl Pts',(-0.376012133614114,0.467562696736102,
0.25));
#1318=CARTESIAN_POINT('Ctrl Pts',(-0.376012133614114,0.467562696736102,
0.5));
#1319=CARTESIAN_POINT('Ctrl Pts',(-0.375965506514028,0.459909176392333,
0.25));
#1320=CARTESIAN_POINT('Ctrl Pts',(-0.375965506514028,0.459909176392333,
0.5));
#1321=CARTESIAN_POINT('Ctrl Pts',(-0.375517846850405,0.447748417518208,
0.25));
#1322=CARTESIAN_POINT('Ctrl Pts',(-0.375517846850405,0.447748417518208,
0.5));
#1323=CARTESIAN_POINT('Ctrl Pts',(-0.374043666031225,0.431397460182753,
0.25));
#1324=CARTESIAN_POINT('Ctrl Pts',(-0.374043666031225,0.431397460182753,
0.5));
#1325=CARTESIAN_POINT('Ctrl Pts',(-0.372384369853383,0.41874934228797,0.25));
#1326=CARTESIAN_POINT('Ctrl Pts',(-0.372384369853383,0.41874934228797,0.5));
#1327=CARTESIAN_POINT('Ctrl Pts',(-0.370345606296974,0.406940665013975,
0.25));
#1328=CARTESIAN_POINT('Ctrl Pts',(-0.370345606296974,0.406940665013975,
0.5));
#1329=CARTESIAN_POINT('Ctrl Pts',(-0.367992496590354,0.395980155150032,
0.25));
#1330=CARTESIAN_POINT('Ctrl Pts',(-0.367992496590354,0.395980155150032,
0.5));
#1331=CARTESIAN_POINT('Ctrl Pts',(-0.365390198753075,0.385872644951697,
0.25));
#1332=CARTESIAN_POINT('Ctrl Pts',(-0.365390198753075,0.385872644951697,
0.5));
#1333=CARTESIAN_POINT('Ctrl Pts',(-0.362603726944145,0.376619050794972,
0.25));
#1334=CARTESIAN_POINT('Ctrl Pts',(-0.362603726944145,0.376619050794972,
0.5));
#1335=CARTESIAN_POINT('Ctrl Pts',(-0.359697594355087,0.36821657472959,0.25));
#1336=CARTESIAN_POINT('Ctrl Pts',(-0.359697594355087,0.36821657472959,0.5));
#1337=CARTESIAN_POINT('Ctrl Pts',(-0.356736116817653,0.360658141477788,
0.25));
#1338=CARTESIAN_POINT('Ctrl Pts',(-0.356736116817653,0.360658141477788,
0.5));
#1339=CARTESIAN_POINT('Ctrl Pts',(-0.353781552788358,0.353934389967661,
0.25));
#1340=CARTESIAN_POINT('Ctrl Pts',(-0.353781552788358,0.353934389967661,
0.5));
#1341=CARTESIAN_POINT('Ctrl Pts',(-0.350899217344315,0.348027486428367,
0.25));
#1342=CARTESIAN_POINT('Ctrl Pts',(-0.350899217344315,0.348027486428367,
0.5));
#1343=CARTESIAN_POINT('Ctrl Pts',(-0.348140534149716,0.342930865523293,
0.25));
#1344=CARTESIAN_POINT('Ctrl Pts',(-0.348140534149716,0.342930865523293,
0.5));
#1345=CARTESIAN_POINT('Ctrl Pts',(-0.345594529089624,0.338588593389698,
0.25));
#1346=CARTESIAN_POINT('Ctrl Pts',(-0.345594529089624,0.338588593389698,
0.5));
#1347=CARTESIAN_POINT('Ctrl Pts',(-0.342696098959075,0.334280479438456,
0.25));
#1348=CARTESIAN_POINT('Ctrl Pts',(-0.342696098959075,0.334280479438456,
0.5));
#1349=CARTESIAN_POINT('Ctrl Pts',(-0.33915375077318,0.328466675812579,0.25));
#1350=CARTESIAN_POINT('Ctrl Pts',(-0.33915375077318,0.328466675812579,0.5));
#1351=CARTESIAN_POINT('Ctrl Pts',(-0.333370678909847,0.325890107041096,
0.25));
#1352=CARTESIAN_POINT('Ctrl Pts',(-0.333370678909847,0.325890107041096,
0.5));
#1353=CARTESIAN_POINT('Ctrl Pts',(-0.329568287781668,0.32299964925306,0.25));
#1354=CARTESIAN_POINT('Ctrl Pts',(-0.329568287781668,0.32299964925306,0.5));
#1355=CARTESIAN_POINT('Ctrl Pts',(-0.327558893996496,0.321494134986887,
0.25));
#1356=CARTESIAN_POINT('Ctrl Pts',(-0.327558893996496,0.321494134986887,
0.5));
#1357=CARTESIAN_POINT('Ctrl Pts',(-0.325606256309812,0.319961076994939,
0.25));
#1358=CARTESIAN_POINT('Ctrl Pts',(-0.325606256309812,0.319961076994939,
0.5));
#1359=CARTESIAN_POINT('Ctrl Pts',(-0.323697215637387,0.318415253381149,
0.25));
#1360=CARTESIAN_POINT('Ctrl Pts',(-0.323697215637387,0.318415253381149,
0.5));
#1361=CARTESIAN_POINT('Ctrl Pts',(-0.321835245498313,0.316853086909653,
0.25));
#1362=CARTESIAN_POINT('Ctrl Pts',(-0.321835245498313,0.316853086909653,
0.5));
#1363=CARTESIAN_POINT('Ctrl Pts',(-0.320019437901438,0.315275798463447,
0.25));
#1364=CARTESIAN_POINT('Ctrl Pts',(-0.320019437901438,0.315275798463447,
0.5));
#1365=CARTESIAN_POINT('Ctrl Pts',(-0.318250046717238,0.31368329926418,0.25));
#1366=CARTESIAN_POINT('Ctrl Pts',(-0.318250046717238,0.31368329926418,0.5));
#1367=CARTESIAN_POINT('Ctrl Pts',(-0.316527028743816,0.312075798547591,
0.25));
#1368=CARTESIAN_POINT('Ctrl Pts',(-0.316527028743816,0.312075798547591,
0.5));
#1369=CARTESIAN_POINT('Ctrl Pts',(-0.314850431853758,0.310453376368051,
0.25));
#1370=CARTESIAN_POINT('Ctrl Pts',(-0.314850431853758,0.310453376368051,
0.5));
#1371=CARTESIAN_POINT('Ctrl Pts',(-0.313220296415148,0.30881609301604,0.25));
#1372=CARTESIAN_POINT('Ctrl Pts',(-0.313220296415148,0.30881609301604,0.5));
#1373=CARTESIAN_POINT('Ctrl Pts',(-0.311636685669779,0.307163956755247,
0.25));
#1374=CARTESIAN_POINT('Ctrl Pts',(-0.311636685669779,0.307163956755247,
0.5));
#1375=CARTESIAN_POINT('Ctrl Pts',(-0.31009968270053,0.305496928867873,0.25));
#1376=CARTESIAN_POINT('Ctrl Pts',(-0.31009968270053,0.305496928867873,0.5));
#1377=CARTESIAN_POINT('Ctrl Pts',(-0.30860939692101,0.303814918809692,0.25));
#1378=CARTESIAN_POINT('Ctrl Pts',(-0.30860939692101,0.303814918809692,0.5));
#1379=CARTESIAN_POINT('Ctrl Pts',(-0.307165968846049,0.30211778198608,0.25));
#1380=CARTESIAN_POINT('Ctrl Pts',(-0.307165968846049,0.30211778198608,0.5));
#1381=CARTESIAN_POINT('Ctrl Pts',(-0.305769576213352,0.300405316913697,
0.25));
#1382=CARTESIAN_POINT('Ctrl Pts',(-0.305769576213352,0.300405316913697,
0.5));
#1383=CARTESIAN_POINT('Ctrl Pts',(-0.304420440756556,0.29867726271211,0.25));
#1384=CARTESIAN_POINT('Ctrl Pts',(-0.304420440756556,0.29867726271211,0.5));
#1385=CARTESIAN_POINT('Ctrl Pts',(-0.303118835934982,0.296933296791367,
0.25));
#1386=CARTESIAN_POINT('Ctrl Pts',(-0.303118835934982,0.296933296791367,
0.5));
#1387=CARTESIAN_POINT('Ctrl Pts',(-0.301865095667595,0.295173032918367,
0.25));
#1388=CARTESIAN_POINT('Ctrl Pts',(-0.301865095667595,0.295173032918367,
0.5));
#1389=CARTESIAN_POINT('Ctrl Pts',(-0.300659624192496,0.293396019799759,
0.25));
#1390=CARTESIAN_POINT('Ctrl Pts',(-0.300659624192496,0.293396019799759,
0.5));
#1391=CARTESIAN_POINT('Ctrl Pts',(-0.299502907155925,0.291601740377662,
0.25));
#1392=CARTESIAN_POINT('Ctrl Pts',(-0.299502907155925,0.291601740377662,
0.5));
#1393=CARTESIAN_POINT('Ctrl Pts',(-0.298395524036165,0.289789612074742,
0.25));
#1394=CARTESIAN_POINT('Ctrl Pts',(-0.298395524036165,0.289789612074742,
0.5));
#1395=CARTESIAN_POINT('Ctrl Pts',(-0.297338161996475,0.287958988280364,
0.25));
#1396=CARTESIAN_POINT('Ctrl Pts',(-0.297338161996475,0.287958988280364,
0.5));
#1397=CARTESIAN_POINT('Ctrl Pts',(-0.296331631242385,0.28610916143175,0.25));
#1398=CARTESIAN_POINT('Ctrl Pts',(-0.296331631242385,0.28610916143175,0.5));
#1399=CARTESIAN_POINT('Ctrl Pts',(-0.295376881927002,0.284239368115835,
0.25));
#1400=CARTESIAN_POINT('Ctrl Pts',(-0.295376881927002,0.284239368115835,
0.5));
#1401=CARTESIAN_POINT('Ctrl Pts',(-0.294475022599826,0.282348796697833,
0.25));
#1402=CARTESIAN_POINT('Ctrl Pts',(-0.294475022599826,0.282348796697833,
0.5));
#1403=CARTESIAN_POINT('Ctrl Pts',(-0.293627340124699,0.280436598070256,
0.25));
#1404=CARTESIAN_POINT('Ctrl Pts',(-0.293627340124699,0.280436598070256,
0.5));
#1405=CARTESIAN_POINT('Ctrl Pts',(-0.292835320895076,0.278501900208363,
0.25));
#1406=CARTESIAN_POINT('Ctrl Pts',(-0.292835320895076,0.278501900208363,
0.5));
#1407=CARTESIAN_POINT('Ctrl Pts',(-0.292100673043013,0.276543827309898,
0.25));
#1408=CARTESIAN_POINT('Ctrl Pts',(-0.292100673043013,0.276543827309898,
0.5));
#1409=CARTESIAN_POINT('Ctrl Pts',(-0.291425349164828,0.274561524380615,
0.25));
#1410=CARTESIAN_POINT('Ctrl Pts',(-0.291425349164828,0.274561524380615,
0.5));
#1411=CARTESIAN_POINT('Ctrl Pts',(-0.290811568864344,0.272554188191056,
0.25));
#1412=CARTESIAN_POINT('Ctrl Pts',(-0.290811568864344,0.272554188191056,
0.5));
#1413=CARTESIAN_POINT('Ctrl Pts',(-0.290261840137884,0.270521105557815,
0.25));
#1414=CARTESIAN_POINT('Ctrl Pts',(-0.290261840137884,0.270521105557815,
0.5));
#1415=CARTESIAN_POINT('Ctrl Pts',(-0.289778978290889,0.268461699872287,
0.25));
#1416=CARTESIAN_POINT('Ctrl Pts',(-0.289778978290889,0.268461699872287,
0.5));
#1417=CARTESIAN_POINT('Ctrl Pts',(-0.289366120686281,0.26637558668338,0.25));
#1418=CARTESIAN_POINT('Ctrl Pts',(-0.289366120686281,0.26637558668338,0.5));
#1419=CARTESIAN_POINT('Ctrl Pts',(-0.289026735190393,0.26426263890366,0.25));
#1420=CARTESIAN_POINT('Ctrl Pts',(-0.289026735190393,0.26426263890366,0.5));
#1421=CARTESIAN_POINT('Ctrl Pts',(-0.288764619726633,0.262123061812085,
0.25));
#1422=CARTESIAN_POINT('Ctrl Pts',(-0.288764619726633,0.262123061812085,
0.5));
#1423=CARTESIAN_POINT('Ctrl Pts',(-0.28858388991098,0.259957477431096,0.25));
#1424=CARTESIAN_POINT('Ctrl Pts',(-0.28858388991098,0.259957477431096,0.5));
#1425=CARTESIAN_POINT('Ctrl Pts',(-0.288488951387971,0.257767017026008,
0.25));
#1426=CARTESIAN_POINT('Ctrl Pts',(-0.288488951387971,0.257767017026008,
0.5));
#1427=CARTESIAN_POINT('Ctrl Pts',(-0.288484453301618,0.255553419393284,
0.25));
#1428=CARTESIAN_POINT('Ctrl Pts',(-0.288484453301618,0.255553419393284,
0.5));
#1429=CARTESIAN_POINT('Ctrl Pts',(-0.28857521941847,0.253319131270578,0.25));
#1430=CARTESIAN_POINT('Ctrl Pts',(-0.28857521941847,0.253319131270578,0.5));
#1431=CARTESIAN_POINT('Ctrl Pts',(-0.288766153953267,0.251067404706406,
0.25));
#1432=CARTESIAN_POINT('Ctrl Pts',(-0.288766153953267,0.251067404706406,
0.5));
#1433=CARTESIAN_POINT('Ctrl Pts',(-0.289062120050242,0.248802384547229,
0.25));
#1434=CARTESIAN_POINT('Ctrl Pts',(-0.289062120050242,0.248802384547229,
0.5));
#1435=CARTESIAN_POINT('Ctrl Pts',(-0.289467791047293,0.246529178056432,
0.25));
#1436=CARTESIAN_POINT('Ctrl Pts',(-0.289467791047293,0.246529178056432,
0.5));
#1437=CARTESIAN_POINT('Ctrl Pts',(-0.289987475112794,0.244253896328058,
0.25));
#1438=CARTESIAN_POINT('Ctrl Pts',(-0.289987475112794,0.244253896328058,
0.5));
#1439=CARTESIAN_POINT('Ctrl Pts',(-0.290624924002232,0.241983661558067,
0.25));
#1440=CARTESIAN_POINT('Ctrl Pts',(-0.290624924002232,0.241983661558067,
0.5));
#1441=CARTESIAN_POINT('Ctrl Pts',(-0.291383112830416,0.239726556787713,
0.25));
#1442=CARTESIAN_POINT('Ctrl Pts',(-0.291383112830416,0.239726556787713,
0.5));
#1443=CARTESIAN_POINT('Ctrl Pts',(-0.292264084284927,0.237491565366585,
0.25));
#1444=CARTESIAN_POINT('Ctrl Pts',(-0.292264084284927,0.237491565366585,
0.5));
#1445=CARTESIAN_POINT('Ctrl Pts',(-0.293268563371716,0.235288291185594,
0.25));
#1446=CARTESIAN_POINT('Ctrl Pts',(-0.293268563371716,0.235288291185594,
0.5));
#1447=CARTESIAN_POINT('Ctrl Pts',(-0.294396524840805,0.233127236619978,
0.25));
#1448=CARTESIAN_POINT('Ctrl Pts',(-0.294396524840805,0.233127236619978,
0.5));
#1449=CARTESIAN_POINT('Ctrl Pts',(-0.295644334205901,0.231017720181757,
0.25));
#1450=CARTESIAN_POINT('Ctrl Pts',(-0.295644334205901,0.231017720181757,
0.5));
#1451=CARTESIAN_POINT('Ctrl Pts',(-0.296861114074318,0.229203876865051,
0.25));
#1452=CARTESIAN_POINT('Ctrl Pts',(-0.296861114074318,0.229203876865051,
0.5));
#1453=CARTESIAN_POINT('Ctrl Pts',(-0.299433710020095,0.225664531820919,
0.25));
#1454=CARTESIAN_POINT('Ctrl Pts',(-0.299433710020095,0.225664531820919,
0.5));
#1455=CARTESIAN_POINT('Ctrl Pts',(-0.303457216542469,0.220474573248235,
0.25));
#1456=CARTESIAN_POINT('Ctrl Pts',(-0.303457216542469,0.220474573248235,
0.5));
#1457=CARTESIAN_POINT('Ctrl Pts',(-0.307149828569929,0.215044205752715,
0.25));
#1458=CARTESIAN_POINT('Ctrl Pts',(-0.307149828569929,0.215044205752715,
0.5));
#1459=CARTESIAN_POINT('Ctrl Pts',(-0.309720969870663,0.211503803847095,
0.25));
#1460=CARTESIAN_POINT('Ctrl Pts',(-0.309720969870663,0.211503803847095,
0.5));
#1461=CARTESIAN_POINT('Ctrl Pts',(-0.311070031718801,0.209786069014345,
0.25));
#1462=CARTESIAN_POINT('Ctrl Pts',(-0.311070031718801,0.209786069014345,
0.5));
#1463=CARTESIAN_POINT('Ctrl Pts',(-0.312690706774047,0.207947455357253,
0.25));
#1464=CARTESIAN_POINT('Ctrl Pts',(-0.312690706774047,0.207947455357253,
0.5));
#1465=CARTESIAN_POINT('Ctrl Pts',(-0.314397432537797,0.206206897665399,
0.25));
#1466=CARTESIAN_POINT('Ctrl Pts',(-0.314397432537797,0.206206897665399,
0.5));
#1467=CARTESIAN_POINT('Ctrl Pts',(-0.316182469696501,0.204570732119233,
0.25));
#1468=CARTESIAN_POINT('Ctrl Pts',(-0.316182469696501,0.204570732119233,
0.5));
#1469=CARTESIAN_POINT('Ctrl Pts',(-0.318035837700426,0.203042228145339,
0.25));
#1470=CARTESIAN_POINT('Ctrl Pts',(-0.318035837700426,0.203042228145339,
0.5));
#1471=CARTESIAN_POINT('Ctrl Pts',(-0.319948178667378,0.201623663987588,
0.25));
#1472=CARTESIAN_POINT('Ctrl Pts',(-0.319948178667378,0.201623663987588,
0.5));
#1473=CARTESIAN_POINT('Ctrl Pts',(-0.321910317699016,0.200315872942335,
0.25));
#1474=CARTESIAN_POINT('Ctrl Pts',(-0.321910317699016,0.200315872942335,
0.5));
#1475=CARTESIAN_POINT('Ctrl Pts',(-0.323913648005248,0.199118523304367,
0.25));
#1476=CARTESIAN_POINT('Ctrl Pts',(-0.323913648005248,0.199118523304367,
0.5));
#1477=CARTESIAN_POINT('Ctrl Pts',(-0.325950236618991,0.19803024782177,0.25));
#1478=CARTESIAN_POINT('Ctrl Pts',(-0.325950236618991,0.19803024782177,0.5));
#1479=CARTESIAN_POINT('Ctrl Pts',(-0.328012940247192,0.197048837614851,
0.25));
#1480=CARTESIAN_POINT('Ctrl Pts',(-0.328012940247192,0.197048837614851,
0.5));
#1481=CARTESIAN_POINT('Ctrl Pts',(-0.330095457452897,0.196171426306333,
0.25));
#1482=CARTESIAN_POINT('Ctrl Pts',(-0.330095457452897,0.196171426306333,
0.5));
#1483=CARTESIAN_POINT('Ctrl Pts',(-0.332192343458657,0.195394669599196,
0.25));
#1484=CARTESIAN_POINT('Ctrl Pts',(-0.332192343458657,0.195394669599196,
0.5));
#1485=CARTESIAN_POINT('Ctrl Pts',(-0.33429898989684,0.194714908246313,0.25));
#1486=CARTESIAN_POINT('Ctrl Pts',(-0.33429898989684,0.194714908246313,0.5));
#1487=CARTESIAN_POINT('Ctrl Pts',(-0.336411579155816,0.19412831065659,0.25));
#1488=CARTESIAN_POINT('Ctrl Pts',(-0.336411579155816,0.19412831065659,0.5));
#1489=CARTESIAN_POINT('Ctrl Pts',(-0.33852702087737,0.193630992548977,0.25));
#1490=CARTESIAN_POINT('Ctrl Pts',(-0.33852702087737,0.193630992548977,0.5));
#1491=CARTESIAN_POINT('Ctrl Pts',(-0.340642877745218,0.193219113486736,
0.25));
#1492=CARTESIAN_POINT('Ctrl Pts',(-0.340642877745218,0.193219113486736,
0.5));
#1493=CARTESIAN_POINT('Ctrl Pts',(-0.342757286385586,0.192888951501976,
0.25));
#1494=CARTESIAN_POINT('Ctrl Pts',(-0.342757286385586,0.192888951501976,
0.5));
#1495=CARTESIAN_POINT('Ctrl Pts',(-0.344868877943706,0.192636957989578,
0.25));
#1496=CARTESIAN_POINT('Ctrl Pts',(-0.344868877943706,0.192636957989578,
0.5));
#1497=CARTESIAN_POINT('Ctrl Pts',(-0.34697670165728,0.192459795540493,0.25));
#1498=CARTESIAN_POINT('Ctrl Pts',(-0.34697670165728,0.192459795540493,0.5));
#1499=CARTESIAN_POINT('Ctrl Pts',(-0.349080153662562,0.192354361543347,
0.25));
#1500=CARTESIAN_POINT('Ctrl Pts',(-0.349080153662562,0.192354361543347,
0.5));
#1501=CARTESIAN_POINT('Ctrl Pts',(-0.351178912369699,0.192317800301698,
0.25));
#1502=CARTESIAN_POINT('Ctrl Pts',(-0.351178912369699,0.192317800301698,
0.5));
#1503=CARTESIAN_POINT('Ctrl Pts',(-0.353272881042931,0.192347506183508,
0.25));
#1504=CARTESIAN_POINT('Ctrl Pts',(-0.353272881042931,0.192347506183508,
0.5));
#1505=CARTESIAN_POINT('Ctrl Pts',(-0.355362137703566,0.192441120008544,
0.25));
#1506=CARTESIAN_POINT('Ctrl Pts',(-0.355362137703566,0.192441120008544,
0.5));
#1507=CARTESIAN_POINT('Ctrl Pts',(-0.357446892114006,0.192596520539603,
0.25));
#1508=CARTESIAN_POINT('Ctrl Pts',(-0.357446892114006,0.192596520539603,
0.5));
#1509=CARTESIAN_POINT('Ctrl Pts',(-0.359527449369863,0.19281181260878,0.25));
#1510=CARTESIAN_POINT('Ctrl Pts',(-0.359527449369863,0.19281181260878,0.5));
#1511=CARTESIAN_POINT('Ctrl Pts',(-0.361604179495108,0.19308531310143,0.25));
#1512=CARTESIAN_POINT('Ctrl Pts',(-0.361604179495108,0.19308531310143,0.5));
#1513=CARTESIAN_POINT('Ctrl Pts',(-0.363677492376155,0.193415535748667,
0.25));
#1514=CARTESIAN_POINT('Ctrl Pts',(-0.363677492376155,0.193415535748667,
0.5));
#1515=CARTESIAN_POINT('Ctrl Pts',(-0.365747817362922,0.193801175448323,
0.25));
#1516=CARTESIAN_POINT('Ctrl Pts',(-0.365747817362922,0.193801175448323,
0.5));
#1517=CARTESIAN_POINT('Ctrl Pts',(-0.367815586890921,0.194241092643483,
0.25));
#1518=CARTESIAN_POINT('Ctrl Pts',(-0.367815586890921,0.194241092643483,
0.5));
#1519=CARTESIAN_POINT('Ctrl Pts',(-0.369881223525066,0.194734298133976,
0.25));
#1520=CARTESIAN_POINT('Ctrl Pts',(-0.369881223525066,0.194734298133976,
0.5));
#1521=CARTESIAN_POINT('Ctrl Pts',(-0.371945129883489,0.195279938575031,
0.25));
#1522=CARTESIAN_POINT('Ctrl Pts',(-0.371945129883489,0.195279938575031,
0.5));
#1523=CARTESIAN_POINT('Ctrl Pts',(-0.374007680961523,0.195877282823755,
0.25));
#1524=CARTESIAN_POINT('Ctrl Pts',(-0.374007680961523,0.195877282823755,
0.5));
#1525=CARTESIAN_POINT('Ctrl Pts',(-0.376069218437493,0.196525709223454,
0.25));
#1526=CARTESIAN_POINT('Ctrl Pts',(-0.376069218437493,0.196525709223454,
0.5));
#1527=CARTESIAN_POINT('Ctrl Pts',(-0.37813004660044,0.197224693863532,0.25));
#1528=CARTESIAN_POINT('Ctrl Pts',(-0.37813004660044,0.197224693863532,0.5));
#1529=CARTESIAN_POINT('Ctrl Pts',(-0.380190429593234,0.197973799815592,
0.25));
#1530=CARTESIAN_POINT('Ctrl Pts',(-0.380190429593234,0.197973799815592,
0.5));
#1531=CARTESIAN_POINT('Ctrl Pts',(-0.382250589713575,0.198772667318585,
0.25));
#1532=CARTESIAN_POINT('Ctrl Pts',(-0.382250589713575,0.198772667318585,
0.5));
#1533=CARTESIAN_POINT('Ctrl Pts',(-0.384310706554036,0.199621004874804,
0.25));
#1534=CARTESIAN_POINT('Ctrl Pts',(-0.384310706554036,0.199621004874804,
0.5));
#1535=CARTESIAN_POINT('Ctrl Pts',(-0.38637091681269,0.200518581183872,0.25));
#1536=CARTESIAN_POINT('Ctrl Pts',(-0.38637091681269,0.200518581183872,0.5));
#1537=CARTESIAN_POINT('Ctrl Pts',(-0.388431314585726,0.201465217926045,
0.25));
#1538=CARTESIAN_POINT('Ctrl Pts',(-0.388431314585726,0.201465217926045,
0.5));
#1539=CARTESIAN_POINT('Ctrl Pts',(-0.390491952175154,0.202460783063095,
0.25));
#1540=CARTESIAN_POINT('Ctrl Pts',(-0.390491952175154,0.202460783063095,
0.5));
#1541=CARTESIAN_POINT('Ctrl Pts',(-0.39255284072977,0.20350518561405,0.25));
#1542=CARTESIAN_POINT('Ctrl Pts',(-0.39255284072977,0.20350518561405,0.5));
#1543=CARTESIAN_POINT('Ctrl Pts',(-0.394613952847547,0.204598367986012,
0.25));
#1544=CARTESIAN_POINT('Ctrl Pts',(-0.394613952847547,0.204598367986012,
0.5));
#1545=CARTESIAN_POINT('Ctrl Pts',(-0.396675218714409,0.205740310417432,
0.25));
#1546=CARTESIAN_POINT('Ctrl Pts',(-0.396675218714409,0.205740310417432,
0.5));
#1547=CARTESIAN_POINT('Ctrl Pts',(-0.398736547400681,0.206930992116939,
0.25));
#1548=CARTESIAN_POINT('Ctrl Pts',(-0.398736547400681,0.206930992116939,
0.5));
#1549=CARTESIAN_POINT('Ctrl Pts',(-0.400797753261472,0.208170518829376,
0.25));
#1550=CARTESIAN_POINT('Ctrl Pts',(-0.400797753261472,0.208170518829376,
0.5));
#1551=CARTESIAN_POINT('Ctrl Pts',(-0.402858842279719,0.209458621675555,
0.25));
#1552=CARTESIAN_POINT('Ctrl Pts',(-0.402858842279719,0.209458621675555,
0.5));
#1553=CARTESIAN_POINT('Ctrl Pts',(-0.404918933911389,0.210796541479969,
0.25));
#1554=CARTESIAN_POINT('Ctrl Pts',(-0.404918933911389,0.210796541479969,
0.5));
#1555=CARTESIAN_POINT('Ctrl Pts',(-0.406980356933532,0.21217986930298,0.25));
#1556=CARTESIAN_POINT('Ctrl Pts',(-0.406980356933532,0.21217986930298,0.5));
#1557=CARTESIAN_POINT('Ctrl Pts',(-0.409033122914761,0.213625686862649,
0.25));
#1558=CARTESIAN_POINT('Ctrl Pts',(-0.409033122914761,0.213625686862649,
0.5));
#1559=CARTESIAN_POINT('Ctrl Pts',(-0.412957115107016,0.21634877514458,0.25));
#1560=CARTESIAN_POINT('Ctrl Pts',(-0.412957115107016,0.21634877514458,0.5));
#1561=CARTESIAN_POINT('Ctrl Pts',(-0.417194645112279,0.221052599786842,
0.25));
#1562=CARTESIAN_POINT('Ctrl Pts',(-0.417194645112279,0.221052599786842,
0.5));
#1563=CARTESIAN_POINT('Ctrl Pts',(-0.423818546724564,0.222625008989669,
0.25));
#1564=CARTESIAN_POINT('Ctrl Pts',(-0.423818546724564,0.222625008989669,
0.5));
#1565=CARTESIAN_POINT('Ctrl Pts',(-0.428811470738184,0.224050299427716,
0.25));
#1566=CARTESIAN_POINT('Ctrl Pts',(-0.428811470738184,0.224050299427716,
0.5));
#1567=CARTESIAN_POINT('Ctrl Pts',(-0.433727975777699,0.225129858247155,
0.25));
#1568=CARTESIAN_POINT('Ctrl Pts',(-0.433727975777699,0.225129858247155,
0.5));
#1569=CARTESIAN_POINT('Ctrl Pts',(-0.439427630289783,0.226178579402218,
0.25));
#1570=CARTESIAN_POINT('Ctrl Pts',(-0.439427630289783,0.226178579402218,
0.5));
#1571=CARTESIAN_POINT('Ctrl Pts',(-0.445936120027654,0.227094509730648,
0.25));
#1572=CARTESIAN_POINT('Ctrl Pts',(-0.445936120027654,0.227094509730648,
0.5));
#1573=CARTESIAN_POINT('Ctrl Pts',(-0.453243798211331,0.227826713620937,
0.25));
#1574=CARTESIAN_POINT('Ctrl Pts',(-0.453243798211331,0.227826713620937,
0.5));
#1575=CARTESIAN_POINT('Ctrl Pts',(-0.461347442295966,0.22830756180512,0.25));
#1576=CARTESIAN_POINT('Ctrl Pts',(-0.461347442295966,0.22830756180512,0.5));
#1577=CARTESIAN_POINT('Ctrl Pts',(-0.470236716268887,0.22847495024213,0.25));
#1578=CARTESIAN_POINT('Ctrl Pts',(-0.470236716268887,0.22847495024213,0.5));
#1579=CARTESIAN_POINT('Ctrl Pts',(-0.479898474434097,0.228265524560008,
0.25));
#1580=CARTESIAN_POINT('Ctrl Pts',(-0.479898474434097,0.228265524560008,
0.5));
#1581=CARTESIAN_POINT('Ctrl Pts',(-0.490315442127889,0.22761706445339,0.25));
#1582=CARTESIAN_POINT('Ctrl Pts',(-0.490315442127889,0.22761706445339,0.5));
#1583=CARTESIAN_POINT('Ctrl Pts',(-0.501466657344882,0.226468020958456,
0.25));
#1584=CARTESIAN_POINT('Ctrl Pts',(-0.501466657344882,0.226468020958456,
0.5));
#1585=CARTESIAN_POINT('Ctrl Pts',(-0.513327389401584,0.22475791836521,0.25));
#1586=CARTESIAN_POINT('Ctrl Pts',(-0.513327389401584,0.22475791836521,0.5));
#1587=CARTESIAN_POINT('Ctrl Pts',(-0.525869215061942,0.222427519431264,
0.25));
#1588=CARTESIAN_POINT('Ctrl Pts',(-0.525869215061942,0.222427519431264,
0.5));
#1589=CARTESIAN_POINT('Ctrl Pts',(-0.541875446509395,0.218776825014588,
0.25));
#1590=CARTESIAN_POINT('Ctrl Pts',(-0.541875446509395,0.218776825014588,
0.5));
#1591=CARTESIAN_POINT('Ctrl Pts',(-0.553579349923478,0.21544469349816,0.25));
#1592=CARTESIAN_POINT('Ctrl Pts',(-0.553579349923478,0.21544469349816,0.5));
#1593=CARTESIAN_POINT('Ctrl Pts',(-0.560872688884492,0.213123970652784,
0.25));
#1594=CARTESIAN_POINT('Ctrl Pts',(-0.560872688884492,0.213123970652784,
0.5));
#1595=CARTESIAN_POINT('',(-0.376012133614114,0.467562696736102,0.25));
#1596=CARTESIAN_POINT('Ctrl Pts',(-0.560872688884492,0.213123970652784,
0.25));
#1597=CARTESIAN_POINT('Ctrl Pts',(-0.553579349923478,0.21544469349816,0.25));
#1598=CARTESIAN_POINT('Ctrl Pts',(-0.541875446509395,0.218776825014588,
0.25));
#1599=CARTESIAN_POINT('Ctrl Pts',(-0.525869215061942,0.222427519431264,
0.25));
#1600=CARTESIAN_POINT('Ctrl Pts',(-0.513327389401584,0.22475791836521,0.25));
#1601=CARTESIAN_POINT('Ctrl Pts',(-0.501466657344882,0.226468020958456,
0.25));
#1602=CARTESIAN_POINT('Ctrl Pts',(-0.490315442127889,0.22761706445339,0.25));
#1603=CARTESIAN_POINT('Ctrl Pts',(-0.479898474434097,0.228265524560008,
0.25));
#1604=CARTESIAN_POINT('Ctrl Pts',(-0.470236716268887,0.22847495024213,0.25));
#1605=CARTESIAN_POINT('Ctrl Pts',(-0.461347442295966,0.22830756180512,0.25));
#1606=CARTESIAN_POINT('Ctrl Pts',(-0.453243798211331,0.227826713620937,
0.25));
#1607=CARTESIAN_POINT('Ctrl Pts',(-0.445936120027654,0.227094509730648,
0.25));
#1608=CARTESIAN_POINT('Ctrl Pts',(-0.439427630289783,0.226178579402218,
0.25));
#1609=CARTESIAN_POINT('Ctrl Pts',(-0.433727975777699,0.225129858247155,
0.25));
#1610=CARTESIAN_POINT('Ctrl Pts',(-0.428811470738184,0.224050299427716,
0.25));
#1611=CARTESIAN_POINT('Ctrl Pts',(-0.423818546724564,0.222625008989669,
0.25));
#1612=CARTESIAN_POINT('Ctrl Pts',(-0.417194645112279,0.221052599786842,
0.25));
#1613=CARTESIAN_POINT('Ctrl Pts',(-0.412957115107016,0.21634877514458,0.25));
#1614=CARTESIAN_POINT('Ctrl Pts',(-0.409033122914761,0.213625686862649,
0.25));
#1615=CARTESIAN_POINT('Ctrl Pts',(-0.406980356933532,0.21217986930298,0.25));
#1616=CARTESIAN_POINT('Ctrl Pts',(-0.404918933911389,0.210796541479969,
0.25));
#1617=CARTESIAN_POINT('Ctrl Pts',(-0.402858842279719,0.209458621675555,
0.25));
#1618=CARTESIAN_POINT('Ctrl Pts',(-0.400797753261472,0.208170518829376,
0.25));
#1619=CARTESIAN_POINT('Ctrl Pts',(-0.398736547400681,0.206930992116939,
0.25));
#1620=CARTESIAN_POINT('Ctrl Pts',(-0.396675218714409,0.205740310417432,
0.25));
#1621=CARTESIAN_POINT('Ctrl Pts',(-0.394613952847547,0.204598367986012,
0.25));
#1622=CARTESIAN_POINT('Ctrl Pts',(-0.39255284072977,0.20350518561405,0.25));
#1623=CARTESIAN_POINT('Ctrl Pts',(-0.390491952175154,0.202460783063095,
0.25));
#1624=CARTESIAN_POINT('Ctrl Pts',(-0.388431314585726,0.201465217926045,
0.25));
#1625=CARTESIAN_POINT('Ctrl Pts',(-0.38637091681269,0.200518581183872,0.25));
#1626=CARTESIAN_POINT('Ctrl Pts',(-0.384310706554036,0.199621004874804,
0.25));
#1627=CARTESIAN_POINT('Ctrl Pts',(-0.382250589713575,0.198772667318585,
0.25));
#1628=CARTESIAN_POINT('Ctrl Pts',(-0.380190429593234,0.197973799815592,
0.25));
#1629=CARTESIAN_POINT('Ctrl Pts',(-0.37813004660044,0.197224693863532,0.25));
#1630=CARTESIAN_POINT('Ctrl Pts',(-0.376069218437493,0.196525709223454,
0.25));
#1631=CARTESIAN_POINT('Ctrl Pts',(-0.374007680961523,0.195877282823755,
0.25));
#1632=CARTESIAN_POINT('Ctrl Pts',(-0.371945129883489,0.195279938575031,
0.25));
#1633=CARTESIAN_POINT('Ctrl Pts',(-0.369881223525066,0.194734298133976,
0.25));
#1634=CARTESIAN_POINT('Ctrl Pts',(-0.367815586890921,0.194241092643483,
0.25));
#1635=CARTESIAN_POINT('Ctrl Pts',(-0.365747817362922,0.193801175448323,
0.25));
#1636=CARTESIAN_POINT('Ctrl Pts',(-0.363677492376155,0.193415535748667,
0.25));
#1637=CARTESIAN_POINT('Ctrl Pts',(-0.361604179495108,0.19308531310143,0.25));
#1638=CARTESIAN_POINT('Ctrl Pts',(-0.359527449369863,0.19281181260878,0.25));
#1639=CARTESIAN_POINT('Ctrl Pts',(-0.357446892114006,0.192596520539603,
0.25));
#1640=CARTESIAN_POINT('Ctrl Pts',(-0.355362137703566,0.192441120008544,
0.25));
#1641=CARTESIAN_POINT('Ctrl Pts',(-0.353272881042931,0.192347506183508,
0.25));
#1642=CARTESIAN_POINT('Ctrl Pts',(-0.351178912369699,0.192317800301698,
0.25));
#1643=CARTESIAN_POINT('Ctrl Pts',(-0.349080153662562,0.192354361543347,
0.25));
#1644=CARTESIAN_POINT('Ctrl Pts',(-0.34697670165728,0.192459795540493,0.25));
#1645=CARTESIAN_POINT('Ctrl Pts',(-0.344868877943706,0.192636957989578,
0.25));
#1646=CARTESIAN_POINT('Ctrl Pts',(-0.342757286385586,0.192888951501976,
0.25));
#1647=CARTESIAN_POINT('Ctrl Pts',(-0.340642877745218,0.193219113486736,
0.25));
#1648=CARTESIAN_POINT('Ctrl Pts',(-0.33852702087737,0.193630992548977,0.25));
#1649=CARTESIAN_POINT('Ctrl Pts',(-0.336411579155816,0.19412831065659,0.25));
#1650=CARTESIAN_POINT('Ctrl Pts',(-0.33429898989684,0.194714908246313,0.25));
#1651=CARTESIAN_POINT('Ctrl Pts',(-0.332192343458657,0.195394669599196,
0.25));
#1652=CARTESIAN_POINT('Ctrl Pts',(-0.330095457452897,0.196171426306333,
0.25));
#1653=CARTESIAN_POINT('Ctrl Pts',(-0.328012940247192,0.197048837614851,
0.25));
#1654=CARTESIAN_POINT('Ctrl Pts',(-0.325950236618991,0.19803024782177,0.25));
#1655=CARTESIAN_POINT('Ctrl Pts',(-0.323913648005248,0.199118523304367,
0.25));
#1656=CARTESIAN_POINT('Ctrl Pts',(-0.321910317699016,0.200315872942335,
0.25));
#1657=CARTESIAN_POINT('Ctrl Pts',(-0.319948178667378,0.201623663987588,
0.25));
#1658=CARTESIAN_POINT('Ctrl Pts',(-0.318035837700426,0.203042228145339,
0.25));
#1659=CARTESIAN_POINT('Ctrl Pts',(-0.316182469696501,0.204570732119233,
0.25));
#1660=CARTESIAN_POINT('Ctrl Pts',(-0.314397432537797,0.206206897665399,
0.25));
#1661=CARTESIAN_POINT('Ctrl Pts',(-0.312690706774047,0.207947455357253,
0.25));
#1662=CARTESIAN_POINT('Ctrl Pts',(-0.311070031718801,0.209786069014345,
0.25));
#1663=CARTESIAN_POINT('Ctrl Pts',(-0.309720969870663,0.211503803847095,
0.25));
#1664=CARTESIAN_POINT('Ctrl Pts',(-0.307149828569929,0.215044205752715,
0.25));
#1665=CARTESIAN_POINT('Ctrl Pts',(-0.303457216542469,0.220474573248235,
0.25));
#1666=CARTESIAN_POINT('Ctrl Pts',(-0.299433710020095,0.225664531820919,
0.25));
#1667=CARTESIAN_POINT('Ctrl Pts',(-0.296861114074318,0.229203876865051,
0.25));
#1668=CARTESIAN_POINT('Ctrl Pts',(-0.295644334205901,0.231017720181757,
0.25));
#1669=CARTESIAN_POINT('Ctrl Pts',(-0.294396524840805,0.233127236619978,
0.25));
#1670=CARTESIAN_POINT('Ctrl Pts',(-0.293268563371716,0.235288291185594,
0.25));
#1671=CARTESIAN_POINT('Ctrl Pts',(-0.292264084284927,0.237491565366585,
0.25));
#1672=CARTESIAN_POINT('Ctrl Pts',(-0.291383112830416,0.239726556787713,
0.25));
#1673=CARTESIAN_POINT('Ctrl Pts',(-0.290624924002232,0.241983661558067,
0.25));
#1674=CARTESIAN_POINT('Ctrl Pts',(-0.289987475112794,0.244253896328058,
0.25));
#1675=CARTESIAN_POINT('Ctrl Pts',(-0.289467791047293,0.246529178056432,
0.25));
#1676=CARTESIAN_POINT('Ctrl Pts',(-0.289062120050242,0.248802384547229,
0.25));
#1677=CARTESIAN_POINT('Ctrl Pts',(-0.288766153953267,0.251067404706406,
0.25));
#1678=CARTESIAN_POINT('Ctrl Pts',(-0.28857521941847,0.253319131270578,0.25));
#1679=CARTESIAN_POINT('Ctrl Pts',(-0.288484453301618,0.255553419393284,
0.25));
#1680=CARTESIAN_POINT('Ctrl Pts',(-0.288488951387971,0.257767017026008,
0.25));
#1681=CARTESIAN_POINT('Ctrl Pts',(-0.28858388991098,0.259957477431096,0.25));
#1682=CARTESIAN_POINT('Ctrl Pts',(-0.288764619726633,0.262123061812085,
0.25));
#1683=CARTESIAN_POINT('Ctrl Pts',(-0.289026735190393,0.26426263890366,0.25));
#1684=CARTESIAN_POINT('Ctrl Pts',(-0.289366120686281,0.26637558668338,0.25));
#1685=CARTESIAN_POINT('Ctrl Pts',(-0.289778978290889,0.268461699872287,
0.25));
#1686=CARTESIAN_POINT('Ctrl Pts',(-0.290261840137884,0.270521105557815,
0.25));
#1687=CARTESIAN_POINT('Ctrl Pts',(-0.290811568864344,0.272554188191056,
0.25));
#1688=CARTESIAN_POINT('Ctrl Pts',(-0.291425349164828,0.274561524380615,
0.25));
#1689=CARTESIAN_POINT('Ctrl Pts',(-0.292100673043013,0.276543827309898,
0.25));
#1690=CARTESIAN_POINT('Ctrl Pts',(-0.292835320895076,0.278501900208363,
0.25));
#1691=CARTESIAN_POINT('Ctrl Pts',(-0.293627340124699,0.280436598070256,
0.25));
#1692=CARTESIAN_POINT('Ctrl Pts',(-0.294475022599826,0.282348796697833,
0.25));
#1693=CARTESIAN_POINT('Ctrl Pts',(-0.295376881927002,0.284239368115835,
0.25));
#1694=CARTESIAN_POINT('Ctrl Pts',(-0.296331631242385,0.28610916143175,0.25));
#1695=CARTESIAN_POINT('Ctrl Pts',(-0.297338161996475,0.287958988280364,
0.25));
#1696=CARTESIAN_POINT('Ctrl Pts',(-0.298395524036165,0.289789612074742,
0.25));
#1697=CARTESIAN_POINT('Ctrl Pts',(-0.299502907155925,0.291601740377662,
0.25));
#1698=CARTESIAN_POINT('Ctrl Pts',(-0.300659624192496,0.293396019799759,
0.25));
#1699=CARTESIAN_POINT('Ctrl Pts',(-0.301865095667595,0.295173032918367,
0.25));
#1700=CARTESIAN_POINT('Ctrl Pts',(-0.303118835934982,0.296933296791367,
0.25));
#1701=CARTESIAN_POINT('Ctrl Pts',(-0.304420440756556,0.29867726271211,0.25));
#1702=CARTESIAN_POINT('Ctrl Pts',(-0.305769576213352,0.300405316913697,
0.25));
#1703=CARTESIAN_POINT('Ctrl Pts',(-0.307165968846049,0.30211778198608,0.25));
#1704=CARTESIAN_POINT('Ctrl Pts',(-0.30860939692101,0.303814918809692,0.25));
#1705=CARTESIAN_POINT('Ctrl Pts',(-0.31009968270053,0.305496928867873,0.25));
#1706=CARTESIAN_POINT('Ctrl Pts',(-0.311636685669779,0.307163956755247,
0.25));
#1707=CARTESIAN_POINT('Ctrl Pts',(-0.313220296415148,0.30881609301604,0.25));
#1708=CARTESIAN_POINT('Ctrl Pts',(-0.314850431853758,0.310453376368051,
0.25));
#1709=CARTESIAN_POINT('Ctrl Pts',(-0.316527028743816,0.312075798547591,
0.25));
#1710=CARTESIAN_POINT('Ctrl Pts',(-0.318250046717238,0.31368329926418,0.25));
#1711=CARTESIAN_POINT('Ctrl Pts',(-0.320019437901438,0.315275798463447,
0.25));
#1712=CARTESIAN_POINT('Ctrl Pts',(-0.321835245498313,0.316853086909653,
0.25));
#1713=CARTESIAN_POINT('Ctrl Pts',(-0.323697215637387,0.318415253381149,
0.25));
#1714=CARTESIAN_POINT('Ctrl Pts',(-0.325606256309812,0.319961076994939,
0.25));
#1715=CARTESIAN_POINT('Ctrl Pts',(-0.327558893996496,0.321494134986887,
0.25));
#1716=CARTESIAN_POINT('Ctrl Pts',(-0.329568287781668,0.32299964925306,0.25));
#1717=CARTESIAN_POINT('Ctrl Pts',(-0.333370678909847,0.325890107041096,
0.25));
#1718=CARTESIAN_POINT('Ctrl Pts',(-0.33915375077318,0.328466675812579,0.25));
#1719=CARTESIAN_POINT('Ctrl Pts',(-0.342696098959075,0.334280479438456,
0.25));
#1720=CARTESIAN_POINT('Ctrl Pts',(-0.345594529089624,0.338588593389698,
0.25));
#1721=CARTESIAN_POINT('Ctrl Pts',(-0.348140534149716,0.342930865523293,
0.25));
#1722=CARTESIAN_POINT('Ctrl Pts',(-0.350899217344315,0.348027486428367,
0.25));
#1723=CARTESIAN_POINT('Ctrl Pts',(-0.353781552788358,0.353934389967661,
0.25));
#1724=CARTESIAN_POINT('Ctrl Pts',(-0.356736116817653,0.360658141477788,
0.25));
#1725=CARTESIAN_POINT('Ctrl Pts',(-0.359697594355087,0.36821657472959,0.25));
#1726=CARTESIAN_POINT('Ctrl Pts',(-0.362603726944145,0.376619050794972,
0.25));
#1727=CARTESIAN_POINT('Ctrl Pts',(-0.365390198753075,0.385872644951697,
0.25));
#1728=CARTESIAN_POINT('Ctrl Pts',(-0.367992496590354,0.395980155150032,
0.25));
#1729=CARTESIAN_POINT('Ctrl Pts',(-0.370345606296974,0.406940665013975,
0.25));
#1730=CARTESIAN_POINT('Ctrl Pts',(-0.372384369853383,0.41874934228797,0.25));
#1731=CARTESIAN_POINT('Ctrl Pts',(-0.374043666031225,0.431397460182753,
0.25));
#1732=CARTESIAN_POINT('Ctrl Pts',(-0.375517846850405,0.447748417518208,
0.25));
#1733=CARTESIAN_POINT('Ctrl Pts',(-0.375965506514028,0.459909176392333,
0.25));
#1734=CARTESIAN_POINT('Ctrl Pts',(-0.376012133614114,0.467562696736102,
0.25));
#1735=CARTESIAN_POINT('',(-0.376012133614114,0.467562696736102,0.5));
#1736=CARTESIAN_POINT('Ctrl Pts',(-0.376012133614114,0.467562696736102,
0.5));
#1737=CARTESIAN_POINT('Ctrl Pts',(-0.375965506514028,0.459909176392333,
0.5));
#1738=CARTESIAN_POINT('Ctrl Pts',(-0.375517846850405,0.447748417518208,
0.5));
#1739=CARTESIAN_POINT('Ctrl Pts',(-0.374043666031225,0.431397460182753,
0.5));
#1740=CARTESIAN_POINT('Ctrl Pts',(-0.372384369853383,0.41874934228797,0.5));
#1741=CARTESIAN_POINT('Ctrl Pts',(-0.370345606296974,0.406940665013975,
0.5));
#1742=CARTESIAN_POINT('Ctrl Pts',(-0.367992496590354,0.395980155150032,
0.5));
#1743=CARTESIAN_POINT('Ctrl Pts',(-0.365390198753075,0.385872644951697,
0.5));
#1744=CARTESIAN_POINT('Ctrl Pts',(-0.362603726944145,0.376619050794972,
0.5));
#1745=CARTESIAN_POINT('Ctrl Pts',(-0.359697594355087,0.36821657472959,0.5));
#1746=CARTESIAN_POINT('Ctrl Pts',(-0.356736116817653,0.360658141477788,
0.5));
#1747=CARTESIAN_POINT('Ctrl Pts',(-0.353781552788358,0.353934389967661,
0.5));
#1748=CARTESIAN_POINT('Ctrl Pts',(-0.350899217344315,0.348027486428367,
0.5));
#1749=CARTESIAN_POINT('Ctrl Pts',(-0.348140534149716,0.342930865523293,
0.5));
#1750=CARTESIAN_POINT('Ctrl Pts',(-0.345594529089624,0.338588593389698,
0.5));
#1751=CARTESIAN_POINT('Ctrl Pts',(-0.342696098959075,0.334280479438456,
0.5));
#1752=CARTESIAN_POINT('Ctrl Pts',(-0.33915375077318,0.328466675812579,0.5));
#1753=CARTESIAN_POINT('Ctrl Pts',(-0.333370678909847,0.325890107041096,
0.5));
#1754=CARTESIAN_POINT('Ctrl Pts',(-0.329568287781668,0.32299964925306,0.5));
#1755=CARTESIAN_POINT('Ctrl Pts',(-0.327558893996496,0.321494134986887,
0.5));
#1756=CARTESIAN_POINT('Ctrl Pts',(-0.325606256309812,0.319961076994939,
0.5));
#1757=CARTESIAN_POINT('Ctrl Pts',(-0.323697215637387,0.318415253381149,
0.5));
#1758=CARTESIAN_POINT('Ctrl Pts',(-0.321835245498313,0.316853086909653,
0.5));
#1759=CARTESIAN_POINT('Ctrl Pts',(-0.320019437901438,0.315275798463447,
0.5));
#1760=CARTESIAN_POINT('Ctrl Pts',(-0.318250046717238,0.31368329926418,0.5));
#1761=CARTESIAN_POINT('Ctrl Pts',(-0.316527028743816,0.312075798547591,
0.5));
#1762=CARTESIAN_POINT('Ctrl Pts',(-0.314850431853758,0.310453376368051,
0.5));
#1763=CARTESIAN_POINT('Ctrl Pts',(-0.313220296415148,0.30881609301604,0.5));
#1764=CARTESIAN_POINT('Ctrl Pts',(-0.311636685669779,0.307163956755247,
0.5));
#1765=CARTESIAN_POINT('Ctrl Pts',(-0.31009968270053,0.305496928867873,0.5));
#1766=CARTESIAN_POINT('Ctrl Pts',(-0.30860939692101,0.303814918809692,0.5));
#1767=CARTESIAN_POINT('Ctrl Pts',(-0.307165968846049,0.30211778198608,0.5));
#1768=CARTESIAN_POINT('Ctrl Pts',(-0.305769576213352,0.300405316913697,
0.5));
#1769=CARTESIAN_POINT('Ctrl Pts',(-0.304420440756556,0.29867726271211,0.5));
#1770=CARTESIAN_POINT('Ctrl Pts',(-0.303118835934982,0.296933296791367,
0.5));
#1771=CARTESIAN_POINT('Ctrl Pts',(-0.301865095667595,0.295173032918367,
0.5));
#1772=CARTESIAN_POINT('Ctrl Pts',(-0.300659624192496,0.293396019799759,
0.5));
#1773=CARTESIAN_POINT('Ctrl Pts',(-0.299502907155925,0.291601740377662,
0.5));
#1774=CARTESIAN_POINT('Ctrl Pts',(-0.298395524036165,0.289789612074742,
0.5));
#1775=CARTESIAN_POINT('Ctrl Pts',(-0.297338161996475,0.287958988280364,
0.5));
#1776=CARTESIAN_POINT('Ctrl Pts',(-0.296331631242385,0.28610916143175,0.5));
#1777=CARTESIAN_POINT('Ctrl Pts',(-0.295376881927002,0.284239368115835,
0.5));
#1778=CARTESIAN_POINT('Ctrl Pts',(-0.294475022599826,0.282348796697833,
0.5));
#1779=CARTESIAN_POINT('Ctrl Pts',(-0.293627340124699,0.280436598070256,
0.5));
#1780=CARTESIAN_POINT('Ctrl Pts',(-0.292835320895076,0.278501900208363,
0.5));
#1781=CARTESIAN_POINT('Ctrl Pts',(-0.292100673043013,0.276543827309898,
0.5));
#1782=CARTESIAN_POINT('Ctrl Pts',(-0.291425349164828,0.274561524380615,
0.5));
#1783=CARTESIAN_POINT('Ctrl Pts',(-0.290811568864344,0.272554188191056,
0.5));
#1784=CARTESIAN_POINT('Ctrl Pts',(-0.290261840137884,0.270521105557815,
0.5));
#1785=CARTESIAN_POINT('Ctrl Pts',(-0.289778978290889,0.268461699872287,
0.5));
#1786=CARTESIAN_POINT('Ctrl Pts',(-0.289366120686281,0.26637558668338,0.5));
#1787=CARTESIAN_POINT('Ctrl Pts',(-0.289026735190393,0.26426263890366,0.5));
#1788=CARTESIAN_POINT('Ctrl Pts',(-0.288764619726633,0.262123061812085,
0.5));
#1789=CARTESIAN_POINT('Ctrl Pts',(-0.28858388991098,0.259957477431096,0.5));
#1790=CARTESIAN_POINT('Ctrl Pts',(-0.288488951387971,0.257767017026008,
0.5));
#1791=CARTESIAN_POINT('Ctrl Pts',(-0.288484453301618,0.255553419393284,
0.5));
#1792=CARTESIAN_POINT('Ctrl Pts',(-0.28857521941847,0.253319131270578,0.5));
#1793=CARTESIAN_POINT('Ctrl Pts',(-0.288766153953267,0.251067404706406,
0.5));
#1794=CARTESIAN_POINT('Ctrl Pts',(-0.289062120050242,0.248802384547229,
0.5));
#1795=CARTESIAN_POINT('Ctrl Pts',(-0.289467791047293,0.246529178056432,
0.5));
#1796=CARTESIAN_POINT('Ctrl Pts',(-0.289987475112794,0.244253896328058,
0.5));
#1797=CARTESIAN_POINT('Ctrl Pts',(-0.290624924002232,0.241983661558067,
0.5));
#1798=CARTESIAN_POINT('Ctrl Pts',(-0.291383112830416,0.239726556787713,
0.5));
#1799=CARTESIAN_POINT('Ctrl Pts',(-0.292264084284927,0.237491565366585,
0.5));
#1800=CARTESIAN_POINT('Ctrl Pts',(-0.293268563371716,0.235288291185594,
0.5));
#1801=CARTESIAN_POINT('Ctrl Pts',(-0.294396524840805,0.233127236619978,
0.5));
#1802=CARTESIAN_POINT('Ctrl Pts',(-0.295644334205901,0.231017720181757,
0.5));
#1803=CARTESIAN_POINT('Ctrl Pts',(-0.296861114074318,0.229203876865051,
0.5));
#1804=CARTESIAN_POINT('Ctrl Pts',(-0.299433710020095,0.225664531820919,
0.5));
#1805=CARTESIAN_POINT('Ctrl Pts',(-0.303457216542469,0.220474573248235,
0.5));
#1806=CARTESIAN_POINT('Ctrl Pts',(-0.307149828569929,0.215044205752715,
0.5));
#1807=CARTESIAN_POINT('Ctrl Pts',(-0.309720969870663,0.211503803847095,
0.5));
#1808=CARTESIAN_POINT('Ctrl Pts',(-0.311070031718801,0.209786069014345,
0.5));
#1809=CARTESIAN_POINT('Ctrl Pts',(-0.312690706774047,0.207947455357253,
0.5));
#1810=CARTESIAN_POINT('Ctrl Pts',(-0.314397432537797,0.206206897665399,
0.5));
#1811=CARTESIAN_POINT('Ctrl Pts',(-0.316182469696501,0.204570732119233,
0.5));
#1812=CARTESIAN_POINT('Ctrl Pts',(-0.318035837700426,0.203042228145339,
0.5));
#1813=CARTESIAN_POINT('Ctrl Pts',(-0.319948178667378,0.201623663987588,
0.5));
#1814=CARTESIAN_POINT('Ctrl Pts',(-0.321910317699016,0.200315872942335,
0.5));
#1815=CARTESIAN_POINT('Ctrl Pts',(-0.323913648005248,0.199118523304367,
0.5));
#1816=CARTESIAN_POINT('Ctrl Pts',(-0.325950236618991,0.19803024782177,0.5));
#1817=CARTESIAN_POINT('Ctrl Pts',(-0.328012940247192,0.197048837614851,
0.5));
#1818=CARTESIAN_POINT('Ctrl Pts',(-0.330095457452897,0.196171426306333,
0.5));
#1819=CARTESIAN_POINT('Ctrl Pts',(-0.332192343458657,0.195394669599196,
0.5));
#1820=CARTESIAN_POINT('Ctrl Pts',(-0.33429898989684,0.194714908246313,0.5));
#1821=CARTESIAN_POINT('Ctrl Pts',(-0.336411579155816,0.19412831065659,0.5));
#1822=CARTESIAN_POINT('Ctrl Pts',(-0.33852702087737,0.193630992548977,0.5));
#1823=CARTESIAN_POINT('Ctrl Pts',(-0.340642877745218,0.193219113486736,
0.5));
#1824=CARTESIAN_POINT('Ctrl Pts',(-0.342757286385586,0.192888951501976,
0.5));
#1825=CARTESIAN_POINT('Ctrl Pts',(-0.344868877943706,0.192636957989578,
0.5));
#1826=CARTESIAN_POINT('Ctrl Pts',(-0.34697670165728,0.192459795540493,0.5));
#1827=CARTESIAN_POINT('Ctrl Pts',(-0.349080153662562,0.192354361543347,
0.5));
#1828=CARTESIAN_POINT('Ctrl Pts',(-0.351178912369699,0.192317800301698,
0.5));
#1829=CARTESIAN_POINT('Ctrl Pts',(-0.353272881042931,0.192347506183508,
0.5));
#1830=CARTESIAN_POINT('Ctrl Pts',(-0.355362137703566,0.192441120008544,
0.5));
#1831=CARTESIAN_POINT('Ctrl Pts',(-0.357446892114006,0.192596520539603,
0.5));
#1832=CARTESIAN_POINT('Ctrl Pts',(-0.359527449369863,0.19281181260878,0.5));
#1833=CARTESIAN_POINT('Ctrl Pts',(-0.361604179495108,0.19308531310143,0.5));
#1834=CARTESIAN_POINT('Ctrl Pts',(-0.363677492376155,0.193415535748667,
0.5));
#1835=CARTESIAN_POINT('Ctrl Pts',(-0.365747817362922,0.193801175448323,
0.5));
#1836=CARTESIAN_POINT('Ctrl Pts',(-0.367815586890921,0.194241092643483,
0.5));
#1837=CARTESIAN_POINT('Ctrl Pts',(-0.369881223525066,0.194734298133976,
0.5));
#1838=CARTESIAN_POINT('Ctrl Pts',(-0.371945129883489,0.195279938575031,
0.5));
#1839=CARTESIAN_POINT('Ctrl Pts',(-0.374007680961523,0.195877282823755,
0.5));
#1840=CARTESIAN_POINT('Ctrl Pts',(-0.376069218437493,0.196525709223454,
0.5));
#1841=CARTESIAN_POINT('Ctrl Pts',(-0.37813004660044,0.197224693863532,0.5));
#1842=CARTESIAN_POINT('Ctrl Pts',(-0.380190429593234,0.197973799815592,
0.5));
#1843=CARTESIAN_POINT('Ctrl Pts',(-0.382250589713575,0.198772667318585,
0.5));
#1844=CARTESIAN_POINT('Ctrl Pts',(-0.384310706554036,0.199621004874804,
0.5));
#1845=CARTESIAN_POINT('Ctrl Pts',(-0.38637091681269,0.200518581183872,0.5));
#1846=CARTESIAN_POINT('Ctrl Pts',(-0.388431314585726,0.201465217926045,
0.5));
#1847=CARTESIAN_POINT('Ctrl Pts',(-0.390491952175154,0.202460783063095,
0.5));
#1848=CARTESIAN_POINT('Ctrl Pts',(-0.39255284072977,0.20350518561405,0.5));
#1849=CARTESIAN_POINT('Ctrl Pts',(-0.394613952847547,0.204598367986012,
0.5));
#1850=CARTESIAN_POINT('Ctrl Pts',(-0.396675218714409,0.205740310417432,
0.5));
#1851=CARTESIAN_POINT('Ctrl Pts',(-0.398736547400681,0.206930992116939,
0.5));
#1852=CARTESIAN_POINT('Ctrl Pts',(-0.400797753261472,0.208170518829376,
0.5));
#1853=CARTESIAN_POINT('Ctrl Pts',(-0.402858842279719,0.209458621675555,
0.5));
#1854=CARTESIAN_POINT('Ctrl Pts',(-0.404918933911389,0.210796541479969,
0.5));
#1855=CARTESIAN_POINT('Ctrl Pts',(-0.406980356933532,0.21217986930298,0.5));
#1856=CARTESIAN_POINT('Ctrl Pts',(-0.409033122914761,0.213625686862649,
0.5));
#1857=CARTESIAN_POINT('Ctrl Pts',(-0.412957115107016,0.21634877514458,0.5));
#1858=CARTESIAN_POINT('Ctrl Pts',(-0.417194645112279,0.221052599786842,
0.5));
#1859=CARTESIAN_POINT('Ctrl Pts',(-0.423818546724564,0.222625008989669,
0.5));
#1860=CARTESIAN_POINT('Ctrl Pts',(-0.428811470738184,0.224050299427716,
0.5));
#1861=CARTESIAN_POINT('Ctrl Pts',(-0.433727975777699,0.225129858247155,
0.5));
#1862=CARTESIAN_POINT('Ctrl Pts',(-0.439427630289783,0.226178579402218,
0.5));
#1863=CARTESIAN_POINT('Ctrl Pts',(-0.445936120027654,0.227094509730648,
0.5));
#1864=CARTESIAN_POINT('Ctrl Pts',(-0.453243798211331,0.227826713620937,
0.5));
#1865=CARTESIAN_POINT('Ctrl Pts',(-0.461347442295966,0.22830756180512,0.5));
#1866=CARTESIAN_POINT('Ctrl Pts',(-0.470236716268887,0.22847495024213,0.5));
#1867=CARTESIAN_POINT('Ctrl Pts',(-0.479898474434097,0.228265524560008,
0.5));
#1868=CARTESIAN_POINT('Ctrl Pts',(-0.490315442127889,0.22761706445339,0.5));
#1869=CARTESIAN_POINT('Ctrl Pts',(-0.501466657344882,0.226468020958456,
0.5));
#1870=CARTESIAN_POINT('Ctrl Pts',(-0.513327389401584,0.22475791836521,0.5));
#1871=CARTESIAN_POINT('Ctrl Pts',(-0.525869215061942,0.222427519431264,
0.5));
#1872=CARTESIAN_POINT('Ctrl Pts',(-0.541875446509395,0.218776825014588,
0.5));
#1873=CARTESIAN_POINT('Ctrl Pts',(-0.553579349923478,0.21544469349816,0.5));
#1874=CARTESIAN_POINT('Ctrl Pts',(-0.560872688884492,0.213123970652784,
0.5));
#1875=CARTESIAN_POINT('',(-0.376012133614114,0.467562696736102,0.25));
#1876=CARTESIAN_POINT('Origin',(0.,0.,0.25));
#1877=CARTESIAN_POINT('',(-0.328484410128606,0.502093609106699,0.25));
#1878=CARTESIAN_POINT('Origin',(0.,0.,0.25));
#1879=CARTESIAN_POINT('',(-0.328484410128606,0.502093609106699,0.5));
#1880=CARTESIAN_POINT('Origin',(0.,0.,0.5));
#1881=CARTESIAN_POINT('',(-0.328484410128606,0.502093609106699,0.25));
#1882=CARTESIAN_POINT('Ctrl Pts',(-0.0293737485214227,0.599280554416689,
0.25));
#1883=CARTESIAN_POINT('Ctrl Pts',(-0.0293737485214227,0.599280554416689,
0.5));
#1884=CARTESIAN_POINT('Ctrl Pts',(-0.0338346527912428,0.593061319669999,
0.25));
#1885=CARTESIAN_POINT('Ctrl Pts',(-0.0338346527912428,0.593061319669999,
0.5));
#1886=CARTESIAN_POINT('Ctrl Pts',(-0.0406204032385707,0.582959931328011,
0.25));
#1887=CARTESIAN_POINT('Ctrl Pts',(-0.0406204032385707,0.582959931328011,
0.5));
#1888=CARTESIAN_POINT('Ctrl Pts',(-0.0490386174857162,0.568865227224602,
0.25));
#1889=CARTESIAN_POINT('Ctrl Pts',(-0.0490386174857162,0.568865227224602,
0.5));
#1890=CARTESIAN_POINT('Ctrl Pts',(-0.0551305958469511,0.557657375078343,
0.25));
#1891=CARTESIAN_POINT('Ctrl Pts',(-0.0551305958469511,0.557657375078343,
0.5));
#1892=CARTESIAN_POINT('Ctrl Pts',(-0.06042216783304,0.546905599331224,0.25));
#1893=CARTESIAN_POINT('Ctrl Pts',(-0.06042216783304,0.546905599331224,0.5));
#1894=CARTESIAN_POINT('Ctrl Pts',(-0.064960888146387,0.536655237401703,
0.25));
#1895=CARTESIAN_POINT('Ctrl Pts',(-0.064960888146387,0.536655237401703,
0.5));
#1896=CARTESIAN_POINT('Ctrl Pts',(-0.0687966304035803,0.526948497589606,
0.25));
#1897=CARTESIAN_POINT('Ctrl Pts',(-0.0687966304035803,0.526948497589606,
0.5));
#1898=CARTESIAN_POINT('Ctrl Pts',(-0.0719814535318325,0.517824335622549,
0.25));
#1899=CARTESIAN_POINT('Ctrl Pts',(-0.0719814535318325,0.517824335622549,
0.5));
#1900=CARTESIAN_POINT('Ctrl Pts',(-0.0745691943933487,0.509318407813772,
0.25));
#1901=CARTESIAN_POINT('Ctrl Pts',(-0.0745691943933487,0.509318407813772,
0.5));
#1902=CARTESIAN_POINT('Ctrl Pts',(-0.0766160443329519,0.501462794040716,
0.25));
#1903=CARTESIAN_POINT('Ctrl Pts',(-0.0766160443329519,0.501462794040716,
0.5));
#1904=CARTESIAN_POINT('Ctrl Pts',(-0.0781778738000151,0.494286515639695,
0.25));
#1905=CARTESIAN_POINT('Ctrl Pts',(-0.0781778738000151,0.494286515639695,
0.5));
#1906=CARTESIAN_POINT('Ctrl Pts',(-0.0793180062294056,0.487813536026105,
0.25));
#1907=CARTESIAN_POINT('Ctrl Pts',(-0.0793180062294056,0.487813536026105,
0.5));
#1908=CARTESIAN_POINT('Ctrl Pts',(-0.0800819032474067,0.482068769802481,
0.25));
#1909=CARTESIAN_POINT('Ctrl Pts',(-0.0800819032474067,0.482068769802481,
0.5));
#1910=CARTESIAN_POINT('Ctrl Pts',(-0.0805744654075959,0.477059293625618,
0.25));
#1911=CARTESIAN_POINT('Ctrl Pts',(-0.0805744654075959,0.477059293625618,
0.5));
#1912=CARTESIAN_POINT('Ctrl Pts',(-0.0807618320207091,0.471870301739822,
0.25));
#1913=CARTESIAN_POINT('Ctrl Pts',(-0.0807618320207091,0.471870301739822,
0.5));
#1914=CARTESIAN_POINT('Ctrl Pts',(-0.0813132801693413,0.465084695782375,
0.25));
#1915=CARTESIAN_POINT('Ctrl Pts',(-0.0813132801693413,0.465084695782375,
0.5));
#1916=CARTESIAN_POINT('Ctrl Pts',(-0.0781491458776082,0.459601003504855,
0.25));
#1917=CARTESIAN_POINT('Ctrl Pts',(-0.0781491458776082,0.459601003504855,
0.5));
#1918=CARTESIAN_POINT('Ctrl Pts',(-0.0767719152958328,0.455027584604219,
0.25));
#1919=CARTESIAN_POINT('Ctrl Pts',(-0.0767719152958328,0.455027584604219,
0.5));
#1920=CARTESIAN_POINT('Ctrl Pts',(-0.07603120065801,0.452628505944639,0.25));
#1921=CARTESIAN_POINT('Ctrl Pts',(-0.07603120065801,0.452628505944639,0.5));
#1922=CARTESIAN_POINT('Ctrl Pts',(-0.0753525924642014,0.450240504340487,
0.25));
#1923=CARTESIAN_POINT('Ctrl Pts',(-0.0753525924642014,0.450240504340487,
0.5));
#1924=CARTESIAN_POINT('Ctrl Pts',(-0.0747167584400879,0.447867800813347,
0.25));
#1925=CARTESIAN_POINT('Ctrl Pts',(-0.0747167584400879,0.447867800813347,
0.5));
#1926=CARTESIAN_POINT('Ctrl Pts',(-0.0741286113681289,0.445509543001907,
0.25));
#1927=CARTESIAN_POINT('Ctrl Pts',(-0.0741286113681289,0.445509543001907,
0.5));
#1928=CARTESIAN_POINT('Ctrl Pts',(-0.0735866990510338,0.443166184917452,
0.25));
#1929=CARTESIAN_POINT('Ctrl Pts',(-0.0735866990510338,0.443166184917452,
0.5));
#1930=CARTESIAN_POINT('Ctrl Pts',(-0.0730912790569351,0.440837803958107,
0.25));
#1931=CARTESIAN_POINT('Ctrl Pts',(-0.0730912790569351,0.440837803958107,
0.5));
#1932=CARTESIAN_POINT('Ctrl Pts',(-0.0726421934490841,0.438524544005705,
0.25));
#1933=CARTESIAN_POINT('Ctrl Pts',(-0.0726421934490841,0.438524544005705,
0.5));
#1934=CARTESIAN_POINT('Ctrl Pts',(-0.0722394339024365,0.436226497964391,
0.25));
#1935=CARTESIAN_POINT('Ctrl Pts',(-0.0722394339024365,0.436226497964391,
0.5));
#1936=CARTESIAN_POINT('Ctrl Pts',(-0.0718829976376041,0.433943738337952,
0.25));
#1937=CARTESIAN_POINT('Ctrl Pts',(-0.0718829976376041,0.433943738337952,
0.5));
#1938=CARTESIAN_POINT('Ctrl Pts',(-0.0715729309609972,0.431676308984448,
0.25));
#1939=CARTESIAN_POINT('Ctrl Pts',(-0.0715729309609972,0.431676308984448,
0.5));
#1940=CARTESIAN_POINT('Ctrl Pts',(-0.0713093238458295,0.429424227415411,
0.25));
#1941=CARTESIAN_POINT('Ctrl Pts',(-0.0713093238458295,0.429424227415411,
0.5));
#1942=CARTESIAN_POINT('Ctrl Pts',(-0.0710923180301283,0.42718748469073,
0.25));
#1943=CARTESIAN_POINT('Ctrl Pts',(-0.0710923180301283,0.42718748469073,
0.5));
#1944=CARTESIAN_POINT('Ctrl Pts',(-0.0709221121833687,0.42496604642344,
0.25));
#1945=CARTESIAN_POINT('Ctrl Pts',(-0.0709221121833687,0.42496604642344,
0.5));
#1946=CARTESIAN_POINT('Ctrl Pts',(-0.0707989685273096,0.422759854081701,
0.25));
#1947=CARTESIAN_POINT('Ctrl Pts',(-0.0707989685273096,0.422759854081701,
0.5));
#1948=CARTESIAN_POINT('Ctrl Pts',(-0.0707232197899025,0.420568826940566,
0.25));
#1949=CARTESIAN_POINT('Ctrl Pts',(-0.0707232197899025,0.420568826940566,
0.5));
#1950=CARTESIAN_POINT('Ctrl Pts',(-0.0706952768180028,0.41839286475464,
0.25));
#1951=CARTESIAN_POINT('Ctrl Pts',(-0.0706952768180028,0.41839286475464,
0.5));
#1952=CARTESIAN_POINT('Ctrl Pts',(-0.0707156367798468,0.416231851327424,
0.25));
#1953=CARTESIAN_POINT('Ctrl Pts',(-0.0707156367798468,0.416231851327424,
0.5));
#1954=CARTESIAN_POINT('Ctrl Pts',(-0.0707848919745056,0.41408565916012,
0.25));
#1955=CARTESIAN_POINT('Ctrl Pts',(-0.0707848919745056,0.41408565916012,
0.5));
#1956=CARTESIAN_POINT('Ctrl Pts',(-0.0709037392170369,0.411954155399814,
0.25));
#1957=CARTESIAN_POINT('Ctrl Pts',(-0.0709037392170369,0.411954155399814,
0.5));
#1958=CARTESIAN_POINT('Ctrl Pts',(-0.071072989745585,0.409837209340331,
0.25));
#1959=CARTESIAN_POINT('Ctrl Pts',(-0.071072989745585,0.409837209340331,
0.5));
#1960=CARTESIAN_POINT('Ctrl Pts',(-0.0712935795551005,0.407734701767109,
0.25));
#1961=CARTESIAN_POINT('Ctrl Pts',(-0.0712935795551005,0.407734701767109,
0.5));
#1962=CARTESIAN_POINT('Ctrl Pts',(-0.0715665800105906,0.405646536476697,
0.25));
#1963=CARTESIAN_POINT('Ctrl Pts',(-0.0715665800105906,0.405646536476697,
0.5));
#1964=CARTESIAN_POINT('Ctrl Pts',(-0.0718932085250081,0.403572654340934,
0.25));
#1965=CARTESIAN_POINT('Ctrl Pts',(-0.0718932085250081,0.403572654340934,
0.5));
#1966=CARTESIAN_POINT('Ctrl Pts',(-0.0722748390006944,0.401513050322535,
0.25));
#1967=CARTESIAN_POINT('Ctrl Pts',(-0.0722748390006944,0.401513050322535,
0.5));
#1968=CARTESIAN_POINT('Ctrl Pts',(-0.0727130116252262,0.399467793878697,
0.25));
#1969=CARTESIAN_POINT('Ctrl Pts',(-0.0727130116252262,0.399467793878697,
0.5));
#1970=CARTESIAN_POINT('Ctrl Pts',(-0.0732094414794517,0.397437053206741,
0.25));
#1971=CARTESIAN_POINT('Ctrl Pts',(-0.0732094414794517,0.397437053206741,
0.5));
#1972=CARTESIAN_POINT('Ctrl Pts',(-0.0737660252548831,0.395421123782587,
0.25));
#1973=CARTESIAN_POINT('Ctrl Pts',(-0.0737660252548831,0.395421123782587,
0.5));
#1974=CARTESIAN_POINT('Ctrl Pts',(-0.0743848451881328,0.393420461608679,
0.25));
#1975=CARTESIAN_POINT('Ctrl Pts',(-0.0743848451881328,0.393420461608679,
0.5));
#1976=CARTESIAN_POINT('Ctrl Pts',(-0.0750681691028443,0.39143572150913,
0.25));
#1977=CARTESIAN_POINT('Ctrl Pts',(-0.0750681691028443,0.39143572150913,
0.5));
#1978=CARTESIAN_POINT('Ctrl Pts',(-0.0758184452093535,0.389467800669695,
0.25));
#1979=CARTESIAN_POINT('Ctrl Pts',(-0.0758184452093535,0.389467800669695,
0.5));
#1980=CARTESIAN_POINT('Ctrl Pts',(-0.0766382900596398,0.387517887399232,
0.25));
#1981=CARTESIAN_POINT('Ctrl Pts',(-0.0766382900596398,0.387517887399232,
0.5));
#1982=CARTESIAN_POINT('Ctrl Pts',(-0.0775304678083071,0.385587514765931,
0.25));
#1983=CARTESIAN_POINT('Ctrl Pts',(-0.0775304678083071,0.385587514765931,
0.5));
#1984=CARTESIAN_POINT('Ctrl Pts',(-0.0784978587182729,0.383678618314586,
0.25));
#1985=CARTESIAN_POINT('Ctrl Pts',(-0.0784978587182729,0.383678618314586,
0.5));
#1986=CARTESIAN_POINT('Ctrl Pts',(-0.0795434147141734,0.381793596482731,
0.25));
#1987=CARTESIAN_POINT('Ctrl Pts',(-0.0795434147141734,0.381793596482731,
0.5));
#1988=CARTESIAN_POINT('Ctrl Pts',(-0.0806700997836597,0.379935371595467,
0.25));
#1989=CARTESIAN_POINT('Ctrl Pts',(-0.0806700997836597,0.379935371595467,
0.5));
#1990=CARTESIAN_POINT('Ctrl Pts',(-0.0818808132269663,0.378107448438546,
0.25));
#1991=CARTESIAN_POINT('Ctrl Pts',(-0.0818808132269663,0.378107448438546,
0.5));
#1992=CARTESIAN_POINT('Ctrl Pts',(-0.0831782942416892,0.376313966426143,
0.25));
#1993=CARTESIAN_POINT('Ctrl Pts',(-0.0831782942416892,0.376313966426143,
0.5));
#1994=CARTESIAN_POINT('Ctrl Pts',(-0.0845650071806349,0.374559740349437,
0.25));
#1995=CARTESIAN_POINT('Ctrl Pts',(-0.0845650071806349,0.374559740349437,
0.5));
#1996=CARTESIAN_POINT('Ctrl Pts',(-0.0860430081307136,0.372850283796043,
0.25));
#1997=CARTESIAN_POINT('Ctrl Pts',(-0.0860430081307136,0.372850283796043,
0.5));
#1998=CARTESIAN_POINT('Ctrl Pts',(-0.087613795178635,0.371191808501648,
0.25));
#1999=CARTESIAN_POINT('Ctrl Pts',(-0.087613795178635,0.371191808501648,
0.5));
#2000=CARTESIAN_POINT('Ctrl Pts',(-0.0892781471600805,0.369591193248219,
0.25));
#2001=CARTESIAN_POINT('Ctrl Pts',(-0.0892781471600805,0.369591193248219,
0.5));
#2002=CARTESIAN_POINT('Ctrl Pts',(-0.0910359574455254,0.368055914292527,
0.25));
#2003=CARTESIAN_POINT('Ctrl Pts',(-0.0910359574455254,0.368055914292527,
0.5));
#2004=CARTESIAN_POINT('Ctrl Pts',(-0.0928860749471685,0.366593938838684,
0.25));
#2005=CARTESIAN_POINT('Ctrl Pts',(-0.0928860749471685,0.366593938838684,
0.5));
#2006=CARTESIAN_POINT('Ctrl Pts',(-0.0948261554910075,0.365213554933042,
0.25));
#2007=CARTESIAN_POINT('Ctrl Pts',(-0.0948261554910075,0.365213554933042,
0.5));
#2008=CARTESIAN_POINT('Ctrl Pts',(-0.0968525713656058,0.36392323091972,
0.25));
#2009=CARTESIAN_POINT('Ctrl Pts',(-0.0968525713656058,0.36392323091972,
0.5));
#2010=CARTESIAN_POINT('Ctrl Pts',(-0.0989602640876557,0.362731162657482,
0.25));
#2011=CARTESIAN_POINT('Ctrl Pts',(-0.0989602640876557,0.362731162657482,
0.5));
#2012=CARTESIAN_POINT('Ctrl Pts',(-0.101143040088217,0.361645831904812,
0.25));
#2013=CARTESIAN_POINT('Ctrl Pts',(-0.101143040088217,0.361645831904812,
0.5));
#2014=CARTESIAN_POINT('Ctrl Pts',(-0.103392481722175,0.360672641198854,
0.25));
#2015=CARTESIAN_POINT('Ctrl Pts',(-0.103392481722175,0.360672641198854,
0.5));
#2016=CARTESIAN_POINT('Ctrl Pts',(-0.105443027665666,0.359920416392447,
0.25));
#2017=CARTESIAN_POINT('Ctrl Pts',(-0.105443027665666,0.359920416392447,
0.5));
#2018=CARTESIAN_POINT('Ctrl Pts',(-0.109604676325176,0.358569160059822,
0.25));
#2019=CARTESIAN_POINT('Ctrl Pts',(-0.109604676325176,0.358569160059822,
0.5));
#2020=CARTESIAN_POINT('Ctrl Pts',(-0.115910342587786,0.356735353170773,
0.25));
#2021=CARTESIAN_POINT('Ctrl Pts',(-0.115910342587786,0.356735353170773,
0.5));
#2022=CARTESIAN_POINT('Ctrl Pts',(-0.12208961840003,0.354512556473375,0.25));
#2023=CARTESIAN_POINT('Ctrl Pts',(-0.12208961840003,0.354512556473375,0.5));
#2024=CARTESIAN_POINT('Ctrl Pts',(-0.126250711434575,0.353159590102942,
0.25));
#2025=CARTESIAN_POINT('Ctrl Pts',(-0.126250711434575,0.353159590102942,
0.5));
#2026=CARTESIAN_POINT('Ctrl Pts',(-0.128351784598221,0.352562872090184,
0.25));
#2027=CARTESIAN_POINT('Ctrl Pts',(-0.128351784598221,0.352562872090184,
0.5));
#2028=CARTESIAN_POINT('Ctrl Pts',(-0.130743648252577,0.352028011291738,
0.25));
#2029=CARTESIAN_POINT('Ctrl Pts',(-0.130743648252577,0.352028011291738,
0.5));
#2030=CARTESIAN_POINT('Ctrl Pts',(-0.133147492542224,0.351623058772979,
0.25));
#2031=CARTESIAN_POINT('Ctrl Pts',(-0.133147492542224,0.351623058772979,
0.5));
#2032=CARTESIAN_POINT('Ctrl Pts',(-0.135553331917552,0.351348591557199,
0.25));
#2033=CARTESIAN_POINT('Ctrl Pts',(-0.135553331917552,0.351348591557199,
0.5));
#2034=CARTESIAN_POINT('Ctrl Pts',(-0.137951170223483,0.351201388246127,
0.25));
#2035=CARTESIAN_POINT('Ctrl Pts',(-0.137951170223483,0.351201388246127,
0.5));
#2036=CARTESIAN_POINT('Ctrl Pts',(-0.140332097656143,0.351177791552625,
0.25));
#2037=CARTESIAN_POINT('Ctrl Pts',(-0.140332097656143,0.351177791552625,
0.5));
#2038=CARTESIAN_POINT('Ctrl Pts',(-0.142688201767545,0.351273082757668,
0.25));
#2039=CARTESIAN_POINT('Ctrl Pts',(-0.142688201767545,0.351273082757668,
0.5));
#2040=CARTESIAN_POINT('Ctrl Pts',(-0.145012714489668,0.351481934561817,
0.25));
#2041=CARTESIAN_POINT('Ctrl Pts',(-0.145012714489668,0.351481934561817,
0.5));
#2042=CARTESIAN_POINT('Ctrl Pts',(-0.147300021567839,0.351798577953979,
0.25));
#2043=CARTESIAN_POINT('Ctrl Pts',(-0.147300021567839,0.351798577953979,
0.5));
#2044=CARTESIAN_POINT('Ctrl Pts',(-0.149545642303488,0.352217027190636,
0.25));
#2045=CARTESIAN_POINT('Ctrl Pts',(-0.149545642303488,0.352217027190636,
0.5));
#2046=CARTESIAN_POINT('Ctrl Pts',(-0.151746163541324,0.352731259432146,
0.25));
#2047=CARTESIAN_POINT('Ctrl Pts',(-0.151746163541324,0.352731259432146,
0.5));
#2048=CARTESIAN_POINT('Ctrl Pts',(-0.153899146092325,0.353335368725502,
0.25));
#2049=CARTESIAN_POINT('Ctrl Pts',(-0.153899146092325,0.353335368725502,
0.5));
#2050=CARTESIAN_POINT('Ctrl Pts',(-0.156003012560258,0.354023685947058,
0.25));
#2051=CARTESIAN_POINT('Ctrl Pts',(-0.156003012560258,0.354023685947058,
0.5));
#2052=CARTESIAN_POINT('Ctrl Pts',(-0.158056926585173,0.354790867338691,
0.25));
#2053=CARTESIAN_POINT('Ctrl Pts',(-0.158056926585173,0.354790867338691,
0.5));
#2054=CARTESIAN_POINT('Ctrl Pts',(-0.160060671137872,0.355631953984036,
0.25));
#2055=CARTESIAN_POINT('Ctrl Pts',(-0.160060671137872,0.355631953984036,
0.5));
#2056=CARTESIAN_POINT('Ctrl Pts',(-0.16201453174014,0.356542406285938,0.25));
#2057=CARTESIAN_POINT('Ctrl Pts',(-0.16201453174014,0.356542406285938,0.5));
#2058=CARTESIAN_POINT('Ctrl Pts',(-0.16391918860876,0.357518117845498,0.25));
#2059=CARTESIAN_POINT('Ctrl Pts',(-0.16391918860876,0.357518117845498,0.5));
#2060=CARTESIAN_POINT('Ctrl Pts',(-0.165775620134719,0.358555413188225,
0.25));
#2061=CARTESIAN_POINT('Ctrl Pts',(-0.165775620134719,0.358555413188225,
0.5));
#2062=CARTESIAN_POINT('Ctrl Pts',(-0.167585018814979,0.359651033449421,
0.25));
#2063=CARTESIAN_POINT('Ctrl Pts',(-0.167585018814979,0.359651033449421,
0.5));
#2064=CARTESIAN_POINT('Ctrl Pts',(-0.169348719782717,0.360802113621555,
0.25));
#2065=CARTESIAN_POINT('Ctrl Pts',(-0.169348719782717,0.360802113621555,
0.5));
#2066=CARTESIAN_POINT('Ctrl Pts',(-0.17106814140253,0.362006154371901,0.25));
#2067=CARTESIAN_POINT('Ctrl Pts',(-0.17106814140253,0.362006154371901,0.5));
#2068=CARTESIAN_POINT('Ctrl Pts',(-0.172744736965629,0.363260990840007,
0.25));
#2069=CARTESIAN_POINT('Ctrl Pts',(-0.172744736965629,0.363260990840007,
0.5));
#2070=CARTESIAN_POINT('Ctrl Pts',(-0.174379956283927,0.364564760268744,
0.25));
#2071=CARTESIAN_POINT('Ctrl Pts',(-0.174379956283927,0.364564760268744,
0.5));
#2072=CARTESIAN_POINT('Ctrl Pts',(-0.175975215890717,0.365915869836414,
0.25));
#2073=CARTESIAN_POINT('Ctrl Pts',(-0.175975215890717,0.365915869836414,
0.5));
#2074=CARTESIAN_POINT('Ctrl Pts',(-0.177531876565277,0.367312965650675,
0.25));
#2075=CARTESIAN_POINT('Ctrl Pts',(-0.177531876565277,0.367312965650675,
0.5));
#2076=CARTESIAN_POINT('Ctrl Pts',(-0.179051226973256,0.368754903537809,
0.25));
#2077=CARTESIAN_POINT('Ctrl Pts',(-0.179051226973256,0.368754903537809,
0.5));
#2078=CARTESIAN_POINT('Ctrl Pts',(-0.180534472326661,0.370240722006219,
0.25));
#2079=CARTESIAN_POINT('Ctrl Pts',(-0.180534472326661,0.370240722006219,
0.5));
#2080=CARTESIAN_POINT('Ctrl Pts',(-0.181982727096678,0.37176961757162,0.25));
#2081=CARTESIAN_POINT('Ctrl Pts',(-0.181982727096678,0.37176961757162,0.5));
#2082=CARTESIAN_POINT('Ctrl Pts',(-0.183397010945735,0.37334092249232,0.25));
#2083=CARTESIAN_POINT('Ctrl Pts',(-0.183397010945735,0.37334092249232,0.5));
#2084=CARTESIAN_POINT('Ctrl Pts',(-0.1847782471733,0.374954084865993,0.25));
#2085=CARTESIAN_POINT('Ctrl Pts',(-0.1847782471733,0.374954084865993,0.5));
#2086=CARTESIAN_POINT('Ctrl Pts',(-0.186127263087757,0.37660865097522,0.25));
#2087=CARTESIAN_POINT('Ctrl Pts',(-0.186127263087757,0.37660865097522,0.5));
#2088=CARTESIAN_POINT('Ctrl Pts',(-0.187444791821711,0.378304249729697,
0.25));
#2089=CARTESIAN_POINT('Ctrl Pts',(-0.187444791821711,0.378304249729697,
0.5));
#2090=CARTESIAN_POINT('Ctrl Pts',(-0.188731475199371,0.380040579032078,
0.25));
#2091=CARTESIAN_POINT('Ctrl Pts',(-0.188731475199371,0.380040579032078,
0.5));
#2092=CARTESIAN_POINT('Ctrl Pts',(-0.189987867342664,0.381817393886398,
0.25));
#2093=CARTESIAN_POINT('Ctrl Pts',(-0.189987867342664,0.381817393886398,
0.5));
#2094=CARTESIAN_POINT('Ctrl Pts',(-0.191214438767731,0.38363449606944,0.25));
#2095=CARTESIAN_POINT('Ctrl Pts',(-0.191214438767731,0.38363449606944,0.5));
#2096=CARTESIAN_POINT('Ctrl Pts',(-0.192411580779425,0.385491725191713,
0.25));
#2097=CARTESIAN_POINT('Ctrl Pts',(-0.192411580779425,0.385491725191713,
0.5));
#2098=CARTESIAN_POINT('Ctrl Pts',(-0.193579610009245,0.387388950988484,
0.25));
#2099=CARTESIAN_POINT('Ctrl Pts',(-0.193579610009245,0.387388950988484,
0.5));
#2100=CARTESIAN_POINT('Ctrl Pts',(-0.194718773003205,0.389326066682926,
0.25));
#2101=CARTESIAN_POINT('Ctrl Pts',(-0.194718773003205,0.389326066682926,
0.5));
#2102=CARTESIAN_POINT('Ctrl Pts',(-0.195829250700436,0.39130298331969,0.25));
#2103=CARTESIAN_POINT('Ctrl Pts',(-0.195829250700436,0.39130298331969,0.5));
#2104=CARTESIAN_POINT('Ctrl Pts',(-0.196911163024276,0.393319624819957,
0.25));
#2105=CARTESIAN_POINT('Ctrl Pts',(-0.196911163024276,0.393319624819957,
0.5));
#2106=CARTESIAN_POINT('Ctrl Pts',(-0.197964572471565,0.395375924131669,
0.25));
#2107=CARTESIAN_POINT('Ctrl Pts',(-0.197964572471565,0.395375924131669,
0.5));
#2108=CARTESIAN_POINT('Ctrl Pts',(-0.198989490725854,0.397471818554688,
0.25));
#2109=CARTESIAN_POINT('Ctrl Pts',(-0.198989490725854,0.397471818554688,
0.5));
#2110=CARTESIAN_POINT('Ctrl Pts',(-0.199985872921914,0.3996072510659,0.25));
#2111=CARTESIAN_POINT('Ctrl Pts',(-0.199985872921914,0.3996072510659,0.5));
#2112=CARTESIAN_POINT('Ctrl Pts',(-0.200953657716956,0.401782151397611,
0.25));
#2113=CARTESIAN_POINT('Ctrl Pts',(-0.200953657716956,0.401782151397611,
0.5));
#2114=CARTESIAN_POINT('Ctrl Pts',(-0.201892632765848,0.403996495979866,
0.25));
#2115=CARTESIAN_POINT('Ctrl Pts',(-0.201892632765848,0.403996495979866,
0.5));
#2116=CARTESIAN_POINT('Ctrl Pts',(-0.20280296095211,0.406250070801515,0.25));
#2117=CARTESIAN_POINT('Ctrl Pts',(-0.20280296095211,0.406250070801515,0.5));
#2118=CARTESIAN_POINT('Ctrl Pts',(-0.203683200562315,0.408543362139864,
0.25));
#2119=CARTESIAN_POINT('Ctrl Pts',(-0.203683200562315,0.408543362139864,
0.5));
#2120=CARTESIAN_POINT('Ctrl Pts',(-0.204537827126373,0.410874171908623,
0.25));
#2121=CARTESIAN_POINT('Ctrl Pts',(-0.204537827126373,0.410874171908623,
0.5));
#2122=CARTESIAN_POINT('Ctrl Pts',(-0.205348719451583,0.413250448455335,
0.25));
#2123=CARTESIAN_POINT('Ctrl Pts',(-0.205348719451583,0.413250448455335,
0.5));
#2124=CARTESIAN_POINT('Ctrl Pts',(-0.206922704688103,0.417759937893319,
0.25));
#2125=CARTESIAN_POINT('Ctrl Pts',(-0.206922704688103,0.417759937893319,
0.5));
#2126=CARTESIAN_POINT('Ctrl Pts',(-0.207586099722443,0.424056169610709,
0.25));
#2127=CARTESIAN_POINT('Ctrl Pts',(-0.207586099722443,0.424056169610709,
0.5));
#2128=CARTESIAN_POINT('Ctrl Pts',(-0.212020709755858,0.429221707058245,
0.25));
#2129=CARTESIAN_POINT('Ctrl Pts',(-0.212020709755858,0.429221707058245,
0.5));
#2130=CARTESIAN_POINT('Ctrl Pts',(-0.215222305434782,0.433309558345568,
0.25));
#2131=CARTESIAN_POINT('Ctrl Pts',(-0.215222305434782,0.433309558345568,
0.5));
#2132=CARTESIAN_POINT('Ctrl Pts',(-0.218565292811631,0.43707278893197,0.25));
#2133=CARTESIAN_POINT('Ctrl Pts',(-0.218565292811631,0.43707278893197,0.5));
#2134=CARTESIAN_POINT('Ctrl Pts',(-0.22255998734526,0.441271395034142,0.25));
#2135=CARTESIAN_POINT('Ctrl Pts',(-0.22255998734526,0.441271395034142,0.5));
#2136=CARTESIAN_POINT('Ctrl Pts',(-0.227287095811734,0.445837992518122,
0.25));
#2137=CARTESIAN_POINT('Ctrl Pts',(-0.227287095811734,0.445837992518122,
0.5));
#2138=CARTESIAN_POINT('Ctrl Pts',(-0.232768753003368,0.450725703373578,
0.25));
#2139=CARTESIAN_POINT('Ctrl Pts',(-0.232768753003368,0.450725703373578,
0.5));
#2140=CARTESIAN_POINT('Ctrl Pts',(-0.23904210331295,0.455877920209072,0.25));
#2141=CARTESIAN_POINT('Ctrl Pts',(-0.23904210331295,0.455877920209072,0.5));
#2142=CARTESIAN_POINT('Ctrl Pts',(-0.246135288570019,0.461238324444146,
0.25));
#2143=CARTESIAN_POINT('Ctrl Pts',(-0.246135288570019,0.461238324444146,
0.5));
#2144=CARTESIAN_POINT('Ctrl Pts',(-0.254074912448618,0.466747934468978,
0.25));
#2145=CARTESIAN_POINT('Ctrl Pts',(-0.254074912448618,0.466747934468978,
0.5));
#2146=CARTESIAN_POINT('Ctrl Pts',(-0.26288357163012,0.472346259206567,0.25));
#2147=CARTESIAN_POINT('Ctrl Pts',(-0.26288357163012,0.472346259206567,0.5));
#2148=CARTESIAN_POINT('Ctrl Pts',(-0.272580485069165,0.477971183341578,
0.25));
#2149=CARTESIAN_POINT('Ctrl Pts',(-0.272580485069165,0.477971183341578,
0.5));
#2150=CARTESIAN_POINT('Ctrl Pts',(-0.283181191952982,0.483559244665838,
0.25));
#2151=CARTESIAN_POINT('Ctrl Pts',(-0.283181191952982,0.483559244665838,
0.5));
#2152=CARTESIAN_POINT('Ctrl Pts',(-0.294697516178031,0.489045812484584,
0.25));
#2153=CARTESIAN_POINT('Ctrl Pts',(-0.294697516178031,0.489045812484584,
0.5));
#2154=CARTESIAN_POINT('Ctrl Pts',(-0.309792653773667,0.495500565449817,
0.25));
#2155=CARTESIAN_POINT('Ctrl Pts',(-0.309792653773667,0.495500565449817,
0.5));
#2156=CARTESIAN_POINT('Ctrl Pts',(-0.321219888300238,0.499684196246588,
0.25));
#2157=CARTESIAN_POINT('Ctrl Pts',(-0.321219888300238,0.499684196246588,
0.5));
#2158=CARTESIAN_POINT('Ctrl Pts',(-0.328484410128606,0.502093609106699,
0.25));
#2159=CARTESIAN_POINT('Ctrl Pts',(-0.328484410128606,0.502093609106699,
0.5));
#2160=CARTESIAN_POINT('',(-0.0293737485214218,0.599280554416689,0.25));
#2161=CARTESIAN_POINT('Ctrl Pts',(-0.328484410128606,0.502093609106699,
0.25));
#2162=CARTESIAN_POINT('Ctrl Pts',(-0.321219888300238,0.499684196246588,
0.25));
#2163=CARTESIAN_POINT('Ctrl Pts',(-0.309792653773667,0.495500565449817,
0.25));
#2164=CARTESIAN_POINT('Ctrl Pts',(-0.294697516178031,0.489045812484584,
0.25));
#2165=CARTESIAN_POINT('Ctrl Pts',(-0.283181191952982,0.483559244665838,
0.25));
#2166=CARTESIAN_POINT('Ctrl Pts',(-0.272580485069165,0.477971183341578,
0.25));
#2167=CARTESIAN_POINT('Ctrl Pts',(-0.26288357163012,0.472346259206567,0.25));
#2168=CARTESIAN_POINT('Ctrl Pts',(-0.254074912448618,0.466747934468978,
0.25));
#2169=CARTESIAN_POINT('Ctrl Pts',(-0.246135288570019,0.461238324444146,
0.25));
#2170=CARTESIAN_POINT('Ctrl Pts',(-0.23904210331295,0.455877920209072,0.25));
#2171=CARTESIAN_POINT('Ctrl Pts',(-0.232768753003368,0.450725703373578,
0.25));
#2172=CARTESIAN_POINT('Ctrl Pts',(-0.227287095811734,0.445837992518122,
0.25));
#2173=CARTESIAN_POINT('Ctrl Pts',(-0.22255998734526,0.441271395034142,0.25));
#2174=CARTESIAN_POINT('Ctrl Pts',(-0.218565292811631,0.43707278893197,0.25));
#2175=CARTESIAN_POINT('Ctrl Pts',(-0.215222305434782,0.433309558345568,
0.25));
#2176=CARTESIAN_POINT('Ctrl Pts',(-0.212020709755858,0.429221707058245,
0.25));
#2177=CARTESIAN_POINT('Ctrl Pts',(-0.207586099722443,0.424056169610709,
0.25));
#2178=CARTESIAN_POINT('Ctrl Pts',(-0.206922704688103,0.417759937893319,
0.25));
#2179=CARTESIAN_POINT('Ctrl Pts',(-0.205348719451583,0.413250448455335,
0.25));
#2180=CARTESIAN_POINT('Ctrl Pts',(-0.204537827126373,0.410874171908623,
0.25));
#2181=CARTESIAN_POINT('Ctrl Pts',(-0.203683200562315,0.408543362139864,
0.25));
#2182=CARTESIAN_POINT('Ctrl Pts',(-0.20280296095211,0.406250070801515,0.25));
#2183=CARTESIAN_POINT('Ctrl Pts',(-0.201892632765848,0.403996495979866,
0.25));
#2184=CARTESIAN_POINT('Ctrl Pts',(-0.200953657716956,0.401782151397611,
0.25));
#2185=CARTESIAN_POINT('Ctrl Pts',(-0.199985872921914,0.3996072510659,0.25));
#2186=CARTESIAN_POINT('Ctrl Pts',(-0.198989490725854,0.397471818554688,
0.25));
#2187=CARTESIAN_POINT('Ctrl Pts',(-0.197964572471565,0.395375924131669,
0.25));
#2188=CARTESIAN_POINT('Ctrl Pts',(-0.196911163024276,0.393319624819957,
0.25));
#2189=CARTESIAN_POINT('Ctrl Pts',(-0.195829250700436,0.39130298331969,0.25));
#2190=CARTESIAN_POINT('Ctrl Pts',(-0.194718773003205,0.389326066682926,
0.25));
#2191=CARTESIAN_POINT('Ctrl Pts',(-0.193579610009245,0.387388950988484,
0.25));
#2192=CARTESIAN_POINT('Ctrl Pts',(-0.192411580779425,0.385491725191713,
0.25));
#2193=CARTESIAN_POINT('Ctrl Pts',(-0.191214438767731,0.38363449606944,0.25));
#2194=CARTESIAN_POINT('Ctrl Pts',(-0.189987867342664,0.381817393886398,
0.25));
#2195=CARTESIAN_POINT('Ctrl Pts',(-0.188731475199371,0.380040579032078,
0.25));
#2196=CARTESIAN_POINT('Ctrl Pts',(-0.187444791821711,0.378304249729697,
0.25));
#2197=CARTESIAN_POINT('Ctrl Pts',(-0.186127263087757,0.37660865097522,0.25));
#2198=CARTESIAN_POINT('Ctrl Pts',(-0.1847782471733,0.374954084865993,0.25));
#2199=CARTESIAN_POINT('Ctrl Pts',(-0.183397010945735,0.37334092249232,0.25));
#2200=CARTESIAN_POINT('Ctrl Pts',(-0.181982727096678,0.37176961757162,0.25));
#2201=CARTESIAN_POINT('Ctrl Pts',(-0.180534472326661,0.370240722006219,
0.25));
#2202=CARTESIAN_POINT('Ctrl Pts',(-0.179051226973256,0.368754903537809,
0.25));
#2203=CARTESIAN_POINT('Ctrl Pts',(-0.177531876565277,0.367312965650675,
0.25));
#2204=CARTESIAN_POINT('Ctrl Pts',(-0.175975215890717,0.365915869836414,
0.25));
#2205=CARTESIAN_POINT('Ctrl Pts',(-0.174379956283927,0.364564760268744,
0.25));
#2206=CARTESIAN_POINT('Ctrl Pts',(-0.172744736965629,0.363260990840007,
0.25));
#2207=CARTESIAN_POINT('Ctrl Pts',(-0.17106814140253,0.362006154371901,0.25));
#2208=CARTESIAN_POINT('Ctrl Pts',(-0.169348719782717,0.360802113621555,
0.25));
#2209=CARTESIAN_POINT('Ctrl Pts',(-0.167585018814979,0.359651033449421,
0.25));
#2210=CARTESIAN_POINT('Ctrl Pts',(-0.165775620134719,0.358555413188225,
0.25));
#2211=CARTESIAN_POINT('Ctrl Pts',(-0.16391918860876,0.357518117845498,0.25));
#2212=CARTESIAN_POINT('Ctrl Pts',(-0.16201453174014,0.356542406285938,0.25));
#2213=CARTESIAN_POINT('Ctrl Pts',(-0.160060671137872,0.355631953984036,
0.25));
#2214=CARTESIAN_POINT('Ctrl Pts',(-0.158056926585173,0.354790867338691,
0.25));
#2215=CARTESIAN_POINT('Ctrl Pts',(-0.156003012560258,0.354023685947058,
0.25));
#2216=CARTESIAN_POINT('Ctrl Pts',(-0.153899146092325,0.353335368725502,
0.25));
#2217=CARTESIAN_POINT('Ctrl Pts',(-0.151746163541324,0.352731259432146,
0.25));
#2218=CARTESIAN_POINT('Ctrl Pts',(-0.149545642303488,0.352217027190636,
0.25));
#2219=CARTESIAN_POINT('Ctrl Pts',(-0.147300021567839,0.351798577953979,
0.25));
#2220=CARTESIAN_POINT('Ctrl Pts',(-0.145012714489668,0.351481934561817,
0.25));
#2221=CARTESIAN_POINT('Ctrl Pts',(-0.142688201767545,0.351273082757668,
0.25));
#2222=CARTESIAN_POINT('Ctrl Pts',(-0.140332097656143,0.351177791552625,
0.25));
#2223=CARTESIAN_POINT('Ctrl Pts',(-0.137951170223483,0.351201388246127,
0.25));
#2224=CARTESIAN_POINT('Ctrl Pts',(-0.135553331917552,0.351348591557199,
0.25));
#2225=CARTESIAN_POINT('Ctrl Pts',(-0.133147492542224,0.351623058772979,
0.25));
#2226=CARTESIAN_POINT('Ctrl Pts',(-0.130743648252577,0.352028011291738,
0.25));
#2227=CARTESIAN_POINT('Ctrl Pts',(-0.128351784598221,0.352562872090184,
0.25));
#2228=CARTESIAN_POINT('Ctrl Pts',(-0.126250711434575,0.353159590102942,
0.25));
#2229=CARTESIAN_POINT('Ctrl Pts',(-0.12208961840003,0.354512556473375,0.25));
#2230=CARTESIAN_POINT('Ctrl Pts',(-0.115910342587786,0.356735353170773,
0.25));
#2231=CARTESIAN_POINT('Ctrl Pts',(-0.109604676325176,0.358569160059822,
0.25));
#2232=CARTESIAN_POINT('Ctrl Pts',(-0.105443027665666,0.359920416392447,
0.25));
#2233=CARTESIAN_POINT('Ctrl Pts',(-0.103392481722175,0.360672641198854,
0.25));
#2234=CARTESIAN_POINT('Ctrl Pts',(-0.101143040088217,0.361645831904812,
0.25));
#2235=CARTESIAN_POINT('Ctrl Pts',(-0.0989602640876557,0.362731162657482,
0.25));
#2236=CARTESIAN_POINT('Ctrl Pts',(-0.0968525713656058,0.36392323091972,
0.25));
#2237=CARTESIAN_POINT('Ctrl Pts',(-0.0948261554910075,0.365213554933042,
0.25));
#2238=CARTESIAN_POINT('Ctrl Pts',(-0.0928860749471685,0.366593938838684,
0.25));
#2239=CARTESIAN_POINT('Ctrl Pts',(-0.0910359574455254,0.368055914292527,
0.25));
#2240=CARTESIAN_POINT('Ctrl Pts',(-0.0892781471600805,0.369591193248219,
0.25));
#2241=CARTESIAN_POINT('Ctrl Pts',(-0.087613795178635,0.371191808501648,
0.25));
#2242=CARTESIAN_POINT('Ctrl Pts',(-0.0860430081307136,0.372850283796043,
0.25));
#2243=CARTESIAN_POINT('Ctrl Pts',(-0.0845650071806349,0.374559740349437,
0.25));
#2244=CARTESIAN_POINT('Ctrl Pts',(-0.0831782942416892,0.376313966426143,
0.25));
#2245=CARTESIAN_POINT('Ctrl Pts',(-0.0818808132269663,0.378107448438546,
0.25));
#2246=CARTESIAN_POINT('Ctrl Pts',(-0.0806700997836597,0.379935371595467,
0.25));
#2247=CARTESIAN_POINT('Ctrl Pts',(-0.0795434147141734,0.381793596482731,
0.25));
#2248=CARTESIAN_POINT('Ctrl Pts',(-0.0784978587182729,0.383678618314586,
0.25));
#2249=CARTESIAN_POINT('Ctrl Pts',(-0.0775304678083071,0.385587514765931,
0.25));
#2250=CARTESIAN_POINT('Ctrl Pts',(-0.0766382900596398,0.387517887399232,
0.25));
#2251=CARTESIAN_POINT('Ctrl Pts',(-0.0758184452093535,0.389467800669695,
0.25));
#2252=CARTESIAN_POINT('Ctrl Pts',(-0.0750681691028443,0.39143572150913,
0.25));
#2253=CARTESIAN_POINT('Ctrl Pts',(-0.0743848451881328,0.393420461608679,
0.25));
#2254=CARTESIAN_POINT('Ctrl Pts',(-0.0737660252548831,0.395421123782587,
0.25));
#2255=CARTESIAN_POINT('Ctrl Pts',(-0.0732094414794517,0.397437053206741,
0.25));
#2256=CARTESIAN_POINT('Ctrl Pts',(-0.0727130116252262,0.399467793878697,
0.25));
#2257=CARTESIAN_POINT('Ctrl Pts',(-0.0722748390006944,0.401513050322535,
0.25));
#2258=CARTESIAN_POINT('Ctrl Pts',(-0.0718932085250081,0.403572654340934,
0.25));
#2259=CARTESIAN_POINT('Ctrl Pts',(-0.0715665800105906,0.405646536476697,
0.25));
#2260=CARTESIAN_POINT('Ctrl Pts',(-0.0712935795551005,0.407734701767109,
0.25));
#2261=CARTESIAN_POINT('Ctrl Pts',(-0.071072989745585,0.409837209340331,
0.25));
#2262=CARTESIAN_POINT('Ctrl Pts',(-0.0709037392170369,0.411954155399814,
0.25));
#2263=CARTESIAN_POINT('Ctrl Pts',(-0.0707848919745056,0.41408565916012,
0.25));
#2264=CARTESIAN_POINT('Ctrl Pts',(-0.0707156367798468,0.416231851327424,
0.25));
#2265=CARTESIAN_POINT('Ctrl Pts',(-0.0706952768180028,0.41839286475464,
0.25));
#2266=CARTESIAN_POINT('Ctrl Pts',(-0.0707232197899025,0.420568826940566,
0.25));
#2267=CARTESIAN_POINT('Ctrl Pts',(-0.0707989685273096,0.422759854081701,
0.25));
#2268=CARTESIAN_POINT('Ctrl Pts',(-0.0709221121833687,0.42496604642344,
0.25));
#2269=CARTESIAN_POINT('Ctrl Pts',(-0.0710923180301283,0.42718748469073,
0.25));
#2270=CARTESIAN_POINT('Ctrl Pts',(-0.0713093238458295,0.429424227415411,
0.25));
#2271=CARTESIAN_POINT('Ctrl Pts',(-0.0715729309609972,0.431676308984448,
0.25));
#2272=CARTESIAN_POINT('Ctrl Pts',(-0.0718829976376041,0.433943738337952,
0.25));
#2273=CARTESIAN_POINT('Ctrl Pts',(-0.0722394339024365,0.436226497964391,
0.25));
#2274=CARTESIAN_POINT('Ctrl Pts',(-0.0726421934490841,0.438524544005705,
0.25));
#2275=CARTESIAN_POINT('Ctrl Pts',(-0.0730912790569351,0.440837803958107,
0.25));
#2276=CARTESIAN_POINT('Ctrl Pts',(-0.0735866990510338,0.443166184917452,
0.25));
#2277=CARTESIAN_POINT('Ctrl Pts',(-0.0741286113681289,0.445509543001907,
0.25));
#2278=CARTESIAN_POINT('Ctrl Pts',(-0.0747167584400879,0.447867800813347,
0.25));
#2279=CARTESIAN_POINT('Ctrl Pts',(-0.0753525924642014,0.450240504340487,
0.25));
#2280=CARTESIAN_POINT('Ctrl Pts',(-0.07603120065801,0.452628505944639,0.25));
#2281=CARTESIAN_POINT('Ctrl Pts',(-0.0767719152958328,0.455027584604219,
0.25));
#2282=CARTESIAN_POINT('Ctrl Pts',(-0.0781491458776082,0.459601003504855,
0.25));
#2283=CARTESIAN_POINT('Ctrl Pts',(-0.0813132801693413,0.465084695782375,
0.25));
#2284=CARTESIAN_POINT('Ctrl Pts',(-0.0807618320207091,0.471870301739822,
0.25));
#2285=CARTESIAN_POINT('Ctrl Pts',(-0.0805744654075959,0.477059293625618,
0.25));
#2286=CARTESIAN_POINT('Ctrl Pts',(-0.0800819032474067,0.482068769802481,
0.25));
#2287=CARTESIAN_POINT('Ctrl Pts',(-0.0793180062294056,0.487813536026105,
0.25));
#2288=CARTESIAN_POINT('Ctrl Pts',(-0.0781778738000151,0.494286515639695,
0.25));
#2289=CARTESIAN_POINT('Ctrl Pts',(-0.0766160443329519,0.501462794040716,
0.25));
#2290=CARTESIAN_POINT('Ctrl Pts',(-0.0745691943933487,0.509318407813772,
0.25));
#2291=CARTESIAN_POINT('Ctrl Pts',(-0.0719814535318325,0.517824335622549,
0.25));
#2292=CARTESIAN_POINT('Ctrl Pts',(-0.0687966304035803,0.526948497589606,
0.25));
#2293=CARTESIAN_POINT('Ctrl Pts',(-0.064960888146387,0.536655237401703,
0.25));
#2294=CARTESIAN_POINT('Ctrl Pts',(-0.06042216783304,0.546905599331224,0.25));
#2295=CARTESIAN_POINT('Ctrl Pts',(-0.0551305958469511,0.557657375078343,
0.25));
#2296=CARTESIAN_POINT('Ctrl Pts',(-0.0490386174857162,0.568865227224602,
0.25));
#2297=CARTESIAN_POINT('Ctrl Pts',(-0.0406204032385707,0.582959931328011,
0.25));
#2298=CARTESIAN_POINT('Ctrl Pts',(-0.0338346527912428,0.593061319669999,
0.25));
#2299=CARTESIAN_POINT('Ctrl Pts',(-0.0293737485214227,0.599280554416689,
0.25));
#2300=CARTESIAN_POINT('',(-0.0293737485214218,0.599280554416689,0.5));
#2301=CARTESIAN_POINT('Ctrl Pts',(-0.0293737485214227,0.599280554416689,
0.5));
#2302=CARTESIAN_POINT('Ctrl Pts',(-0.0338346527912428,0.593061319669999,
0.5));
#2303=CARTESIAN_POINT('Ctrl Pts',(-0.0406204032385707,0.582959931328011,
0.5));
#2304=CARTESIAN_POINT('Ctrl Pts',(-0.0490386174857162,0.568865227224602,
0.5));
#2305=CARTESIAN_POINT('Ctrl Pts',(-0.0551305958469511,0.557657375078343,
0.5));
#2306=CARTESIAN_POINT('Ctrl Pts',(-0.06042216783304,0.546905599331224,0.5));
#2307=CARTESIAN_POINT('Ctrl Pts',(-0.064960888146387,0.536655237401703,
0.5));
#2308=CARTESIAN_POINT('Ctrl Pts',(-0.0687966304035803,0.526948497589606,
0.5));
#2309=CARTESIAN_POINT('Ctrl Pts',(-0.0719814535318325,0.517824335622549,
0.5));
#2310=CARTESIAN_POINT('Ctrl Pts',(-0.0745691943933487,0.509318407813772,
0.5));
#2311=CARTESIAN_POINT('Ctrl Pts',(-0.0766160443329519,0.501462794040716,
0.5));
#2312=CARTESIAN_POINT('Ctrl Pts',(-0.0781778738000151,0.494286515639695,
0.5));
#2313=CARTESIAN_POINT('Ctrl Pts',(-0.0793180062294056,0.487813536026105,
0.5));
#2314=CARTESIAN_POINT('Ctrl Pts',(-0.0800819032474067,0.482068769802481,
0.5));
#2315=CARTESIAN_POINT('Ctrl Pts',(-0.0805744654075959,0.477059293625618,
0.5));
#2316=CARTESIAN_POINT('Ctrl Pts',(-0.0807618320207091,0.471870301739822,
0.5));
#2317=CARTESIAN_POINT('Ctrl Pts',(-0.0813132801693413,0.465084695782375,
0.5));
#2318=CARTESIAN_POINT('Ctrl Pts',(-0.0781491458776082,0.459601003504855,
0.5));
#2319=CARTESIAN_POINT('Ctrl Pts',(-0.0767719152958328,0.455027584604219,
0.5));
#2320=CARTESIAN_POINT('Ctrl Pts',(-0.07603120065801,0.452628505944639,0.5));
#2321=CARTESIAN_POINT('Ctrl Pts',(-0.0753525924642014,0.450240504340487,
0.5));
#2322=CARTESIAN_POINT('Ctrl Pts',(-0.0747167584400879,0.447867800813347,
0.5));
#2323=CARTESIAN_POINT('Ctrl Pts',(-0.0741286113681289,0.445509543001907,
0.5));
#2324=CARTESIAN_POINT('Ctrl Pts',(-0.0735866990510338,0.443166184917452,
0.5));
#2325=CARTESIAN_POINT('Ctrl Pts',(-0.0730912790569351,0.440837803958107,
0.5));
#2326=CARTESIAN_POINT('Ctrl Pts',(-0.0726421934490841,0.438524544005705,
0.5));
#2327=CARTESIAN_POINT('Ctrl Pts',(-0.0722394339024365,0.436226497964391,
0.5));
#2328=CARTESIAN_POINT('Ctrl Pts',(-0.0718829976376041,0.433943738337952,
0.5));
#2329=CARTESIAN_POINT('Ctrl Pts',(-0.0715729309609972,0.431676308984448,
0.5));
#2330=CARTESIAN_POINT('Ctrl Pts',(-0.0713093238458295,0.429424227415411,
0.5));
#2331=CARTESIAN_POINT('Ctrl Pts',(-0.0710923180301283,0.42718748469073,
0.5));
#2332=CARTESIAN_POINT('Ctrl Pts',(-0.0709221121833687,0.42496604642344,
0.5));
#2333=CARTESIAN_POINT('Ctrl Pts',(-0.0707989685273096,0.422759854081701,
0.5));
#2334=CARTESIAN_POINT('Ctrl Pts',(-0.0707232197899025,0.420568826940566,
0.5));
#2335=CARTESIAN_POINT('Ctrl Pts',(-0.0706952768180028,0.41839286475464,
0.5));
#2336=CARTESIAN_POINT('Ctrl Pts',(-0.0707156367798468,0.416231851327424,
0.5));
#2337=CARTESIAN_POINT('Ctrl Pts',(-0.0707848919745056,0.41408565916012,
0.5));
#2338=CARTESIAN_POINT('Ctrl Pts',(-0.0709037392170369,0.411954155399814,
0.5));
#2339=CARTESIAN_POINT('Ctrl Pts',(-0.071072989745585,0.409837209340331,
0.5));
#2340=CARTESIAN_POINT('Ctrl Pts',(-0.0712935795551005,0.407734701767109,
0.5));
#2341=CARTESIAN_POINT('Ctrl Pts',(-0.0715665800105906,0.405646536476697,
0.5));
#2342=CARTESIAN_POINT('Ctrl Pts',(-0.0718932085250081,0.403572654340934,
0.5));
#2343=CARTESIAN_POINT('Ctrl Pts',(-0.0722748390006944,0.401513050322535,
0.5));
#2344=CARTESIAN_POINT('Ctrl Pts',(-0.0727130116252262,0.399467793878697,
0.5));
#2345=CARTESIAN_POINT('Ctrl Pts',(-0.0732094414794517,0.397437053206741,
0.5));
#2346=CARTESIAN_POINT('Ctrl Pts',(-0.0737660252548831,0.395421123782587,
0.5));
#2347=CARTESIAN_POINT('Ctrl Pts',(-0.0743848451881328,0.393420461608679,
0.5));
#2348=CARTESIAN_POINT('Ctrl Pts',(-0.0750681691028443,0.39143572150913,
0.5));
#2349=CARTESIAN_POINT('Ctrl Pts',(-0.0758184452093535,0.389467800669695,
0.5));
#2350=CARTESIAN_POINT('Ctrl Pts',(-0.0766382900596398,0.387517887399232,
0.5));
#2351=CARTESIAN_POINT('Ctrl Pts',(-0.0775304678083071,0.385587514765931,
0.5));
#2352=CARTESIAN_POINT('Ctrl Pts',(-0.0784978587182729,0.383678618314586,
0.5));
#2353=CARTESIAN_POINT('Ctrl Pts',(-0.0795434147141734,0.381793596482731,
0.5));
#2354=CARTESIAN_POINT('Ctrl Pts',(-0.0806700997836597,0.379935371595467,
0.5));
#2355=CARTESIAN_POINT('Ctrl Pts',(-0.0818808132269663,0.378107448438546,
0.5));
#2356=CARTESIAN_POINT('Ctrl Pts',(-0.0831782942416892,0.376313966426143,
0.5));
#2357=CARTESIAN_POINT('Ctrl Pts',(-0.0845650071806349,0.374559740349437,
0.5));
#2358=CARTESIAN_POINT('Ctrl Pts',(-0.0860430081307136,0.372850283796043,
0.5));
#2359=CARTESIAN_POINT('Ctrl Pts',(-0.087613795178635,0.371191808501648,
0.5));
#2360=CARTESIAN_POINT('Ctrl Pts',(-0.0892781471600805,0.369591193248219,
0.5));
#2361=CARTESIAN_POINT('Ctrl Pts',(-0.0910359574455254,0.368055914292527,
0.5));
#2362=CARTESIAN_POINT('Ctrl Pts',(-0.0928860749471685,0.366593938838684,
0.5));
#2363=CARTESIAN_POINT('Ctrl Pts',(-0.0948261554910075,0.365213554933042,
0.5));
#2364=CARTESIAN_POINT('Ctrl Pts',(-0.0968525713656058,0.36392323091972,
0.5));
#2365=CARTESIAN_POINT('Ctrl Pts',(-0.0989602640876557,0.362731162657482,
0.5));
#2366=CARTESIAN_POINT('Ctrl Pts',(-0.101143040088217,0.361645831904812,
0.5));
#2367=CARTESIAN_POINT('Ctrl Pts',(-0.103392481722175,0.360672641198854,
0.5));
#2368=CARTESIAN_POINT('Ctrl Pts',(-0.105443027665666,0.359920416392447,
0.5));
#2369=CARTESIAN_POINT('Ctrl Pts',(-0.109604676325176,0.358569160059822,
0.5));
#2370=CARTESIAN_POINT('Ctrl Pts',(-0.115910342587786,0.356735353170773,
0.5));
#2371=CARTESIAN_POINT('Ctrl Pts',(-0.12208961840003,0.354512556473375,0.5));
#2372=CARTESIAN_POINT('Ctrl Pts',(-0.126250711434575,0.353159590102942,
0.5));
#2373=CARTESIAN_POINT('Ctrl Pts',(-0.128351784598221,0.352562872090184,
0.5));
#2374=CARTESIAN_POINT('Ctrl Pts',(-0.130743648252577,0.352028011291738,
0.5));
#2375=CARTESIAN_POINT('Ctrl Pts',(-0.133147492542224,0.351623058772979,
0.5));
#2376=CARTESIAN_POINT('Ctrl Pts',(-0.135553331917552,0.351348591557199,
0.5));
#2377=CARTESIAN_POINT('Ctrl Pts',(-0.137951170223483,0.351201388246127,
0.5));
#2378=CARTESIAN_POINT('Ctrl Pts',(-0.140332097656143,0.351177791552625,
0.5));
#2379=CARTESIAN_POINT('Ctrl Pts',(-0.142688201767545,0.351273082757668,
0.5));
#2380=CARTESIAN_POINT('Ctrl Pts',(-0.145012714489668,0.351481934561817,
0.5));
#2381=CARTESIAN_POINT('Ctrl Pts',(-0.147300021567839,0.351798577953979,
0.5));
#2382=CARTESIAN_POINT('Ctrl Pts',(-0.149545642303488,0.352217027190636,
0.5));
#2383=CARTESIAN_POINT('Ctrl Pts',(-0.151746163541324,0.352731259432146,
0.5));
#2384=CARTESIAN_POINT('Ctrl Pts',(-0.153899146092325,0.353335368725502,
0.5));
#2385=CARTESIAN_POINT('Ctrl Pts',(-0.156003012560258,0.354023685947058,
0.5));
#2386=CARTESIAN_POINT('Ctrl Pts',(-0.158056926585173,0.354790867338691,
0.5));
#2387=CARTESIAN_POINT('Ctrl Pts',(-0.160060671137872,0.355631953984036,
0.5));
#2388=CARTESIAN_POINT('Ctrl Pts',(-0.16201453174014,0.356542406285938,0.5));
#2389=CARTESIAN_POINT('Ctrl Pts',(-0.16391918860876,0.357518117845498,0.5));
#2390=CARTESIAN_POINT('Ctrl Pts',(-0.165775620134719,0.358555413188225,
0.5));
#2391=CARTESIAN_POINT('Ctrl Pts',(-0.167585018814979,0.359651033449421,
0.5));
#2392=CARTESIAN_POINT('Ctrl Pts',(-0.169348719782717,0.360802113621555,
0.5));
#2393=CARTESIAN_POINT('Ctrl Pts',(-0.17106814140253,0.362006154371901,0.5));
#2394=CARTESIAN_POINT('Ctrl Pts',(-0.172744736965629,0.363260990840007,
0.5));
#2395=CARTESIAN_POINT('Ctrl Pts',(-0.174379956283927,0.364564760268744,
0.5));
#2396=CARTESIAN_POINT('Ctrl Pts',(-0.175975215890717,0.365915869836414,
0.5));
#2397=CARTESIAN_POINT('Ctrl Pts',(-0.177531876565277,0.367312965650675,
0.5));
#2398=CARTESIAN_POINT('Ctrl Pts',(-0.179051226973256,0.368754903537809,
0.5));
#2399=CARTESIAN_POINT('Ctrl Pts',(-0.180534472326661,0.370240722006219,
0.5));
#2400=CARTESIAN_POINT('Ctrl Pts',(-0.181982727096678,0.37176961757162,0.5));
#2401=CARTESIAN_POINT('Ctrl Pts',(-0.183397010945735,0.37334092249232,0.5));
#2402=CARTESIAN_POINT('Ctrl Pts',(-0.1847782471733,0.374954084865993,0.5));
#2403=CARTESIAN_POINT('Ctrl Pts',(-0.186127263087757,0.37660865097522,0.5));
#2404=CARTESIAN_POINT('Ctrl Pts',(-0.187444791821711,0.378304249729697,
0.5));
#2405=CARTESIAN_POINT('Ctrl Pts',(-0.188731475199371,0.380040579032078,
0.5));
#2406=CARTESIAN_POINT('Ctrl Pts',(-0.189987867342664,0.381817393886398,
0.5));
#2407=CARTESIAN_POINT('Ctrl Pts',(-0.191214438767731,0.38363449606944,0.5));
#2408=CARTESIAN_POINT('Ctrl Pts',(-0.192411580779425,0.385491725191713,
0.5));
#2409=CARTESIAN_POINT('Ctrl Pts',(-0.193579610009245,0.387388950988484,
0.5));
#2410=CARTESIAN_POINT('Ctrl Pts',(-0.194718773003205,0.389326066682926,
0.5));
#2411=CARTESIAN_POINT('Ctrl Pts',(-0.195829250700436,0.39130298331969,0.5));
#2412=CARTESIAN_POINT('Ctrl Pts',(-0.196911163024276,0.393319624819957,
0.5));
#2413=CARTESIAN_POINT('Ctrl Pts',(-0.197964572471565,0.395375924131669,
0.5));
#2414=CARTESIAN_POINT('Ctrl Pts',(-0.198989490725854,0.397471818554688,
0.5));
#2415=CARTESIAN_POINT('Ctrl Pts',(-0.199985872921914,0.3996072510659,0.5));
#2416=CARTESIAN_POINT('Ctrl Pts',(-0.200953657716956,0.401782151397611,
0.5));
#2417=CARTESIAN_POINT('Ctrl Pts',(-0.201892632765848,0.403996495979866,
0.5));
#2418=CARTESIAN_POINT('Ctrl Pts',(-0.20280296095211,0.406250070801515,0.5));
#2419=CARTESIAN_POINT('Ctrl Pts',(-0.203683200562315,0.408543362139864,
0.5));
#2420=CARTESIAN_POINT('Ctrl Pts',(-0.204537827126373,0.410874171908623,
0.5));
#2421=CARTESIAN_POINT('Ctrl Pts',(-0.205348719451583,0.413250448455335,
0.5));
#2422=CARTESIAN_POINT('Ctrl Pts',(-0.206922704688103,0.417759937893319,
0.5));
#2423=CARTESIAN_POINT('Ctrl Pts',(-0.207586099722443,0.424056169610709,
0.5));
#2424=CARTESIAN_POINT('Ctrl Pts',(-0.212020709755858,0.429221707058245,
0.5));
#2425=CARTESIAN_POINT('Ctrl Pts',(-0.215222305434782,0.433309558345568,
0.5));
#2426=CARTESIAN_POINT('Ctrl Pts',(-0.218565292811631,0.43707278893197,0.5));
#2427=CARTESIAN_POINT('Ctrl Pts',(-0.22255998734526,0.441271395034142,0.5));
#2428=CARTESIAN_POINT('Ctrl Pts',(-0.227287095811734,0.445837992518122,
0.5));
#2429=CARTESIAN_POINT('Ctrl Pts',(-0.232768753003368,0.450725703373578,
0.5));
#2430=CARTESIAN_POINT('Ctrl Pts',(-0.23904210331295,0.455877920209072,0.5));
#2431=CARTESIAN_POINT('Ctrl Pts',(-0.246135288570019,0.461238324444146,
0.5));
#2432=CARTESIAN_POINT('Ctrl Pts',(-0.254074912448618,0.466747934468978,
0.5));
#2433=CARTESIAN_POINT('Ctrl Pts',(-0.26288357163012,0.472346259206567,0.5));
#2434=CARTESIAN_POINT('Ctrl Pts',(-0.272580485069165,0.477971183341578,
0.5));
#2435=CARTESIAN_POINT('Ctrl Pts',(-0.283181191952982,0.483559244665838,
0.5));
#2436=CARTESIAN_POINT('Ctrl Pts',(-0.294697516178031,0.489045812484584,
0.5));
#2437=CARTESIAN_POINT('Ctrl Pts',(-0.309792653773667,0.495500565449817,
0.5));
#2438=CARTESIAN_POINT('Ctrl Pts',(-0.321219888300238,0.499684196246588,
0.5));
#2439=CARTESIAN_POINT('Ctrl Pts',(-0.328484410128606,0.502093609106699,
0.5));
#2440=CARTESIAN_POINT('',(-0.0293737485214218,0.599280554416689,0.25));
#2441=CARTESIAN_POINT('Origin',(0.,0.,0.25));
#2442=CARTESIAN_POINT('',(0.0293737485214264,0.599280554416689,0.25));
#2443=CARTESIAN_POINT('Origin',(0.,0.,0.25));
#2444=CARTESIAN_POINT('',(0.0293737485214265,0.599280554416689,0.5));
#2445=CARTESIAN_POINT('Origin',(0.,0.,0.5));
#2446=CARTESIAN_POINT('',(0.0293737485214264,0.599280554416689,0.25));
#2447=CARTESIAN_POINT('Ctrl Pts',(0.328484410129457,0.502093609106984,0.25));
#2448=CARTESIAN_POINT('Ctrl Pts',(0.328484410129457,0.502093609106984,0.5));
#2449=CARTESIAN_POINT('Ctrl Pts',(0.321219888300246,0.499684196246591,0.250000000000001));
#2450=CARTESIAN_POINT('Ctrl Pts',(0.321219888300246,0.499684196246591,0.500000000000001));
#2451=CARTESIAN_POINT('Ctrl Pts',(0.309792653773671,0.495500565449819,0.250000000000001));
#2452=CARTESIAN_POINT('Ctrl Pts',(0.309792653773671,0.495500565449819,0.500000000000001));
#2453=CARTESIAN_POINT('Ctrl Pts',(0.294697516178031,0.489045812484585,0.250000000000001));
#2454=CARTESIAN_POINT('Ctrl Pts',(0.294697516178031,0.489045812484585,0.500000000000001));
#2455=CARTESIAN_POINT('Ctrl Pts',(0.283181191952982,0.483559244665839,0.250000000000001));
#2456=CARTESIAN_POINT('Ctrl Pts',(0.283181191952982,0.483559244665839,0.500000000000001));
#2457=CARTESIAN_POINT('Ctrl Pts',(0.272580485069165,0.477971183341578,0.250000000000001));
#2458=CARTESIAN_POINT('Ctrl Pts',(0.272580485069165,0.477971183341578,0.500000000000001));
#2459=CARTESIAN_POINT('Ctrl Pts',(0.26288357163012,0.472346259206567,0.250000000000001));
#2460=CARTESIAN_POINT('Ctrl Pts',(0.26288357163012,0.472346259206567,0.500000000000001));
#2461=CARTESIAN_POINT('Ctrl Pts',(0.254074912448617,0.466747934468978,0.250000000000001));
#2462=CARTESIAN_POINT('Ctrl Pts',(0.254074912448617,0.466747934468978,0.500000000000001));
#2463=CARTESIAN_POINT('Ctrl Pts',(0.246135288570019,0.461238324444146,0.250000000000001));
#2464=CARTESIAN_POINT('Ctrl Pts',(0.246135288570019,0.461238324444146,0.500000000000001));
#2465=CARTESIAN_POINT('Ctrl Pts',(0.23904210331295,0.455877920209072,0.250000000000001));
#2466=CARTESIAN_POINT('Ctrl Pts',(0.23904210331295,0.455877920209072,0.500000000000001));
#2467=CARTESIAN_POINT('Ctrl Pts',(0.232768753003368,0.450725703373578,0.250000000000001));
#2468=CARTESIAN_POINT('Ctrl Pts',(0.232768753003368,0.450725703373578,0.500000000000001));
#2469=CARTESIAN_POINT('Ctrl Pts',(0.227287095811734,0.445837992518123,0.250000000000001));
#2470=CARTESIAN_POINT('Ctrl Pts',(0.227287095811734,0.445837992518123,0.500000000000001));
#2471=CARTESIAN_POINT('Ctrl Pts',(0.22255998734526,0.441271395034142,0.250000000000001));
#2472=CARTESIAN_POINT('Ctrl Pts',(0.22255998734526,0.441271395034142,0.500000000000001));
#2473=CARTESIAN_POINT('Ctrl Pts',(0.218565292811631,0.43707278893197,0.250000000000001));
#2474=CARTESIAN_POINT('Ctrl Pts',(0.218565292811631,0.43707278893197,0.500000000000001));
#2475=CARTESIAN_POINT('Ctrl Pts',(0.215222305434781,0.433309558345568,0.250000000000001));
#2476=CARTESIAN_POINT('Ctrl Pts',(0.215222305434781,0.433309558345568,0.500000000000001));
#2477=CARTESIAN_POINT('Ctrl Pts',(0.212020709755858,0.429221707058245,0.250000000000001));
#2478=CARTESIAN_POINT('Ctrl Pts',(0.212020709755858,0.429221707058245,0.500000000000001));
#2479=CARTESIAN_POINT('Ctrl Pts',(0.207586099722443,0.424056169610708,0.250000000000001));
#2480=CARTESIAN_POINT('Ctrl Pts',(0.207586099722443,0.424056169610708,0.500000000000001));
#2481=CARTESIAN_POINT('Ctrl Pts',(0.206922704688103,0.417759937893319,0.250000000000001));
#2482=CARTESIAN_POINT('Ctrl Pts',(0.206922704688103,0.417759937893319,0.500000000000001));
#2483=CARTESIAN_POINT('Ctrl Pts',(0.205348719451583,0.413250448455335,0.250000000000001));
#2484=CARTESIAN_POINT('Ctrl Pts',(0.205348719451583,0.413250448455335,0.500000000000001));
#2485=CARTESIAN_POINT('Ctrl Pts',(0.204537827126373,0.410874171908623,0.250000000000001));
#2486=CARTESIAN_POINT('Ctrl Pts',(0.204537827126373,0.410874171908623,0.500000000000001));
#2487=CARTESIAN_POINT('Ctrl Pts',(0.203683200562315,0.408543362139864,0.250000000000001));
#2488=CARTESIAN_POINT('Ctrl Pts',(0.203683200562315,0.408543362139864,0.500000000000001));
#2489=CARTESIAN_POINT('Ctrl Pts',(0.202802960952109,0.406250070801515,0.250000000000001));
#2490=CARTESIAN_POINT('Ctrl Pts',(0.202802960952109,0.406250070801515,0.500000000000001));
#2491=CARTESIAN_POINT('Ctrl Pts',(0.201892632765848,0.403996495979866,0.250000000000001));
#2492=CARTESIAN_POINT('Ctrl Pts',(0.201892632765848,0.403996495979866,0.500000000000001));
#2493=CARTESIAN_POINT('Ctrl Pts',(0.200953657716956,0.401782151397611,0.250000000000001));
#2494=CARTESIAN_POINT('Ctrl Pts',(0.200953657716956,0.401782151397611,0.500000000000001));
#2495=CARTESIAN_POINT('Ctrl Pts',(0.199985872921913,0.3996072510659,0.250000000000001));
#2496=CARTESIAN_POINT('Ctrl Pts',(0.199985872921913,0.3996072510659,0.500000000000001));
#2497=CARTESIAN_POINT('Ctrl Pts',(0.198989490725853,0.397471818554688,0.250000000000001));
#2498=CARTESIAN_POINT('Ctrl Pts',(0.198989490725853,0.397471818554688,0.500000000000001));
#2499=CARTESIAN_POINT('Ctrl Pts',(0.197964572471564,0.395375924131669,0.250000000000001));
#2500=CARTESIAN_POINT('Ctrl Pts',(0.197964572471564,0.395375924131669,0.500000000000001));
#2501=CARTESIAN_POINT('Ctrl Pts',(0.196911163024276,0.393319624819957,0.250000000000001));
#2502=CARTESIAN_POINT('Ctrl Pts',(0.196911163024276,0.393319624819957,0.500000000000001));
#2503=CARTESIAN_POINT('Ctrl Pts',(0.195829250700436,0.39130298331969,0.250000000000001));
#2504=CARTESIAN_POINT('Ctrl Pts',(0.195829250700436,0.39130298331969,0.500000000000001));
#2505=CARTESIAN_POINT('Ctrl Pts',(0.194718773003205,0.389326066682926,0.250000000000001));
#2506=CARTESIAN_POINT('Ctrl Pts',(0.194718773003205,0.389326066682926,0.500000000000001));
#2507=CARTESIAN_POINT('Ctrl Pts',(0.193579610009245,0.387388950988484,0.250000000000001));
#2508=CARTESIAN_POINT('Ctrl Pts',(0.193579610009245,0.387388950988484,0.500000000000001));
#2509=CARTESIAN_POINT('Ctrl Pts',(0.192411580779425,0.385491725191713,0.250000000000001));
#2510=CARTESIAN_POINT('Ctrl Pts',(0.192411580779425,0.385491725191713,0.500000000000001));
#2511=CARTESIAN_POINT('Ctrl Pts',(0.191214438767731,0.38363449606944,0.250000000000001));
#2512=CARTESIAN_POINT('Ctrl Pts',(0.191214438767731,0.38363449606944,0.500000000000001));
#2513=CARTESIAN_POINT('Ctrl Pts',(0.189987867342664,0.381817393886398,0.250000000000001));
#2514=CARTESIAN_POINT('Ctrl Pts',(0.189987867342664,0.381817393886398,0.500000000000001));
#2515=CARTESIAN_POINT('Ctrl Pts',(0.188731475199371,0.380040579032079,0.250000000000001));
#2516=CARTESIAN_POINT('Ctrl Pts',(0.188731475199371,0.380040579032079,0.500000000000001));
#2517=CARTESIAN_POINT('Ctrl Pts',(0.187444791821711,0.378304249729697,0.250000000000001));
#2518=CARTESIAN_POINT('Ctrl Pts',(0.187444791821711,0.378304249729697,0.500000000000001));
#2519=CARTESIAN_POINT('Ctrl Pts',(0.186127263087756,0.376608650975219,0.250000000000001));
#2520=CARTESIAN_POINT('Ctrl Pts',(0.186127263087756,0.376608650975219,0.500000000000001));
#2521=CARTESIAN_POINT('Ctrl Pts',(0.1847782471733,0.374954084865994,0.250000000000001));
#2522=CARTESIAN_POINT('Ctrl Pts',(0.1847782471733,0.374954084865994,0.500000000000001));
#2523=CARTESIAN_POINT('Ctrl Pts',(0.183397010945735,0.37334092249232,0.250000000000001));
#2524=CARTESIAN_POINT('Ctrl Pts',(0.183397010945735,0.37334092249232,0.500000000000001));
#2525=CARTESIAN_POINT('Ctrl Pts',(0.181982727096678,0.371769617571621,0.250000000000001));
#2526=CARTESIAN_POINT('Ctrl Pts',(0.181982727096678,0.371769617571621,0.500000000000001));
#2527=CARTESIAN_POINT('Ctrl Pts',(0.180534472326661,0.370240722006219,0.250000000000001));
#2528=CARTESIAN_POINT('Ctrl Pts',(0.180534472326661,0.370240722006219,0.500000000000001));
#2529=CARTESIAN_POINT('Ctrl Pts',(0.179051226973256,0.368754903537809,0.250000000000001));
#2530=CARTESIAN_POINT('Ctrl Pts',(0.179051226973256,0.368754903537809,0.500000000000001));
#2531=CARTESIAN_POINT('Ctrl Pts',(0.177531876565276,0.367312965650675,0.250000000000001));
#2532=CARTESIAN_POINT('Ctrl Pts',(0.177531876565276,0.367312965650675,0.500000000000001));
#2533=CARTESIAN_POINT('Ctrl Pts',(0.175975215890717,0.365915869836414,0.250000000000001));
#2534=CARTESIAN_POINT('Ctrl Pts',(0.175975215890717,0.365915869836414,0.500000000000001));
#2535=CARTESIAN_POINT('Ctrl Pts',(0.174379956283927,0.364564760268744,0.250000000000001));
#2536=CARTESIAN_POINT('Ctrl Pts',(0.174379956283927,0.364564760268744,0.500000000000001));
#2537=CARTESIAN_POINT('Ctrl Pts',(0.172744736965629,0.363260990840007,0.250000000000001));
#2538=CARTESIAN_POINT('Ctrl Pts',(0.172744736965629,0.363260990840007,0.500000000000001));
#2539=CARTESIAN_POINT('Ctrl Pts',(0.17106814140253,0.362006154371901,0.250000000000001));
#2540=CARTESIAN_POINT('Ctrl Pts',(0.17106814140253,0.362006154371901,0.500000000000001));
#2541=CARTESIAN_POINT('Ctrl Pts',(0.169348719782717,0.360802113621555,0.250000000000001));
#2542=CARTESIAN_POINT('Ctrl Pts',(0.169348719782717,0.360802113621555,0.500000000000001));
#2543=CARTESIAN_POINT('Ctrl Pts',(0.167585018814979,0.359651033449421,0.250000000000001));
#2544=CARTESIAN_POINT('Ctrl Pts',(0.167585018814979,0.359651033449421,0.500000000000001));
#2545=CARTESIAN_POINT('Ctrl Pts',(0.165775620134719,0.358555413188225,0.250000000000001));
#2546=CARTESIAN_POINT('Ctrl Pts',(0.165775620134719,0.358555413188225,0.500000000000001));
#2547=CARTESIAN_POINT('Ctrl Pts',(0.16391918860876,0.357518117845498,0.250000000000001));
#2548=CARTESIAN_POINT('Ctrl Pts',(0.16391918860876,0.357518117845498,0.500000000000001));
#2549=CARTESIAN_POINT('Ctrl Pts',(0.16201453174014,0.356542406285938,0.250000000000001));
#2550=CARTESIAN_POINT('Ctrl Pts',(0.16201453174014,0.356542406285938,0.500000000000001));
#2551=CARTESIAN_POINT('Ctrl Pts',(0.160060671137872,0.355631953984036,0.250000000000001));
#2552=CARTESIAN_POINT('Ctrl Pts',(0.160060671137872,0.355631953984036,0.500000000000001));
#2553=CARTESIAN_POINT('Ctrl Pts',(0.158056926585173,0.354790867338691,0.250000000000001));
#2554=CARTESIAN_POINT('Ctrl Pts',(0.158056926585173,0.354790867338691,0.500000000000001));
#2555=CARTESIAN_POINT('Ctrl Pts',(0.156003012560258,0.354023685947058,0.250000000000001));
#2556=CARTESIAN_POINT('Ctrl Pts',(0.156003012560258,0.354023685947058,0.500000000000001));
#2557=CARTESIAN_POINT('Ctrl Pts',(0.153899146092325,0.353335368725502,0.250000000000001));
#2558=CARTESIAN_POINT('Ctrl Pts',(0.153899146092325,0.353335368725502,0.500000000000001));
#2559=CARTESIAN_POINT('Ctrl Pts',(0.151746163541324,0.352731259432146,0.250000000000001));
#2560=CARTESIAN_POINT('Ctrl Pts',(0.151746163541324,0.352731259432146,0.500000000000001));
#2561=CARTESIAN_POINT('Ctrl Pts',(0.149545642303488,0.352217027190636,0.250000000000001));
#2562=CARTESIAN_POINT('Ctrl Pts',(0.149545642303488,0.352217027190636,0.500000000000001));
#2563=CARTESIAN_POINT('Ctrl Pts',(0.147300021567839,0.351798577953979,0.250000000000001));
#2564=CARTESIAN_POINT('Ctrl Pts',(0.147300021567839,0.351798577953979,0.500000000000001));
#2565=CARTESIAN_POINT('Ctrl Pts',(0.145012714489668,0.351481934561817,0.250000000000001));
#2566=CARTESIAN_POINT('Ctrl Pts',(0.145012714489668,0.351481934561817,0.500000000000001));
#2567=CARTESIAN_POINT('Ctrl Pts',(0.142688201767545,0.351273082757668,0.250000000000001));
#2568=CARTESIAN_POINT('Ctrl Pts',(0.142688201767545,0.351273082757668,0.500000000000001));
#2569=CARTESIAN_POINT('Ctrl Pts',(0.140332097656143,0.351177791552625,0.250000000000001));
#2570=CARTESIAN_POINT('Ctrl Pts',(0.140332097656143,0.351177791552625,0.500000000000001));
#2571=CARTESIAN_POINT('Ctrl Pts',(0.137951170223483,0.351201388246127,0.250000000000001));
#2572=CARTESIAN_POINT('Ctrl Pts',(0.137951170223483,0.351201388246127,0.500000000000001));
#2573=CARTESIAN_POINT('Ctrl Pts',(0.135553331917552,0.351348591557199,0.250000000000001));
#2574=CARTESIAN_POINT('Ctrl Pts',(0.135553331917552,0.351348591557199,0.500000000000001));
#2575=CARTESIAN_POINT('Ctrl Pts',(0.133147492542224,0.351623058772979,0.250000000000001));
#2576=CARTESIAN_POINT('Ctrl Pts',(0.133147492542224,0.351623058772979,0.500000000000001));
#2577=CARTESIAN_POINT('Ctrl Pts',(0.130743648252577,0.352028011291738,0.250000000000001));
#2578=CARTESIAN_POINT('Ctrl Pts',(0.130743648252577,0.352028011291738,0.500000000000001));
#2579=CARTESIAN_POINT('Ctrl Pts',(0.12835178459822,0.352562872090184,0.250000000000001));
#2580=CARTESIAN_POINT('Ctrl Pts',(0.12835178459822,0.352562872090184,0.500000000000001));
#2581=CARTESIAN_POINT('Ctrl Pts',(0.126250711434575,0.353159590102943,0.250000000000001));
#2582=CARTESIAN_POINT('Ctrl Pts',(0.126250711434575,0.353159590102943,0.500000000000001));
#2583=CARTESIAN_POINT('Ctrl Pts',(0.12208961840003,0.354512556473375,0.250000000000001));
#2584=CARTESIAN_POINT('Ctrl Pts',(0.12208961840003,0.354512556473375,0.500000000000001));
#2585=CARTESIAN_POINT('Ctrl Pts',(0.115910342587786,0.356735353170773,0.250000000000001));
#2586=CARTESIAN_POINT('Ctrl Pts',(0.115910342587786,0.356735353170773,0.500000000000001));
#2587=CARTESIAN_POINT('Ctrl Pts',(0.109604676325176,0.358569160059822,0.250000000000001));
#2588=CARTESIAN_POINT('Ctrl Pts',(0.109604676325176,0.358569160059822,0.500000000000001));
#2589=CARTESIAN_POINT('Ctrl Pts',(0.105443027665666,0.359920416392447,0.250000000000001));
#2590=CARTESIAN_POINT('Ctrl Pts',(0.105443027665666,0.359920416392447,0.500000000000001));
#2591=CARTESIAN_POINT('Ctrl Pts',(0.103392481722175,0.360672641198854,0.250000000000001));
#2592=CARTESIAN_POINT('Ctrl Pts',(0.103392481722175,0.360672641198854,0.500000000000001));
#2593=CARTESIAN_POINT('Ctrl Pts',(0.101143040088217,0.361645831904812,0.250000000000001));
#2594=CARTESIAN_POINT('Ctrl Pts',(0.101143040088217,0.361645831904812,0.500000000000001));
#2595=CARTESIAN_POINT('Ctrl Pts',(0.0989602640876556,0.362731162657482,
0.250000000000001));
#2596=CARTESIAN_POINT('Ctrl Pts',(0.0989602640876556,0.362731162657482,
0.500000000000001));
#2597=CARTESIAN_POINT('Ctrl Pts',(0.0968525713656057,0.36392323091972,0.250000000000001));
#2598=CARTESIAN_POINT('Ctrl Pts',(0.0968525713656057,0.36392323091972,0.500000000000001));
#2599=CARTESIAN_POINT('Ctrl Pts',(0.0948261554910074,0.365213554933043,
0.250000000000001));
#2600=CARTESIAN_POINT('Ctrl Pts',(0.0948261554910074,0.365213554933043,
0.500000000000001));
#2601=CARTESIAN_POINT('Ctrl Pts',(0.0928860749471683,0.366593938838684,
0.250000000000001));
#2602=CARTESIAN_POINT('Ctrl Pts',(0.0928860749471683,0.366593938838684,
0.500000000000001));
#2603=CARTESIAN_POINT('Ctrl Pts',(0.0910359574455253,0.368055914292527,
0.250000000000001));
#2604=CARTESIAN_POINT('Ctrl Pts',(0.0910359574455253,0.368055914292527,
0.500000000000001));
#2605=CARTESIAN_POINT('Ctrl Pts',(0.0892781471600803,0.369591193248219,
0.250000000000001));
#2606=CARTESIAN_POINT('Ctrl Pts',(0.0892781471600803,0.369591193248219,
0.500000000000001));
#2607=CARTESIAN_POINT('Ctrl Pts',(0.0876137951786349,0.371191808501648,
0.250000000000001));
#2608=CARTESIAN_POINT('Ctrl Pts',(0.0876137951786349,0.371191808501648,
0.500000000000001));
#2609=CARTESIAN_POINT('Ctrl Pts',(0.0860430081307135,0.372850283796043,
0.250000000000001));
#2610=CARTESIAN_POINT('Ctrl Pts',(0.0860430081307135,0.372850283796043,
0.500000000000001));
#2611=CARTESIAN_POINT('Ctrl Pts',(0.0845650071806347,0.374559740349437,
0.250000000000001));
#2612=CARTESIAN_POINT('Ctrl Pts',(0.0845650071806347,0.374559740349437,
0.500000000000001));
#2613=CARTESIAN_POINT('Ctrl Pts',(0.083178294241689,0.376313966426143,0.250000000000001));
#2614=CARTESIAN_POINT('Ctrl Pts',(0.083178294241689,0.376313966426143,0.500000000000001));
#2615=CARTESIAN_POINT('Ctrl Pts',(0.0818808132269661,0.378107448438546,
0.250000000000001));
#2616=CARTESIAN_POINT('Ctrl Pts',(0.0818808132269661,0.378107448438546,
0.500000000000001));
#2617=CARTESIAN_POINT('Ctrl Pts',(0.0806700997836596,0.379935371595467,
0.250000000000001));
#2618=CARTESIAN_POINT('Ctrl Pts',(0.0806700997836596,0.379935371595467,
0.500000000000001));
#2619=CARTESIAN_POINT('Ctrl Pts',(0.0795434147141732,0.381793596482731,
0.250000000000001));
#2620=CARTESIAN_POINT('Ctrl Pts',(0.0795434147141732,0.381793596482731,
0.500000000000001));
#2621=CARTESIAN_POINT('Ctrl Pts',(0.0784978587182728,0.383678618314586,
0.250000000000001));
#2622=CARTESIAN_POINT('Ctrl Pts',(0.0784978587182728,0.383678618314586,
0.500000000000001));
#2623=CARTESIAN_POINT('Ctrl Pts',(0.077530467808307,0.385587514765931,0.250000000000001));
#2624=CARTESIAN_POINT('Ctrl Pts',(0.077530467808307,0.385587514765931,0.500000000000001));
#2625=CARTESIAN_POINT('Ctrl Pts',(0.0766382900596396,0.387517887399232,
0.250000000000001));
#2626=CARTESIAN_POINT('Ctrl Pts',(0.0766382900596396,0.387517887399232,
0.500000000000001));
#2627=CARTESIAN_POINT('Ctrl Pts',(0.0758184452093533,0.389467800669695,
0.250000000000001));
#2628=CARTESIAN_POINT('Ctrl Pts',(0.0758184452093533,0.389467800669695,
0.500000000000001));
#2629=CARTESIAN_POINT('Ctrl Pts',(0.0750681691028441,0.39143572150913,0.250000000000001));
#2630=CARTESIAN_POINT('Ctrl Pts',(0.0750681691028441,0.39143572150913,0.500000000000001));
#2631=CARTESIAN_POINT('Ctrl Pts',(0.0743848451881327,0.393420461608679,
0.250000000000001));
#2632=CARTESIAN_POINT('Ctrl Pts',(0.0743848451881327,0.393420461608679,
0.500000000000001));
#2633=CARTESIAN_POINT('Ctrl Pts',(0.0737660252548829,0.395421123782587,
0.250000000000001));
#2634=CARTESIAN_POINT('Ctrl Pts',(0.0737660252548829,0.395421123782587,
0.500000000000001));
#2635=CARTESIAN_POINT('Ctrl Pts',(0.0732094414794515,0.397437053206741,
0.250000000000001));
#2636=CARTESIAN_POINT('Ctrl Pts',(0.0732094414794515,0.397437053206741,
0.500000000000001));
#2637=CARTESIAN_POINT('Ctrl Pts',(0.0727130116252261,0.399467793878697,
0.250000000000001));
#2638=CARTESIAN_POINT('Ctrl Pts',(0.0727130116252261,0.399467793878697,
0.500000000000001));
#2639=CARTESIAN_POINT('Ctrl Pts',(0.0722748390006942,0.401513050322535,
0.250000000000001));
#2640=CARTESIAN_POINT('Ctrl Pts',(0.0722748390006942,0.401513050322535,
0.500000000000001));
#2641=CARTESIAN_POINT('Ctrl Pts',(0.0718932085250079,0.403572654340934,
0.250000000000001));
#2642=CARTESIAN_POINT('Ctrl Pts',(0.0718932085250079,0.403572654340934,
0.500000000000001));
#2643=CARTESIAN_POINT('Ctrl Pts',(0.0715665800105904,0.405646536476697,
0.250000000000001));
#2644=CARTESIAN_POINT('Ctrl Pts',(0.0715665800105904,0.405646536476697,
0.500000000000001));
#2645=CARTESIAN_POINT('Ctrl Pts',(0.0712935795551004,0.407734701767109,
0.250000000000001));
#2646=CARTESIAN_POINT('Ctrl Pts',(0.0712935795551004,0.407734701767109,
0.500000000000001));
#2647=CARTESIAN_POINT('Ctrl Pts',(0.0710729897455849,0.409837209340332,
0.250000000000001));
#2648=CARTESIAN_POINT('Ctrl Pts',(0.0710729897455849,0.409837209340332,
0.500000000000001));
#2649=CARTESIAN_POINT('Ctrl Pts',(0.0709037392170367,0.411954155399814,
0.250000000000001));
#2650=CARTESIAN_POINT('Ctrl Pts',(0.0709037392170367,0.411954155399814,
0.500000000000001));
#2651=CARTESIAN_POINT('Ctrl Pts',(0.0707848919745055,0.41408565916012,0.250000000000001));
#2652=CARTESIAN_POINT('Ctrl Pts',(0.0707848919745055,0.41408565916012,0.500000000000001));
#2653=CARTESIAN_POINT('Ctrl Pts',(0.0707156367798467,0.416231851327423,
0.250000000000001));
#2654=CARTESIAN_POINT('Ctrl Pts',(0.0707156367798467,0.416231851327423,
0.500000000000001));
#2655=CARTESIAN_POINT('Ctrl Pts',(0.0706952768180027,0.41839286475464,0.250000000000001));
#2656=CARTESIAN_POINT('Ctrl Pts',(0.0706952768180027,0.41839286475464,0.500000000000001));
#2657=CARTESIAN_POINT('Ctrl Pts',(0.0707232197899023,0.420568826940566,
0.250000000000001));
#2658=CARTESIAN_POINT('Ctrl Pts',(0.0707232197899023,0.420568826940566,
0.500000000000001));
#2659=CARTESIAN_POINT('Ctrl Pts',(0.0707989685273094,0.422759854081701,
0.250000000000001));
#2660=CARTESIAN_POINT('Ctrl Pts',(0.0707989685273094,0.422759854081701,
0.500000000000001));
#2661=CARTESIAN_POINT('Ctrl Pts',(0.0709221121833685,0.424966046423441,
0.250000000000001));
#2662=CARTESIAN_POINT('Ctrl Pts',(0.0709221121833685,0.424966046423441,
0.500000000000001));
#2663=CARTESIAN_POINT('Ctrl Pts',(0.0710923180301282,0.42718748469073,0.250000000000001));
#2664=CARTESIAN_POINT('Ctrl Pts',(0.0710923180301282,0.42718748469073,0.500000000000001));
#2665=CARTESIAN_POINT('Ctrl Pts',(0.0713093238458293,0.429424227415411,
0.250000000000001));
#2666=CARTESIAN_POINT('Ctrl Pts',(0.0713093238458293,0.429424227415411,
0.500000000000001));
#2667=CARTESIAN_POINT('Ctrl Pts',(0.071572930960997,0.431676308984448,0.250000000000001));
#2668=CARTESIAN_POINT('Ctrl Pts',(0.071572930960997,0.431676308984448,0.500000000000001));
#2669=CARTESIAN_POINT('Ctrl Pts',(0.071882997637604,0.433943738337952,0.250000000000001));
#2670=CARTESIAN_POINT('Ctrl Pts',(0.071882997637604,0.433943738337952,0.500000000000001));
#2671=CARTESIAN_POINT('Ctrl Pts',(0.0722394339024363,0.436226497964391,
0.250000000000001));
#2672=CARTESIAN_POINT('Ctrl Pts',(0.0722394339024363,0.436226497964391,
0.500000000000001));
#2673=CARTESIAN_POINT('Ctrl Pts',(0.0726421934490839,0.438524544005705,
0.250000000000001));
#2674=CARTESIAN_POINT('Ctrl Pts',(0.0726421934490839,0.438524544005705,
0.500000000000001));
#2675=CARTESIAN_POINT('Ctrl Pts',(0.073091279056935,0.440837803958107,0.250000000000001));
#2676=CARTESIAN_POINT('Ctrl Pts',(0.073091279056935,0.440837803958107,0.500000000000001));
#2677=CARTESIAN_POINT('Ctrl Pts',(0.0735866990510336,0.443166184917452,
0.250000000000001));
#2678=CARTESIAN_POINT('Ctrl Pts',(0.0735866990510336,0.443166184917452,
0.500000000000001));
#2679=CARTESIAN_POINT('Ctrl Pts',(0.0741286113681288,0.445509543001907,
0.250000000000001));
#2680=CARTESIAN_POINT('Ctrl Pts',(0.0741286113681288,0.445509543001907,
0.500000000000001));
#2681=CARTESIAN_POINT('Ctrl Pts',(0.0747167584400878,0.447867800813347,
0.250000000000001));
#2682=CARTESIAN_POINT('Ctrl Pts',(0.0747167584400878,0.447867800813347,
0.500000000000001));
#2683=CARTESIAN_POINT('Ctrl Pts',(0.0753525924642011,0.450240504340487,
0.250000000000001));
#2684=CARTESIAN_POINT('Ctrl Pts',(0.0753525924642011,0.450240504340487,
0.500000000000001));
#2685=CARTESIAN_POINT('Ctrl Pts',(0.0760312006580098,0.452628505944639,
0.250000000000001));
#2686=CARTESIAN_POINT('Ctrl Pts',(0.0760312006580098,0.452628505944639,
0.500000000000001));
#2687=CARTESIAN_POINT('Ctrl Pts',(0.0767719152958326,0.455027584604219,
0.250000000000001));
#2688=CARTESIAN_POINT('Ctrl Pts',(0.0767719152958326,0.455027584604219,
0.500000000000001));
#2689=CARTESIAN_POINT('Ctrl Pts',(0.0781491458776079,0.459601003504855,
0.250000000000001));
#2690=CARTESIAN_POINT('Ctrl Pts',(0.0781491458776079,0.459601003504855,
0.500000000000001));
#2691=CARTESIAN_POINT('Ctrl Pts',(0.0813132801693412,0.465084695782375,
0.250000000000001));
#2692=CARTESIAN_POINT('Ctrl Pts',(0.0813132801693412,0.465084695782375,
0.500000000000001));
#2693=CARTESIAN_POINT('Ctrl Pts',(0.0807618320207088,0.471870301739822,
0.250000000000001));
#2694=CARTESIAN_POINT('Ctrl Pts',(0.0807618320207088,0.471870301739822,
0.500000000000001));
#2695=CARTESIAN_POINT('Ctrl Pts',(0.0805744654075957,0.477059293625618,
0.250000000000001));
#2696=CARTESIAN_POINT('Ctrl Pts',(0.0805744654075957,0.477059293625618,
0.500000000000001));
#2697=CARTESIAN_POINT('Ctrl Pts',(0.0800819032474065,0.482068769802481,
0.250000000000001));
#2698=CARTESIAN_POINT('Ctrl Pts',(0.0800819032474065,0.482068769802481,
0.500000000000001));
#2699=CARTESIAN_POINT('Ctrl Pts',(0.0793180062294055,0.487813536026105,
0.250000000000001));
#2700=CARTESIAN_POINT('Ctrl Pts',(0.0793180062294055,0.487813536026105,
0.500000000000001));
#2701=CARTESIAN_POINT('Ctrl Pts',(0.0781778738000149,0.494286515639695,
0.250000000000001));
#2702=CARTESIAN_POINT('Ctrl Pts',(0.0781778738000149,0.494286515639695,
0.500000000000001));
#2703=CARTESIAN_POINT('Ctrl Pts',(0.0766160443329517,0.501462794040716,
0.250000000000001));
#2704=CARTESIAN_POINT('Ctrl Pts',(0.0766160443329517,0.501462794040716,
0.500000000000001));
#2705=CARTESIAN_POINT('Ctrl Pts',(0.0745691943933486,0.509318407813772,
0.250000000000001));
#2706=CARTESIAN_POINT('Ctrl Pts',(0.0745691943933486,0.509318407813772,
0.500000000000001));
#2707=CARTESIAN_POINT('Ctrl Pts',(0.0719814535318324,0.517824335622549,
0.250000000000001));
#2708=CARTESIAN_POINT('Ctrl Pts',(0.0719814535318324,0.517824335622549,
0.500000000000001));
#2709=CARTESIAN_POINT('Ctrl Pts',(0.0687966304035801,0.526948497589606,
0.250000000000001));
#2710=CARTESIAN_POINT('Ctrl Pts',(0.0687966304035801,0.526948497589606,
0.500000000000001));
#2711=CARTESIAN_POINT('Ctrl Pts',(0.0649608881463868,0.536655237401703,
0.250000000000001));
#2712=CARTESIAN_POINT('Ctrl Pts',(0.0649608881463868,0.536655237401703,
0.500000000000001));
#2713=CARTESIAN_POINT('Ctrl Pts',(0.0604221678330399,0.546905599331224,
0.250000000000001));
#2714=CARTESIAN_POINT('Ctrl Pts',(0.0604221678330399,0.546905599331224,
0.500000000000001));
#2715=CARTESIAN_POINT('Ctrl Pts',(0.0551305958469509,0.557657375078343,
0.250000000000001));
#2716=CARTESIAN_POINT('Ctrl Pts',(0.0551305958469509,0.557657375078343,
0.500000000000001));
#2717=CARTESIAN_POINT('Ctrl Pts',(0.049038617485716,0.568865227224602,0.250000000000001));
#2718=CARTESIAN_POINT('Ctrl Pts',(0.049038617485716,0.568865227224602,0.500000000000001));
#2719=CARTESIAN_POINT('Ctrl Pts',(0.0406204032385706,0.582959931328011,
0.250000000000001));
#2720=CARTESIAN_POINT('Ctrl Pts',(0.0406204032385706,0.582959931328011,
0.500000000000001));
#2721=CARTESIAN_POINT('Ctrl Pts',(0.0338346527912426,0.593061319669999,
0.250000000000001));
#2722=CARTESIAN_POINT('Ctrl Pts',(0.0338346527912426,0.593061319669999,
0.500000000000001));
#2723=CARTESIAN_POINT('Ctrl Pts',(0.0293737485214264,0.599280554416689,
0.25));
#2724=CARTESIAN_POINT('Ctrl Pts',(0.0293737485214264,0.599280554416689,
0.5));
#2725=CARTESIAN_POINT('',(0.328484410129456,0.502093609106984,0.25));
#2726=CARTESIAN_POINT('Ctrl Pts',(0.0293737485214264,0.599280554416689,
0.25));
#2727=CARTESIAN_POINT('Ctrl Pts',(0.0338346527912426,0.593061319669999,
0.250000000000001));
#2728=CARTESIAN_POINT('Ctrl Pts',(0.0406204032385706,0.582959931328011,
0.250000000000001));
#2729=CARTESIAN_POINT('Ctrl Pts',(0.049038617485716,0.568865227224602,0.250000000000001));
#2730=CARTESIAN_POINT('Ctrl Pts',(0.0551305958469509,0.557657375078343,
0.250000000000001));
#2731=CARTESIAN_POINT('Ctrl Pts',(0.0604221678330399,0.546905599331224,
0.250000000000001));
#2732=CARTESIAN_POINT('Ctrl Pts',(0.0649608881463868,0.536655237401703,
0.250000000000001));
#2733=CARTESIAN_POINT('Ctrl Pts',(0.0687966304035801,0.526948497589606,
0.250000000000001));
#2734=CARTESIAN_POINT('Ctrl Pts',(0.0719814535318324,0.517824335622549,
0.250000000000001));
#2735=CARTESIAN_POINT('Ctrl Pts',(0.0745691943933486,0.509318407813772,
0.250000000000001));
#2736=CARTESIAN_POINT('Ctrl Pts',(0.0766160443329517,0.501462794040716,
0.250000000000001));
#2737=CARTESIAN_POINT('Ctrl Pts',(0.0781778738000149,0.494286515639695,
0.250000000000001));
#2738=CARTESIAN_POINT('Ctrl Pts',(0.0793180062294055,0.487813536026105,
0.250000000000001));
#2739=CARTESIAN_POINT('Ctrl Pts',(0.0800819032474065,0.482068769802481,
0.250000000000001));
#2740=CARTESIAN_POINT('Ctrl Pts',(0.0805744654075957,0.477059293625618,
0.250000000000001));
#2741=CARTESIAN_POINT('Ctrl Pts',(0.0807618320207088,0.471870301739822,
0.250000000000001));
#2742=CARTESIAN_POINT('Ctrl Pts',(0.0813132801693412,0.465084695782375,
0.250000000000001));
#2743=CARTESIAN_POINT('Ctrl Pts',(0.0781491458776079,0.459601003504855,
0.250000000000001));
#2744=CARTESIAN_POINT('Ctrl Pts',(0.0767719152958326,0.455027584604219,
0.250000000000001));
#2745=CARTESIAN_POINT('Ctrl Pts',(0.0760312006580098,0.452628505944639,
0.250000000000001));
#2746=CARTESIAN_POINT('Ctrl Pts',(0.0753525924642011,0.450240504340487,
0.250000000000001));
#2747=CARTESIAN_POINT('Ctrl Pts',(0.0747167584400878,0.447867800813347,
0.250000000000001));
#2748=CARTESIAN_POINT('Ctrl Pts',(0.0741286113681288,0.445509543001907,
0.250000000000001));
#2749=CARTESIAN_POINT('Ctrl Pts',(0.0735866990510336,0.443166184917452,
0.250000000000001));
#2750=CARTESIAN_POINT('Ctrl Pts',(0.073091279056935,0.440837803958107,0.250000000000001));
#2751=CARTESIAN_POINT('Ctrl Pts',(0.0726421934490839,0.438524544005705,
0.250000000000001));
#2752=CARTESIAN_POINT('Ctrl Pts',(0.0722394339024363,0.436226497964391,
0.250000000000001));
#2753=CARTESIAN_POINT('Ctrl Pts',(0.071882997637604,0.433943738337952,0.250000000000001));
#2754=CARTESIAN_POINT('Ctrl Pts',(0.071572930960997,0.431676308984448,0.250000000000001));
#2755=CARTESIAN_POINT('Ctrl Pts',(0.0713093238458293,0.429424227415411,
0.250000000000001));
#2756=CARTESIAN_POINT('Ctrl Pts',(0.0710923180301282,0.42718748469073,0.250000000000001));
#2757=CARTESIAN_POINT('Ctrl Pts',(0.0709221121833685,0.424966046423441,
0.250000000000001));
#2758=CARTESIAN_POINT('Ctrl Pts',(0.0707989685273094,0.422759854081701,
0.250000000000001));
#2759=CARTESIAN_POINT('Ctrl Pts',(0.0707232197899023,0.420568826940566,
0.250000000000001));
#2760=CARTESIAN_POINT('Ctrl Pts',(0.0706952768180027,0.41839286475464,0.250000000000001));
#2761=CARTESIAN_POINT('Ctrl Pts',(0.0707156367798467,0.416231851327423,
0.250000000000001));
#2762=CARTESIAN_POINT('Ctrl Pts',(0.0707848919745055,0.41408565916012,0.250000000000001));
#2763=CARTESIAN_POINT('Ctrl Pts',(0.0709037392170367,0.411954155399814,
0.250000000000001));
#2764=CARTESIAN_POINT('Ctrl Pts',(0.0710729897455849,0.409837209340332,
0.250000000000001));
#2765=CARTESIAN_POINT('Ctrl Pts',(0.0712935795551004,0.407734701767109,
0.250000000000001));
#2766=CARTESIAN_POINT('Ctrl Pts',(0.0715665800105904,0.405646536476697,
0.250000000000001));
#2767=CARTESIAN_POINT('Ctrl Pts',(0.0718932085250079,0.403572654340934,
0.250000000000001));
#2768=CARTESIAN_POINT('Ctrl Pts',(0.0722748390006942,0.401513050322535,
0.250000000000001));
#2769=CARTESIAN_POINT('Ctrl Pts',(0.0727130116252261,0.399467793878697,
0.250000000000001));
#2770=CARTESIAN_POINT('Ctrl Pts',(0.0732094414794515,0.397437053206741,
0.250000000000001));
#2771=CARTESIAN_POINT('Ctrl Pts',(0.0737660252548829,0.395421123782587,
0.250000000000001));
#2772=CARTESIAN_POINT('Ctrl Pts',(0.0743848451881327,0.393420461608679,
0.250000000000001));
#2773=CARTESIAN_POINT('Ctrl Pts',(0.0750681691028441,0.39143572150913,0.250000000000001));
#2774=CARTESIAN_POINT('Ctrl Pts',(0.0758184452093533,0.389467800669695,
0.250000000000001));
#2775=CARTESIAN_POINT('Ctrl Pts',(0.0766382900596396,0.387517887399232,
0.250000000000001));
#2776=CARTESIAN_POINT('Ctrl Pts',(0.077530467808307,0.385587514765931,0.250000000000001));
#2777=CARTESIAN_POINT('Ctrl Pts',(0.0784978587182728,0.383678618314586,
0.250000000000001));
#2778=CARTESIAN_POINT('Ctrl Pts',(0.0795434147141732,0.381793596482731,
0.250000000000001));
#2779=CARTESIAN_POINT('Ctrl Pts',(0.0806700997836596,0.379935371595467,
0.250000000000001));
#2780=CARTESIAN_POINT('Ctrl Pts',(0.0818808132269661,0.378107448438546,
0.250000000000001));
#2781=CARTESIAN_POINT('Ctrl Pts',(0.083178294241689,0.376313966426143,0.250000000000001));
#2782=CARTESIAN_POINT('Ctrl Pts',(0.0845650071806347,0.374559740349437,
0.250000000000001));
#2783=CARTESIAN_POINT('Ctrl Pts',(0.0860430081307135,0.372850283796043,
0.250000000000001));
#2784=CARTESIAN_POINT('Ctrl Pts',(0.0876137951786349,0.371191808501648,
0.250000000000001));
#2785=CARTESIAN_POINT('Ctrl Pts',(0.0892781471600803,0.369591193248219,
0.250000000000001));
#2786=CARTESIAN_POINT('Ctrl Pts',(0.0910359574455253,0.368055914292527,
0.250000000000001));
#2787=CARTESIAN_POINT('Ctrl Pts',(0.0928860749471683,0.366593938838684,
0.250000000000001));
#2788=CARTESIAN_POINT('Ctrl Pts',(0.0948261554910074,0.365213554933043,
0.250000000000001));
#2789=CARTESIAN_POINT('Ctrl Pts',(0.0968525713656057,0.36392323091972,0.250000000000001));
#2790=CARTESIAN_POINT('Ctrl Pts',(0.0989602640876556,0.362731162657482,
0.250000000000001));
#2791=CARTESIAN_POINT('Ctrl Pts',(0.101143040088217,0.361645831904812,0.250000000000001));
#2792=CARTESIAN_POINT('Ctrl Pts',(0.103392481722175,0.360672641198854,0.250000000000001));
#2793=CARTESIAN_POINT('Ctrl Pts',(0.105443027665666,0.359920416392447,0.250000000000001));
#2794=CARTESIAN_POINT('Ctrl Pts',(0.109604676325176,0.358569160059822,0.250000000000001));
#2795=CARTESIAN_POINT('Ctrl Pts',(0.115910342587786,0.356735353170773,0.250000000000001));
#2796=CARTESIAN_POINT('Ctrl Pts',(0.12208961840003,0.354512556473375,0.250000000000001));
#2797=CARTESIAN_POINT('Ctrl Pts',(0.126250711434575,0.353159590102943,0.250000000000001));
#2798=CARTESIAN_POINT('Ctrl Pts',(0.12835178459822,0.352562872090184,0.250000000000001));
#2799=CARTESIAN_POINT('Ctrl Pts',(0.130743648252577,0.352028011291738,0.250000000000001));
#2800=CARTESIAN_POINT('Ctrl Pts',(0.133147492542224,0.351623058772979,0.250000000000001));
#2801=CARTESIAN_POINT('Ctrl Pts',(0.135553331917552,0.351348591557199,0.250000000000001));
#2802=CARTESIAN_POINT('Ctrl Pts',(0.137951170223483,0.351201388246127,0.250000000000001));
#2803=CARTESIAN_POINT('Ctrl Pts',(0.140332097656143,0.351177791552625,0.250000000000001));
#2804=CARTESIAN_POINT('Ctrl Pts',(0.142688201767545,0.351273082757668,0.250000000000001));
#2805=CARTESIAN_POINT('Ctrl Pts',(0.145012714489668,0.351481934561817,0.250000000000001));
#2806=CARTESIAN_POINT('Ctrl Pts',(0.147300021567839,0.351798577953979,0.250000000000001));
#2807=CARTESIAN_POINT('Ctrl Pts',(0.149545642303488,0.352217027190636,0.250000000000001));
#2808=CARTESIAN_POINT('Ctrl Pts',(0.151746163541324,0.352731259432146,0.250000000000001));
#2809=CARTESIAN_POINT('Ctrl Pts',(0.153899146092325,0.353335368725502,0.250000000000001));
#2810=CARTESIAN_POINT('Ctrl Pts',(0.156003012560258,0.354023685947058,0.250000000000001));
#2811=CARTESIAN_POINT('Ctrl Pts',(0.158056926585173,0.354790867338691,0.250000000000001));
#2812=CARTESIAN_POINT('Ctrl Pts',(0.160060671137872,0.355631953984036,0.250000000000001));
#2813=CARTESIAN_POINT('Ctrl Pts',(0.16201453174014,0.356542406285938,0.250000000000001));
#2814=CARTESIAN_POINT('Ctrl Pts',(0.16391918860876,0.357518117845498,0.250000000000001));
#2815=CARTESIAN_POINT('Ctrl Pts',(0.165775620134719,0.358555413188225,0.250000000000001));
#2816=CARTESIAN_POINT('Ctrl Pts',(0.167585018814979,0.359651033449421,0.250000000000001));
#2817=CARTESIAN_POINT('Ctrl Pts',(0.169348719782717,0.360802113621555,0.250000000000001));
#2818=CARTESIAN_POINT('Ctrl Pts',(0.17106814140253,0.362006154371901,0.250000000000001));
#2819=CARTESIAN_POINT('Ctrl Pts',(0.172744736965629,0.363260990840007,0.250000000000001));
#2820=CARTESIAN_POINT('Ctrl Pts',(0.174379956283927,0.364564760268744,0.250000000000001));
#2821=CARTESIAN_POINT('Ctrl Pts',(0.175975215890717,0.365915869836414,0.250000000000001));
#2822=CARTESIAN_POINT('Ctrl Pts',(0.177531876565276,0.367312965650675,0.250000000000001));
#2823=CARTESIAN_POINT('Ctrl Pts',(0.179051226973256,0.368754903537809,0.250000000000001));
#2824=CARTESIAN_POINT('Ctrl Pts',(0.180534472326661,0.370240722006219,0.250000000000001));
#2825=CARTESIAN_POINT('Ctrl Pts',(0.181982727096678,0.371769617571621,0.250000000000001));
#2826=CARTESIAN_POINT('Ctrl Pts',(0.183397010945735,0.37334092249232,0.250000000000001));
#2827=CARTESIAN_POINT('Ctrl Pts',(0.1847782471733,0.374954084865994,0.250000000000001));
#2828=CARTESIAN_POINT('Ctrl Pts',(0.186127263087756,0.376608650975219,0.250000000000001));
#2829=CARTESIAN_POINT('Ctrl Pts',(0.187444791821711,0.378304249729697,0.250000000000001));
#2830=CARTESIAN_POINT('Ctrl Pts',(0.188731475199371,0.380040579032079,0.250000000000001));
#2831=CARTESIAN_POINT('Ctrl Pts',(0.189987867342664,0.381817393886398,0.250000000000001));
#2832=CARTESIAN_POINT('Ctrl Pts',(0.191214438767731,0.38363449606944,0.250000000000001));
#2833=CARTESIAN_POINT('Ctrl Pts',(0.192411580779425,0.385491725191713,0.250000000000001));
#2834=CARTESIAN_POINT('Ctrl Pts',(0.193579610009245,0.387388950988484,0.250000000000001));
#2835=CARTESIAN_POINT('Ctrl Pts',(0.194718773003205,0.389326066682926,0.250000000000001));
#2836=CARTESIAN_POINT('Ctrl Pts',(0.195829250700436,0.39130298331969,0.250000000000001));
#2837=CARTESIAN_POINT('Ctrl Pts',(0.196911163024276,0.393319624819957,0.250000000000001));
#2838=CARTESIAN_POINT('Ctrl Pts',(0.197964572471564,0.395375924131669,0.250000000000001));
#2839=CARTESIAN_POINT('Ctrl Pts',(0.198989490725853,0.397471818554688,0.250000000000001));
#2840=CARTESIAN_POINT('Ctrl Pts',(0.199985872921913,0.3996072510659,0.250000000000001));
#2841=CARTESIAN_POINT('Ctrl Pts',(0.200953657716956,0.401782151397611,0.250000000000001));
#2842=CARTESIAN_POINT('Ctrl Pts',(0.201892632765848,0.403996495979866,0.250000000000001));
#2843=CARTESIAN_POINT('Ctrl Pts',(0.202802960952109,0.406250070801515,0.250000000000001));
#2844=CARTESIAN_POINT('Ctrl Pts',(0.203683200562315,0.408543362139864,0.250000000000001));
#2845=CARTESIAN_POINT('Ctrl Pts',(0.204537827126373,0.410874171908623,0.250000000000001));
#2846=CARTESIAN_POINT('Ctrl Pts',(0.205348719451583,0.413250448455335,0.250000000000001));
#2847=CARTESIAN_POINT('Ctrl Pts',(0.206922704688103,0.417759937893319,0.250000000000001));
#2848=CARTESIAN_POINT('Ctrl Pts',(0.207586099722443,0.424056169610708,0.250000000000001));
#2849=CARTESIAN_POINT('Ctrl Pts',(0.212020709755858,0.429221707058245,0.250000000000001));
#2850=CARTESIAN_POINT('Ctrl Pts',(0.215222305434781,0.433309558345568,0.250000000000001));
#2851=CARTESIAN_POINT('Ctrl Pts',(0.218565292811631,0.43707278893197,0.250000000000001));
#2852=CARTESIAN_POINT('Ctrl Pts',(0.22255998734526,0.441271395034142,0.250000000000001));
#2853=CARTESIAN_POINT('Ctrl Pts',(0.227287095811734,0.445837992518123,0.250000000000001));
#2854=CARTESIAN_POINT('Ctrl Pts',(0.232768753003368,0.450725703373578,0.250000000000001));
#2855=CARTESIAN_POINT('Ctrl Pts',(0.23904210331295,0.455877920209072,0.250000000000001));
#2856=CARTESIAN_POINT('Ctrl Pts',(0.246135288570019,0.461238324444146,0.250000000000001));
#2857=CARTESIAN_POINT('Ctrl Pts',(0.254074912448617,0.466747934468978,0.250000000000001));
#2858=CARTESIAN_POINT('Ctrl Pts',(0.26288357163012,0.472346259206567,0.250000000000001));
#2859=CARTESIAN_POINT('Ctrl Pts',(0.272580485069165,0.477971183341578,0.250000000000001));
#2860=CARTESIAN_POINT('Ctrl Pts',(0.283181191952982,0.483559244665839,0.250000000000001));
#2861=CARTESIAN_POINT('Ctrl Pts',(0.294697516178031,0.489045812484585,0.250000000000001));
#2862=CARTESIAN_POINT('Ctrl Pts',(0.309792653773671,0.495500565449819,0.250000000000001));
#2863=CARTESIAN_POINT('Ctrl Pts',(0.321219888300246,0.499684196246591,0.250000000000001));
#2864=CARTESIAN_POINT('Ctrl Pts',(0.328484410129457,0.502093609106984,0.25));
#2865=CARTESIAN_POINT('',(0.328484410129456,0.502093609106984,0.5));
#2866=CARTESIAN_POINT('Ctrl Pts',(0.328484410129457,0.502093609106984,0.5));
#2867=CARTESIAN_POINT('Ctrl Pts',(0.321219888300246,0.499684196246591,0.500000000000001));
#2868=CARTESIAN_POINT('Ctrl Pts',(0.309792653773671,0.495500565449819,0.500000000000001));
#2869=CARTESIAN_POINT('Ctrl Pts',(0.294697516178031,0.489045812484585,0.500000000000001));
#2870=CARTESIAN_POINT('Ctrl Pts',(0.283181191952982,0.483559244665839,0.500000000000001));
#2871=CARTESIAN_POINT('Ctrl Pts',(0.272580485069165,0.477971183341578,0.500000000000001));
#2872=CARTESIAN_POINT('Ctrl Pts',(0.26288357163012,0.472346259206567,0.500000000000001));
#2873=CARTESIAN_POINT('Ctrl Pts',(0.254074912448617,0.466747934468978,0.500000000000001));
#2874=CARTESIAN_POINT('Ctrl Pts',(0.246135288570019,0.461238324444146,0.500000000000001));
#2875=CARTESIAN_POINT('Ctrl Pts',(0.23904210331295,0.455877920209072,0.500000000000001));
#2876=CARTESIAN_POINT('Ctrl Pts',(0.232768753003368,0.450725703373578,0.500000000000001));
#2877=CARTESIAN_POINT('Ctrl Pts',(0.227287095811734,0.445837992518123,0.500000000000001));
#2878=CARTESIAN_POINT('Ctrl Pts',(0.22255998734526,0.441271395034142,0.500000000000001));
#2879=CARTESIAN_POINT('Ctrl Pts',(0.218565292811631,0.43707278893197,0.500000000000001));
#2880=CARTESIAN_POINT('Ctrl Pts',(0.215222305434781,0.433309558345568,0.500000000000001));
#2881=CARTESIAN_POINT('Ctrl Pts',(0.212020709755858,0.429221707058245,0.500000000000001));
#2882=CARTESIAN_POINT('Ctrl Pts',(0.207586099722443,0.424056169610708,0.500000000000001));
#2883=CARTESIAN_POINT('Ctrl Pts',(0.206922704688103,0.417759937893319,0.500000000000001));
#2884=CARTESIAN_POINT('Ctrl Pts',(0.205348719451583,0.413250448455335,0.500000000000001));
#2885=CARTESIAN_POINT('Ctrl Pts',(0.204537827126373,0.410874171908623,0.500000000000001));
#2886=CARTESIAN_POINT('Ctrl Pts',(0.203683200562315,0.408543362139864,0.500000000000001));
#2887=CARTESIAN_POINT('Ctrl Pts',(0.202802960952109,0.406250070801515,0.500000000000001));
#2888=CARTESIAN_POINT('Ctrl Pts',(0.201892632765848,0.403996495979866,0.500000000000001));
#2889=CARTESIAN_POINT('Ctrl Pts',(0.200953657716956,0.401782151397611,0.500000000000001));
#2890=CARTESIAN_POINT('Ctrl Pts',(0.199985872921913,0.3996072510659,0.500000000000001));
#2891=CARTESIAN_POINT('Ctrl Pts',(0.198989490725853,0.397471818554688,0.500000000000001));
#2892=CARTESIAN_POINT('Ctrl Pts',(0.197964572471564,0.395375924131669,0.500000000000001));
#2893=CARTESIAN_POINT('Ctrl Pts',(0.196911163024276,0.393319624819957,0.500000000000001));
#2894=CARTESIAN_POINT('Ctrl Pts',(0.195829250700436,0.39130298331969,0.500000000000001));
#2895=CARTESIAN_POINT('Ctrl Pts',(0.194718773003205,0.389326066682926,0.500000000000001));
#2896=CARTESIAN_POINT('Ctrl Pts',(0.193579610009245,0.387388950988484,0.500000000000001));
#2897=CARTESIAN_POINT('Ctrl Pts',(0.192411580779425,0.385491725191713,0.500000000000001));
#2898=CARTESIAN_POINT('Ctrl Pts',(0.191214438767731,0.38363449606944,0.500000000000001));
#2899=CARTESIAN_POINT('Ctrl Pts',(0.189987867342664,0.381817393886398,0.500000000000001));
#2900=CARTESIAN_POINT('Ctrl Pts',(0.188731475199371,0.380040579032079,0.500000000000001));
#2901=CARTESIAN_POINT('Ctrl Pts',(0.187444791821711,0.378304249729697,0.500000000000001));
#2902=CARTESIAN_POINT('Ctrl Pts',(0.186127263087756,0.376608650975219,0.500000000000001));
#2903=CARTESIAN_POINT('Ctrl Pts',(0.1847782471733,0.374954084865994,0.500000000000001));
#2904=CARTESIAN_POINT('Ctrl Pts',(0.183397010945735,0.37334092249232,0.500000000000001));
#2905=CARTESIAN_POINT('Ctrl Pts',(0.181982727096678,0.371769617571621,0.500000000000001));
#2906=CARTESIAN_POINT('Ctrl Pts',(0.180534472326661,0.370240722006219,0.500000000000001));
#2907=CARTESIAN_POINT('Ctrl Pts',(0.179051226973256,0.368754903537809,0.500000000000001));
#2908=CARTESIAN_POINT('Ctrl Pts',(0.177531876565276,0.367312965650675,0.500000000000001));
#2909=CARTESIAN_POINT('Ctrl Pts',(0.175975215890717,0.365915869836414,0.500000000000001));
#2910=CARTESIAN_POINT('Ctrl Pts',(0.174379956283927,0.364564760268744,0.500000000000001));
#2911=CARTESIAN_POINT('Ctrl Pts',(0.172744736965629,0.363260990840007,0.500000000000001));
#2912=CARTESIAN_POINT('Ctrl Pts',(0.17106814140253,0.362006154371901,0.500000000000001));
#2913=CARTESIAN_POINT('Ctrl Pts',(0.169348719782717,0.360802113621555,0.500000000000001));
#2914=CARTESIAN_POINT('Ctrl Pts',(0.167585018814979,0.359651033449421,0.500000000000001));
#2915=CARTESIAN_POINT('Ctrl Pts',(0.165775620134719,0.358555413188225,0.500000000000001));
#2916=CARTESIAN_POINT('Ctrl Pts',(0.16391918860876,0.357518117845498,0.500000000000001));
#2917=CARTESIAN_POINT('Ctrl Pts',(0.16201453174014,0.356542406285938,0.500000000000001));
#2918=CARTESIAN_POINT('Ctrl Pts',(0.160060671137872,0.355631953984036,0.500000000000001));
#2919=CARTESIAN_POINT('Ctrl Pts',(0.158056926585173,0.354790867338691,0.500000000000001));
#2920=CARTESIAN_POINT('Ctrl Pts',(0.156003012560258,0.354023685947058,0.500000000000001));
#2921=CARTESIAN_POINT('Ctrl Pts',(0.153899146092325,0.353335368725502,0.500000000000001));
#2922=CARTESIAN_POINT('Ctrl Pts',(0.151746163541324,0.352731259432146,0.500000000000001));
#2923=CARTESIAN_POINT('Ctrl Pts',(0.149545642303488,0.352217027190636,0.500000000000001));
#2924=CARTESIAN_POINT('Ctrl Pts',(0.147300021567839,0.351798577953979,0.500000000000001));
#2925=CARTESIAN_POINT('Ctrl Pts',(0.145012714489668,0.351481934561817,0.500000000000001));
#2926=CARTESIAN_POINT('Ctrl Pts',(0.142688201767545,0.351273082757668,0.500000000000001));
#2927=CARTESIAN_POINT('Ctrl Pts',(0.140332097656143,0.351177791552625,0.500000000000001));
#2928=CARTESIAN_POINT('Ctrl Pts',(0.137951170223483,0.351201388246127,0.500000000000001));
#2929=CARTESIAN_POINT('Ctrl Pts',(0.135553331917552,0.351348591557199,0.500000000000001));
#2930=CARTESIAN_POINT('Ctrl Pts',(0.133147492542224,0.351623058772979,0.500000000000001));
#2931=CARTESIAN_POINT('Ctrl Pts',(0.130743648252577,0.352028011291738,0.500000000000001));
#2932=CARTESIAN_POINT('Ctrl Pts',(0.12835178459822,0.352562872090184,0.500000000000001));
#2933=CARTESIAN_POINT('Ctrl Pts',(0.126250711434575,0.353159590102943,0.500000000000001));
#2934=CARTESIAN_POINT('Ctrl Pts',(0.12208961840003,0.354512556473375,0.500000000000001));
#2935=CARTESIAN_POINT('Ctrl Pts',(0.115910342587786,0.356735353170773,0.500000000000001));
#2936=CARTESIAN_POINT('Ctrl Pts',(0.109604676325176,0.358569160059822,0.500000000000001));
#2937=CARTESIAN_POINT('Ctrl Pts',(0.105443027665666,0.359920416392447,0.500000000000001));
#2938=CARTESIAN_POINT('Ctrl Pts',(0.103392481722175,0.360672641198854,0.500000000000001));
#2939=CARTESIAN_POINT('Ctrl Pts',(0.101143040088217,0.361645831904812,0.500000000000001));
#2940=CARTESIAN_POINT('Ctrl Pts',(0.0989602640876556,0.362731162657482,
0.500000000000001));
#2941=CARTESIAN_POINT('Ctrl Pts',(0.0968525713656057,0.36392323091972,0.500000000000001));
#2942=CARTESIAN_POINT('Ctrl Pts',(0.0948261554910074,0.365213554933043,
0.500000000000001));
#2943=CARTESIAN_POINT('Ctrl Pts',(0.0928860749471683,0.366593938838684,
0.500000000000001));
#2944=CARTESIAN_POINT('Ctrl Pts',(0.0910359574455253,0.368055914292527,
0.500000000000001));
#2945=CARTESIAN_POINT('Ctrl Pts',(0.0892781471600803,0.369591193248219,
0.500000000000001));
#2946=CARTESIAN_POINT('Ctrl Pts',(0.0876137951786349,0.371191808501648,
0.500000000000001));
#2947=CARTESIAN_POINT('Ctrl Pts',(0.0860430081307135,0.372850283796043,
0.500000000000001));
#2948=CARTESIAN_POINT('Ctrl Pts',(0.0845650071806347,0.374559740349437,
0.500000000000001));
#2949=CARTESIAN_POINT('Ctrl Pts',(0.083178294241689,0.376313966426143,0.500000000000001));
#2950=CARTESIAN_POINT('Ctrl Pts',(0.0818808132269661,0.378107448438546,
0.500000000000001));
#2951=CARTESIAN_POINT('Ctrl Pts',(0.0806700997836596,0.379935371595467,
0.500000000000001));
#2952=CARTESIAN_POINT('Ctrl Pts',(0.0795434147141732,0.381793596482731,
0.500000000000001));
#2953=CARTESIAN_POINT('Ctrl Pts',(0.0784978587182728,0.383678618314586,
0.500000000000001));
#2954=CARTESIAN_POINT('Ctrl Pts',(0.077530467808307,0.385587514765931,0.500000000000001));
#2955=CARTESIAN_POINT('Ctrl Pts',(0.0766382900596396,0.387517887399232,
0.500000000000001));
#2956=CARTESIAN_POINT('Ctrl Pts',(0.0758184452093533,0.389467800669695,
0.500000000000001));
#2957=CARTESIAN_POINT('Ctrl Pts',(0.0750681691028441,0.39143572150913,0.500000000000001));
#2958=CARTESIAN_POINT('Ctrl Pts',(0.0743848451881327,0.393420461608679,
0.500000000000001));
#2959=CARTESIAN_POINT('Ctrl Pts',(0.0737660252548829,0.395421123782587,
0.500000000000001));
#2960=CARTESIAN_POINT('Ctrl Pts',(0.0732094414794515,0.397437053206741,
0.500000000000001));
#2961=CARTESIAN_POINT('Ctrl Pts',(0.0727130116252261,0.399467793878697,
0.500000000000001));
#2962=CARTESIAN_POINT('Ctrl Pts',(0.0722748390006942,0.401513050322535,
0.500000000000001));
#2963=CARTESIAN_POINT('Ctrl Pts',(0.0718932085250079,0.403572654340934,
0.500000000000001));
#2964=CARTESIAN_POINT('Ctrl Pts',(0.0715665800105904,0.405646536476697,
0.500000000000001));
#2965=CARTESIAN_POINT('Ctrl Pts',(0.0712935795551004,0.407734701767109,
0.500000000000001));
#2966=CARTESIAN_POINT('Ctrl Pts',(0.0710729897455849,0.409837209340332,
0.500000000000001));
#2967=CARTESIAN_POINT('Ctrl Pts',(0.0709037392170367,0.411954155399814,
0.500000000000001));
#2968=CARTESIAN_POINT('Ctrl Pts',(0.0707848919745055,0.41408565916012,0.500000000000001));
#2969=CARTESIAN_POINT('Ctrl Pts',(0.0707156367798467,0.416231851327423,
0.500000000000001));
#2970=CARTESIAN_POINT('Ctrl Pts',(0.0706952768180027,0.41839286475464,0.500000000000001));
#2971=CARTESIAN_POINT('Ctrl Pts',(0.0707232197899023,0.420568826940566,
0.500000000000001));
#2972=CARTESIAN_POINT('Ctrl Pts',(0.0707989685273094,0.422759854081701,
0.500000000000001));
#2973=CARTESIAN_POINT('Ctrl Pts',(0.0709221121833685,0.424966046423441,
0.500000000000001));
#2974=CARTESIAN_POINT('Ctrl Pts',(0.0710923180301282,0.42718748469073,0.500000000000001));
#2975=CARTESIAN_POINT('Ctrl Pts',(0.0713093238458293,0.429424227415411,
0.500000000000001));
#2976=CARTESIAN_POINT('Ctrl Pts',(0.071572930960997,0.431676308984448,0.500000000000001));
#2977=CARTESIAN_POINT('Ctrl Pts',(0.071882997637604,0.433943738337952,0.500000000000001));
#2978=CARTESIAN_POINT('Ctrl Pts',(0.0722394339024363,0.436226497964391,
0.500000000000001));
#2979=CARTESIAN_POINT('Ctrl Pts',(0.0726421934490839,0.438524544005705,
0.500000000000001));
#2980=CARTESIAN_POINT('Ctrl Pts',(0.073091279056935,0.440837803958107,0.500000000000001));
#2981=CARTESIAN_POINT('Ctrl Pts',(0.0735866990510336,0.443166184917452,
0.500000000000001));
#2982=CARTESIAN_POINT('Ctrl Pts',(0.0741286113681288,0.445509543001907,
0.500000000000001));
#2983=CARTESIAN_POINT('Ctrl Pts',(0.0747167584400878,0.447867800813347,
0.500000000000001));
#2984=CARTESIAN_POINT('Ctrl Pts',(0.0753525924642011,0.450240504340487,
0.500000000000001));
#2985=CARTESIAN_POINT('Ctrl Pts',(0.0760312006580098,0.452628505944639,
0.500000000000001));
#2986=CARTESIAN_POINT('Ctrl Pts',(0.0767719152958326,0.455027584604219,
0.500000000000001));
#2987=CARTESIAN_POINT('Ctrl Pts',(0.0781491458776079,0.459601003504855,
0.500000000000001));
#2988=CARTESIAN_POINT('Ctrl Pts',(0.0813132801693412,0.465084695782375,
0.500000000000001));
#2989=CARTESIAN_POINT('Ctrl Pts',(0.0807618320207088,0.471870301739822,
0.500000000000001));
#2990=CARTESIAN_POINT('Ctrl Pts',(0.0805744654075957,0.477059293625618,
0.500000000000001));
#2991=CARTESIAN_POINT('Ctrl Pts',(0.0800819032474065,0.482068769802481,
0.500000000000001));
#2992=CARTESIAN_POINT('Ctrl Pts',(0.0793180062294055,0.487813536026105,
0.500000000000001));
#2993=CARTESIAN_POINT('Ctrl Pts',(0.0781778738000149,0.494286515639695,
0.500000000000001));
#2994=CARTESIAN_POINT('Ctrl Pts',(0.0766160443329517,0.501462794040716,
0.500000000000001));
#2995=CARTESIAN_POINT('Ctrl Pts',(0.0745691943933486,0.509318407813772,
0.500000000000001));
#2996=CARTESIAN_POINT('Ctrl Pts',(0.0719814535318324,0.517824335622549,
0.500000000000001));
#2997=CARTESIAN_POINT('Ctrl Pts',(0.0687966304035801,0.526948497589606,
0.500000000000001));
#2998=CARTESIAN_POINT('Ctrl Pts',(0.0649608881463868,0.536655237401703,
0.500000000000001));
#2999=CARTESIAN_POINT('Ctrl Pts',(0.0604221678330399,0.546905599331224,
0.500000000000001));
#3000=CARTESIAN_POINT('Ctrl Pts',(0.0551305958469509,0.557657375078343,
0.500000000000001));
#3001=CARTESIAN_POINT('Ctrl Pts',(0.049038617485716,0.568865227224602,0.500000000000001));
#3002=CARTESIAN_POINT('Ctrl Pts',(0.0406204032385706,0.582959931328011,
0.500000000000001));
#3003=CARTESIAN_POINT('Ctrl Pts',(0.0338346527912426,0.593061319669999,
0.500000000000001));
#3004=CARTESIAN_POINT('Ctrl Pts',(0.0293737485214264,0.599280554416689,
0.5));
#3005=CARTESIAN_POINT('',(0.328484410129456,0.502093609106984,0.25));
#3006=CARTESIAN_POINT('Origin',(0.,0.,0.25));
#3007=CARTESIAN_POINT('',(0.376012133614114,0.467562696736102,0.25));
#3008=CARTESIAN_POINT('Origin',(0.,0.,0.25));
#3009=CARTESIAN_POINT('',(0.376012133614114,0.467562696736102,0.5));
#3010=CARTESIAN_POINT('Origin',(0.,0.,0.5));
#3011=CARTESIAN_POINT('',(0.376012133614114,0.467562696736102,0.25));
#3012=CARTESIAN_POINT('Ctrl Pts',(0.560872688885342,0.213123970652517,0.25));
#3013=CARTESIAN_POINT('Ctrl Pts',(0.560872688885342,0.213123970652517,0.5));
#3014=CARTESIAN_POINT('Ctrl Pts',(0.553579349923478,0.215444693498161,0.249999999999987));
#3015=CARTESIAN_POINT('Ctrl Pts',(0.553579349923478,0.215444693498161,0.499999999999987));
#3016=CARTESIAN_POINT('Ctrl Pts',(0.541875446509395,0.218776825014588,0.249999999999987));
#3017=CARTESIAN_POINT('Ctrl Pts',(0.541875446509395,0.218776825014588,0.499999999999987));
#3018=CARTESIAN_POINT('Ctrl Pts',(0.525869215061942,0.222427519431264,0.249999999999987));
#3019=CARTESIAN_POINT('Ctrl Pts',(0.525869215061942,0.222427519431264,0.499999999999987));
#3020=CARTESIAN_POINT('Ctrl Pts',(0.513327389401584,0.22475791836521,0.249999999999987));
#3021=CARTESIAN_POINT('Ctrl Pts',(0.513327389401584,0.22475791836521,0.499999999999987));
#3022=CARTESIAN_POINT('Ctrl Pts',(0.501466657344882,0.226468020958456,0.249999999999987));
#3023=CARTESIAN_POINT('Ctrl Pts',(0.501466657344882,0.226468020958456,0.499999999999987));
#3024=CARTESIAN_POINT('Ctrl Pts',(0.490315442127888,0.22761706445339,0.249999999999987));
#3025=CARTESIAN_POINT('Ctrl Pts',(0.490315442127888,0.22761706445339,0.499999999999987));
#3026=CARTESIAN_POINT('Ctrl Pts',(0.479898474434097,0.228265524560009,0.249999999999987));
#3027=CARTESIAN_POINT('Ctrl Pts',(0.479898474434097,0.228265524560009,0.499999999999987));
#3028=CARTESIAN_POINT('Ctrl Pts',(0.470236716268887,0.22847495024213,0.249999999999987));
#3029=CARTESIAN_POINT('Ctrl Pts',(0.470236716268887,0.22847495024213,0.499999999999987));
#3030=CARTESIAN_POINT('Ctrl Pts',(0.461347442295966,0.22830756180512,0.249999999999987));
#3031=CARTESIAN_POINT('Ctrl Pts',(0.461347442295966,0.22830756180512,0.499999999999987));
#3032=CARTESIAN_POINT('Ctrl Pts',(0.45324379821133,0.227826713620938,0.249999999999987));
#3033=CARTESIAN_POINT('Ctrl Pts',(0.45324379821133,0.227826713620938,0.499999999999987));
#3034=CARTESIAN_POINT('Ctrl Pts',(0.445936120027654,0.227094509730649,0.249999999999987));
#3035=CARTESIAN_POINT('Ctrl Pts',(0.445936120027654,0.227094509730649,0.499999999999987));
#3036=CARTESIAN_POINT('Ctrl Pts',(0.439427630289783,0.226178579402218,0.249999999999987));
#3037=CARTESIAN_POINT('Ctrl Pts',(0.439427630289783,0.226178579402218,0.499999999999987));
#3038=CARTESIAN_POINT('Ctrl Pts',(0.433727975777699,0.225129858247155,0.249999999999987));
#3039=CARTESIAN_POINT('Ctrl Pts',(0.433727975777699,0.225129858247155,0.499999999999987));
#3040=CARTESIAN_POINT('Ctrl Pts',(0.428811470738184,0.224050299427716,0.249999999999987));
#3041=CARTESIAN_POINT('Ctrl Pts',(0.428811470738184,0.224050299427716,0.499999999999987));
#3042=CARTESIAN_POINT('Ctrl Pts',(0.423818546724564,0.222625008989669,0.249999999999987));
#3043=CARTESIAN_POINT('Ctrl Pts',(0.423818546724564,0.222625008989669,0.499999999999987));
#3044=CARTESIAN_POINT('Ctrl Pts',(0.417194645112279,0.221052599786842,0.249999999999987));
#3045=CARTESIAN_POINT('Ctrl Pts',(0.417194645112279,0.221052599786842,0.499999999999987));
#3046=CARTESIAN_POINT('Ctrl Pts',(0.412957115107016,0.21634877514458,0.249999999999987));
#3047=CARTESIAN_POINT('Ctrl Pts',(0.412957115107016,0.21634877514458,0.499999999999987));
#3048=CARTESIAN_POINT('Ctrl Pts',(0.409033122914761,0.213625686862649,0.249999999999987));
#3049=CARTESIAN_POINT('Ctrl Pts',(0.409033122914761,0.213625686862649,0.499999999999987));
#3050=CARTESIAN_POINT('Ctrl Pts',(0.406980356933532,0.21217986930298,0.249999999999987));
#3051=CARTESIAN_POINT('Ctrl Pts',(0.406980356933532,0.21217986930298,0.499999999999987));
#3052=CARTESIAN_POINT('Ctrl Pts',(0.404918933911389,0.21079654147997,0.249999999999987));
#3053=CARTESIAN_POINT('Ctrl Pts',(0.404918933911389,0.21079654147997,0.499999999999987));
#3054=CARTESIAN_POINT('Ctrl Pts',(0.402858842279719,0.209458621675555,0.249999999999987));
#3055=CARTESIAN_POINT('Ctrl Pts',(0.402858842279719,0.209458621675555,0.499999999999987));
#3056=CARTESIAN_POINT('Ctrl Pts',(0.400797753261472,0.208170518829376,0.249999999999987));
#3057=CARTESIAN_POINT('Ctrl Pts',(0.400797753261472,0.208170518829376,0.499999999999987));
#3058=CARTESIAN_POINT('Ctrl Pts',(0.398736547400681,0.206930992116939,0.249999999999987));
#3059=CARTESIAN_POINT('Ctrl Pts',(0.398736547400681,0.206930992116939,0.499999999999987));
#3060=CARTESIAN_POINT('Ctrl Pts',(0.396675218714408,0.205740310417432,0.249999999999987));
#3061=CARTESIAN_POINT('Ctrl Pts',(0.396675218714408,0.205740310417432,0.499999999999987));
#3062=CARTESIAN_POINT('Ctrl Pts',(0.394613952847547,0.204598367986012,0.249999999999987));
#3063=CARTESIAN_POINT('Ctrl Pts',(0.394613952847547,0.204598367986012,0.499999999999987));
#3064=CARTESIAN_POINT('Ctrl Pts',(0.39255284072977,0.20350518561405,0.249999999999987));
#3065=CARTESIAN_POINT('Ctrl Pts',(0.39255284072977,0.20350518561405,0.499999999999987));
#3066=CARTESIAN_POINT('Ctrl Pts',(0.390491952175154,0.202460783063095,0.249999999999987));
#3067=CARTESIAN_POINT('Ctrl Pts',(0.390491952175154,0.202460783063095,0.499999999999987));
#3068=CARTESIAN_POINT('Ctrl Pts',(0.388431314585726,0.201465217926045,0.249999999999987));
#3069=CARTESIAN_POINT('Ctrl Pts',(0.388431314585726,0.201465217926045,0.499999999999987));
#3070=CARTESIAN_POINT('Ctrl Pts',(0.38637091681269,0.200518581183872,0.249999999999987));
#3071=CARTESIAN_POINT('Ctrl Pts',(0.38637091681269,0.200518581183872,0.499999999999987));
#3072=CARTESIAN_POINT('Ctrl Pts',(0.384310706554036,0.199621004874804,0.249999999999987));
#3073=CARTESIAN_POINT('Ctrl Pts',(0.384310706554036,0.199621004874804,0.499999999999987));
#3074=CARTESIAN_POINT('Ctrl Pts',(0.382250589713574,0.198772667318585,0.249999999999987));
#3075=CARTESIAN_POINT('Ctrl Pts',(0.382250589713574,0.198772667318585,0.499999999999987));
#3076=CARTESIAN_POINT('Ctrl Pts',(0.380190429593234,0.197973799815592,0.249999999999987));
#3077=CARTESIAN_POINT('Ctrl Pts',(0.380190429593234,0.197973799815592,0.499999999999987));
#3078=CARTESIAN_POINT('Ctrl Pts',(0.378130046600439,0.197224693863532,0.249999999999987));
#3079=CARTESIAN_POINT('Ctrl Pts',(0.378130046600439,0.197224693863532,0.499999999999987));
#3080=CARTESIAN_POINT('Ctrl Pts',(0.376069218437493,0.196525709223454,0.249999999999987));
#3081=CARTESIAN_POINT('Ctrl Pts',(0.376069218437493,0.196525709223454,0.499999999999987));
#3082=CARTESIAN_POINT('Ctrl Pts',(0.374007680961523,0.195877282823755,0.249999999999987));
#3083=CARTESIAN_POINT('Ctrl Pts',(0.374007680961523,0.195877282823755,0.499999999999987));
#3084=CARTESIAN_POINT('Ctrl Pts',(0.371945129883489,0.195279938575031,0.249999999999987));
#3085=CARTESIAN_POINT('Ctrl Pts',(0.371945129883489,0.195279938575031,0.499999999999987));
#3086=CARTESIAN_POINT('Ctrl Pts',(0.369881223525066,0.194734298133976,0.249999999999987));
#3087=CARTESIAN_POINT('Ctrl Pts',(0.369881223525066,0.194734298133976,0.499999999999987));
#3088=CARTESIAN_POINT('Ctrl Pts',(0.367815586890921,0.194241092643483,0.249999999999987));
#3089=CARTESIAN_POINT('Ctrl Pts',(0.367815586890921,0.194241092643483,0.499999999999987));
#3090=CARTESIAN_POINT('Ctrl Pts',(0.365747817362922,0.193801175448323,0.249999999999987));
#3091=CARTESIAN_POINT('Ctrl Pts',(0.365747817362922,0.193801175448323,0.499999999999987));
#3092=CARTESIAN_POINT('Ctrl Pts',(0.363677492376155,0.193415535748667,0.249999999999987));
#3093=CARTESIAN_POINT('Ctrl Pts',(0.363677492376155,0.193415535748667,0.499999999999987));
#3094=CARTESIAN_POINT('Ctrl Pts',(0.361604179495108,0.19308531310143,0.249999999999987));
#3095=CARTESIAN_POINT('Ctrl Pts',(0.361604179495108,0.19308531310143,0.499999999999987));
#3096=CARTESIAN_POINT('Ctrl Pts',(0.359527449369862,0.19281181260878,0.249999999999987));
#3097=CARTESIAN_POINT('Ctrl Pts',(0.359527449369862,0.19281181260878,0.499999999999987));
#3098=CARTESIAN_POINT('Ctrl Pts',(0.357446892114006,0.192596520539603,0.249999999999987));
#3099=CARTESIAN_POINT('Ctrl Pts',(0.357446892114006,0.192596520539603,0.499999999999987));
#3100=CARTESIAN_POINT('Ctrl Pts',(0.355362137703566,0.192441120008544,0.249999999999987));
#3101=CARTESIAN_POINT('Ctrl Pts',(0.355362137703566,0.192441120008544,0.499999999999987));
#3102=CARTESIAN_POINT('Ctrl Pts',(0.353272881042931,0.192347506183508,0.249999999999987));
#3103=CARTESIAN_POINT('Ctrl Pts',(0.353272881042931,0.192347506183508,0.499999999999987));
#3104=CARTESIAN_POINT('Ctrl Pts',(0.351178912369699,0.192317800301698,0.249999999999987));
#3105=CARTESIAN_POINT('Ctrl Pts',(0.351178912369699,0.192317800301698,0.499999999999987));
#3106=CARTESIAN_POINT('Ctrl Pts',(0.349080153662562,0.192354361543347,0.249999999999987));
#3107=CARTESIAN_POINT('Ctrl Pts',(0.349080153662562,0.192354361543347,0.499999999999987));
#3108=CARTESIAN_POINT('Ctrl Pts',(0.34697670165728,0.192459795540493,0.249999999999987));
#3109=CARTESIAN_POINT('Ctrl Pts',(0.34697670165728,0.192459795540493,0.499999999999987));
#3110=CARTESIAN_POINT('Ctrl Pts',(0.344868877943706,0.192636957989579,0.249999999999987));
#3111=CARTESIAN_POINT('Ctrl Pts',(0.344868877943706,0.192636957989579,0.499999999999987));
#3112=CARTESIAN_POINT('Ctrl Pts',(0.342757286385586,0.192888951501976,0.249999999999987));
#3113=CARTESIAN_POINT('Ctrl Pts',(0.342757286385586,0.192888951501976,0.499999999999987));
#3114=CARTESIAN_POINT('Ctrl Pts',(0.340642877745218,0.193219113486736,0.249999999999987));
#3115=CARTESIAN_POINT('Ctrl Pts',(0.340642877745218,0.193219113486736,0.499999999999987));
#3116=CARTESIAN_POINT('Ctrl Pts',(0.33852702087737,0.193630992548978,0.249999999999987));
#3117=CARTESIAN_POINT('Ctrl Pts',(0.33852702087737,0.193630992548978,0.499999999999987));
#3118=CARTESIAN_POINT('Ctrl Pts',(0.336411579155816,0.19412831065659,0.249999999999987));
#3119=CARTESIAN_POINT('Ctrl Pts',(0.336411579155816,0.19412831065659,0.499999999999987));
#3120=CARTESIAN_POINT('Ctrl Pts',(0.33429898989684,0.194714908246313,0.249999999999987));
#3121=CARTESIAN_POINT('Ctrl Pts',(0.33429898989684,0.194714908246313,0.499999999999987));
#3122=CARTESIAN_POINT('Ctrl Pts',(0.332192343458657,0.195394669599196,0.249999999999987));
#3123=CARTESIAN_POINT('Ctrl Pts',(0.332192343458657,0.195394669599196,0.499999999999987));
#3124=CARTESIAN_POINT('Ctrl Pts',(0.330095457452897,0.196171426306333,0.249999999999987));
#3125=CARTESIAN_POINT('Ctrl Pts',(0.330095457452897,0.196171426306333,0.499999999999987));
#3126=CARTESIAN_POINT('Ctrl Pts',(0.328012940247192,0.197048837614851,0.249999999999987));
#3127=CARTESIAN_POINT('Ctrl Pts',(0.328012940247192,0.197048837614851,0.499999999999987));
#3128=CARTESIAN_POINT('Ctrl Pts',(0.325950236618991,0.19803024782177,0.249999999999987));
#3129=CARTESIAN_POINT('Ctrl Pts',(0.325950236618991,0.19803024782177,0.499999999999987));
#3130=CARTESIAN_POINT('Ctrl Pts',(0.323913648005248,0.199118523304367,0.249999999999987));
#3131=CARTESIAN_POINT('Ctrl Pts',(0.323913648005248,0.199118523304367,0.499999999999987));
#3132=CARTESIAN_POINT('Ctrl Pts',(0.321910317699016,0.200315872942335,0.249999999999987));
#3133=CARTESIAN_POINT('Ctrl Pts',(0.321910317699016,0.200315872942335,0.499999999999987));
#3134=CARTESIAN_POINT('Ctrl Pts',(0.319948178667378,0.201623663987588,0.249999999999987));
#3135=CARTESIAN_POINT('Ctrl Pts',(0.319948178667378,0.201623663987588,0.499999999999987));
#3136=CARTESIAN_POINT('Ctrl Pts',(0.318035837700425,0.203042228145339,0.249999999999987));
#3137=CARTESIAN_POINT('Ctrl Pts',(0.318035837700425,0.203042228145339,0.499999999999987));
#3138=CARTESIAN_POINT('Ctrl Pts',(0.316182469696501,0.204570732119233,0.249999999999987));
#3139=CARTESIAN_POINT('Ctrl Pts',(0.316182469696501,0.204570732119233,0.499999999999987));
#3140=CARTESIAN_POINT('Ctrl Pts',(0.314397432537797,0.206206897665399,0.249999999999987));
#3141=CARTESIAN_POINT('Ctrl Pts',(0.314397432537797,0.206206897665399,0.499999999999987));
#3142=CARTESIAN_POINT('Ctrl Pts',(0.312690706774047,0.207947455357253,0.249999999999987));
#3143=CARTESIAN_POINT('Ctrl Pts',(0.312690706774047,0.207947455357253,0.499999999999987));
#3144=CARTESIAN_POINT('Ctrl Pts',(0.311070031718801,0.209786069014345,0.249999999999987));
#3145=CARTESIAN_POINT('Ctrl Pts',(0.311070031718801,0.209786069014345,0.499999999999987));
#3146=CARTESIAN_POINT('Ctrl Pts',(0.309720969870663,0.211503803847095,0.249999999999987));
#3147=CARTESIAN_POINT('Ctrl Pts',(0.309720969870663,0.211503803847095,0.499999999999987));
#3148=CARTESIAN_POINT('Ctrl Pts',(0.307149828569929,0.215044205752715,0.249999999999987));
#3149=CARTESIAN_POINT('Ctrl Pts',(0.307149828569929,0.215044205752715,0.499999999999987));
#3150=CARTESIAN_POINT('Ctrl Pts',(0.303457216542469,0.220474573248236,0.249999999999987));
#3151=CARTESIAN_POINT('Ctrl Pts',(0.303457216542469,0.220474573248236,0.499999999999987));
#3152=CARTESIAN_POINT('Ctrl Pts',(0.299433710020095,0.225664531820919,0.249999999999987));
#3153=CARTESIAN_POINT('Ctrl Pts',(0.299433710020095,0.225664531820919,0.499999999999987));
#3154=CARTESIAN_POINT('Ctrl Pts',(0.296861114074318,0.229203876865051,0.249999999999987));
#3155=CARTESIAN_POINT('Ctrl Pts',(0.296861114074318,0.229203876865051,0.499999999999987));
#3156=CARTESIAN_POINT('Ctrl Pts',(0.295644334205901,0.231017720181757,0.249999999999987));
#3157=CARTESIAN_POINT('Ctrl Pts',(0.295644334205901,0.231017720181757,0.499999999999987));
#3158=CARTESIAN_POINT('Ctrl Pts',(0.294396524840805,0.233127236619978,0.249999999999987));
#3159=CARTESIAN_POINT('Ctrl Pts',(0.294396524840805,0.233127236619978,0.499999999999987));
#3160=CARTESIAN_POINT('Ctrl Pts',(0.293268563371716,0.235288291185594,0.249999999999987));
#3161=CARTESIAN_POINT('Ctrl Pts',(0.293268563371716,0.235288291185594,0.499999999999987));
#3162=CARTESIAN_POINT('Ctrl Pts',(0.292264084284927,0.237491565366585,0.249999999999987));
#3163=CARTESIAN_POINT('Ctrl Pts',(0.292264084284927,0.237491565366585,0.499999999999987));
#3164=CARTESIAN_POINT('Ctrl Pts',(0.291383112830416,0.239726556787713,0.249999999999987));
#3165=CARTESIAN_POINT('Ctrl Pts',(0.291383112830416,0.239726556787713,0.499999999999987));
#3166=CARTESIAN_POINT('Ctrl Pts',(0.290624924002232,0.241983661558067,0.249999999999987));
#3167=CARTESIAN_POINT('Ctrl Pts',(0.290624924002232,0.241983661558067,0.499999999999987));
#3168=CARTESIAN_POINT('Ctrl Pts',(0.289987475112794,0.244253896328058,0.249999999999987));
#3169=CARTESIAN_POINT('Ctrl Pts',(0.289987475112794,0.244253896328058,0.499999999999987));
#3170=CARTESIAN_POINT('Ctrl Pts',(0.289467791047293,0.246529178056432,0.249999999999987));
#3171=CARTESIAN_POINT('Ctrl Pts',(0.289467791047293,0.246529178056432,0.499999999999987));
#3172=CARTESIAN_POINT('Ctrl Pts',(0.289062120050242,0.248802384547229,0.249999999999987));
#3173=CARTESIAN_POINT('Ctrl Pts',(0.289062120050242,0.248802384547229,0.499999999999987));
#3174=CARTESIAN_POINT('Ctrl Pts',(0.288766153953266,0.251067404706406,0.249999999999987));
#3175=CARTESIAN_POINT('Ctrl Pts',(0.288766153953266,0.251067404706406,0.499999999999987));
#3176=CARTESIAN_POINT('Ctrl Pts',(0.28857521941847,0.253319131270578,0.249999999999987));
#3177=CARTESIAN_POINT('Ctrl Pts',(0.28857521941847,0.253319131270578,0.499999999999987));
#3178=CARTESIAN_POINT('Ctrl Pts',(0.288484453301618,0.255553419393284,0.249999999999987));
#3179=CARTESIAN_POINT('Ctrl Pts',(0.288484453301618,0.255553419393284,0.499999999999987));
#3180=CARTESIAN_POINT('Ctrl Pts',(0.288488951387971,0.257767017026008,0.249999999999987));
#3181=CARTESIAN_POINT('Ctrl Pts',(0.288488951387971,0.257767017026008,0.499999999999987));
#3182=CARTESIAN_POINT('Ctrl Pts',(0.28858388991098,0.259957477431096,0.249999999999987));
#3183=CARTESIAN_POINT('Ctrl Pts',(0.28858388991098,0.259957477431096,0.499999999999987));
#3184=CARTESIAN_POINT('Ctrl Pts',(0.288764619726633,0.262123061812086,0.249999999999987));
#3185=CARTESIAN_POINT('Ctrl Pts',(0.288764619726633,0.262123061812086,0.499999999999987));
#3186=CARTESIAN_POINT('Ctrl Pts',(0.289026735190393,0.26426263890366,0.249999999999987));
#3187=CARTESIAN_POINT('Ctrl Pts',(0.289026735190393,0.26426263890366,0.499999999999987));
#3188=CARTESIAN_POINT('Ctrl Pts',(0.289366120686281,0.26637558668338,0.249999999999987));
#3189=CARTESIAN_POINT('Ctrl Pts',(0.289366120686281,0.26637558668338,0.499999999999987));
#3190=CARTESIAN_POINT('Ctrl Pts',(0.289778978290889,0.268461699872287,0.249999999999987));
#3191=CARTESIAN_POINT('Ctrl Pts',(0.289778978290889,0.268461699872287,0.499999999999987));
#3192=CARTESIAN_POINT('Ctrl Pts',(0.290261840137884,0.270521105557815,0.249999999999987));
#3193=CARTESIAN_POINT('Ctrl Pts',(0.290261840137884,0.270521105557815,0.499999999999987));
#3194=CARTESIAN_POINT('Ctrl Pts',(0.290811568864344,0.272554188191056,0.249999999999987));
#3195=CARTESIAN_POINT('Ctrl Pts',(0.290811568864344,0.272554188191056,0.499999999999987));
#3196=CARTESIAN_POINT('Ctrl Pts',(0.291425349164828,0.274561524380615,0.249999999999987));
#3197=CARTESIAN_POINT('Ctrl Pts',(0.291425349164828,0.274561524380615,0.499999999999987));
#3198=CARTESIAN_POINT('Ctrl Pts',(0.292100673043013,0.276543827309898,0.249999999999987));
#3199=CARTESIAN_POINT('Ctrl Pts',(0.292100673043013,0.276543827309898,0.499999999999987));
#3200=CARTESIAN_POINT('Ctrl Pts',(0.292835320895076,0.278501900208363,0.249999999999987));
#3201=CARTESIAN_POINT('Ctrl Pts',(0.292835320895076,0.278501900208363,0.499999999999987));
#3202=CARTESIAN_POINT('Ctrl Pts',(0.293627340124699,0.280436598070256,0.249999999999987));
#3203=CARTESIAN_POINT('Ctrl Pts',(0.293627340124699,0.280436598070256,0.499999999999987));
#3204=CARTESIAN_POINT('Ctrl Pts',(0.294475022599826,0.282348796697833,0.249999999999987));
#3205=CARTESIAN_POINT('Ctrl Pts',(0.294475022599826,0.282348796697833,0.499999999999987));
#3206=CARTESIAN_POINT('Ctrl Pts',(0.295376881927002,0.284239368115835,0.249999999999987));
#3207=CARTESIAN_POINT('Ctrl Pts',(0.295376881927002,0.284239368115835,0.499999999999987));
#3208=CARTESIAN_POINT('Ctrl Pts',(0.296331631242385,0.28610916143175,0.249999999999987));
#3209=CARTESIAN_POINT('Ctrl Pts',(0.296331631242385,0.28610916143175,0.499999999999987));
#3210=CARTESIAN_POINT('Ctrl Pts',(0.297338161996475,0.287958988280364,0.249999999999987));
#3211=CARTESIAN_POINT('Ctrl Pts',(0.297338161996475,0.287958988280364,0.499999999999987));
#3212=CARTESIAN_POINT('Ctrl Pts',(0.298395524036164,0.289789612074742,0.249999999999987));
#3213=CARTESIAN_POINT('Ctrl Pts',(0.298395524036164,0.289789612074742,0.499999999999987));
#3214=CARTESIAN_POINT('Ctrl Pts',(0.299502907155925,0.291601740377662,0.249999999999987));
#3215=CARTESIAN_POINT('Ctrl Pts',(0.299502907155925,0.291601740377662,0.499999999999987));
#3216=CARTESIAN_POINT('Ctrl Pts',(0.300659624192496,0.293396019799759,0.249999999999987));
#3217=CARTESIAN_POINT('Ctrl Pts',(0.300659624192496,0.293396019799759,0.499999999999987));
#3218=CARTESIAN_POINT('Ctrl Pts',(0.301865095667595,0.295173032918367,0.249999999999987));
#3219=CARTESIAN_POINT('Ctrl Pts',(0.301865095667595,0.295173032918367,0.499999999999987));
#3220=CARTESIAN_POINT('Ctrl Pts',(0.303118835934982,0.296933296791367,0.249999999999987));
#3221=CARTESIAN_POINT('Ctrl Pts',(0.303118835934982,0.296933296791367,0.499999999999987));
#3222=CARTESIAN_POINT('Ctrl Pts',(0.304420440756556,0.29867726271211,0.249999999999987));
#3223=CARTESIAN_POINT('Ctrl Pts',(0.304420440756556,0.29867726271211,0.499999999999987));
#3224=CARTESIAN_POINT('Ctrl Pts',(0.305769576213352,0.300405316913697,0.249999999999987));
#3225=CARTESIAN_POINT('Ctrl Pts',(0.305769576213352,0.300405316913697,0.499999999999987));
#3226=CARTESIAN_POINT('Ctrl Pts',(0.307165968846049,0.30211778198608,0.249999999999987));
#3227=CARTESIAN_POINT('Ctrl Pts',(0.307165968846049,0.30211778198608,0.499999999999987));
#3228=CARTESIAN_POINT('Ctrl Pts',(0.30860939692101,0.303814918809692,0.249999999999987));
#3229=CARTESIAN_POINT('Ctrl Pts',(0.30860939692101,0.303814918809692,0.499999999999987));
#3230=CARTESIAN_POINT('Ctrl Pts',(0.31009968270053,0.305496928867873,0.249999999999987));
#3231=CARTESIAN_POINT('Ctrl Pts',(0.31009968270053,0.305496928867873,0.499999999999987));
#3232=CARTESIAN_POINT('Ctrl Pts',(0.311636685669779,0.307163956755248,0.249999999999987));
#3233=CARTESIAN_POINT('Ctrl Pts',(0.311636685669779,0.307163956755248,0.499999999999987));
#3234=CARTESIAN_POINT('Ctrl Pts',(0.313220296415148,0.30881609301604,0.249999999999987));
#3235=CARTESIAN_POINT('Ctrl Pts',(0.313220296415148,0.30881609301604,0.499999999999987));
#3236=CARTESIAN_POINT('Ctrl Pts',(0.314850431853758,0.310453376368051,0.249999999999987));
#3237=CARTESIAN_POINT('Ctrl Pts',(0.314850431853758,0.310453376368051,0.499999999999987));
#3238=CARTESIAN_POINT('Ctrl Pts',(0.316527028743816,0.312075798547591,0.249999999999987));
#3239=CARTESIAN_POINT('Ctrl Pts',(0.316527028743816,0.312075798547591,0.499999999999987));
#3240=CARTESIAN_POINT('Ctrl Pts',(0.318250046717238,0.31368329926418,0.249999999999987));
#3241=CARTESIAN_POINT('Ctrl Pts',(0.318250046717238,0.31368329926418,0.499999999999987));
#3242=CARTESIAN_POINT('Ctrl Pts',(0.320019437901438,0.315275798463447,0.249999999999987));
#3243=CARTESIAN_POINT('Ctrl Pts',(0.320019437901438,0.315275798463447,0.499999999999987));
#3244=CARTESIAN_POINT('Ctrl Pts',(0.321835245498313,0.316853086909653,0.249999999999987));
#3245=CARTESIAN_POINT('Ctrl Pts',(0.321835245498313,0.316853086909653,0.499999999999987));
#3246=CARTESIAN_POINT('Ctrl Pts',(0.323697215637387,0.318415253381149,0.249999999999987));
#3247=CARTESIAN_POINT('Ctrl Pts',(0.323697215637387,0.318415253381149,0.499999999999987));
#3248=CARTESIAN_POINT('Ctrl Pts',(0.325606256309812,0.319961076994939,0.249999999999987));
#3249=CARTESIAN_POINT('Ctrl Pts',(0.325606256309812,0.319961076994939,0.499999999999987));
#3250=CARTESIAN_POINT('Ctrl Pts',(0.327558893996496,0.321494134986887,0.249999999999987));
#3251=CARTESIAN_POINT('Ctrl Pts',(0.327558893996496,0.321494134986887,0.499999999999987));
#3252=CARTESIAN_POINT('Ctrl Pts',(0.329568287781668,0.32299964925306,0.249999999999987));
#3253=CARTESIAN_POINT('Ctrl Pts',(0.329568287781668,0.32299964925306,0.499999999999987));
#3254=CARTESIAN_POINT('Ctrl Pts',(0.333370678909847,0.325890107041096,0.249999999999987));
#3255=CARTESIAN_POINT('Ctrl Pts',(0.333370678909847,0.325890107041096,0.499999999999987));
#3256=CARTESIAN_POINT('Ctrl Pts',(0.33915375077318,0.328466675812579,0.249999999999987));
#3257=CARTESIAN_POINT('Ctrl Pts',(0.33915375077318,0.328466675812579,0.499999999999987));
#3258=CARTESIAN_POINT('Ctrl Pts',(0.342696098959075,0.334280479438456,0.249999999999987));
#3259=CARTESIAN_POINT('Ctrl Pts',(0.342696098959075,0.334280479438456,0.499999999999987));
#3260=CARTESIAN_POINT('Ctrl Pts',(0.345594529089624,0.338588593389698,0.249999999999987));
#3261=CARTESIAN_POINT('Ctrl Pts',(0.345594529089624,0.338588593389698,0.499999999999987));
#3262=CARTESIAN_POINT('Ctrl Pts',(0.348140534149715,0.342930865523293,0.249999999999987));
#3263=CARTESIAN_POINT('Ctrl Pts',(0.348140534149715,0.342930865523293,0.499999999999987));
#3264=CARTESIAN_POINT('Ctrl Pts',(0.350899217344314,0.348027486428367,0.249999999999987));
#3265=CARTESIAN_POINT('Ctrl Pts',(0.350899217344314,0.348027486428367,0.499999999999987));
#3266=CARTESIAN_POINT('Ctrl Pts',(0.353781552788358,0.353934389967661,0.249999999999987));
#3267=CARTESIAN_POINT('Ctrl Pts',(0.353781552788358,0.353934389967661,0.499999999999987));
#3268=CARTESIAN_POINT('Ctrl Pts',(0.356736116817653,0.360658141477788,0.249999999999987));
#3269=CARTESIAN_POINT('Ctrl Pts',(0.356736116817653,0.360658141477788,0.499999999999987));
#3270=CARTESIAN_POINT('Ctrl Pts',(0.359697594355087,0.368216574729591,0.249999999999987));
#3271=CARTESIAN_POINT('Ctrl Pts',(0.359697594355087,0.368216574729591,0.499999999999987));
#3272=CARTESIAN_POINT('Ctrl Pts',(0.362603726944145,0.376619050794972,0.249999999999987));
#3273=CARTESIAN_POINT('Ctrl Pts',(0.362603726944145,0.376619050794972,0.499999999999987));
#3274=CARTESIAN_POINT('Ctrl Pts',(0.365390198753075,0.385872644951697,0.249999999999987));
#3275=CARTESIAN_POINT('Ctrl Pts',(0.365390198753075,0.385872644951697,0.499999999999987));
#3276=CARTESIAN_POINT('Ctrl Pts',(0.367992496590354,0.395980155150032,0.249999999999987));
#3277=CARTESIAN_POINT('Ctrl Pts',(0.367992496590354,0.395980155150032,0.499999999999987));
#3278=CARTESIAN_POINT('Ctrl Pts',(0.370345606296974,0.406940665013975,0.249999999999987));
#3279=CARTESIAN_POINT('Ctrl Pts',(0.370345606296974,0.406940665013975,0.499999999999987));
#3280=CARTESIAN_POINT('Ctrl Pts',(0.372384369853382,0.418749342287969,0.249999999999987));
#3281=CARTESIAN_POINT('Ctrl Pts',(0.372384369853382,0.418749342287969,0.499999999999987));
#3282=CARTESIAN_POINT('Ctrl Pts',(0.374043666031224,0.431397460182753,0.249999999999987));
#3283=CARTESIAN_POINT('Ctrl Pts',(0.374043666031224,0.431397460182753,0.499999999999987));
#3284=CARTESIAN_POINT('Ctrl Pts',(0.375517846850404,0.447748417518208,0.249999999999987));
#3285=CARTESIAN_POINT('Ctrl Pts',(0.375517846850404,0.447748417518208,0.499999999999987));
#3286=CARTESIAN_POINT('Ctrl Pts',(0.375965506514028,0.459909176392333,0.249999999999987));
#3287=CARTESIAN_POINT('Ctrl Pts',(0.375965506514028,0.459909176392333,0.499999999999987));
#3288=CARTESIAN_POINT('Ctrl Pts',(0.376012133614114,0.467562696736102,0.25));
#3289=CARTESIAN_POINT('Ctrl Pts',(0.376012133614114,0.467562696736102,0.5));
#3290=CARTESIAN_POINT('',(0.560872688885346,0.213123970652519,0.25));
#3291=CARTESIAN_POINT('Ctrl Pts',(0.376012133614114,0.467562696736102,0.25));
#3292=CARTESIAN_POINT('Ctrl Pts',(0.375965506514028,0.459909176392333,0.249999999999987));
#3293=CARTESIAN_POINT('Ctrl Pts',(0.375517846850404,0.447748417518208,0.249999999999987));
#3294=CARTESIAN_POINT('Ctrl Pts',(0.374043666031224,0.431397460182753,0.249999999999987));
#3295=CARTESIAN_POINT('Ctrl Pts',(0.372384369853382,0.418749342287969,0.249999999999987));
#3296=CARTESIAN_POINT('Ctrl Pts',(0.370345606296974,0.406940665013975,0.249999999999987));
#3297=CARTESIAN_POINT('Ctrl Pts',(0.367992496590354,0.395980155150032,0.249999999999987));
#3298=CARTESIAN_POINT('Ctrl Pts',(0.365390198753075,0.385872644951697,0.249999999999987));
#3299=CARTESIAN_POINT('Ctrl Pts',(0.362603726944145,0.376619050794972,0.249999999999987));
#3300=CARTESIAN_POINT('Ctrl Pts',(0.359697594355087,0.368216574729591,0.249999999999987));
#3301=CARTESIAN_POINT('Ctrl Pts',(0.356736116817653,0.360658141477788,0.249999999999987));
#3302=CARTESIAN_POINT('Ctrl Pts',(0.353781552788358,0.353934389967661,0.249999999999987));
#3303=CARTESIAN_POINT('Ctrl Pts',(0.350899217344314,0.348027486428367,0.249999999999987));
#3304=CARTESIAN_POINT('Ctrl Pts',(0.348140534149715,0.342930865523293,0.249999999999987));
#3305=CARTESIAN_POINT('Ctrl Pts',(0.345594529089624,0.338588593389698,0.249999999999987));
#3306=CARTESIAN_POINT('Ctrl Pts',(0.342696098959075,0.334280479438456,0.249999999999987));
#3307=CARTESIAN_POINT('Ctrl Pts',(0.33915375077318,0.328466675812579,0.249999999999987));
#3308=CARTESIAN_POINT('Ctrl Pts',(0.333370678909847,0.325890107041096,0.249999999999987));
#3309=CARTESIAN_POINT('Ctrl Pts',(0.329568287781668,0.32299964925306,0.249999999999987));
#3310=CARTESIAN_POINT('Ctrl Pts',(0.327558893996496,0.321494134986887,0.249999999999987));
#3311=CARTESIAN_POINT('Ctrl Pts',(0.325606256309812,0.319961076994939,0.249999999999987));
#3312=CARTESIAN_POINT('Ctrl Pts',(0.323697215637387,0.318415253381149,0.249999999999987));
#3313=CARTESIAN_POINT('Ctrl Pts',(0.321835245498313,0.316853086909653,0.249999999999987));
#3314=CARTESIAN_POINT('Ctrl Pts',(0.320019437901438,0.315275798463447,0.249999999999987));
#3315=CARTESIAN_POINT('Ctrl Pts',(0.318250046717238,0.31368329926418,0.249999999999987));
#3316=CARTESIAN_POINT('Ctrl Pts',(0.316527028743816,0.312075798547591,0.249999999999987));
#3317=CARTESIAN_POINT('Ctrl Pts',(0.314850431853758,0.310453376368051,0.249999999999987));
#3318=CARTESIAN_POINT('Ctrl Pts',(0.313220296415148,0.30881609301604,0.249999999999987));
#3319=CARTESIAN_POINT('Ctrl Pts',(0.311636685669779,0.307163956755248,0.249999999999987));
#3320=CARTESIAN_POINT('Ctrl Pts',(0.31009968270053,0.305496928867873,0.249999999999987));
#3321=CARTESIAN_POINT('Ctrl Pts',(0.30860939692101,0.303814918809692,0.249999999999987));
#3322=CARTESIAN_POINT('Ctrl Pts',(0.307165968846049,0.30211778198608,0.249999999999987));
#3323=CARTESIAN_POINT('Ctrl Pts',(0.305769576213352,0.300405316913697,0.249999999999987));
#3324=CARTESIAN_POINT('Ctrl Pts',(0.304420440756556,0.29867726271211,0.249999999999987));
#3325=CARTESIAN_POINT('Ctrl Pts',(0.303118835934982,0.296933296791367,0.249999999999987));
#3326=CARTESIAN_POINT('Ctrl Pts',(0.301865095667595,0.295173032918367,0.249999999999987));
#3327=CARTESIAN_POINT('Ctrl Pts',(0.300659624192496,0.293396019799759,0.249999999999987));
#3328=CARTESIAN_POINT('Ctrl Pts',(0.299502907155925,0.291601740377662,0.249999999999987));
#3329=CARTESIAN_POINT('Ctrl Pts',(0.298395524036164,0.289789612074742,0.249999999999987));
#3330=CARTESIAN_POINT('Ctrl Pts',(0.297338161996475,0.287958988280364,0.249999999999987));
#3331=CARTESIAN_POINT('Ctrl Pts',(0.296331631242385,0.28610916143175,0.249999999999987));
#3332=CARTESIAN_POINT('Ctrl Pts',(0.295376881927002,0.284239368115835,0.249999999999987));
#3333=CARTESIAN_POINT('Ctrl Pts',(0.294475022599826,0.282348796697833,0.249999999999987));
#3334=CARTESIAN_POINT('Ctrl Pts',(0.293627340124699,0.280436598070256,0.249999999999987));
#3335=CARTESIAN_POINT('Ctrl Pts',(0.292835320895076,0.278501900208363,0.249999999999987));
#3336=CARTESIAN_POINT('Ctrl Pts',(0.292100673043013,0.276543827309898,0.249999999999987));
#3337=CARTESIAN_POINT('Ctrl Pts',(0.291425349164828,0.274561524380615,0.249999999999987));
#3338=CARTESIAN_POINT('Ctrl Pts',(0.290811568864344,0.272554188191056,0.249999999999987));
#3339=CARTESIAN_POINT('Ctrl Pts',(0.290261840137884,0.270521105557815,0.249999999999987));
#3340=CARTESIAN_POINT('Ctrl Pts',(0.289778978290889,0.268461699872287,0.249999999999987));
#3341=CARTESIAN_POINT('Ctrl Pts',(0.289366120686281,0.26637558668338,0.249999999999987));
#3342=CARTESIAN_POINT('Ctrl Pts',(0.289026735190393,0.26426263890366,0.249999999999987));
#3343=CARTESIAN_POINT('Ctrl Pts',(0.288764619726633,0.262123061812086,0.249999999999987));
#3344=CARTESIAN_POINT('Ctrl Pts',(0.28858388991098,0.259957477431096,0.249999999999987));
#3345=CARTESIAN_POINT('Ctrl Pts',(0.288488951387971,0.257767017026008,0.249999999999987));
#3346=CARTESIAN_POINT('Ctrl Pts',(0.288484453301618,0.255553419393284,0.249999999999987));
#3347=CARTESIAN_POINT('Ctrl Pts',(0.28857521941847,0.253319131270578,0.249999999999987));
#3348=CARTESIAN_POINT('Ctrl Pts',(0.288766153953266,0.251067404706406,0.249999999999987));
#3349=CARTESIAN_POINT('Ctrl Pts',(0.289062120050242,0.248802384547229,0.249999999999987));
#3350=CARTESIAN_POINT('Ctrl Pts',(0.289467791047293,0.246529178056432,0.249999999999987));
#3351=CARTESIAN_POINT('Ctrl Pts',(0.289987475112794,0.244253896328058,0.249999999999987));
#3352=CARTESIAN_POINT('Ctrl Pts',(0.290624924002232,0.241983661558067,0.249999999999987));
#3353=CARTESIAN_POINT('Ctrl Pts',(0.291383112830416,0.239726556787713,0.249999999999987));
#3354=CARTESIAN_POINT('Ctrl Pts',(0.292264084284927,0.237491565366585,0.249999999999987));
#3355=CARTESIAN_POINT('Ctrl Pts',(0.293268563371716,0.235288291185594,0.249999999999987));
#3356=CARTESIAN_POINT('Ctrl Pts',(0.294396524840805,0.233127236619978,0.249999999999987));
#3357=CARTESIAN_POINT('Ctrl Pts',(0.295644334205901,0.231017720181757,0.249999999999987));
#3358=CARTESIAN_POINT('Ctrl Pts',(0.296861114074318,0.229203876865051,0.249999999999987));
#3359=CARTESIAN_POINT('Ctrl Pts',(0.299433710020095,0.225664531820919,0.249999999999987));
#3360=CARTESIAN_POINT('Ctrl Pts',(0.303457216542469,0.220474573248236,0.249999999999987));
#3361=CARTESIAN_POINT('Ctrl Pts',(0.307149828569929,0.215044205752715,0.249999999999987));
#3362=CARTESIAN_POINT('Ctrl Pts',(0.309720969870663,0.211503803847095,0.249999999999987));
#3363=CARTESIAN_POINT('Ctrl Pts',(0.311070031718801,0.209786069014345,0.249999999999987));
#3364=CARTESIAN_POINT('Ctrl Pts',(0.312690706774047,0.207947455357253,0.249999999999987));
#3365=CARTESIAN_POINT('Ctrl Pts',(0.314397432537797,0.206206897665399,0.249999999999987));
#3366=CARTESIAN_POINT('Ctrl Pts',(0.316182469696501,0.204570732119233,0.249999999999987));
#3367=CARTESIAN_POINT('Ctrl Pts',(0.318035837700425,0.203042228145339,0.249999999999987));
#3368=CARTESIAN_POINT('Ctrl Pts',(0.319948178667378,0.201623663987588,0.249999999999987));
#3369=CARTESIAN_POINT('Ctrl Pts',(0.321910317699016,0.200315872942335,0.249999999999987));
#3370=CARTESIAN_POINT('Ctrl Pts',(0.323913648005248,0.199118523304367,0.249999999999987));
#3371=CARTESIAN_POINT('Ctrl Pts',(0.325950236618991,0.19803024782177,0.249999999999987));
#3372=CARTESIAN_POINT('Ctrl Pts',(0.328012940247192,0.197048837614851,0.249999999999987));
#3373=CARTESIAN_POINT('Ctrl Pts',(0.330095457452897,0.196171426306333,0.249999999999987));
#3374=CARTESIAN_POINT('Ctrl Pts',(0.332192343458657,0.195394669599196,0.249999999999987));
#3375=CARTESIAN_POINT('Ctrl Pts',(0.33429898989684,0.194714908246313,0.249999999999987));
#3376=CARTESIAN_POINT('Ctrl Pts',(0.336411579155816,0.19412831065659,0.249999999999987));
#3377=CARTESIAN_POINT('Ctrl Pts',(0.33852702087737,0.193630992548978,0.249999999999987));
#3378=CARTESIAN_POINT('Ctrl Pts',(0.340642877745218,0.193219113486736,0.249999999999987));
#3379=CARTESIAN_POINT('Ctrl Pts',(0.342757286385586,0.192888951501976,0.249999999999987));
#3380=CARTESIAN_POINT('Ctrl Pts',(0.344868877943706,0.192636957989579,0.249999999999987));
#3381=CARTESIAN_POINT('Ctrl Pts',(0.34697670165728,0.192459795540493,0.249999999999987));
#3382=CARTESIAN_POINT('Ctrl Pts',(0.349080153662562,0.192354361543347,0.249999999999987));
#3383=CARTESIAN_POINT('Ctrl Pts',(0.351178912369699,0.192317800301698,0.249999999999987));
#3384=CARTESIAN_POINT('Ctrl Pts',(0.353272881042931,0.192347506183508,0.249999999999987));
#3385=CARTESIAN_POINT('Ctrl Pts',(0.355362137703566,0.192441120008544,0.249999999999987));
#3386=CARTESIAN_POINT('Ctrl Pts',(0.357446892114006,0.192596520539603,0.249999999999987));
#3387=CARTESIAN_POINT('Ctrl Pts',(0.359527449369862,0.19281181260878,0.249999999999987));
#3388=CARTESIAN_POINT('Ctrl Pts',(0.361604179495108,0.19308531310143,0.249999999999987));
#3389=CARTESIAN_POINT('Ctrl Pts',(0.363677492376155,0.193415535748667,0.249999999999987));
#3390=CARTESIAN_POINT('Ctrl Pts',(0.365747817362922,0.193801175448323,0.249999999999987));
#3391=CARTESIAN_POINT('Ctrl Pts',(0.367815586890921,0.194241092643483,0.249999999999987));
#3392=CARTESIAN_POINT('Ctrl Pts',(0.369881223525066,0.194734298133976,0.249999999999987));
#3393=CARTESIAN_POINT('Ctrl Pts',(0.371945129883489,0.195279938575031,0.249999999999987));
#3394=CARTESIAN_POINT('Ctrl Pts',(0.374007680961523,0.195877282823755,0.249999999999987));
#3395=CARTESIAN_POINT('Ctrl Pts',(0.376069218437493,0.196525709223454,0.249999999999987));
#3396=CARTESIAN_POINT('Ctrl Pts',(0.378130046600439,0.197224693863532,0.249999999999987));
#3397=CARTESIAN_POINT('Ctrl Pts',(0.380190429593234,0.197973799815592,0.249999999999987));
#3398=CARTESIAN_POINT('Ctrl Pts',(0.382250589713574,0.198772667318585,0.249999999999987));
#3399=CARTESIAN_POINT('Ctrl Pts',(0.384310706554036,0.199621004874804,0.249999999999987));
#3400=CARTESIAN_POINT('Ctrl Pts',(0.38637091681269,0.200518581183872,0.249999999999987));
#3401=CARTESIAN_POINT('Ctrl Pts',(0.388431314585726,0.201465217926045,0.249999999999987));
#3402=CARTESIAN_POINT('Ctrl Pts',(0.390491952175154,0.202460783063095,0.249999999999987));
#3403=CARTESIAN_POINT('Ctrl Pts',(0.39255284072977,0.20350518561405,0.249999999999987));
#3404=CARTESIAN_POINT('Ctrl Pts',(0.394613952847547,0.204598367986012,0.249999999999987));
#3405=CARTESIAN_POINT('Ctrl Pts',(0.396675218714408,0.205740310417432,0.249999999999987));
#3406=CARTESIAN_POINT('Ctrl Pts',(0.398736547400681,0.206930992116939,0.249999999999987));
#3407=CARTESIAN_POINT('Ctrl Pts',(0.400797753261472,0.208170518829376,0.249999999999987));
#3408=CARTESIAN_POINT('Ctrl Pts',(0.402858842279719,0.209458621675555,0.249999999999987));
#3409=CARTESIAN_POINT('Ctrl Pts',(0.404918933911389,0.21079654147997,0.249999999999987));
#3410=CARTESIAN_POINT('Ctrl Pts',(0.406980356933532,0.21217986930298,0.249999999999987));
#3411=CARTESIAN_POINT('Ctrl Pts',(0.409033122914761,0.213625686862649,0.249999999999987));
#3412=CARTESIAN_POINT('Ctrl Pts',(0.412957115107016,0.21634877514458,0.249999999999987));
#3413=CARTESIAN_POINT('Ctrl Pts',(0.417194645112279,0.221052599786842,0.249999999999987));
#3414=CARTESIAN_POINT('Ctrl Pts',(0.423818546724564,0.222625008989669,0.249999999999987));
#3415=CARTESIAN_POINT('Ctrl Pts',(0.428811470738184,0.224050299427716,0.249999999999987));
#3416=CARTESIAN_POINT('Ctrl Pts',(0.433727975777699,0.225129858247155,0.249999999999987));
#3417=CARTESIAN_POINT('Ctrl Pts',(0.439427630289783,0.226178579402218,0.249999999999987));
#3418=CARTESIAN_POINT('Ctrl Pts',(0.445936120027654,0.227094509730649,0.249999999999987));
#3419=CARTESIAN_POINT('Ctrl Pts',(0.45324379821133,0.227826713620938,0.249999999999987));
#3420=CARTESIAN_POINT('Ctrl Pts',(0.461347442295966,0.22830756180512,0.249999999999987));
#3421=CARTESIAN_POINT('Ctrl Pts',(0.470236716268887,0.22847495024213,0.249999999999987));
#3422=CARTESIAN_POINT('Ctrl Pts',(0.479898474434097,0.228265524560009,0.249999999999987));
#3423=CARTESIAN_POINT('Ctrl Pts',(0.490315442127888,0.22761706445339,0.249999999999987));
#3424=CARTESIAN_POINT('Ctrl Pts',(0.501466657344882,0.226468020958456,0.249999999999987));
#3425=CARTESIAN_POINT('Ctrl Pts',(0.513327389401584,0.22475791836521,0.249999999999987));
#3426=CARTESIAN_POINT('Ctrl Pts',(0.525869215061942,0.222427519431264,0.249999999999987));
#3427=CARTESIAN_POINT('Ctrl Pts',(0.541875446509395,0.218776825014588,0.249999999999987));
#3428=CARTESIAN_POINT('Ctrl Pts',(0.553579349923478,0.215444693498161,0.249999999999987));
#3429=CARTESIAN_POINT('Ctrl Pts',(0.560872688885342,0.213123970652517,0.25));
#3430=CARTESIAN_POINT('',(0.560872688885346,0.213123970652519,0.5));
#3431=CARTESIAN_POINT('Ctrl Pts',(0.560872688885342,0.213123970652517,0.5));
#3432=CARTESIAN_POINT('Ctrl Pts',(0.553579349923478,0.215444693498161,0.499999999999987));
#3433=CARTESIAN_POINT('Ctrl Pts',(0.541875446509395,0.218776825014588,0.499999999999987));
#3434=CARTESIAN_POINT('Ctrl Pts',(0.525869215061942,0.222427519431264,0.499999999999987));
#3435=CARTESIAN_POINT('Ctrl Pts',(0.513327389401584,0.22475791836521,0.499999999999987));
#3436=CARTESIAN_POINT('Ctrl Pts',(0.501466657344882,0.226468020958456,0.499999999999987));
#3437=CARTESIAN_POINT('Ctrl Pts',(0.490315442127888,0.22761706445339,0.499999999999987));
#3438=CARTESIAN_POINT('Ctrl Pts',(0.479898474434097,0.228265524560009,0.499999999999987));
#3439=CARTESIAN_POINT('Ctrl Pts',(0.470236716268887,0.22847495024213,0.499999999999987));
#3440=CARTESIAN_POINT('Ctrl Pts',(0.461347442295966,0.22830756180512,0.499999999999987));
#3441=CARTESIAN_POINT('Ctrl Pts',(0.45324379821133,0.227826713620938,0.499999999999987));
#3442=CARTESIAN_POINT('Ctrl Pts',(0.445936120027654,0.227094509730649,0.499999999999987));
#3443=CARTESIAN_POINT('Ctrl Pts',(0.439427630289783,0.226178579402218,0.499999999999987));
#3444=CARTESIAN_POINT('Ctrl Pts',(0.433727975777699,0.225129858247155,0.499999999999987));
#3445=CARTESIAN_POINT('Ctrl Pts',(0.428811470738184,0.224050299427716,0.499999999999987));
#3446=CARTESIAN_POINT('Ctrl Pts',(0.423818546724564,0.222625008989669,0.499999999999987));
#3447=CARTESIAN_POINT('Ctrl Pts',(0.417194645112279,0.221052599786842,0.499999999999987));
#3448=CARTESIAN_POINT('Ctrl Pts',(0.412957115107016,0.21634877514458,0.499999999999987));
#3449=CARTESIAN_POINT('Ctrl Pts',(0.409033122914761,0.213625686862649,0.499999999999987));
#3450=CARTESIAN_POINT('Ctrl Pts',(0.406980356933532,0.21217986930298,0.499999999999987));
#3451=CARTESIAN_POINT('Ctrl Pts',(0.404918933911389,0.21079654147997,0.499999999999987));
#3452=CARTESIAN_POINT('Ctrl Pts',(0.402858842279719,0.209458621675555,0.499999999999987));
#3453=CARTESIAN_POINT('Ctrl Pts',(0.400797753261472,0.208170518829376,0.499999999999987));
#3454=CARTESIAN_POINT('Ctrl Pts',(0.398736547400681,0.206930992116939,0.499999999999987));
#3455=CARTESIAN_POINT('Ctrl Pts',(0.396675218714408,0.205740310417432,0.499999999999987));
#3456=CARTESIAN_POINT('Ctrl Pts',(0.394613952847547,0.204598367986012,0.499999999999987));
#3457=CARTESIAN_POINT('Ctrl Pts',(0.39255284072977,0.20350518561405,0.499999999999987));
#3458=CARTESIAN_POINT('Ctrl Pts',(0.390491952175154,0.202460783063095,0.499999999999987));
#3459=CARTESIAN_POINT('Ctrl Pts',(0.388431314585726,0.201465217926045,0.499999999999987));
#3460=CARTESIAN_POINT('Ctrl Pts',(0.38637091681269,0.200518581183872,0.499999999999987));
#3461=CARTESIAN_POINT('Ctrl Pts',(0.384310706554036,0.199621004874804,0.499999999999987));
#3462=CARTESIAN_POINT('Ctrl Pts',(0.382250589713574,0.198772667318585,0.499999999999987));
#3463=CARTESIAN_POINT('Ctrl Pts',(0.380190429593234,0.197973799815592,0.499999999999987));
#3464=CARTESIAN_POINT('Ctrl Pts',(0.378130046600439,0.197224693863532,0.499999999999987));
#3465=CARTESIAN_POINT('Ctrl Pts',(0.376069218437493,0.196525709223454,0.499999999999987));
#3466=CARTESIAN_POINT('Ctrl Pts',(0.374007680961523,0.195877282823755,0.499999999999987));
#3467=CARTESIAN_POINT('Ctrl Pts',(0.371945129883489,0.195279938575031,0.499999999999987));
#3468=CARTESIAN_POINT('Ctrl Pts',(0.369881223525066,0.194734298133976,0.499999999999987));
#3469=CARTESIAN_POINT('Ctrl Pts',(0.367815586890921,0.194241092643483,0.499999999999987));
#3470=CARTESIAN_POINT('Ctrl Pts',(0.365747817362922,0.193801175448323,0.499999999999987));
#3471=CARTESIAN_POINT('Ctrl Pts',(0.363677492376155,0.193415535748667,0.499999999999987));
#3472=CARTESIAN_POINT('Ctrl Pts',(0.361604179495108,0.19308531310143,0.499999999999987));
#3473=CARTESIAN_POINT('Ctrl Pts',(0.359527449369862,0.19281181260878,0.499999999999987));
#3474=CARTESIAN_POINT('Ctrl Pts',(0.357446892114006,0.192596520539603,0.499999999999987));
#3475=CARTESIAN_POINT('Ctrl Pts',(0.355362137703566,0.192441120008544,0.499999999999987));
#3476=CARTESIAN_POINT('Ctrl Pts',(0.353272881042931,0.192347506183508,0.499999999999987));
#3477=CARTESIAN_POINT('Ctrl Pts',(0.351178912369699,0.192317800301698,0.499999999999987));
#3478=CARTESIAN_POINT('Ctrl Pts',(0.349080153662562,0.192354361543347,0.499999999999987));
#3479=CARTESIAN_POINT('Ctrl Pts',(0.34697670165728,0.192459795540493,0.499999999999987));
#3480=CARTESIAN_POINT('Ctrl Pts',(0.344868877943706,0.192636957989579,0.499999999999987));
#3481=CARTESIAN_POINT('Ctrl Pts',(0.342757286385586,0.192888951501976,0.499999999999987));
#3482=CARTESIAN_POINT('Ctrl Pts',(0.340642877745218,0.193219113486736,0.499999999999987));
#3483=CARTESIAN_POINT('Ctrl Pts',(0.33852702087737,0.193630992548978,0.499999999999987));
#3484=CARTESIAN_POINT('Ctrl Pts',(0.336411579155816,0.19412831065659,0.499999999999987));
#3485=CARTESIAN_POINT('Ctrl Pts',(0.33429898989684,0.194714908246313,0.499999999999987));
#3486=CARTESIAN_POINT('Ctrl Pts',(0.332192343458657,0.195394669599196,0.499999999999987));
#3487=CARTESIAN_POINT('Ctrl Pts',(0.330095457452897,0.196171426306333,0.499999999999987));
#3488=CARTESIAN_POINT('Ctrl Pts',(0.328012940247192,0.197048837614851,0.499999999999987));
#3489=CARTESIAN_POINT('Ctrl Pts',(0.325950236618991,0.19803024782177,0.499999999999987));
#3490=CARTESIAN_POINT('Ctrl Pts',(0.323913648005248,0.199118523304367,0.499999999999987));
#3491=CARTESIAN_POINT('Ctrl Pts',(0.321910317699016,0.200315872942335,0.499999999999987));
#3492=CARTESIAN_POINT('Ctrl Pts',(0.319948178667378,0.201623663987588,0.499999999999987));
#3493=CARTESIAN_POINT('Ctrl Pts',(0.318035837700425,0.203042228145339,0.499999999999987));
#3494=CARTESIAN_POINT('Ctrl Pts',(0.316182469696501,0.204570732119233,0.499999999999987));
#3495=CARTESIAN_POINT('Ctrl Pts',(0.314397432537797,0.206206897665399,0.499999999999987));
#3496=CARTESIAN_POINT('Ctrl Pts',(0.312690706774047,0.207947455357253,0.499999999999987));
#3497=CARTESIAN_POINT('Ctrl Pts',(0.311070031718801,0.209786069014345,0.499999999999987));
#3498=CARTESIAN_POINT('Ctrl Pts',(0.309720969870663,0.211503803847095,0.499999999999987));
#3499=CARTESIAN_POINT('Ctrl Pts',(0.307149828569929,0.215044205752715,0.499999999999987));
#3500=CARTESIAN_POINT('Ctrl Pts',(0.303457216542469,0.220474573248236,0.499999999999987));
#3501=CARTESIAN_POINT('Ctrl Pts',(0.299433710020095,0.225664531820919,0.499999999999987));
#3502=CARTESIAN_POINT('Ctrl Pts',(0.296861114074318,0.229203876865051,0.499999999999987));
#3503=CARTESIAN_POINT('Ctrl Pts',(0.295644334205901,0.231017720181757,0.499999999999987));
#3504=CARTESIAN_POINT('Ctrl Pts',(0.294396524840805,0.233127236619978,0.499999999999987));
#3505=CARTESIAN_POINT('Ctrl Pts',(0.293268563371716,0.235288291185594,0.499999999999987));
#3506=CARTESIAN_POINT('Ctrl Pts',(0.292264084284927,0.237491565366585,0.499999999999987));
#3507=CARTESIAN_POINT('Ctrl Pts',(0.291383112830416,0.239726556787713,0.499999999999987));
#3508=CARTESIAN_POINT('Ctrl Pts',(0.290624924002232,0.241983661558067,0.499999999999987));
#3509=CARTESIAN_POINT('Ctrl Pts',(0.289987475112794,0.244253896328058,0.499999999999987));
#3510=CARTESIAN_POINT('Ctrl Pts',(0.289467791047293,0.246529178056432,0.499999999999987));
#3511=CARTESIAN_POINT('Ctrl Pts',(0.289062120050242,0.248802384547229,0.499999999999987));
#3512=CARTESIAN_POINT('Ctrl Pts',(0.288766153953266,0.251067404706406,0.499999999999987));
#3513=CARTESIAN_POINT('Ctrl Pts',(0.28857521941847,0.253319131270578,0.499999999999987));
#3514=CARTESIAN_POINT('Ctrl Pts',(0.288484453301618,0.255553419393284,0.499999999999987));
#3515=CARTESIAN_POINT('Ctrl Pts',(0.288488951387971,0.257767017026008,0.499999999999987));
#3516=CARTESIAN_POINT('Ctrl Pts',(0.28858388991098,0.259957477431096,0.499999999999987));
#3517=CARTESIAN_POINT('Ctrl Pts',(0.288764619726633,0.262123061812086,0.499999999999987));
#3518=CARTESIAN_POINT('Ctrl Pts',(0.289026735190393,0.26426263890366,0.499999999999987));
#3519=CARTESIAN_POINT('Ctrl Pts',(0.289366120686281,0.26637558668338,0.499999999999987));
#3520=CARTESIAN_POINT('Ctrl Pts',(0.289778978290889,0.268461699872287,0.499999999999987));
#3521=CARTESIAN_POINT('Ctrl Pts',(0.290261840137884,0.270521105557815,0.499999999999987));
#3522=CARTESIAN_POINT('Ctrl Pts',(0.290811568864344,0.272554188191056,0.499999999999987));
#3523=CARTESIAN_POINT('Ctrl Pts',(0.291425349164828,0.274561524380615,0.499999999999987));
#3524=CARTESIAN_POINT('Ctrl Pts',(0.292100673043013,0.276543827309898,0.499999999999987));
#3525=CARTESIAN_POINT('Ctrl Pts',(0.292835320895076,0.278501900208363,0.499999999999987));
#3526=CARTESIAN_POINT('Ctrl Pts',(0.293627340124699,0.280436598070256,0.499999999999987));
#3527=CARTESIAN_POINT('Ctrl Pts',(0.294475022599826,0.282348796697833,0.499999999999987));
#3528=CARTESIAN_POINT('Ctrl Pts',(0.295376881927002,0.284239368115835,0.499999999999987));
#3529=CARTESIAN_POINT('Ctrl Pts',(0.296331631242385,0.28610916143175,0.499999999999987));
#3530=CARTESIAN_POINT('Ctrl Pts',(0.297338161996475,0.287958988280364,0.499999999999987));
#3531=CARTESIAN_POINT('Ctrl Pts',(0.298395524036164,0.289789612074742,0.499999999999987));
#3532=CARTESIAN_POINT('Ctrl Pts',(0.299502907155925,0.291601740377662,0.499999999999987));
#3533=CARTESIAN_POINT('Ctrl Pts',(0.300659624192496,0.293396019799759,0.499999999999987));
#3534=CARTESIAN_POINT('Ctrl Pts',(0.301865095667595,0.295173032918367,0.499999999999987));
#3535=CARTESIAN_POINT('Ctrl Pts',(0.303118835934982,0.296933296791367,0.499999999999987));
#3536=CARTESIAN_POINT('Ctrl Pts',(0.304420440756556,0.29867726271211,0.499999999999987));
#3537=CARTESIAN_POINT('Ctrl Pts',(0.305769576213352,0.300405316913697,0.499999999999987));
#3538=CARTESIAN_POINT('Ctrl Pts',(0.307165968846049,0.30211778198608,0.499999999999987));
#3539=CARTESIAN_POINT('Ctrl Pts',(0.30860939692101,0.303814918809692,0.499999999999987));
#3540=CARTESIAN_POINT('Ctrl Pts',(0.31009968270053,0.305496928867873,0.499999999999987));
#3541=CARTESIAN_POINT('Ctrl Pts',(0.311636685669779,0.307163956755248,0.499999999999987));
#3542=CARTESIAN_POINT('Ctrl Pts',(0.313220296415148,0.30881609301604,0.499999999999987));
#3543=CARTESIAN_POINT('Ctrl Pts',(0.314850431853758,0.310453376368051,0.499999999999987));
#3544=CARTESIAN_POINT('Ctrl Pts',(0.316527028743816,0.312075798547591,0.499999999999987));
#3545=CARTESIAN_POINT('Ctrl Pts',(0.318250046717238,0.31368329926418,0.499999999999987));
#3546=CARTESIAN_POINT('Ctrl Pts',(0.320019437901438,0.315275798463447,0.499999999999987));
#3547=CARTESIAN_POINT('Ctrl Pts',(0.321835245498313,0.316853086909653,0.499999999999987));
#3548=CARTESIAN_POINT('Ctrl Pts',(0.323697215637387,0.318415253381149,0.499999999999987));
#3549=CARTESIAN_POINT('Ctrl Pts',(0.325606256309812,0.319961076994939,0.499999999999987));
#3550=CARTESIAN_POINT('Ctrl Pts',(0.327558893996496,0.321494134986887,0.499999999999987));
#3551=CARTESIAN_POINT('Ctrl Pts',(0.329568287781668,0.32299964925306,0.499999999999987));
#3552=CARTESIAN_POINT('Ctrl Pts',(0.333370678909847,0.325890107041096,0.499999999999987));
#3553=CARTESIAN_POINT('Ctrl Pts',(0.33915375077318,0.328466675812579,0.499999999999987));
#3554=CARTESIAN_POINT('Ctrl Pts',(0.342696098959075,0.334280479438456,0.499999999999987));
#3555=CARTESIAN_POINT('Ctrl Pts',(0.345594529089624,0.338588593389698,0.499999999999987));
#3556=CARTESIAN_POINT('Ctrl Pts',(0.348140534149715,0.342930865523293,0.499999999999987));
#3557=CARTESIAN_POINT('Ctrl Pts',(0.350899217344314,0.348027486428367,0.499999999999987));
#3558=CARTESIAN_POINT('Ctrl Pts',(0.353781552788358,0.353934389967661,0.499999999999987));
#3559=CARTESIAN_POINT('Ctrl Pts',(0.356736116817653,0.360658141477788,0.499999999999987));
#3560=CARTESIAN_POINT('Ctrl Pts',(0.359697594355087,0.368216574729591,0.499999999999987));
#3561=CARTESIAN_POINT('Ctrl Pts',(0.362603726944145,0.376619050794972,0.499999999999987));
#3562=CARTESIAN_POINT('Ctrl Pts',(0.365390198753075,0.385872644951697,0.499999999999987));
#3563=CARTESIAN_POINT('Ctrl Pts',(0.367992496590354,0.395980155150032,0.499999999999987));
#3564=CARTESIAN_POINT('Ctrl Pts',(0.370345606296974,0.406940665013975,0.499999999999987));
#3565=CARTESIAN_POINT('Ctrl Pts',(0.372384369853382,0.418749342287969,0.499999999999987));
#3566=CARTESIAN_POINT('Ctrl Pts',(0.374043666031224,0.431397460182753,0.499999999999987));
#3567=CARTESIAN_POINT('Ctrl Pts',(0.375517846850404,0.447748417518208,0.499999999999987));
#3568=CARTESIAN_POINT('Ctrl Pts',(0.375965506514028,0.459909176392333,0.499999999999987));
#3569=CARTESIAN_POINT('Ctrl Pts',(0.376012133614114,0.467562696736102,0.5));
#3570=CARTESIAN_POINT('',(0.560872688885346,0.213123970652519,0.25));
#3571=CARTESIAN_POINT('Origin',(0.,0.,0.25));
#3572=CARTESIAN_POINT('',(0.57902666384858,0.157251780773883,0.25));
#3573=CARTESIAN_POINT('Origin',(0.,0.,0.25));
#3574=CARTESIAN_POINT('',(0.57902666384858,0.157251780773883,0.5));
#3575=CARTESIAN_POINT('Origin',(0.,0.,0.5));
#3576=CARTESIAN_POINT('',(0.57902666384858,0.157251780773883,0.25));
#3577=CARTESIAN_POINT('Ctrl Pts',(0.579026663848578,-0.157251780773875,
0.25));
#3578=CARTESIAN_POINT('Ctrl Pts',(0.579026663848578,-0.157251780773875,
0.5));
#3579=CARTESIAN_POINT('Ctrl Pts',(0.57449031534602,-0.151087359470761,0.25));
#3580=CARTESIAN_POINT('Ctrl Pts',(0.57449031534602,-0.151087359470761,0.5));
#3581=CARTESIAN_POINT('Ctrl Pts',(0.566980236347559,-0.141512226625425,
0.25));
#3582=CARTESIAN_POINT('Ctrl Pts',(0.566980236347559,-0.141512226625425,
0.5));
#3583=CARTESIAN_POINT('Ctrl Pts',(0.55617674742942,-0.129150526011472,0.25));
#3584=CARTESIAN_POINT('Ctrl Pts',(0.55617674742942,-0.129150526011472,0.5));
#3585=CARTESIAN_POINT('Ctrl Pts',(0.547399971455034,-0.119893293510255,
0.25));
#3586=CARTESIAN_POINT('Ctrl Pts',(0.547399971455034,-0.119893293510255,
0.5));
#3587=CARTESIAN_POINT('Ctrl Pts',(0.538809610739652,-0.111538228065872,
0.25));
#3588=CARTESIAN_POINT('Ctrl Pts',(0.538809610739652,-0.111538228065872,
0.5));
#3589=CARTESIAN_POINT('Ctrl Pts',(0.530463478941736,-0.104054112501506,
0.25));
#3590=CARTESIAN_POINT('Ctrl Pts',(0.530463478941736,-0.104054112501506,
0.5));
#3591=CARTESIAN_POINT('Ctrl Pts',(0.522417130334974,-0.09740655727106,0.25));
#3592=CARTESIAN_POINT('Ctrl Pts',(0.522417130334974,-0.09740655727106,0.5));
#3593=CARTESIAN_POINT('Ctrl Pts',(0.514723701111181,-0.091558089374438,
0.25));
#3594=CARTESIAN_POINT('Ctrl Pts',(0.514723701111181,-0.091558089374438,
0.5));
#3595=CARTESIAN_POINT('Ctrl Pts',(0.507433738944754,-0.0864685253197712,
0.25));
#3596=CARTESIAN_POINT('Ctrl Pts',(0.507433738944754,-0.0864685253197712,
0.5));
#3597=CARTESIAN_POINT('Ctrl Pts',(0.500595117692664,-0.082094337189713,
0.25));
#3598=CARTESIAN_POINT('Ctrl Pts',(0.500595117692664,-0.082094337189713,
0.5));
#3599=CARTESIAN_POINT('Ctrl Pts',(0.494252703204263,-0.0783913571154396,
0.25));
#3600=CARTESIAN_POINT('Ctrl Pts',(0.494252703204263,-0.0783913571154396,
0.5));
#3601=CARTESIAN_POINT('Ctrl Pts',(0.488448854059432,-0.0753067660341863,
0.25));
#3602=CARTESIAN_POINT('Ctrl Pts',(0.488448854059432,-0.0753067660341863,
0.5));
#3603=CARTESIAN_POINT('Ctrl Pts',(0.483221313868377,-0.0728050264056269,
0.25));
#3604=CARTESIAN_POINT('Ctrl Pts',(0.483221313868377,-0.0728050264056269,
0.5));
#3605=CARTESIAN_POINT('Ctrl Pts',(0.47860922898543,-0.0707885586819316,
0.25));
#3606=CARTESIAN_POINT('Ctrl Pts',(0.47860922898543,-0.0707885586819316,
0.5));
#3607=CARTESIAN_POINT('Ctrl Pts',(0.473732103907072,-0.0690068757672095,
0.25));
#3608=CARTESIAN_POINT('Ctrl Pts',(0.473732103907072,-0.0690068757672095,
0.5));
#3609=CARTESIAN_POINT('Ctrl Pts',(0.467449015993674,-0.0663855498540708,
0.25));
#3610=CARTESIAN_POINT('Ctrl Pts',(0.467449015993674,-0.0663855498540708,
0.5));
#3611=CARTESIAN_POINT('Ctrl Pts',(0.461255943451152,-0.0677002662849802,
0.25));
#3612=CARTESIAN_POINT('Ctrl Pts',(0.461255943451152,-0.0677002662849802,
0.5));
#3613=CARTESIAN_POINT('Ctrl Pts',(0.456480775949013,-0.0675968262415267,
0.25));
#3614=CARTESIAN_POINT('Ctrl Pts',(0.456480775949013,-0.0675968262415267,
0.5));
#3615=CARTESIAN_POINT('Ctrl Pts',(0.453970223145645,-0.0675599316478906,
0.25));
#3616=CARTESIAN_POINT('Ctrl Pts',(0.453970223145645,-0.0675599316478906,
0.5));
#3617=CARTESIAN_POINT('Ctrl Pts',(0.451489397194685,-0.0674673933143461,
0.25));
#3618=CARTESIAN_POINT('Ctrl Pts',(0.451489397194685,-0.0674673933143461,
0.5));
#3619=CARTESIAN_POINT('Ctrl Pts',(0.449036338524909,-0.0673389016937617,
0.25));
#3620=CARTESIAN_POINT('Ctrl Pts',(0.449036338524909,-0.0673389016937617,
0.5));
#3621=CARTESIAN_POINT('Ctrl Pts',(0.446611754625807,-0.0671695210582358,
0.25));
#3622=CARTESIAN_POINT('Ctrl Pts',(0.446611754625807,-0.0671695210582358,
0.5));
#3623=CARTESIAN_POINT('Ctrl Pts',(0.44421562853413,-0.066960772826667,0.25));
#3624=CARTESIAN_POINT('Ctrl Pts',(0.44421562853413,-0.066960772826667,0.5));
#3625=CARTESIAN_POINT('Ctrl Pts',(0.441848113452798,-0.066712435954541,
0.25));
#3626=CARTESIAN_POINT('Ctrl Pts',(0.441848113452798,-0.066712435954541,
0.5));
#3627=CARTESIAN_POINT('Ctrl Pts',(0.439509297416426,-0.0664247051105628,
0.25));
#3628=CARTESIAN_POINT('Ctrl Pts',(0.439509297416426,-0.0664247051105628,
0.5));
#3629=CARTESIAN_POINT('Ctrl Pts',(0.437199266209527,-0.0660976169212799,
0.25));
#3630=CARTESIAN_POINT('Ctrl Pts',(0.437199266209527,-0.0660976169212799,
0.5));
#3631=CARTESIAN_POINT('Ctrl Pts',(0.434918087928422,-0.0657311964349499,
0.25));
#3632=CARTESIAN_POINT('Ctrl Pts',(0.434918087928422,-0.0657311964349499,
0.5));
#3633=CARTESIAN_POINT('Ctrl Pts',(0.432665818594072,-0.0653254131644457,
0.25));
#3634=CARTESIAN_POINT('Ctrl Pts',(0.432665818594072,-0.0653254131644457,
0.5));
#3635=CARTESIAN_POINT('Ctrl Pts',(0.430442502664186,-0.0648801869515166,
0.25));
#3636=CARTESIAN_POINT('Ctrl Pts',(0.430442502664186,-0.0648801869515166,
0.5));
#3637=CARTESIAN_POINT('Ctrl Pts',(0.428248175435673,-0.0643953802326423,
0.25));
#3638=CARTESIAN_POINT('Ctrl Pts',(0.428248175435673,-0.0643953802326423,
0.5));
#3639=CARTESIAN_POINT('Ctrl Pts',(0.426082865596829,-0.0638707934357673,
0.25));
#3640=CARTESIAN_POINT('Ctrl Pts',(0.426082865596829,-0.0638707934357673,
0.5));
#3641=CARTESIAN_POINT('Ctrl Pts',(0.423946598511545,-0.0633061590858453,
0.25));
#3642=CARTESIAN_POINT('Ctrl Pts',(0.423946598511545,-0.0633061590858453,
0.5));
#3643=CARTESIAN_POINT('Ctrl Pts',(0.421839400224428,-0.0627011357944101,
0.25));
#3644=CARTESIAN_POINT('Ctrl Pts',(0.421839400224428,-0.0627011357944101,
0.5));
#3645=CARTESIAN_POINT('Ctrl Pts',(0.419761302355101,-0.0620553018453514,
0.25));
#3646=CARTESIAN_POINT('Ctrl Pts',(0.419761302355101,-0.0620553018453514,
0.5));
#3647=CARTESIAN_POINT('Ctrl Pts',(0.41771234802756,-0.0613681484968859,
0.25));
#3648=CARTESIAN_POINT('Ctrl Pts',(0.41771234802756,-0.0613681484968859,
0.5));
#3649=CARTESIAN_POINT('Ctrl Pts',(0.415692599013723,-0.0606390730398272,
0.25));
#3650=CARTESIAN_POINT('Ctrl Pts',(0.415692599013723,-0.0606390730398272,
0.5));
#3651=CARTESIAN_POINT('Ctrl Pts',(0.413702144290653,-0.0598673717098655,
0.25));
#3652=CARTESIAN_POINT('Ctrl Pts',(0.413702144290653,-0.0598673717098655,
0.5));
#3653=CARTESIAN_POINT('Ctrl Pts',(0.411741110235765,-0.0590522325832481,
0.25));
#3654=CARTESIAN_POINT('Ctrl Pts',(0.411741110235765,-0.0590522325832481,
0.5));
#3655=CARTESIAN_POINT('Ctrl Pts',(0.409809672707619,-0.0581927286365524,
0.25));
#3656=CARTESIAN_POINT('Ctrl Pts',(0.409809672707619,-0.0581927286365524,
0.5));
#3657=CARTESIAN_POINT('Ctrl Pts',(0.407908071281289,-0.0572878112126056,
0.25));
#3658=CARTESIAN_POINT('Ctrl Pts',(0.407908071281289,-0.0572878112126056,
0.5));
#3659=CARTESIAN_POINT('Ctrl Pts',(0.406036625923846,-0.0563363042112799,
0.25));
#3660=CARTESIAN_POINT('Ctrl Pts',(0.406036625923846,-0.0563363042112799,
0.5));
#3661=CARTESIAN_POINT('Ctrl Pts',(0.404195756403718,-0.0553368994171932,
0.25));
#3662=CARTESIAN_POINT('Ctrl Pts',(0.404195756403718,-0.0553368994171932,
0.5));
#3663=CARTESIAN_POINT('Ctrl Pts',(0.402386004722762,-0.0542881534883694,
0.25));
#3664=CARTESIAN_POINT('Ctrl Pts',(0.402386004722762,-0.0542881534883694,
0.5));
#3665=CARTESIAN_POINT('Ctrl Pts',(0.400608060835264,-0.053188487261822,
0.25));
#3666=CARTESIAN_POINT('Ctrl Pts',(0.400608060835264,-0.053188487261822,
0.5));
#3667=CARTESIAN_POINT('Ctrl Pts',(0.398862791865432,-0.0520361881838096,
0.25));
#3668=CARTESIAN_POINT('Ctrl Pts',(0.398862791865432,-0.0520361881838096,
0.5));
#3669=CARTESIAN_POINT('Ctrl Pts',(0.397151274943864,-0.0508294168421385,
0.25));
#3670=CARTESIAN_POINT('Ctrl Pts',(0.397151274943864,-0.0508294168421385,
0.5));
#3671=CARTESIAN_POINT('Ctrl Pts',(0.395474833641345,-0.0495662187601339,
0.25));
#3672=CARTESIAN_POINT('Ctrl Pts',(0.395474833641345,-0.0495662187601339,
0.5));
#3673=CARTESIAN_POINT('Ctrl Pts',(0.393835077770832,-0.0482445427970478,
0.25));
#3674=CARTESIAN_POINT('Ctrl Pts',(0.393835077770832,-0.0482445427970478,
0.5));
#3675=CARTESIAN_POINT('Ctrl Pts',(0.392233946040237,-0.0468622676717016,
0.25));
#3676=CARTESIAN_POINT('Ctrl Pts',(0.392233946040237,-0.0468622676717016,
0.5));
#3677=CARTESIAN_POINT('Ctrl Pts',(0.390673750654799,-0.0454172382609716,
0.25));
#3678=CARTESIAN_POINT('Ctrl Pts',(0.390673750654799,-0.0454172382609716,
0.5));
#3679=CARTESIAN_POINT('Ctrl Pts',(0.389157222477198,-0.0439073133882763,
0.25));
#3680=CARTESIAN_POINT('Ctrl Pts',(0.389157222477198,-0.0439073133882763,
0.5));
#3681=CARTESIAN_POINT('Ctrl Pts',(0.387687554751958,-0.0423304267644127,
0.25));
#3682=CARTESIAN_POINT('Ctrl Pts',(0.387687554751958,-0.0423304267644127,
0.5));
#3683=CARTESIAN_POINT('Ctrl Pts',(0.386268442697963,-0.0406846625177303,
0.25));
#3684=CARTESIAN_POINT('Ctrl Pts',(0.386268442697963,-0.0406846625177303,
0.5));
#3685=CARTESIAN_POINT('Ctrl Pts',(0.384904115497587,-0.0389683462882074,
0.25));
#3686=CARTESIAN_POINT('Ctrl Pts',(0.384904115497587,-0.0389683462882074,
0.5));
#3687=CARTESIAN_POINT('Ctrl Pts',(0.383599356426261,-0.0371801520934474,
0.25));
#3688=CARTESIAN_POINT('Ctrl Pts',(0.383599356426261,-0.0371801520934474,
0.5));
#3689=CARTESIAN_POINT('Ctrl Pts',(0.382359506149408,-0.0353192240469545,
0.25));
#3690=CARTESIAN_POINT('Ctrl Pts',(0.382359506149408,-0.0353192240469545,
0.5));
#3691=CARTESIAN_POINT('Ctrl Pts',(0.381190443766256,-0.0333853104861474,
0.25));
#3692=CARTESIAN_POINT('Ctrl Pts',(0.381190443766256,-0.0333853104861474,
0.5));
#3693=CARTESIAN_POINT('Ctrl Pts',(0.380098539922759,-0.0313789061777906,
0.25));
#3694=CARTESIAN_POINT('Ctrl Pts',(0.380098539922759,-0.0313789061777906,
0.5));
#3695=CARTESIAN_POINT('Ctrl Pts',(0.379090577402792,-0.0293013960656628,
0.25));
#3696=CARTESIAN_POINT('Ctrl Pts',(0.379090577402792,-0.0293013960656628,
0.5));
#3697=CARTESIAN_POINT('Ctrl Pts',(0.37817363359874,-0.0271551918508647,
0.25));
#3698=CARTESIAN_POINT('Ctrl Pts',(0.37817363359874,-0.0271551918508647,
0.5));
#3699=CARTESIAN_POINT('Ctrl Pts',(0.377354930066298,-0.024943850284419,
0.25));
#3700=CARTESIAN_POINT('Ctrl Pts',(0.377354930066298,-0.024943850284419,
0.5));
#3701=CARTESIAN_POINT('Ctrl Pts',(0.37664162481635,-0.0226721619554584,
0.25));
#3702=CARTESIAN_POINT('Ctrl Pts',(0.37664162481635,-0.0226721619554584,
0.5));
#3703=CARTESIAN_POINT('Ctrl Pts',(0.37604065069827,-0.0203461938848311,
0.25));
#3704=CARTESIAN_POINT('Ctrl Pts',(0.37604065069827,-0.0203461938848311,
0.5));
#3705=CARTESIAN_POINT('Ctrl Pts',(0.375558239279634,-0.017973289635691,
0.25));
#3706=CARTESIAN_POINT('Ctrl Pts',(0.375558239279634,-0.017973289635691,
0.5));
#3707=CARTESIAN_POINT('Ctrl Pts',(0.375200543274058,-0.0155619606496518,
0.25));
#3708=CARTESIAN_POINT('Ctrl Pts',(0.375200543274058,-0.0155619606496518,
0.5));
#3709=CARTESIAN_POINT('Ctrl Pts',(0.374970099604307,-0.0131218820587419,
0.25));
#3710=CARTESIAN_POINT('Ctrl Pts',(0.374970099604307,-0.0131218820587419,
0.5));
#3711=CARTESIAN_POINT('Ctrl Pts',(0.37488834484474,-0.0109392467284519,
0.25));
#3712=CARTESIAN_POINT('Ctrl Pts',(0.37488834484474,-0.0109392467284519,
0.5));
#3713=CARTESIAN_POINT('Ctrl Pts',(0.374889243864818,-0.0065637224817564,
0.25));
#3714=CARTESIAN_POINT('Ctrl Pts',(0.374889243864818,-0.0065637224817564,
0.5));
#3715=CARTESIAN_POINT('Ctrl Pts',(0.375093747909365,8.63562329960157E-17,
0.25));
#3716=CARTESIAN_POINT('Ctrl Pts',(0.375093747909365,8.63562329960157E-17,
0.5));
#3717=CARTESIAN_POINT('Ctrl Pts',(0.374889243864819,0.00656372248175628,
0.25));
#3718=CARTESIAN_POINT('Ctrl Pts',(0.374889243864819,0.00656372248175628,
0.5));
#3719=CARTESIAN_POINT('Ctrl Pts',(0.37488834484474,0.0109392467284519,0.25));
#3720=CARTESIAN_POINT('Ctrl Pts',(0.37488834484474,0.0109392467284519,0.5));
#3721=CARTESIAN_POINT('Ctrl Pts',(0.374970099604307,0.0131218820587419,
0.25));
#3722=CARTESIAN_POINT('Ctrl Pts',(0.374970099604307,0.0131218820587419,
0.5));
#3723=CARTESIAN_POINT('Ctrl Pts',(0.375200543274058,0.0155619606496518,
0.25));
#3724=CARTESIAN_POINT('Ctrl Pts',(0.375200543274058,0.0155619606496518,
0.5));
#3725=CARTESIAN_POINT('Ctrl Pts',(0.375558239279634,0.017973289635691,0.25));
#3726=CARTESIAN_POINT('Ctrl Pts',(0.375558239279634,0.017973289635691,0.5));
#3727=CARTESIAN_POINT('Ctrl Pts',(0.37604065069827,0.020346193884831,0.25));
#3728=CARTESIAN_POINT('Ctrl Pts',(0.37604065069827,0.020346193884831,0.5));
#3729=CARTESIAN_POINT('Ctrl Pts',(0.376641624816351,0.0226721619554584,
0.25));
#3730=CARTESIAN_POINT('Ctrl Pts',(0.376641624816351,0.0226721619554584,
0.5));
#3731=CARTESIAN_POINT('Ctrl Pts',(0.377354930066298,0.024943850284419,0.25));
#3732=CARTESIAN_POINT('Ctrl Pts',(0.377354930066298,0.024943850284419,0.5));
#3733=CARTESIAN_POINT('Ctrl Pts',(0.37817363359874,0.0271551918508647,0.25));
#3734=CARTESIAN_POINT('Ctrl Pts',(0.37817363359874,0.0271551918508647,0.5));
#3735=CARTESIAN_POINT('Ctrl Pts',(0.379090577402792,0.0293013960656629,
0.25));
#3736=CARTESIAN_POINT('Ctrl Pts',(0.379090577402792,0.0293013960656629,
0.5));
#3737=CARTESIAN_POINT('Ctrl Pts',(0.380098539922759,0.0313789061777906,
0.25));
#3738=CARTESIAN_POINT('Ctrl Pts',(0.380098539922759,0.0313789061777906,
0.5));
#3739=CARTESIAN_POINT('Ctrl Pts',(0.381190443766256,0.0333853104861474,
0.25));
#3740=CARTESIAN_POINT('Ctrl Pts',(0.381190443766256,0.0333853104861474,
0.5));
#3741=CARTESIAN_POINT('Ctrl Pts',(0.382359506149408,0.0353192240469545,
0.25));
#3742=CARTESIAN_POINT('Ctrl Pts',(0.382359506149408,0.0353192240469545,
0.5));
#3743=CARTESIAN_POINT('Ctrl Pts',(0.383599356426261,0.0371801520934475,
0.25));
#3744=CARTESIAN_POINT('Ctrl Pts',(0.383599356426261,0.0371801520934475,
0.5));
#3745=CARTESIAN_POINT('Ctrl Pts',(0.384904115497587,0.0389683462882074,
0.25));
#3746=CARTESIAN_POINT('Ctrl Pts',(0.384904115497587,0.0389683462882074,
0.5));
#3747=CARTESIAN_POINT('Ctrl Pts',(0.386268442697963,0.0406846625177303,
0.25));
#3748=CARTESIAN_POINT('Ctrl Pts',(0.386268442697963,0.0406846625177303,
0.5));
#3749=CARTESIAN_POINT('Ctrl Pts',(0.387687554751958,0.0423304267644127,
0.25));
#3750=CARTESIAN_POINT('Ctrl Pts',(0.387687554751958,0.0423304267644127,
0.5));
#3751=CARTESIAN_POINT('Ctrl Pts',(0.389157222477198,0.0439073133882763,
0.25));
#3752=CARTESIAN_POINT('Ctrl Pts',(0.389157222477198,0.0439073133882763,
0.5));
#3753=CARTESIAN_POINT('Ctrl Pts',(0.390673750654799,0.0454172382609716,
0.25));
#3754=CARTESIAN_POINT('Ctrl Pts',(0.390673750654799,0.0454172382609716,
0.5));
#3755=CARTESIAN_POINT('Ctrl Pts',(0.392233946040237,0.0468622676717016,
0.25));
#3756=CARTESIAN_POINT('Ctrl Pts',(0.392233946040237,0.0468622676717016,
0.5));
#3757=CARTESIAN_POINT('Ctrl Pts',(0.393835077770832,0.0482445427970478,
0.25));
#3758=CARTESIAN_POINT('Ctrl Pts',(0.393835077770832,0.0482445427970478,
0.5));
#3759=CARTESIAN_POINT('Ctrl Pts',(0.395474833641345,0.0495662187601338,
0.25));
#3760=CARTESIAN_POINT('Ctrl Pts',(0.395474833641345,0.0495662187601338,
0.5));
#3761=CARTESIAN_POINT('Ctrl Pts',(0.397151274943864,0.0508294168421385,
0.25));
#3762=CARTESIAN_POINT('Ctrl Pts',(0.397151274943864,0.0508294168421385,
0.5));
#3763=CARTESIAN_POINT('Ctrl Pts',(0.398862791865432,0.0520361881838096,
0.25));
#3764=CARTESIAN_POINT('Ctrl Pts',(0.398862791865432,0.0520361881838096,
0.5));
#3765=CARTESIAN_POINT('Ctrl Pts',(0.400608060835264,0.053188487261822,0.25));
#3766=CARTESIAN_POINT('Ctrl Pts',(0.400608060835264,0.053188487261822,0.5));
#3767=CARTESIAN_POINT('Ctrl Pts',(0.402386004722762,0.0542881534883694,
0.25));
#3768=CARTESIAN_POINT('Ctrl Pts',(0.402386004722762,0.0542881534883694,
0.5));
#3769=CARTESIAN_POINT('Ctrl Pts',(0.404195756403718,0.0553368994171932,
0.25));
#3770=CARTESIAN_POINT('Ctrl Pts',(0.404195756403718,0.0553368994171932,
0.5));
#3771=CARTESIAN_POINT('Ctrl Pts',(0.406036625923846,0.0563363042112799,
0.25));
#3772=CARTESIAN_POINT('Ctrl Pts',(0.406036625923846,0.0563363042112799,
0.5));
#3773=CARTESIAN_POINT('Ctrl Pts',(0.407908071281289,0.0572878112126056,
0.25));
#3774=CARTESIAN_POINT('Ctrl Pts',(0.407908071281289,0.0572878112126056,
0.5));
#3775=CARTESIAN_POINT('Ctrl Pts',(0.409809672707618,0.0581927286365524,
0.25));
#3776=CARTESIAN_POINT('Ctrl Pts',(0.409809672707618,0.0581927286365524,
0.5));
#3777=CARTESIAN_POINT('Ctrl Pts',(0.411741110235765,0.0590522325832481,
0.25));
#3778=CARTESIAN_POINT('Ctrl Pts',(0.411741110235765,0.0590522325832481,
0.5));
#3779=CARTESIAN_POINT('Ctrl Pts',(0.413702144290653,0.0598673717098655,
0.25));
#3780=CARTESIAN_POINT('Ctrl Pts',(0.413702144290653,0.0598673717098655,
0.5));
#3781=CARTESIAN_POINT('Ctrl Pts',(0.415692599013723,0.0606390730398272,
0.25));
#3782=CARTESIAN_POINT('Ctrl Pts',(0.415692599013723,0.0606390730398272,
0.5));
#3783=CARTESIAN_POINT('Ctrl Pts',(0.41771234802756,0.0613681484968859,0.25));
#3784=CARTESIAN_POINT('Ctrl Pts',(0.41771234802756,0.0613681484968859,0.5));
#3785=CARTESIAN_POINT('Ctrl Pts',(0.419761302355101,0.0620553018453514,
0.25));
#3786=CARTESIAN_POINT('Ctrl Pts',(0.419761302355101,0.0620553018453514,
0.5));
#3787=CARTESIAN_POINT('Ctrl Pts',(0.421839400224428,0.0627011357944101,
0.25));
#3788=CARTESIAN_POINT('Ctrl Pts',(0.421839400224428,0.0627011357944101,
0.5));
#3789=CARTESIAN_POINT('Ctrl Pts',(0.423946598511545,0.0633061590858453,
0.25));
#3790=CARTESIAN_POINT('Ctrl Pts',(0.423946598511545,0.0633061590858453,
0.5));
#3791=CARTESIAN_POINT('Ctrl Pts',(0.426082865596829,0.0638707934357674,
0.25));
#3792=CARTESIAN_POINT('Ctrl Pts',(0.426082865596829,0.0638707934357674,
0.5));
#3793=CARTESIAN_POINT('Ctrl Pts',(0.428248175435673,0.0643953802326422,
0.25));
#3794=CARTESIAN_POINT('Ctrl Pts',(0.428248175435673,0.0643953802326422,
0.5));
#3795=CARTESIAN_POINT('Ctrl Pts',(0.430442502664186,0.0648801869515166,
0.25));
#3796=CARTESIAN_POINT('Ctrl Pts',(0.430442502664186,0.0648801869515166,
0.5));
#3797=CARTESIAN_POINT('Ctrl Pts',(0.432665818594072,0.0653254131644457,
0.25));
#3798=CARTESIAN_POINT('Ctrl Pts',(0.432665818594072,0.0653254131644457,
0.5));
#3799=CARTESIAN_POINT('Ctrl Pts',(0.434918087928422,0.0657311964349499,
0.25));
#3800=CARTESIAN_POINT('Ctrl Pts',(0.434918087928422,0.0657311964349499,
0.5));
#3801=CARTESIAN_POINT('Ctrl Pts',(0.437199266209527,0.0660976169212799,
0.25));
#3802=CARTESIAN_POINT('Ctrl Pts',(0.437199266209527,0.0660976169212799,
0.5));
#3803=CARTESIAN_POINT('Ctrl Pts',(0.439509297416426,0.0664247051105628,
0.25));
#3804=CARTESIAN_POINT('Ctrl Pts',(0.439509297416426,0.0664247051105628,
0.5));
#3805=CARTESIAN_POINT('Ctrl Pts',(0.441848113452798,0.066712435954541,0.25));
#3806=CARTESIAN_POINT('Ctrl Pts',(0.441848113452798,0.066712435954541,0.5));
#3807=CARTESIAN_POINT('Ctrl Pts',(0.44421562853413,0.066960772826667,0.25));
#3808=CARTESIAN_POINT('Ctrl Pts',(0.44421562853413,0.066960772826667,0.5));
#3809=CARTESIAN_POINT('Ctrl Pts',(0.446611754625807,0.0671695210582357,
0.25));
#3810=CARTESIAN_POINT('Ctrl Pts',(0.446611754625807,0.0671695210582357,
0.5));
#3811=CARTESIAN_POINT('Ctrl Pts',(0.449036338524909,0.0673389016937617,
0.25));
#3812=CARTESIAN_POINT('Ctrl Pts',(0.449036338524909,0.0673389016937617,
0.5));
#3813=CARTESIAN_POINT('Ctrl Pts',(0.451489397194684,0.0674673933143461,
0.25));
#3814=CARTESIAN_POINT('Ctrl Pts',(0.451489397194684,0.0674673933143461,
0.5));
#3815=CARTESIAN_POINT('Ctrl Pts',(0.453970223145645,0.0675599316478906,
0.25));
#3816=CARTESIAN_POINT('Ctrl Pts',(0.453970223145645,0.0675599316478906,
0.5));
#3817=CARTESIAN_POINT('Ctrl Pts',(0.456480775949013,0.0675968262415267,
0.25));
#3818=CARTESIAN_POINT('Ctrl Pts',(0.456480775949013,0.0675968262415267,
0.5));
#3819=CARTESIAN_POINT('Ctrl Pts',(0.461255943451152,0.0677002662849803,
0.25));
#3820=CARTESIAN_POINT('Ctrl Pts',(0.461255943451152,0.0677002662849803,
0.5));
#3821=CARTESIAN_POINT('Ctrl Pts',(0.467449015993675,0.0663855498540708,
0.25));
#3822=CARTESIAN_POINT('Ctrl Pts',(0.467449015993675,0.0663855498540708,
0.5));
#3823=CARTESIAN_POINT('Ctrl Pts',(0.473732103907072,0.0690068757672095,
0.25));
#3824=CARTESIAN_POINT('Ctrl Pts',(0.473732103907072,0.0690068757672095,
0.5));
#3825=CARTESIAN_POINT('Ctrl Pts',(0.47860922898543,0.0707885586819315,0.25));
#3826=CARTESIAN_POINT('Ctrl Pts',(0.47860922898543,0.0707885586819315,0.5));
#3827=CARTESIAN_POINT('Ctrl Pts',(0.483221313868377,0.0728050264056269,
0.25));
#3828=CARTESIAN_POINT('Ctrl Pts',(0.483221313868377,0.0728050264056269,
0.5));
#3829=CARTESIAN_POINT('Ctrl Pts',(0.488448854059432,0.0753067660341863,
0.25));
#3830=CARTESIAN_POINT('Ctrl Pts',(0.488448854059432,0.0753067660341863,
0.5));
#3831=CARTESIAN_POINT('Ctrl Pts',(0.494252703204263,0.0783913571154396,
0.25));
#3832=CARTESIAN_POINT('Ctrl Pts',(0.494252703204263,0.0783913571154396,
0.5));
#3833=CARTESIAN_POINT('Ctrl Pts',(0.500595117692664,0.082094337189713,0.25));
#3834=CARTESIAN_POINT('Ctrl Pts',(0.500595117692664,0.082094337189713,0.5));
#3835=CARTESIAN_POINT('Ctrl Pts',(0.507433738944754,0.0864685253197712,
0.25));
#3836=CARTESIAN_POINT('Ctrl Pts',(0.507433738944754,0.0864685253197712,
0.5));
#3837=CARTESIAN_POINT('Ctrl Pts',(0.514723701111181,0.0915580893744381,
0.25));
#3838=CARTESIAN_POINT('Ctrl Pts',(0.514723701111181,0.0915580893744381,
0.5));
#3839=CARTESIAN_POINT('Ctrl Pts',(0.522417130334974,0.09740655727106,0.25));
#3840=CARTESIAN_POINT('Ctrl Pts',(0.522417130334974,0.09740655727106,0.5));
#3841=CARTESIAN_POINT('Ctrl Pts',(0.530463478941736,0.104054112501506,0.25));
#3842=CARTESIAN_POINT('Ctrl Pts',(0.530463478941736,0.104054112501506,0.5));
#3843=CARTESIAN_POINT('Ctrl Pts',(0.538809610739652,0.111538228065872,0.25));
#3844=CARTESIAN_POINT('Ctrl Pts',(0.538809610739652,0.111538228065872,0.5));
#3845=CARTESIAN_POINT('Ctrl Pts',(0.547399971455033,0.119893293510255,0.25));
#3846=CARTESIAN_POINT('Ctrl Pts',(0.547399971455033,0.119893293510255,0.5));
#3847=CARTESIAN_POINT('Ctrl Pts',(0.556176747429419,0.129150526011472,0.25));
#3848=CARTESIAN_POINT('Ctrl Pts',(0.556176747429419,0.129150526011472,0.5));
#3849=CARTESIAN_POINT('Ctrl Pts',(0.566980236347562,0.141512226625428,0.25));
#3850=CARTESIAN_POINT('Ctrl Pts',(0.566980236347562,0.141512226625428,0.5));
#3851=CARTESIAN_POINT('Ctrl Pts',(0.574490315346025,0.151087359470767,0.25));
#3852=CARTESIAN_POINT('Ctrl Pts',(0.574490315346025,0.151087359470767,0.5));
#3853=CARTESIAN_POINT('Ctrl Pts',(0.57902666384858,0.157251780773883,0.25));
#3854=CARTESIAN_POINT('Ctrl Pts',(0.57902666384858,0.157251780773883,0.5));
#3855=CARTESIAN_POINT('',(0.579026663845225,-0.157251780772963,0.25));
#3856=CARTESIAN_POINT('Ctrl Pts',(0.57902666384858,0.157251780773883,0.25));
#3857=CARTESIAN_POINT('Ctrl Pts',(0.574490315346025,0.151087359470767,0.25));
#3858=CARTESIAN_POINT('Ctrl Pts',(0.566980236347562,0.141512226625428,0.25));
#3859=CARTESIAN_POINT('Ctrl Pts',(0.556176747429419,0.129150526011472,0.25));
#3860=CARTESIAN_POINT('Ctrl Pts',(0.547399971455033,0.119893293510255,0.25));
#3861=CARTESIAN_POINT('Ctrl Pts',(0.538809610739652,0.111538228065872,0.25));
#3862=CARTESIAN_POINT('Ctrl Pts',(0.530463478941736,0.104054112501506,0.25));
#3863=CARTESIAN_POINT('Ctrl Pts',(0.522417130334974,0.09740655727106,0.25));
#3864=CARTESIAN_POINT('Ctrl Pts',(0.514723701111181,0.0915580893744381,
0.25));
#3865=CARTESIAN_POINT('Ctrl Pts',(0.507433738944754,0.0864685253197712,
0.25));
#3866=CARTESIAN_POINT('Ctrl Pts',(0.500595117692664,0.082094337189713,0.25));
#3867=CARTESIAN_POINT('Ctrl Pts',(0.494252703204263,0.0783913571154396,
0.25));
#3868=CARTESIAN_POINT('Ctrl Pts',(0.488448854059432,0.0753067660341863,
0.25));
#3869=CARTESIAN_POINT('Ctrl Pts',(0.483221313868377,0.0728050264056269,
0.25));
#3870=CARTESIAN_POINT('Ctrl Pts',(0.47860922898543,0.0707885586819315,0.25));
#3871=CARTESIAN_POINT('Ctrl Pts',(0.473732103907072,0.0690068757672095,
0.25));
#3872=CARTESIAN_POINT('Ctrl Pts',(0.467449015993675,0.0663855498540708,
0.25));
#3873=CARTESIAN_POINT('Ctrl Pts',(0.461255943451152,0.0677002662849803,
0.25));
#3874=CARTESIAN_POINT('Ctrl Pts',(0.456480775949013,0.0675968262415267,
0.25));
#3875=CARTESIAN_POINT('Ctrl Pts',(0.453970223145645,0.0675599316478906,
0.25));
#3876=CARTESIAN_POINT('Ctrl Pts',(0.451489397194684,0.0674673933143461,
0.25));
#3877=CARTESIAN_POINT('Ctrl Pts',(0.449036338524909,0.0673389016937617,
0.25));
#3878=CARTESIAN_POINT('Ctrl Pts',(0.446611754625807,0.0671695210582357,
0.25));
#3879=CARTESIAN_POINT('Ctrl Pts',(0.44421562853413,0.066960772826667,0.25));
#3880=CARTESIAN_POINT('Ctrl Pts',(0.441848113452798,0.066712435954541,0.25));
#3881=CARTESIAN_POINT('Ctrl Pts',(0.439509297416426,0.0664247051105628,
0.25));
#3882=CARTESIAN_POINT('Ctrl Pts',(0.437199266209527,0.0660976169212799,
0.25));
#3883=CARTESIAN_POINT('Ctrl Pts',(0.434918087928422,0.0657311964349499,
0.25));
#3884=CARTESIAN_POINT('Ctrl Pts',(0.432665818594072,0.0653254131644457,
0.25));
#3885=CARTESIAN_POINT('Ctrl Pts',(0.430442502664186,0.0648801869515166,
0.25));
#3886=CARTESIAN_POINT('Ctrl Pts',(0.428248175435673,0.0643953802326422,
0.25));
#3887=CARTESIAN_POINT('Ctrl Pts',(0.426082865596829,0.0638707934357674,
0.25));
#3888=CARTESIAN_POINT('Ctrl Pts',(0.423946598511545,0.0633061590858453,
0.25));
#3889=CARTESIAN_POINT('Ctrl Pts',(0.421839400224428,0.0627011357944101,
0.25));
#3890=CARTESIAN_POINT('Ctrl Pts',(0.419761302355101,0.0620553018453514,
0.25));
#3891=CARTESIAN_POINT('Ctrl Pts',(0.41771234802756,0.0613681484968859,0.25));
#3892=CARTESIAN_POINT('Ctrl Pts',(0.415692599013723,0.0606390730398272,
0.25));
#3893=CARTESIAN_POINT('Ctrl Pts',(0.413702144290653,0.0598673717098655,
0.25));
#3894=CARTESIAN_POINT('Ctrl Pts',(0.411741110235765,0.0590522325832481,
0.25));
#3895=CARTESIAN_POINT('Ctrl Pts',(0.409809672707618,0.0581927286365524,
0.25));
#3896=CARTESIAN_POINT('Ctrl Pts',(0.407908071281289,0.0572878112126056,
0.25));
#3897=CARTESIAN_POINT('Ctrl Pts',(0.406036625923846,0.0563363042112799,
0.25));
#3898=CARTESIAN_POINT('Ctrl Pts',(0.404195756403718,0.0553368994171932,
0.25));
#3899=CARTESIAN_POINT('Ctrl Pts',(0.402386004722762,0.0542881534883694,
0.25));
#3900=CARTESIAN_POINT('Ctrl Pts',(0.400608060835264,0.053188487261822,0.25));
#3901=CARTESIAN_POINT('Ctrl Pts',(0.398862791865432,0.0520361881838096,
0.25));
#3902=CARTESIAN_POINT('Ctrl Pts',(0.397151274943864,0.0508294168421385,
0.25));
#3903=CARTESIAN_POINT('Ctrl Pts',(0.395474833641345,0.0495662187601338,
0.25));
#3904=CARTESIAN_POINT('Ctrl Pts',(0.393835077770832,0.0482445427970478,
0.25));
#3905=CARTESIAN_POINT('Ctrl Pts',(0.392233946040237,0.0468622676717016,
0.25));
#3906=CARTESIAN_POINT('Ctrl Pts',(0.390673750654799,0.0454172382609716,
0.25));
#3907=CARTESIAN_POINT('Ctrl Pts',(0.389157222477198,0.0439073133882763,
0.25));
#3908=CARTESIAN_POINT('Ctrl Pts',(0.387687554751958,0.0423304267644127,
0.25));
#3909=CARTESIAN_POINT('Ctrl Pts',(0.386268442697963,0.0406846625177303,
0.25));
#3910=CARTESIAN_POINT('Ctrl Pts',(0.384904115497587,0.0389683462882074,
0.25));
#3911=CARTESIAN_POINT('Ctrl Pts',(0.383599356426261,0.0371801520934475,
0.25));
#3912=CARTESIAN_POINT('Ctrl Pts',(0.382359506149408,0.0353192240469545,
0.25));
#3913=CARTESIAN_POINT('Ctrl Pts',(0.381190443766256,0.0333853104861474,
0.25));
#3914=CARTESIAN_POINT('Ctrl Pts',(0.380098539922759,0.0313789061777906,
0.25));
#3915=CARTESIAN_POINT('Ctrl Pts',(0.379090577402792,0.0293013960656629,
0.25));
#3916=CARTESIAN_POINT('Ctrl Pts',(0.37817363359874,0.0271551918508647,0.25));
#3917=CARTESIAN_POINT('Ctrl Pts',(0.377354930066298,0.024943850284419,0.25));
#3918=CARTESIAN_POINT('Ctrl Pts',(0.376641624816351,0.0226721619554584,
0.25));
#3919=CARTESIAN_POINT('Ctrl Pts',(0.37604065069827,0.020346193884831,0.25));
#3920=CARTESIAN_POINT('Ctrl Pts',(0.375558239279634,0.017973289635691,0.25));
#3921=CARTESIAN_POINT('Ctrl Pts',(0.375200543274058,0.0155619606496518,
0.25));
#3922=CARTESIAN_POINT('Ctrl Pts',(0.374970099604307,0.0131218820587419,
0.25));
#3923=CARTESIAN_POINT('Ctrl Pts',(0.37488834484474,0.0109392467284519,0.25));
#3924=CARTESIAN_POINT('Ctrl Pts',(0.374889243864819,0.00656372248175628,
0.25));
#3925=CARTESIAN_POINT('Ctrl Pts',(0.375093747909365,8.63562329960157E-17,
0.25));
#3926=CARTESIAN_POINT('Ctrl Pts',(0.374889243864818,-0.0065637224817564,
0.25));
#3927=CARTESIAN_POINT('Ctrl Pts',(0.37488834484474,-0.0109392467284519,
0.25));
#3928=CARTESIAN_POINT('Ctrl Pts',(0.374970099604307,-0.0131218820587419,
0.25));
#3929=CARTESIAN_POINT('Ctrl Pts',(0.375200543274058,-0.0155619606496518,
0.25));
#3930=CARTESIAN_POINT('Ctrl Pts',(0.375558239279634,-0.017973289635691,
0.25));
#3931=CARTESIAN_POINT('Ctrl Pts',(0.37604065069827,-0.0203461938848311,
0.25));
#3932=CARTESIAN_POINT('Ctrl Pts',(0.37664162481635,-0.0226721619554584,
0.25));
#3933=CARTESIAN_POINT('Ctrl Pts',(0.377354930066298,-0.024943850284419,
0.25));
#3934=CARTESIAN_POINT('Ctrl Pts',(0.37817363359874,-0.0271551918508647,
0.25));
#3935=CARTESIAN_POINT('Ctrl Pts',(0.379090577402792,-0.0293013960656628,
0.25));
#3936=CARTESIAN_POINT('Ctrl Pts',(0.380098539922759,-0.0313789061777906,
0.25));
#3937=CARTESIAN_POINT('Ctrl Pts',(0.381190443766256,-0.0333853104861474,
0.25));
#3938=CARTESIAN_POINT('Ctrl Pts',(0.382359506149408,-0.0353192240469545,
0.25));
#3939=CARTESIAN_POINT('Ctrl Pts',(0.383599356426261,-0.0371801520934474,
0.25));
#3940=CARTESIAN_POINT('Ctrl Pts',(0.384904115497587,-0.0389683462882074,
0.25));
#3941=CARTESIAN_POINT('Ctrl Pts',(0.386268442697963,-0.0406846625177303,
0.25));
#3942=CARTESIAN_POINT('Ctrl Pts',(0.387687554751958,-0.0423304267644127,
0.25));
#3943=CARTESIAN_POINT('Ctrl Pts',(0.389157222477198,-0.0439073133882763,
0.25));
#3944=CARTESIAN_POINT('Ctrl Pts',(0.390673750654799,-0.0454172382609716,
0.25));
#3945=CARTESIAN_POINT('Ctrl Pts',(0.392233946040237,-0.0468622676717016,
0.25));
#3946=CARTESIAN_POINT('Ctrl Pts',(0.393835077770832,-0.0482445427970478,
0.25));
#3947=CARTESIAN_POINT('Ctrl Pts',(0.395474833641345,-0.0495662187601339,
0.25));
#3948=CARTESIAN_POINT('Ctrl Pts',(0.397151274943864,-0.0508294168421385,
0.25));
#3949=CARTESIAN_POINT('Ctrl Pts',(0.398862791865432,-0.0520361881838096,
0.25));
#3950=CARTESIAN_POINT('Ctrl Pts',(0.400608060835264,-0.053188487261822,
0.25));
#3951=CARTESIAN_POINT('Ctrl Pts',(0.402386004722762,-0.0542881534883694,
0.25));
#3952=CARTESIAN_POINT('Ctrl Pts',(0.404195756403718,-0.0553368994171932,
0.25));
#3953=CARTESIAN_POINT('Ctrl Pts',(0.406036625923846,-0.0563363042112799,
0.25));
#3954=CARTESIAN_POINT('Ctrl Pts',(0.407908071281289,-0.0572878112126056,
0.25));
#3955=CARTESIAN_POINT('Ctrl Pts',(0.409809672707619,-0.0581927286365524,
0.25));
#3956=CARTESIAN_POINT('Ctrl Pts',(0.411741110235765,-0.0590522325832481,
0.25));
#3957=CARTESIAN_POINT('Ctrl Pts',(0.413702144290653,-0.0598673717098655,
0.25));
#3958=CARTESIAN_POINT('Ctrl Pts',(0.415692599013723,-0.0606390730398272,
0.25));
#3959=CARTESIAN_POINT('Ctrl Pts',(0.41771234802756,-0.0613681484968859,
0.25));
#3960=CARTESIAN_POINT('Ctrl Pts',(0.419761302355101,-0.0620553018453514,
0.25));
#3961=CARTESIAN_POINT('Ctrl Pts',(0.421839400224428,-0.0627011357944101,
0.25));
#3962=CARTESIAN_POINT('Ctrl Pts',(0.423946598511545,-0.0633061590858453,
0.25));
#3963=CARTESIAN_POINT('Ctrl Pts',(0.426082865596829,-0.0638707934357673,
0.25));
#3964=CARTESIAN_POINT('Ctrl Pts',(0.428248175435673,-0.0643953802326423,
0.25));
#3965=CARTESIAN_POINT('Ctrl Pts',(0.430442502664186,-0.0648801869515166,
0.25));
#3966=CARTESIAN_POINT('Ctrl Pts',(0.432665818594072,-0.0653254131644457,
0.25));
#3967=CARTESIAN_POINT('Ctrl Pts',(0.434918087928422,-0.0657311964349499,
0.25));
#3968=CARTESIAN_POINT('Ctrl Pts',(0.437199266209527,-0.0660976169212799,
0.25));
#3969=CARTESIAN_POINT('Ctrl Pts',(0.439509297416426,-0.0664247051105628,
0.25));
#3970=CARTESIAN_POINT('Ctrl Pts',(0.441848113452798,-0.066712435954541,
0.25));
#3971=CARTESIAN_POINT('Ctrl Pts',(0.44421562853413,-0.066960772826667,0.25));
#3972=CARTESIAN_POINT('Ctrl Pts',(0.446611754625807,-0.0671695210582358,
0.25));
#3973=CARTESIAN_POINT('Ctrl Pts',(0.449036338524909,-0.0673389016937617,
0.25));
#3974=CARTESIAN_POINT('Ctrl Pts',(0.451489397194685,-0.0674673933143461,
0.25));
#3975=CARTESIAN_POINT('Ctrl Pts',(0.453970223145645,-0.0675599316478906,
0.25));
#3976=CARTESIAN_POINT('Ctrl Pts',(0.456480775949013,-0.0675968262415267,
0.25));
#3977=CARTESIAN_POINT('Ctrl Pts',(0.461255943451152,-0.0677002662849802,
0.25));
#3978=CARTESIAN_POINT('Ctrl Pts',(0.467449015993674,-0.0663855498540708,
0.25));
#3979=CARTESIAN_POINT('Ctrl Pts',(0.473732103907072,-0.0690068757672095,
0.25));
#3980=CARTESIAN_POINT('Ctrl Pts',(0.47860922898543,-0.0707885586819316,
0.25));
#3981=CARTESIAN_POINT('Ctrl Pts',(0.483221313868377,-0.0728050264056269,
0.25));
#3982=CARTESIAN_POINT('Ctrl Pts',(0.488448854059432,-0.0753067660341863,
0.25));
#3983=CARTESIAN_POINT('Ctrl Pts',(0.494252703204263,-0.0783913571154396,
0.25));
#3984=CARTESIAN_POINT('Ctrl Pts',(0.500595117692664,-0.082094337189713,
0.25));
#3985=CARTESIAN_POINT('Ctrl Pts',(0.507433738944754,-0.0864685253197712,
0.25));
#3986=CARTESIAN_POINT('Ctrl Pts',(0.514723701111181,-0.091558089374438,
0.25));
#3987=CARTESIAN_POINT('Ctrl Pts',(0.522417130334974,-0.09740655727106,0.25));
#3988=CARTESIAN_POINT('Ctrl Pts',(0.530463478941736,-0.104054112501506,
0.25));
#3989=CARTESIAN_POINT('Ctrl Pts',(0.538809610739652,-0.111538228065872,
0.25));
#3990=CARTESIAN_POINT('Ctrl Pts',(0.547399971455034,-0.119893293510255,
0.25));
#3991=CARTESIAN_POINT('Ctrl Pts',(0.55617674742942,-0.129150526011472,0.25));
#3992=CARTESIAN_POINT('Ctrl Pts',(0.566980236347559,-0.141512226625425,
0.25));
#3993=CARTESIAN_POINT('Ctrl Pts',(0.57449031534602,-0.151087359470761,0.25));
#3994=CARTESIAN_POINT('Ctrl Pts',(0.579026663848578,-0.157251780773875,
0.25));
#3995=CARTESIAN_POINT('',(0.579026663845225,-0.157251780772963,0.5));
#3996=CARTESIAN_POINT('Ctrl Pts',(0.579026663848578,-0.157251780773875,
0.5));
#3997=CARTESIAN_POINT('Ctrl Pts',(0.57449031534602,-0.151087359470761,0.5));
#3998=CARTESIAN_POINT('Ctrl Pts',(0.566980236347559,-0.141512226625425,
0.5));
#3999=CARTESIAN_POINT('Ctrl Pts',(0.55617674742942,-0.129150526011472,0.5));
#4000=CARTESIAN_POINT('Ctrl Pts',(0.547399971455034,-0.119893293510255,
0.5));
#4001=CARTESIAN_POINT('Ctrl Pts',(0.538809610739652,-0.111538228065872,
0.5));
#4002=CARTESIAN_POINT('Ctrl Pts',(0.530463478941736,-0.104054112501506,
0.5));
#4003=CARTESIAN_POINT('Ctrl Pts',(0.522417130334974,-0.09740655727106,0.5));
#4004=CARTESIAN_POINT('Ctrl Pts',(0.514723701111181,-0.091558089374438,
0.5));
#4005=CARTESIAN_POINT('Ctrl Pts',(0.507433738944754,-0.0864685253197712,
0.5));
#4006=CARTESIAN_POINT('Ctrl Pts',(0.500595117692664,-0.082094337189713,
0.5));
#4007=CARTESIAN_POINT('Ctrl Pts',(0.494252703204263,-0.0783913571154396,
0.5));
#4008=CARTESIAN_POINT('Ctrl Pts',(0.488448854059432,-0.0753067660341863,
0.5));
#4009=CARTESIAN_POINT('Ctrl Pts',(0.483221313868377,-0.0728050264056269,
0.5));
#4010=CARTESIAN_POINT('Ctrl Pts',(0.47860922898543,-0.0707885586819316,
0.5));
#4011=CARTESIAN_POINT('Ctrl Pts',(0.473732103907072,-0.0690068757672095,
0.5));
#4012=CARTESIAN_POINT('Ctrl Pts',(0.467449015993674,-0.0663855498540708,
0.5));
#4013=CARTESIAN_POINT('Ctrl Pts',(0.461255943451152,-0.0677002662849802,
0.5));
#4014=CARTESIAN_POINT('Ctrl Pts',(0.456480775949013,-0.0675968262415267,
0.5));
#4015=CARTESIAN_POINT('Ctrl Pts',(0.453970223145645,-0.0675599316478906,
0.5));
#4016=CARTESIAN_POINT('Ctrl Pts',(0.451489397194685,-0.0674673933143461,
0.5));
#4017=CARTESIAN_POINT('Ctrl Pts',(0.449036338524909,-0.0673389016937617,
0.5));
#4018=CARTESIAN_POINT('Ctrl Pts',(0.446611754625807,-0.0671695210582358,
0.5));
#4019=CARTESIAN_POINT('Ctrl Pts',(0.44421562853413,-0.066960772826667,0.5));
#4020=CARTESIAN_POINT('Ctrl Pts',(0.441848113452798,-0.066712435954541,
0.5));
#4021=CARTESIAN_POINT('Ctrl Pts',(0.439509297416426,-0.0664247051105628,
0.5));
#4022=CARTESIAN_POINT('Ctrl Pts',(0.437199266209527,-0.0660976169212799,
0.5));
#4023=CARTESIAN_POINT('Ctrl Pts',(0.434918087928422,-0.0657311964349499,
0.5));
#4024=CARTESIAN_POINT('Ctrl Pts',(0.432665818594072,-0.0653254131644457,
0.5));
#4025=CARTESIAN_POINT('Ctrl Pts',(0.430442502664186,-0.0648801869515166,
0.5));
#4026=CARTESIAN_POINT('Ctrl Pts',(0.428248175435673,-0.0643953802326423,
0.5));
#4027=CARTESIAN_POINT('Ctrl Pts',(0.426082865596829,-0.0638707934357673,
0.5));
#4028=CARTESIAN_POINT('Ctrl Pts',(0.423946598511545,-0.0633061590858453,
0.5));
#4029=CARTESIAN_POINT('Ctrl Pts',(0.421839400224428,-0.0627011357944101,
0.5));
#4030=CARTESIAN_POINT('Ctrl Pts',(0.419761302355101,-0.0620553018453514,
0.5));
#4031=CARTESIAN_POINT('Ctrl Pts',(0.41771234802756,-0.0613681484968859,
0.5));
#4032=CARTESIAN_POINT('Ctrl Pts',(0.415692599013723,-0.0606390730398272,
0.5));
#4033=CARTESIAN_POINT('Ctrl Pts',(0.413702144290653,-0.0598673717098655,
0.5));
#4034=CARTESIAN_POINT('Ctrl Pts',(0.411741110235765,-0.0590522325832481,
0.5));
#4035=CARTESIAN_POINT('Ctrl Pts',(0.409809672707619,-0.0581927286365524,
0.5));
#4036=CARTESIAN_POINT('Ctrl Pts',(0.407908071281289,-0.0572878112126056,
0.5));
#4037=CARTESIAN_POINT('Ctrl Pts',(0.406036625923846,-0.0563363042112799,
0.5));
#4038=CARTESIAN_POINT('Ctrl Pts',(0.404195756403718,-0.0553368994171932,
0.5));
#4039=CARTESIAN_POINT('Ctrl Pts',(0.402386004722762,-0.0542881534883694,
0.5));
#4040=CARTESIAN_POINT('Ctrl Pts',(0.400608060835264,-0.053188487261822,
0.5));
#4041=CARTESIAN_POINT('Ctrl Pts',(0.398862791865432,-0.0520361881838096,
0.5));
#4042=CARTESIAN_POINT('Ctrl Pts',(0.397151274943864,-0.0508294168421385,
0.5));
#4043=CARTESIAN_POINT('Ctrl Pts',(0.395474833641345,-0.0495662187601339,
0.5));
#4044=CARTESIAN_POINT('Ctrl Pts',(0.393835077770832,-0.0482445427970478,
0.5));
#4045=CARTESIAN_POINT('Ctrl Pts',(0.392233946040237,-0.0468622676717016,
0.5));
#4046=CARTESIAN_POINT('Ctrl Pts',(0.390673750654799,-0.0454172382609716,
0.5));
#4047=CARTESIAN_POINT('Ctrl Pts',(0.389157222477198,-0.0439073133882763,
0.5));
#4048=CARTESIAN_POINT('Ctrl Pts',(0.387687554751958,-0.0423304267644127,
0.5));
#4049=CARTESIAN_POINT('Ctrl Pts',(0.386268442697963,-0.0406846625177303,
0.5));
#4050=CARTESIAN_POINT('Ctrl Pts',(0.384904115497587,-0.0389683462882074,
0.5));
#4051=CARTESIAN_POINT('Ctrl Pts',(0.383599356426261,-0.0371801520934474,
0.5));
#4052=CARTESIAN_POINT('Ctrl Pts',(0.382359506149408,-0.0353192240469545,
0.5));
#4053=CARTESIAN_POINT('Ctrl Pts',(0.381190443766256,-0.0333853104861474,
0.5));
#4054=CARTESIAN_POINT('Ctrl Pts',(0.380098539922759,-0.0313789061777906,
0.5));
#4055=CARTESIAN_POINT('Ctrl Pts',(0.379090577402792,-0.0293013960656628,
0.5));
#4056=CARTESIAN_POINT('Ctrl Pts',(0.37817363359874,-0.0271551918508647,
0.5));
#4057=CARTESIAN_POINT('Ctrl Pts',(0.377354930066298,-0.024943850284419,
0.5));
#4058=CARTESIAN_POINT('Ctrl Pts',(0.37664162481635,-0.0226721619554584,
0.5));
#4059=CARTESIAN_POINT('Ctrl Pts',(0.37604065069827,-0.0203461938848311,
0.5));
#4060=CARTESIAN_POINT('Ctrl Pts',(0.375558239279634,-0.017973289635691,
0.5));
#4061=CARTESIAN_POINT('Ctrl Pts',(0.375200543274058,-0.0155619606496518,
0.5));
#4062=CARTESIAN_POINT('Ctrl Pts',(0.374970099604307,-0.0131218820587419,
0.5));
#4063=CARTESIAN_POINT('Ctrl Pts',(0.37488834484474,-0.0109392467284519,
0.5));
#4064=CARTESIAN_POINT('Ctrl Pts',(0.374889243864818,-0.0065637224817564,
0.5));
#4065=CARTESIAN_POINT('Ctrl Pts',(0.375093747909365,8.63562329960157E-17,
0.5));
#4066=CARTESIAN_POINT('Ctrl Pts',(0.374889243864819,0.00656372248175628,
0.5));
#4067=CARTESIAN_POINT('Ctrl Pts',(0.37488834484474,0.0109392467284519,0.5));
#4068=CARTESIAN_POINT('Ctrl Pts',(0.374970099604307,0.0131218820587419,
0.5));
#4069=CARTESIAN_POINT('Ctrl Pts',(0.375200543274058,0.0155619606496518,
0.5));
#4070=CARTESIAN_POINT('Ctrl Pts',(0.375558239279634,0.017973289635691,0.5));
#4071=CARTESIAN_POINT('Ctrl Pts',(0.37604065069827,0.020346193884831,0.5));
#4072=CARTESIAN_POINT('Ctrl Pts',(0.376641624816351,0.0226721619554584,
0.5));
#4073=CARTESIAN_POINT('Ctrl Pts',(0.377354930066298,0.024943850284419,0.5));
#4074=CARTESIAN_POINT('Ctrl Pts',(0.37817363359874,0.0271551918508647,0.5));
#4075=CARTESIAN_POINT('Ctrl Pts',(0.379090577402792,0.0293013960656629,
0.5));
#4076=CARTESIAN_POINT('Ctrl Pts',(0.380098539922759,0.0313789061777906,
0.5));
#4077=CARTESIAN_POINT('Ctrl Pts',(0.381190443766256,0.0333853104861474,
0.5));
#4078=CARTESIAN_POINT('Ctrl Pts',(0.382359506149408,0.0353192240469545,
0.5));
#4079=CARTESIAN_POINT('Ctrl Pts',(0.383599356426261,0.0371801520934475,
0.5));
#4080=CARTESIAN_POINT('Ctrl Pts',(0.384904115497587,0.0389683462882074,
0.5));
#4081=CARTESIAN_POINT('Ctrl Pts',(0.386268442697963,0.0406846625177303,
0.5));
#4082=CARTESIAN_POINT('Ctrl Pts',(0.387687554751958,0.0423304267644127,
0.5));
#4083=CARTESIAN_POINT('Ctrl Pts',(0.389157222477198,0.0439073133882763,
0.5));
#4084=CARTESIAN_POINT('Ctrl Pts',(0.390673750654799,0.0454172382609716,
0.5));
#4085=CARTESIAN_POINT('Ctrl Pts',(0.392233946040237,0.0468622676717016,
0.5));
#4086=CARTESIAN_POINT('Ctrl Pts',(0.393835077770832,0.0482445427970478,
0.5));
#4087=CARTESIAN_POINT('Ctrl Pts',(0.395474833641345,0.0495662187601338,
0.5));
#4088=CARTESIAN_POINT('Ctrl Pts',(0.397151274943864,0.0508294168421385,
0.5));
#4089=CARTESIAN_POINT('Ctrl Pts',(0.398862791865432,0.0520361881838096,
0.5));
#4090=CARTESIAN_POINT('Ctrl Pts',(0.400608060835264,0.053188487261822,0.5));
#4091=CARTESIAN_POINT('Ctrl Pts',(0.402386004722762,0.0542881534883694,
0.5));
#4092=CARTESIAN_POINT('Ctrl Pts',(0.404195756403718,0.0553368994171932,
0.5));
#4093=CARTESIAN_POINT('Ctrl Pts',(0.406036625923846,0.0563363042112799,
0.5));
#4094=CARTESIAN_POINT('Ctrl Pts',(0.407908071281289,0.0572878112126056,
0.5));
#4095=CARTESIAN_POINT('Ctrl Pts',(0.409809672707618,0.0581927286365524,
0.5));
#4096=CARTESIAN_POINT('Ctrl Pts',(0.411741110235765,0.0590522325832481,
0.5));
#4097=CARTESIAN_POINT('Ctrl Pts',(0.413702144290653,0.0598673717098655,
0.5));
#4098=CARTESIAN_POINT('Ctrl Pts',(0.415692599013723,0.0606390730398272,
0.5));
#4099=CARTESIAN_POINT('Ctrl Pts',(0.41771234802756,0.0613681484968859,0.5));
#4100=CARTESIAN_POINT('Ctrl Pts',(0.419761302355101,0.0620553018453514,
0.5));
#4101=CARTESIAN_POINT('Ctrl Pts',(0.421839400224428,0.0627011357944101,
0.5));
#4102=CARTESIAN_POINT('Ctrl Pts',(0.423946598511545,0.0633061590858453,
0.5));
#4103=CARTESIAN_POINT('Ctrl Pts',(0.426082865596829,0.0638707934357674,
0.5));
#4104=CARTESIAN_POINT('Ctrl Pts',(0.428248175435673,0.0643953802326422,
0.5));
#4105=CARTESIAN_POINT('Ctrl Pts',(0.430442502664186,0.0648801869515166,
0.5));
#4106=CARTESIAN_POINT('Ctrl Pts',(0.432665818594072,0.0653254131644457,
0.5));
#4107=CARTESIAN_POINT('Ctrl Pts',(0.434918087928422,0.0657311964349499,
0.5));
#4108=CARTESIAN_POINT('Ctrl Pts',(0.437199266209527,0.0660976169212799,
0.5));
#4109=CARTESIAN_POINT('Ctrl Pts',(0.439509297416426,0.0664247051105628,
0.5));
#4110=CARTESIAN_POINT('Ctrl Pts',(0.441848113452798,0.066712435954541,0.5));
#4111=CARTESIAN_POINT('Ctrl Pts',(0.44421562853413,0.066960772826667,0.5));
#4112=CARTESIAN_POINT('Ctrl Pts',(0.446611754625807,0.0671695210582357,
0.5));
#4113=CARTESIAN_POINT('Ctrl Pts',(0.449036338524909,0.0673389016937617,
0.5));
#4114=CARTESIAN_POINT('Ctrl Pts',(0.451489397194684,0.0674673933143461,
0.5));
#4115=CARTESIAN_POINT('Ctrl Pts',(0.453970223145645,0.0675599316478906,
0.5));
#4116=CARTESIAN_POINT('Ctrl Pts',(0.456480775949013,0.0675968262415267,
0.5));
#4117=CARTESIAN_POINT('Ctrl Pts',(0.461255943451152,0.0677002662849803,
0.5));
#4118=CARTESIAN_POINT('Ctrl Pts',(0.467449015993675,0.0663855498540708,
0.5));
#4119=CARTESIAN_POINT('Ctrl Pts',(0.473732103907072,0.0690068757672095,
0.5));
#4120=CARTESIAN_POINT('Ctrl Pts',(0.47860922898543,0.0707885586819315,0.5));
#4121=CARTESIAN_POINT('Ctrl Pts',(0.483221313868377,0.0728050264056269,
0.5));
#4122=CARTESIAN_POINT('Ctrl Pts',(0.488448854059432,0.0753067660341863,
0.5));
#4123=CARTESIAN_POINT('Ctrl Pts',(0.494252703204263,0.0783913571154396,
0.5));
#4124=CARTESIAN_POINT('Ctrl Pts',(0.500595117692664,0.082094337189713,0.5));
#4125=CARTESIAN_POINT('Ctrl Pts',(0.507433738944754,0.0864685253197712,
0.5));
#4126=CARTESIAN_POINT('Ctrl Pts',(0.514723701111181,0.0915580893744381,
0.5));
#4127=CARTESIAN_POINT('Ctrl Pts',(0.522417130334974,0.09740655727106,0.5));
#4128=CARTESIAN_POINT('Ctrl Pts',(0.530463478941736,0.104054112501506,0.5));
#4129=CARTESIAN_POINT('Ctrl Pts',(0.538809610739652,0.111538228065872,0.5));
#4130=CARTESIAN_POINT('Ctrl Pts',(0.547399971455033,0.119893293510255,0.5));
#4131=CARTESIAN_POINT('Ctrl Pts',(0.556176747429419,0.129150526011472,0.5));
#4132=CARTESIAN_POINT('Ctrl Pts',(0.566980236347562,0.141512226625428,0.5));
#4133=CARTESIAN_POINT('Ctrl Pts',(0.574490315346025,0.151087359470767,0.5));
#4134=CARTESIAN_POINT('Ctrl Pts',(0.57902666384858,0.157251780773883,0.5));
#4135=CARTESIAN_POINT('',(0.579026663845225,-0.157251780772963,0.25));
#4136=CARTESIAN_POINT('Origin',(0.,0.,0.25));
#4137=CARTESIAN_POINT('',(0.560872688884502,-0.213123970652781,0.25));
#4138=CARTESIAN_POINT('Origin',(0.,0.,0.25));
#4139=CARTESIAN_POINT('',(0.560872688884502,-0.213123970652781,0.5));
#4140=CARTESIAN_POINT('Origin',(0.,0.,0.5));
#4141=CARTESIAN_POINT('',(0.560872688884502,-0.213123970652781,0.25));
#4142=CARTESIAN_POINT('Ctrl Pts',(0.376012133614117,-0.467562696736094,
0.25));
#4143=CARTESIAN_POINT('Ctrl Pts',(0.376012133614117,-0.467562696736094,
0.5));
#4144=CARTESIAN_POINT('Ctrl Pts',(0.375965506514028,-0.459909176392326,
0.25));
#4145=CARTESIAN_POINT('Ctrl Pts',(0.375965506514028,-0.459909176392326,
0.5));
#4146=CARTESIAN_POINT('Ctrl Pts',(0.375517846850404,-0.447748417518204,
0.25));
#4147=CARTESIAN_POINT('Ctrl Pts',(0.375517846850404,-0.447748417518204,
0.5));
#4148=CARTESIAN_POINT('Ctrl Pts',(0.374043666031224,-0.431397460182753,
0.25));
#4149=CARTESIAN_POINT('Ctrl Pts',(0.374043666031224,-0.431397460182753,
0.5));
#4150=CARTESIAN_POINT('Ctrl Pts',(0.372384369853383,-0.41874934228797,0.25));
#4151=CARTESIAN_POINT('Ctrl Pts',(0.372384369853383,-0.41874934228797,0.5));
#4152=CARTESIAN_POINT('Ctrl Pts',(0.370345606296974,-0.406940665013975,
0.25));
#4153=CARTESIAN_POINT('Ctrl Pts',(0.370345606296974,-0.406940665013975,
0.5));
#4154=CARTESIAN_POINT('Ctrl Pts',(0.367992496590354,-0.395980155150032,
0.25));
#4155=CARTESIAN_POINT('Ctrl Pts',(0.367992496590354,-0.395980155150032,
0.5));
#4156=CARTESIAN_POINT('Ctrl Pts',(0.365390198753075,-0.385872644951697,
0.25));
#4157=CARTESIAN_POINT('Ctrl Pts',(0.365390198753075,-0.385872644951697,
0.5));
#4158=CARTESIAN_POINT('Ctrl Pts',(0.362603726944145,-0.376619050794972,
0.25));
#4159=CARTESIAN_POINT('Ctrl Pts',(0.362603726944145,-0.376619050794972,
0.5));
#4160=CARTESIAN_POINT('Ctrl Pts',(0.359697594355087,-0.36821657472959,0.25));
#4161=CARTESIAN_POINT('Ctrl Pts',(0.359697594355087,-0.36821657472959,0.5));
#4162=CARTESIAN_POINT('Ctrl Pts',(0.356736116817653,-0.360658141477788,
0.25));
#4163=CARTESIAN_POINT('Ctrl Pts',(0.356736116817653,-0.360658141477788,
0.5));
#4164=CARTESIAN_POINT('Ctrl Pts',(0.353781552788358,-0.353934389967661,
0.25));
#4165=CARTESIAN_POINT('Ctrl Pts',(0.353781552788358,-0.353934389967661,
0.5));
#4166=CARTESIAN_POINT('Ctrl Pts',(0.350899217344314,-0.348027486428367,
0.25));
#4167=CARTESIAN_POINT('Ctrl Pts',(0.350899217344314,-0.348027486428367,
0.5));
#4168=CARTESIAN_POINT('Ctrl Pts',(0.348140534149715,-0.342930865523293,
0.25));
#4169=CARTESIAN_POINT('Ctrl Pts',(0.348140534149715,-0.342930865523293,
0.5));
#4170=CARTESIAN_POINT('Ctrl Pts',(0.345594529089624,-0.338588593389698,
0.25));
#4171=CARTESIAN_POINT('Ctrl Pts',(0.345594529089624,-0.338588593389698,
0.5));
#4172=CARTESIAN_POINT('Ctrl Pts',(0.342696098959075,-0.334280479438456,
0.25));
#4173=CARTESIAN_POINT('Ctrl Pts',(0.342696098959075,-0.334280479438456,
0.5));
#4174=CARTESIAN_POINT('Ctrl Pts',(0.33915375077318,-0.328466675812579,0.25));
#4175=CARTESIAN_POINT('Ctrl Pts',(0.33915375077318,-0.328466675812579,0.5));
#4176=CARTESIAN_POINT('Ctrl Pts',(0.333370678909847,-0.325890107041096,
0.25));
#4177=CARTESIAN_POINT('Ctrl Pts',(0.333370678909847,-0.325890107041096,
0.5));
#4178=CARTESIAN_POINT('Ctrl Pts',(0.329568287781668,-0.32299964925306,0.25));
#4179=CARTESIAN_POINT('Ctrl Pts',(0.329568287781668,-0.32299964925306,0.5));
#4180=CARTESIAN_POINT('Ctrl Pts',(0.327558893996496,-0.321494134986887,
0.25));
#4181=CARTESIAN_POINT('Ctrl Pts',(0.327558893996496,-0.321494134986887,
0.5));
#4182=CARTESIAN_POINT('Ctrl Pts',(0.325606256309812,-0.319961076994939,
0.25));
#4183=CARTESIAN_POINT('Ctrl Pts',(0.325606256309812,-0.319961076994939,
0.5));
#4184=CARTESIAN_POINT('Ctrl Pts',(0.323697215637387,-0.318415253381149,
0.25));
#4185=CARTESIAN_POINT('Ctrl Pts',(0.323697215637387,-0.318415253381149,
0.5));
#4186=CARTESIAN_POINT('Ctrl Pts',(0.321835245498313,-0.316853086909653,
0.25));
#4187=CARTESIAN_POINT('Ctrl Pts',(0.321835245498313,-0.316853086909653,
0.5));
#4188=CARTESIAN_POINT('Ctrl Pts',(0.320019437901438,-0.315275798463447,
0.25));
#4189=CARTESIAN_POINT('Ctrl Pts',(0.320019437901438,-0.315275798463447,
0.5));
#4190=CARTESIAN_POINT('Ctrl Pts',(0.318250046717238,-0.31368329926418,0.25));
#4191=CARTESIAN_POINT('Ctrl Pts',(0.318250046717238,-0.31368329926418,0.5));
#4192=CARTESIAN_POINT('Ctrl Pts',(0.316527028743816,-0.312075798547591,
0.25));
#4193=CARTESIAN_POINT('Ctrl Pts',(0.316527028743816,-0.312075798547591,
0.5));
#4194=CARTESIAN_POINT('Ctrl Pts',(0.314850431853758,-0.310453376368051,
0.25));
#4195=CARTESIAN_POINT('Ctrl Pts',(0.314850431853758,-0.310453376368051,
0.5));
#4196=CARTESIAN_POINT('Ctrl Pts',(0.313220296415148,-0.30881609301604,0.25));
#4197=CARTESIAN_POINT('Ctrl Pts',(0.313220296415148,-0.30881609301604,0.5));
#4198=CARTESIAN_POINT('Ctrl Pts',(0.311636685669779,-0.307163956755247,
0.25));
#4199=CARTESIAN_POINT('Ctrl Pts',(0.311636685669779,-0.307163956755247,
0.5));
#4200=CARTESIAN_POINT('Ctrl Pts',(0.31009968270053,-0.305496928867873,0.25));
#4201=CARTESIAN_POINT('Ctrl Pts',(0.31009968270053,-0.305496928867873,0.5));
#4202=CARTESIAN_POINT('Ctrl Pts',(0.30860939692101,-0.303814918809692,0.25));
#4203=CARTESIAN_POINT('Ctrl Pts',(0.30860939692101,-0.303814918809692,0.5));
#4204=CARTESIAN_POINT('Ctrl Pts',(0.307165968846049,-0.30211778198608,0.25));
#4205=CARTESIAN_POINT('Ctrl Pts',(0.307165968846049,-0.30211778198608,0.5));
#4206=CARTESIAN_POINT('Ctrl Pts',(0.305769576213352,-0.300405316913697,
0.25));
#4207=CARTESIAN_POINT('Ctrl Pts',(0.305769576213352,-0.300405316913697,
0.5));
#4208=CARTESIAN_POINT('Ctrl Pts',(0.304420440756556,-0.29867726271211,0.25));
#4209=CARTESIAN_POINT('Ctrl Pts',(0.304420440756556,-0.29867726271211,0.5));
#4210=CARTESIAN_POINT('Ctrl Pts',(0.303118835934982,-0.296933296791366,
0.25));
#4211=CARTESIAN_POINT('Ctrl Pts',(0.303118835934982,-0.296933296791366,
0.5));
#4212=CARTESIAN_POINT('Ctrl Pts',(0.301865095667595,-0.295173032918367,
0.25));
#4213=CARTESIAN_POINT('Ctrl Pts',(0.301865095667595,-0.295173032918367,
0.5));
#4214=CARTESIAN_POINT('Ctrl Pts',(0.300659624192496,-0.293396019799759,
0.25));
#4215=CARTESIAN_POINT('Ctrl Pts',(0.300659624192496,-0.293396019799759,
0.5));
#4216=CARTESIAN_POINT('Ctrl Pts',(0.299502907155925,-0.291601740377662,
0.25));
#4217=CARTESIAN_POINT('Ctrl Pts',(0.299502907155925,-0.291601740377662,
0.5));
#4218=CARTESIAN_POINT('Ctrl Pts',(0.298395524036164,-0.289789612074742,
0.25));
#4219=CARTESIAN_POINT('Ctrl Pts',(0.298395524036164,-0.289789612074742,
0.5));
#4220=CARTESIAN_POINT('Ctrl Pts',(0.297338161996475,-0.287958988280364,
0.25));
#4221=CARTESIAN_POINT('Ctrl Pts',(0.297338161996475,-0.287958988280364,
0.5));
#4222=CARTESIAN_POINT('Ctrl Pts',(0.296331631242385,-0.28610916143175,0.25));
#4223=CARTESIAN_POINT('Ctrl Pts',(0.296331631242385,-0.28610916143175,0.5));
#4224=CARTESIAN_POINT('Ctrl Pts',(0.295376881927002,-0.284239368115835,
0.25));
#4225=CARTESIAN_POINT('Ctrl Pts',(0.295376881927002,-0.284239368115835,
0.5));
#4226=CARTESIAN_POINT('Ctrl Pts',(0.294475022599826,-0.282348796697833,
0.25));
#4227=CARTESIAN_POINT('Ctrl Pts',(0.294475022599826,-0.282348796697833,
0.5));
#4228=CARTESIAN_POINT('Ctrl Pts',(0.293627340124699,-0.280436598070256,
0.25));
#4229=CARTESIAN_POINT('Ctrl Pts',(0.293627340124699,-0.280436598070256,
0.5));
#4230=CARTESIAN_POINT('Ctrl Pts',(0.292835320895076,-0.278501900208363,
0.25));
#4231=CARTESIAN_POINT('Ctrl Pts',(0.292835320895076,-0.278501900208363,
0.5));
#4232=CARTESIAN_POINT('Ctrl Pts',(0.292100673043013,-0.276543827309898,
0.25));
#4233=CARTESIAN_POINT('Ctrl Pts',(0.292100673043013,-0.276543827309898,
0.5));
#4234=CARTESIAN_POINT('Ctrl Pts',(0.291425349164828,-0.274561524380615,
0.25));
#4235=CARTESIAN_POINT('Ctrl Pts',(0.291425349164828,-0.274561524380615,
0.5));
#4236=CARTESIAN_POINT('Ctrl Pts',(0.290811568864344,-0.272554188191056,
0.25));
#4237=CARTESIAN_POINT('Ctrl Pts',(0.290811568864344,-0.272554188191056,
0.5));
#4238=CARTESIAN_POINT('Ctrl Pts',(0.290261840137884,-0.270521105557815,
0.25));
#4239=CARTESIAN_POINT('Ctrl Pts',(0.290261840137884,-0.270521105557815,
0.5));
#4240=CARTESIAN_POINT('Ctrl Pts',(0.289778978290889,-0.268461699872287,
0.25));
#4241=CARTESIAN_POINT('Ctrl Pts',(0.289778978290889,-0.268461699872287,
0.5));
#4242=CARTESIAN_POINT('Ctrl Pts',(0.289366120686281,-0.26637558668338,0.25));
#4243=CARTESIAN_POINT('Ctrl Pts',(0.289366120686281,-0.26637558668338,0.5));
#4244=CARTESIAN_POINT('Ctrl Pts',(0.289026735190393,-0.26426263890366,0.25));
#4245=CARTESIAN_POINT('Ctrl Pts',(0.289026735190393,-0.26426263890366,0.5));
#4246=CARTESIAN_POINT('Ctrl Pts',(0.288764619726633,-0.262123061812085,
0.25));
#4247=CARTESIAN_POINT('Ctrl Pts',(0.288764619726633,-0.262123061812085,
0.5));
#4248=CARTESIAN_POINT('Ctrl Pts',(0.28858388991098,-0.259957477431096,0.25));
#4249=CARTESIAN_POINT('Ctrl Pts',(0.28858388991098,-0.259957477431096,0.5));
#4250=CARTESIAN_POINT('Ctrl Pts',(0.288488951387971,-0.257767017026008,
0.25));
#4251=CARTESIAN_POINT('Ctrl Pts',(0.288488951387971,-0.257767017026008,
0.5));
#4252=CARTESIAN_POINT('Ctrl Pts',(0.288484453301618,-0.255553419393284,
0.25));
#4253=CARTESIAN_POINT('Ctrl Pts',(0.288484453301618,-0.255553419393284,
0.5));
#4254=CARTESIAN_POINT('Ctrl Pts',(0.28857521941847,-0.253319131270578,0.25));
#4255=CARTESIAN_POINT('Ctrl Pts',(0.28857521941847,-0.253319131270578,0.5));
#4256=CARTESIAN_POINT('Ctrl Pts',(0.288766153953266,-0.251067404706406,
0.25));
#4257=CARTESIAN_POINT('Ctrl Pts',(0.288766153953266,-0.251067404706406,
0.5));
#4258=CARTESIAN_POINT('Ctrl Pts',(0.289062120050242,-0.248802384547229,
0.25));
#4259=CARTESIAN_POINT('Ctrl Pts',(0.289062120050242,-0.248802384547229,
0.5));
#4260=CARTESIAN_POINT('Ctrl Pts',(0.289467791047293,-0.246529178056432,
0.25));
#4261=CARTESIAN_POINT('Ctrl Pts',(0.289467791047293,-0.246529178056432,
0.5));
#4262=CARTESIAN_POINT('Ctrl Pts',(0.289987475112794,-0.244253896328058,
0.25));
#4263=CARTESIAN_POINT('Ctrl Pts',(0.289987475112794,-0.244253896328058,
0.5));
#4264=CARTESIAN_POINT('Ctrl Pts',(0.290624924002232,-0.241983661558067,
0.25));
#4265=CARTESIAN_POINT('Ctrl Pts',(0.290624924002232,-0.241983661558067,
0.5));
#4266=CARTESIAN_POINT('Ctrl Pts',(0.291383112830416,-0.239726556787713,
0.25));
#4267=CARTESIAN_POINT('Ctrl Pts',(0.291383112830416,-0.239726556787713,
0.5));
#4268=CARTESIAN_POINT('Ctrl Pts',(0.292264084284927,-0.237491565366584,
0.25));
#4269=CARTESIAN_POINT('Ctrl Pts',(0.292264084284927,-0.237491565366584,
0.5));
#4270=CARTESIAN_POINT('Ctrl Pts',(0.293268563371716,-0.235288291185594,
0.25));
#4271=CARTESIAN_POINT('Ctrl Pts',(0.293268563371716,-0.235288291185594,
0.5));
#4272=CARTESIAN_POINT('Ctrl Pts',(0.294396524840805,-0.233127236619978,
0.25));
#4273=CARTESIAN_POINT('Ctrl Pts',(0.294396524840805,-0.233127236619978,
0.5));
#4274=CARTESIAN_POINT('Ctrl Pts',(0.295644334205901,-0.231017720181757,
0.25));
#4275=CARTESIAN_POINT('Ctrl Pts',(0.295644334205901,-0.231017720181757,
0.5));
#4276=CARTESIAN_POINT('Ctrl Pts',(0.296861114074318,-0.229203876865051,
0.25));
#4277=CARTESIAN_POINT('Ctrl Pts',(0.296861114074318,-0.229203876865051,
0.5));
#4278=CARTESIAN_POINT('Ctrl Pts',(0.299433710020095,-0.225664531820919,
0.25));
#4279=CARTESIAN_POINT('Ctrl Pts',(0.299433710020095,-0.225664531820919,
0.5));
#4280=CARTESIAN_POINT('Ctrl Pts',(0.303457216542469,-0.220474573248235,
0.25));
#4281=CARTESIAN_POINT('Ctrl Pts',(0.303457216542469,-0.220474573248235,
0.5));
#4282=CARTESIAN_POINT('Ctrl Pts',(0.307149828569929,-0.215044205752715,
0.25));
#4283=CARTESIAN_POINT('Ctrl Pts',(0.307149828569929,-0.215044205752715,
0.5));
#4284=CARTESIAN_POINT('Ctrl Pts',(0.309720969870663,-0.211503803847095,
0.25));
#4285=CARTESIAN_POINT('Ctrl Pts',(0.309720969870663,-0.211503803847095,
0.5));
#4286=CARTESIAN_POINT('Ctrl Pts',(0.311070031718801,-0.209786069014345,
0.25));
#4287=CARTESIAN_POINT('Ctrl Pts',(0.311070031718801,-0.209786069014345,
0.5));
#4288=CARTESIAN_POINT('Ctrl Pts',(0.312690706774047,-0.207947455357253,
0.25));
#4289=CARTESIAN_POINT('Ctrl Pts',(0.312690706774047,-0.207947455357253,
0.5));
#4290=CARTESIAN_POINT('Ctrl Pts',(0.314397432537797,-0.206206897665399,
0.25));
#4291=CARTESIAN_POINT('Ctrl Pts',(0.314397432537797,-0.206206897665399,
0.5));
#4292=CARTESIAN_POINT('Ctrl Pts',(0.316182469696501,-0.204570732119233,
0.25));
#4293=CARTESIAN_POINT('Ctrl Pts',(0.316182469696501,-0.204570732119233,
0.5));
#4294=CARTESIAN_POINT('Ctrl Pts',(0.318035837700426,-0.203042228145339,
0.25));
#4295=CARTESIAN_POINT('Ctrl Pts',(0.318035837700426,-0.203042228145339,
0.5));
#4296=CARTESIAN_POINT('Ctrl Pts',(0.319948178667378,-0.201623663987588,
0.25));
#4297=CARTESIAN_POINT('Ctrl Pts',(0.319948178667378,-0.201623663987588,
0.5));
#4298=CARTESIAN_POINT('Ctrl Pts',(0.321910317699016,-0.200315872942335,
0.25));
#4299=CARTESIAN_POINT('Ctrl Pts',(0.321910317699016,-0.200315872942335,
0.5));
#4300=CARTESIAN_POINT('Ctrl Pts',(0.323913648005248,-0.199118523304367,
0.25));
#4301=CARTESIAN_POINT('Ctrl Pts',(0.323913648005248,-0.199118523304367,
0.5));
#4302=CARTESIAN_POINT('Ctrl Pts',(0.325950236618991,-0.19803024782177,0.25));
#4303=CARTESIAN_POINT('Ctrl Pts',(0.325950236618991,-0.19803024782177,0.5));
#4304=CARTESIAN_POINT('Ctrl Pts',(0.328012940247192,-0.197048837614851,
0.25));
#4305=CARTESIAN_POINT('Ctrl Pts',(0.328012940247192,-0.197048837614851,
0.5));
#4306=CARTESIAN_POINT('Ctrl Pts',(0.330095457452897,-0.196171426306333,
0.25));
#4307=CARTESIAN_POINT('Ctrl Pts',(0.330095457452897,-0.196171426306333,
0.5));
#4308=CARTESIAN_POINT('Ctrl Pts',(0.332192343458657,-0.195394669599196,
0.25));
#4309=CARTESIAN_POINT('Ctrl Pts',(0.332192343458657,-0.195394669599196,
0.5));
#4310=CARTESIAN_POINT('Ctrl Pts',(0.33429898989684,-0.194714908246313,0.25));
#4311=CARTESIAN_POINT('Ctrl Pts',(0.33429898989684,-0.194714908246313,0.5));
#4312=CARTESIAN_POINT('Ctrl Pts',(0.336411579155816,-0.19412831065659,0.25));
#4313=CARTESIAN_POINT('Ctrl Pts',(0.336411579155816,-0.19412831065659,0.5));
#4314=CARTESIAN_POINT('Ctrl Pts',(0.33852702087737,-0.193630992548977,0.25));
#4315=CARTESIAN_POINT('Ctrl Pts',(0.33852702087737,-0.193630992548977,0.5));
#4316=CARTESIAN_POINT('Ctrl Pts',(0.340642877745218,-0.193219113486736,
0.25));
#4317=CARTESIAN_POINT('Ctrl Pts',(0.340642877745218,-0.193219113486736,
0.5));
#4318=CARTESIAN_POINT('Ctrl Pts',(0.342757286385586,-0.192888951501976,
0.25));
#4319=CARTESIAN_POINT('Ctrl Pts',(0.342757286385586,-0.192888951501976,
0.5));
#4320=CARTESIAN_POINT('Ctrl Pts',(0.344868877943706,-0.192636957989578,
0.25));
#4321=CARTESIAN_POINT('Ctrl Pts',(0.344868877943706,-0.192636957989578,
0.5));
#4322=CARTESIAN_POINT('Ctrl Pts',(0.34697670165728,-0.192459795540493,0.25));
#4323=CARTESIAN_POINT('Ctrl Pts',(0.34697670165728,-0.192459795540493,0.5));
#4324=CARTESIAN_POINT('Ctrl Pts',(0.349080153662562,-0.192354361543347,
0.25));
#4325=CARTESIAN_POINT('Ctrl Pts',(0.349080153662562,-0.192354361543347,
0.5));
#4326=CARTESIAN_POINT('Ctrl Pts',(0.351178912369699,-0.192317800301698,
0.25));
#4327=CARTESIAN_POINT('Ctrl Pts',(0.351178912369699,-0.192317800301698,
0.5));
#4328=CARTESIAN_POINT('Ctrl Pts',(0.353272881042931,-0.192347506183508,
0.25));
#4329=CARTESIAN_POINT('Ctrl Pts',(0.353272881042931,-0.192347506183508,
0.5));
#4330=CARTESIAN_POINT('Ctrl Pts',(0.355362137703566,-0.192441120008544,
0.25));
#4331=CARTESIAN_POINT('Ctrl Pts',(0.355362137703566,-0.192441120008544,
0.5));
#4332=CARTESIAN_POINT('Ctrl Pts',(0.357446892114006,-0.192596520539603,
0.25));
#4333=CARTESIAN_POINT('Ctrl Pts',(0.357446892114006,-0.192596520539603,
0.5));
#4334=CARTESIAN_POINT('Ctrl Pts',(0.359527449369863,-0.19281181260878,0.25));
#4335=CARTESIAN_POINT('Ctrl Pts',(0.359527449369863,-0.19281181260878,0.5));
#4336=CARTESIAN_POINT('Ctrl Pts',(0.361604179495108,-0.19308531310143,0.25));
#4337=CARTESIAN_POINT('Ctrl Pts',(0.361604179495108,-0.19308531310143,0.5));
#4338=CARTESIAN_POINT('Ctrl Pts',(0.363677492376155,-0.193415535748667,
0.25));
#4339=CARTESIAN_POINT('Ctrl Pts',(0.363677492376155,-0.193415535748667,
0.5));
#4340=CARTESIAN_POINT('Ctrl Pts',(0.365747817362922,-0.193801175448323,
0.25));
#4341=CARTESIAN_POINT('Ctrl Pts',(0.365747817362922,-0.193801175448323,
0.5));
#4342=CARTESIAN_POINT('Ctrl Pts',(0.367815586890921,-0.194241092643483,
0.25));
#4343=CARTESIAN_POINT('Ctrl Pts',(0.367815586890921,-0.194241092643483,
0.5));
#4344=CARTESIAN_POINT('Ctrl Pts',(0.369881223525066,-0.194734298133976,
0.25));
#4345=CARTESIAN_POINT('Ctrl Pts',(0.369881223525066,-0.194734298133976,
0.5));
#4346=CARTESIAN_POINT('Ctrl Pts',(0.371945129883489,-0.195279938575031,
0.25));
#4347=CARTESIAN_POINT('Ctrl Pts',(0.371945129883489,-0.195279938575031,
0.5));
#4348=CARTESIAN_POINT('Ctrl Pts',(0.374007680961523,-0.195877282823755,
0.25));
#4349=CARTESIAN_POINT('Ctrl Pts',(0.374007680961523,-0.195877282823755,
0.5));
#4350=CARTESIAN_POINT('Ctrl Pts',(0.376069218437493,-0.196525709223454,
0.25));
#4351=CARTESIAN_POINT('Ctrl Pts',(0.376069218437493,-0.196525709223454,
0.5));
#4352=CARTESIAN_POINT('Ctrl Pts',(0.378130046600439,-0.197224693863532,
0.25));
#4353=CARTESIAN_POINT('Ctrl Pts',(0.378130046600439,-0.197224693863532,
0.5));
#4354=CARTESIAN_POINT('Ctrl Pts',(0.380190429593234,-0.197973799815592,
0.25));
#4355=CARTESIAN_POINT('Ctrl Pts',(0.380190429593234,-0.197973799815592,
0.5));
#4356=CARTESIAN_POINT('Ctrl Pts',(0.382250589713575,-0.198772667318585,
0.25));
#4357=CARTESIAN_POINT('Ctrl Pts',(0.382250589713575,-0.198772667318585,
0.5));
#4358=CARTESIAN_POINT('Ctrl Pts',(0.384310706554036,-0.199621004874804,
0.25));
#4359=CARTESIAN_POINT('Ctrl Pts',(0.384310706554036,-0.199621004874804,
0.5));
#4360=CARTESIAN_POINT('Ctrl Pts',(0.38637091681269,-0.200518581183872,0.25));
#4361=CARTESIAN_POINT('Ctrl Pts',(0.38637091681269,-0.200518581183872,0.5));
#4362=CARTESIAN_POINT('Ctrl Pts',(0.388431314585726,-0.201465217926045,
0.25));
#4363=CARTESIAN_POINT('Ctrl Pts',(0.388431314585726,-0.201465217926045,
0.5));
#4364=CARTESIAN_POINT('Ctrl Pts',(0.390491952175154,-0.202460783063095,
0.25));
#4365=CARTESIAN_POINT('Ctrl Pts',(0.390491952175154,-0.202460783063095,
0.5));
#4366=CARTESIAN_POINT('Ctrl Pts',(0.392552840729769,-0.20350518561405,0.25));
#4367=CARTESIAN_POINT('Ctrl Pts',(0.392552840729769,-0.20350518561405,0.5));
#4368=CARTESIAN_POINT('Ctrl Pts',(0.394613952847547,-0.204598367986012,
0.25));
#4369=CARTESIAN_POINT('Ctrl Pts',(0.394613952847547,-0.204598367986012,
0.5));
#4370=CARTESIAN_POINT('Ctrl Pts',(0.396675218714408,-0.205740310417432,
0.25));
#4371=CARTESIAN_POINT('Ctrl Pts',(0.396675218714408,-0.205740310417432,
0.5));
#4372=CARTESIAN_POINT('Ctrl Pts',(0.398736547400681,-0.206930992116939,
0.25));
#4373=CARTESIAN_POINT('Ctrl Pts',(0.398736547400681,-0.206930992116939,
0.5));
#4374=CARTESIAN_POINT('Ctrl Pts',(0.400797753261472,-0.208170518829376,
0.25));
#4375=CARTESIAN_POINT('Ctrl Pts',(0.400797753261472,-0.208170518829376,
0.5));
#4376=CARTESIAN_POINT('Ctrl Pts',(0.402858842279719,-0.209458621675555,
0.25));
#4377=CARTESIAN_POINT('Ctrl Pts',(0.402858842279719,-0.209458621675555,
0.5));
#4378=CARTESIAN_POINT('Ctrl Pts',(0.404918933911389,-0.21079654147997,0.25));
#4379=CARTESIAN_POINT('Ctrl Pts',(0.404918933911389,-0.21079654147997,0.5));
#4380=CARTESIAN_POINT('Ctrl Pts',(0.406980356933532,-0.21217986930298,0.25));
#4381=CARTESIAN_POINT('Ctrl Pts',(0.406980356933532,-0.21217986930298,0.5));
#4382=CARTESIAN_POINT('Ctrl Pts',(0.409033122914761,-0.213625686862649,
0.25));
#4383=CARTESIAN_POINT('Ctrl Pts',(0.409033122914761,-0.213625686862649,
0.5));
#4384=CARTESIAN_POINT('Ctrl Pts',(0.412957115107016,-0.21634877514458,0.25));
#4385=CARTESIAN_POINT('Ctrl Pts',(0.412957115107016,-0.21634877514458,0.5));
#4386=CARTESIAN_POINT('Ctrl Pts',(0.417194645112279,-0.221052599786842,
0.25));
#4387=CARTESIAN_POINT('Ctrl Pts',(0.417194645112279,-0.221052599786842,
0.5));
#4388=CARTESIAN_POINT('Ctrl Pts',(0.423818546724564,-0.222625008989669,
0.25));
#4389=CARTESIAN_POINT('Ctrl Pts',(0.423818546724564,-0.222625008989669,
0.5));
#4390=CARTESIAN_POINT('Ctrl Pts',(0.428811470738184,-0.224050299427716,
0.25));
#4391=CARTESIAN_POINT('Ctrl Pts',(0.428811470738184,-0.224050299427716,
0.5));
#4392=CARTESIAN_POINT('Ctrl Pts',(0.433727975777699,-0.225129858247155,
0.25));
#4393=CARTESIAN_POINT('Ctrl Pts',(0.433727975777699,-0.225129858247155,
0.5));
#4394=CARTESIAN_POINT('Ctrl Pts',(0.439427630289783,-0.226178579402218,
0.25));
#4395=CARTESIAN_POINT('Ctrl Pts',(0.439427630289783,-0.226178579402218,
0.5));
#4396=CARTESIAN_POINT('Ctrl Pts',(0.445936120027654,-0.227094509730648,
0.25));
#4397=CARTESIAN_POINT('Ctrl Pts',(0.445936120027654,-0.227094509730648,
0.5));
#4398=CARTESIAN_POINT('Ctrl Pts',(0.453243798211331,-0.227826713620937,
0.25));
#4399=CARTESIAN_POINT('Ctrl Pts',(0.453243798211331,-0.227826713620937,
0.5));
#4400=CARTESIAN_POINT('Ctrl Pts',(0.461347442295966,-0.22830756180512,0.25));
#4401=CARTESIAN_POINT('Ctrl Pts',(0.461347442295966,-0.22830756180512,0.5));
#4402=CARTESIAN_POINT('Ctrl Pts',(0.470236716268887,-0.22847495024213,0.25));
#4403=CARTESIAN_POINT('Ctrl Pts',(0.470236716268887,-0.22847495024213,0.5));
#4404=CARTESIAN_POINT('Ctrl Pts',(0.479898474434097,-0.228265524560008,
0.25));
#4405=CARTESIAN_POINT('Ctrl Pts',(0.479898474434097,-0.228265524560008,
0.5));
#4406=CARTESIAN_POINT('Ctrl Pts',(0.490315442127888,-0.22761706445339,0.25));
#4407=CARTESIAN_POINT('Ctrl Pts',(0.490315442127888,-0.22761706445339,0.5));
#4408=CARTESIAN_POINT('Ctrl Pts',(0.501466657344882,-0.226468020958456,
0.25));
#4409=CARTESIAN_POINT('Ctrl Pts',(0.501466657344882,-0.226468020958456,
0.5));
#4410=CARTESIAN_POINT('Ctrl Pts',(0.513327389401584,-0.22475791836521,0.25));
#4411=CARTESIAN_POINT('Ctrl Pts',(0.513327389401584,-0.22475791836521,0.5));
#4412=CARTESIAN_POINT('Ctrl Pts',(0.525869215061942,-0.222427519431264,
0.25));
#4413=CARTESIAN_POINT('Ctrl Pts',(0.525869215061942,-0.222427519431264,
0.5));
#4414=CARTESIAN_POINT('Ctrl Pts',(0.541875446509398,-0.218776825014587,
0.25));
#4415=CARTESIAN_POINT('Ctrl Pts',(0.541875446509398,-0.218776825014587,
0.5));
#4416=CARTESIAN_POINT('Ctrl Pts',(0.553579349923486,-0.215444693498158,
0.25));
#4417=CARTESIAN_POINT('Ctrl Pts',(0.553579349923486,-0.215444693498158,
0.5));
#4418=CARTESIAN_POINT('Ctrl Pts',(0.560872688884502,-0.213123970652781,
0.25));
#4419=CARTESIAN_POINT('Ctrl Pts',(0.560872688884502,-0.213123970652781,
0.5));
#4420=CARTESIAN_POINT('',(0.376012133613684,-0.467562696735555,0.25));
#4421=CARTESIAN_POINT('Ctrl Pts',(0.560872688884502,-0.213123970652781,
0.25));
#4422=CARTESIAN_POINT('Ctrl Pts',(0.553579349923486,-0.215444693498158,
0.25));
#4423=CARTESIAN_POINT('Ctrl Pts',(0.541875446509398,-0.218776825014587,
0.25));
#4424=CARTESIAN_POINT('Ctrl Pts',(0.525869215061942,-0.222427519431264,
0.25));
#4425=CARTESIAN_POINT('Ctrl Pts',(0.513327389401584,-0.22475791836521,0.25));
#4426=CARTESIAN_POINT('Ctrl Pts',(0.501466657344882,-0.226468020958456,
0.25));
#4427=CARTESIAN_POINT('Ctrl Pts',(0.490315442127888,-0.22761706445339,0.25));
#4428=CARTESIAN_POINT('Ctrl Pts',(0.479898474434097,-0.228265524560008,
0.25));
#4429=CARTESIAN_POINT('Ctrl Pts',(0.470236716268887,-0.22847495024213,0.25));
#4430=CARTESIAN_POINT('Ctrl Pts',(0.461347442295966,-0.22830756180512,0.25));
#4431=CARTESIAN_POINT('Ctrl Pts',(0.453243798211331,-0.227826713620937,
0.25));
#4432=CARTESIAN_POINT('Ctrl Pts',(0.445936120027654,-0.227094509730648,
0.25));
#4433=CARTESIAN_POINT('Ctrl Pts',(0.439427630289783,-0.226178579402218,
0.25));
#4434=CARTESIAN_POINT('Ctrl Pts',(0.433727975777699,-0.225129858247155,
0.25));
#4435=CARTESIAN_POINT('Ctrl Pts',(0.428811470738184,-0.224050299427716,
0.25));
#4436=CARTESIAN_POINT('Ctrl Pts',(0.423818546724564,-0.222625008989669,
0.25));
#4437=CARTESIAN_POINT('Ctrl Pts',(0.417194645112279,-0.221052599786842,
0.25));
#4438=CARTESIAN_POINT('Ctrl Pts',(0.412957115107016,-0.21634877514458,0.25));
#4439=CARTESIAN_POINT('Ctrl Pts',(0.409033122914761,-0.213625686862649,
0.25));
#4440=CARTESIAN_POINT('Ctrl Pts',(0.406980356933532,-0.21217986930298,0.25));
#4441=CARTESIAN_POINT('Ctrl Pts',(0.404918933911389,-0.21079654147997,0.25));
#4442=CARTESIAN_POINT('Ctrl Pts',(0.402858842279719,-0.209458621675555,
0.25));
#4443=CARTESIAN_POINT('Ctrl Pts',(0.400797753261472,-0.208170518829376,
0.25));
#4444=CARTESIAN_POINT('Ctrl Pts',(0.398736547400681,-0.206930992116939,
0.25));
#4445=CARTESIAN_POINT('Ctrl Pts',(0.396675218714408,-0.205740310417432,
0.25));
#4446=CARTESIAN_POINT('Ctrl Pts',(0.394613952847547,-0.204598367986012,
0.25));
#4447=CARTESIAN_POINT('Ctrl Pts',(0.392552840729769,-0.20350518561405,0.25));
#4448=CARTESIAN_POINT('Ctrl Pts',(0.390491952175154,-0.202460783063095,
0.25));
#4449=CARTESIAN_POINT('Ctrl Pts',(0.388431314585726,-0.201465217926045,
0.25));
#4450=CARTESIAN_POINT('Ctrl Pts',(0.38637091681269,-0.200518581183872,0.25));
#4451=CARTESIAN_POINT('Ctrl Pts',(0.384310706554036,-0.199621004874804,
0.25));
#4452=CARTESIAN_POINT('Ctrl Pts',(0.382250589713575,-0.198772667318585,
0.25));
#4453=CARTESIAN_POINT('Ctrl Pts',(0.380190429593234,-0.197973799815592,
0.25));
#4454=CARTESIAN_POINT('Ctrl Pts',(0.378130046600439,-0.197224693863532,
0.25));
#4455=CARTESIAN_POINT('Ctrl Pts',(0.376069218437493,-0.196525709223454,
0.25));
#4456=CARTESIAN_POINT('Ctrl Pts',(0.374007680961523,-0.195877282823755,
0.25));
#4457=CARTESIAN_POINT('Ctrl Pts',(0.371945129883489,-0.195279938575031,
0.25));
#4458=CARTESIAN_POINT('Ctrl Pts',(0.369881223525066,-0.194734298133976,
0.25));
#4459=CARTESIAN_POINT('Ctrl Pts',(0.367815586890921,-0.194241092643483,
0.25));
#4460=CARTESIAN_POINT('Ctrl Pts',(0.365747817362922,-0.193801175448323,
0.25));
#4461=CARTESIAN_POINT('Ctrl Pts',(0.363677492376155,-0.193415535748667,
0.25));
#4462=CARTESIAN_POINT('Ctrl Pts',(0.361604179495108,-0.19308531310143,0.25));
#4463=CARTESIAN_POINT('Ctrl Pts',(0.359527449369863,-0.19281181260878,0.25));
#4464=CARTESIAN_POINT('Ctrl Pts',(0.357446892114006,-0.192596520539603,
0.25));
#4465=CARTESIAN_POINT('Ctrl Pts',(0.355362137703566,-0.192441120008544,
0.25));
#4466=CARTESIAN_POINT('Ctrl Pts',(0.353272881042931,-0.192347506183508,
0.25));
#4467=CARTESIAN_POINT('Ctrl Pts',(0.351178912369699,-0.192317800301698,
0.25));
#4468=CARTESIAN_POINT('Ctrl Pts',(0.349080153662562,-0.192354361543347,
0.25));
#4469=CARTESIAN_POINT('Ctrl Pts',(0.34697670165728,-0.192459795540493,0.25));
#4470=CARTESIAN_POINT('Ctrl Pts',(0.344868877943706,-0.192636957989578,
0.25));
#4471=CARTESIAN_POINT('Ctrl Pts',(0.342757286385586,-0.192888951501976,
0.25));
#4472=CARTESIAN_POINT('Ctrl Pts',(0.340642877745218,-0.193219113486736,
0.25));
#4473=CARTESIAN_POINT('Ctrl Pts',(0.33852702087737,-0.193630992548977,0.25));
#4474=CARTESIAN_POINT('Ctrl Pts',(0.336411579155816,-0.19412831065659,0.25));
#4475=CARTESIAN_POINT('Ctrl Pts',(0.33429898989684,-0.194714908246313,0.25));
#4476=CARTESIAN_POINT('Ctrl Pts',(0.332192343458657,-0.195394669599196,
0.25));
#4477=CARTESIAN_POINT('Ctrl Pts',(0.330095457452897,-0.196171426306333,
0.25));
#4478=CARTESIAN_POINT('Ctrl Pts',(0.328012940247192,-0.197048837614851,
0.25));
#4479=CARTESIAN_POINT('Ctrl Pts',(0.325950236618991,-0.19803024782177,0.25));
#4480=CARTESIAN_POINT('Ctrl Pts',(0.323913648005248,-0.199118523304367,
0.25));
#4481=CARTESIAN_POINT('Ctrl Pts',(0.321910317699016,-0.200315872942335,
0.25));
#4482=CARTESIAN_POINT('Ctrl Pts',(0.319948178667378,-0.201623663987588,
0.25));
#4483=CARTESIAN_POINT('Ctrl Pts',(0.318035837700426,-0.203042228145339,
0.25));
#4484=CARTESIAN_POINT('Ctrl Pts',(0.316182469696501,-0.204570732119233,
0.25));
#4485=CARTESIAN_POINT('Ctrl Pts',(0.314397432537797,-0.206206897665399,
0.25));
#4486=CARTESIAN_POINT('Ctrl Pts',(0.312690706774047,-0.207947455357253,
0.25));
#4487=CARTESIAN_POINT('Ctrl Pts',(0.311070031718801,-0.209786069014345,
0.25));
#4488=CARTESIAN_POINT('Ctrl Pts',(0.309720969870663,-0.211503803847095,
0.25));
#4489=CARTESIAN_POINT('Ctrl Pts',(0.307149828569929,-0.215044205752715,
0.25));
#4490=CARTESIAN_POINT('Ctrl Pts',(0.303457216542469,-0.220474573248235,
0.25));
#4491=CARTESIAN_POINT('Ctrl Pts',(0.299433710020095,-0.225664531820919,
0.25));
#4492=CARTESIAN_POINT('Ctrl Pts',(0.296861114074318,-0.229203876865051,
0.25));
#4493=CARTESIAN_POINT('Ctrl Pts',(0.295644334205901,-0.231017720181757,
0.25));
#4494=CARTESIAN_POINT('Ctrl Pts',(0.294396524840805,-0.233127236619978,
0.25));
#4495=CARTESIAN_POINT('Ctrl Pts',(0.293268563371716,-0.235288291185594,
0.25));
#4496=CARTESIAN_POINT('Ctrl Pts',(0.292264084284927,-0.237491565366584,
0.25));
#4497=CARTESIAN_POINT('Ctrl Pts',(0.291383112830416,-0.239726556787713,
0.25));
#4498=CARTESIAN_POINT('Ctrl Pts',(0.290624924002232,-0.241983661558067,
0.25));
#4499=CARTESIAN_POINT('Ctrl Pts',(0.289987475112794,-0.244253896328058,
0.25));
#4500=CARTESIAN_POINT('Ctrl Pts',(0.289467791047293,-0.246529178056432,
0.25));
#4501=CARTESIAN_POINT('Ctrl Pts',(0.289062120050242,-0.248802384547229,
0.25));
#4502=CARTESIAN_POINT('Ctrl Pts',(0.288766153953266,-0.251067404706406,
0.25));
#4503=CARTESIAN_POINT('Ctrl Pts',(0.28857521941847,-0.253319131270578,0.25));
#4504=CARTESIAN_POINT('Ctrl Pts',(0.288484453301618,-0.255553419393284,
0.25));
#4505=CARTESIAN_POINT('Ctrl Pts',(0.288488951387971,-0.257767017026008,
0.25));
#4506=CARTESIAN_POINT('Ctrl Pts',(0.28858388991098,-0.259957477431096,0.25));
#4507=CARTESIAN_POINT('Ctrl Pts',(0.288764619726633,-0.262123061812085,
0.25));
#4508=CARTESIAN_POINT('Ctrl Pts',(0.289026735190393,-0.26426263890366,0.25));
#4509=CARTESIAN_POINT('Ctrl Pts',(0.289366120686281,-0.26637558668338,0.25));
#4510=CARTESIAN_POINT('Ctrl Pts',(0.289778978290889,-0.268461699872287,
0.25));
#4511=CARTESIAN_POINT('Ctrl Pts',(0.290261840137884,-0.270521105557815,
0.25));
#4512=CARTESIAN_POINT('Ctrl Pts',(0.290811568864344,-0.272554188191056,
0.25));
#4513=CARTESIAN_POINT('Ctrl Pts',(0.291425349164828,-0.274561524380615,
0.25));
#4514=CARTESIAN_POINT('Ctrl Pts',(0.292100673043013,-0.276543827309898,
0.25));
#4515=CARTESIAN_POINT('Ctrl Pts',(0.292835320895076,-0.278501900208363,
0.25));
#4516=CARTESIAN_POINT('Ctrl Pts',(0.293627340124699,-0.280436598070256,
0.25));
#4517=CARTESIAN_POINT('Ctrl Pts',(0.294475022599826,-0.282348796697833,
0.25));
#4518=CARTESIAN_POINT('Ctrl Pts',(0.295376881927002,-0.284239368115835,
0.25));
#4519=CARTESIAN_POINT('Ctrl Pts',(0.296331631242385,-0.28610916143175,0.25));
#4520=CARTESIAN_POINT('Ctrl Pts',(0.297338161996475,-0.287958988280364,
0.25));
#4521=CARTESIAN_POINT('Ctrl Pts',(0.298395524036164,-0.289789612074742,
0.25));
#4522=CARTESIAN_POINT('Ctrl Pts',(0.299502907155925,-0.291601740377662,
0.25));
#4523=CARTESIAN_POINT('Ctrl Pts',(0.300659624192496,-0.293396019799759,
0.25));
#4524=CARTESIAN_POINT('Ctrl Pts',(0.301865095667595,-0.295173032918367,
0.25));
#4525=CARTESIAN_POINT('Ctrl Pts',(0.303118835934982,-0.296933296791366,
0.25));
#4526=CARTESIAN_POINT('Ctrl Pts',(0.304420440756556,-0.29867726271211,0.25));
#4527=CARTESIAN_POINT('Ctrl Pts',(0.305769576213352,-0.300405316913697,
0.25));
#4528=CARTESIAN_POINT('Ctrl Pts',(0.307165968846049,-0.30211778198608,0.25));
#4529=CARTESIAN_POINT('Ctrl Pts',(0.30860939692101,-0.303814918809692,0.25));
#4530=CARTESIAN_POINT('Ctrl Pts',(0.31009968270053,-0.305496928867873,0.25));
#4531=CARTESIAN_POINT('Ctrl Pts',(0.311636685669779,-0.307163956755247,
0.25));
#4532=CARTESIAN_POINT('Ctrl Pts',(0.313220296415148,-0.30881609301604,0.25));
#4533=CARTESIAN_POINT('Ctrl Pts',(0.314850431853758,-0.310453376368051,
0.25));
#4534=CARTESIAN_POINT('Ctrl Pts',(0.316527028743816,-0.312075798547591,
0.25));
#4535=CARTESIAN_POINT('Ctrl Pts',(0.318250046717238,-0.31368329926418,0.25));
#4536=CARTESIAN_POINT('Ctrl Pts',(0.320019437901438,-0.315275798463447,
0.25));
#4537=CARTESIAN_POINT('Ctrl Pts',(0.321835245498313,-0.316853086909653,
0.25));
#4538=CARTESIAN_POINT('Ctrl Pts',(0.323697215637387,-0.318415253381149,
0.25));
#4539=CARTESIAN_POINT('Ctrl Pts',(0.325606256309812,-0.319961076994939,
0.25));
#4540=CARTESIAN_POINT('Ctrl Pts',(0.327558893996496,-0.321494134986887,
0.25));
#4541=CARTESIAN_POINT('Ctrl Pts',(0.329568287781668,-0.32299964925306,0.25));
#4542=CARTESIAN_POINT('Ctrl Pts',(0.333370678909847,-0.325890107041096,
0.25));
#4543=CARTESIAN_POINT('Ctrl Pts',(0.33915375077318,-0.328466675812579,0.25));
#4544=CARTESIAN_POINT('Ctrl Pts',(0.342696098959075,-0.334280479438456,
0.25));
#4545=CARTESIAN_POINT('Ctrl Pts',(0.345594529089624,-0.338588593389698,
0.25));
#4546=CARTESIAN_POINT('Ctrl Pts',(0.348140534149715,-0.342930865523293,
0.25));
#4547=CARTESIAN_POINT('Ctrl Pts',(0.350899217344314,-0.348027486428367,
0.25));
#4548=CARTESIAN_POINT('Ctrl Pts',(0.353781552788358,-0.353934389967661,
0.25));
#4549=CARTESIAN_POINT('Ctrl Pts',(0.356736116817653,-0.360658141477788,
0.25));
#4550=CARTESIAN_POINT('Ctrl Pts',(0.359697594355087,-0.36821657472959,0.25));
#4551=CARTESIAN_POINT('Ctrl Pts',(0.362603726944145,-0.376619050794972,
0.25));
#4552=CARTESIAN_POINT('Ctrl Pts',(0.365390198753075,-0.385872644951697,
0.25));
#4553=CARTESIAN_POINT('Ctrl Pts',(0.367992496590354,-0.395980155150032,
0.25));
#4554=CARTESIAN_POINT('Ctrl Pts',(0.370345606296974,-0.406940665013975,
0.25));
#4555=CARTESIAN_POINT('Ctrl Pts',(0.372384369853383,-0.41874934228797,0.25));
#4556=CARTESIAN_POINT('Ctrl Pts',(0.374043666031224,-0.431397460182753,
0.25));
#4557=CARTESIAN_POINT('Ctrl Pts',(0.375517846850404,-0.447748417518204,
0.25));
#4558=CARTESIAN_POINT('Ctrl Pts',(0.375965506514028,-0.459909176392326,
0.25));
#4559=CARTESIAN_POINT('Ctrl Pts',(0.376012133614117,-0.467562696736094,
0.25));
#4560=CARTESIAN_POINT('',(0.376012133613683,-0.467562696735555,0.5));
#4561=CARTESIAN_POINT('Ctrl Pts',(0.376012133614117,-0.467562696736094,
0.5));
#4562=CARTESIAN_POINT('Ctrl Pts',(0.375965506514028,-0.459909176392326,
0.5));
#4563=CARTESIAN_POINT('Ctrl Pts',(0.375517846850404,-0.447748417518204,
0.5));
#4564=CARTESIAN_POINT('Ctrl Pts',(0.374043666031224,-0.431397460182753,
0.5));
#4565=CARTESIAN_POINT('Ctrl Pts',(0.372384369853383,-0.41874934228797,0.5));
#4566=CARTESIAN_POINT('Ctrl Pts',(0.370345606296974,-0.406940665013975,
0.5));
#4567=CARTESIAN_POINT('Ctrl Pts',(0.367992496590354,-0.395980155150032,
0.5));
#4568=CARTESIAN_POINT('Ctrl Pts',(0.365390198753075,-0.385872644951697,
0.5));
#4569=CARTESIAN_POINT('Ctrl Pts',(0.362603726944145,-0.376619050794972,
0.5));
#4570=CARTESIAN_POINT('Ctrl Pts',(0.359697594355087,-0.36821657472959,0.5));
#4571=CARTESIAN_POINT('Ctrl Pts',(0.356736116817653,-0.360658141477788,
0.5));
#4572=CARTESIAN_POINT('Ctrl Pts',(0.353781552788358,-0.353934389967661,
0.5));
#4573=CARTESIAN_POINT('Ctrl Pts',(0.350899217344314,-0.348027486428367,
0.5));
#4574=CARTESIAN_POINT('Ctrl Pts',(0.348140534149715,-0.342930865523293,
0.5));
#4575=CARTESIAN_POINT('Ctrl Pts',(0.345594529089624,-0.338588593389698,
0.5));
#4576=CARTESIAN_POINT('Ctrl Pts',(0.342696098959075,-0.334280479438456,
0.5));
#4577=CARTESIAN_POINT('Ctrl Pts',(0.33915375077318,-0.328466675812579,0.5));
#4578=CARTESIAN_POINT('Ctrl Pts',(0.333370678909847,-0.325890107041096,
0.5));
#4579=CARTESIAN_POINT('Ctrl Pts',(0.329568287781668,-0.32299964925306,0.5));
#4580=CARTESIAN_POINT('Ctrl Pts',(0.327558893996496,-0.321494134986887,
0.5));
#4581=CARTESIAN_POINT('Ctrl Pts',(0.325606256309812,-0.319961076994939,
0.5));
#4582=CARTESIAN_POINT('Ctrl Pts',(0.323697215637387,-0.318415253381149,
0.5));
#4583=CARTESIAN_POINT('Ctrl Pts',(0.321835245498313,-0.316853086909653,
0.5));
#4584=CARTESIAN_POINT('Ctrl Pts',(0.320019437901438,-0.315275798463447,
0.5));
#4585=CARTESIAN_POINT('Ctrl Pts',(0.318250046717238,-0.31368329926418,0.5));
#4586=CARTESIAN_POINT('Ctrl Pts',(0.316527028743816,-0.312075798547591,
0.5));
#4587=CARTESIAN_POINT('Ctrl Pts',(0.314850431853758,-0.310453376368051,
0.5));
#4588=CARTESIAN_POINT('Ctrl Pts',(0.313220296415148,-0.30881609301604,0.5));
#4589=CARTESIAN_POINT('Ctrl Pts',(0.311636685669779,-0.307163956755247,
0.5));
#4590=CARTESIAN_POINT('Ctrl Pts',(0.31009968270053,-0.305496928867873,0.5));
#4591=CARTESIAN_POINT('Ctrl Pts',(0.30860939692101,-0.303814918809692,0.5));
#4592=CARTESIAN_POINT('Ctrl Pts',(0.307165968846049,-0.30211778198608,0.5));
#4593=CARTESIAN_POINT('Ctrl Pts',(0.305769576213352,-0.300405316913697,
0.5));
#4594=CARTESIAN_POINT('Ctrl Pts',(0.304420440756556,-0.29867726271211,0.5));
#4595=CARTESIAN_POINT('Ctrl Pts',(0.303118835934982,-0.296933296791366,
0.5));
#4596=CARTESIAN_POINT('Ctrl Pts',(0.301865095667595,-0.295173032918367,
0.5));
#4597=CARTESIAN_POINT('Ctrl Pts',(0.300659624192496,-0.293396019799759,
0.5));
#4598=CARTESIAN_POINT('Ctrl Pts',(0.299502907155925,-0.291601740377662,
0.5));
#4599=CARTESIAN_POINT('Ctrl Pts',(0.298395524036164,-0.289789612074742,
0.5));
#4600=CARTESIAN_POINT('Ctrl Pts',(0.297338161996475,-0.287958988280364,
0.5));
#4601=CARTESIAN_POINT('Ctrl Pts',(0.296331631242385,-0.28610916143175,0.5));
#4602=CARTESIAN_POINT('Ctrl Pts',(0.295376881927002,-0.284239368115835,
0.5));
#4603=CARTESIAN_POINT('Ctrl Pts',(0.294475022599826,-0.282348796697833,
0.5));
#4604=CARTESIAN_POINT('Ctrl Pts',(0.293627340124699,-0.280436598070256,
0.5));
#4605=CARTESIAN_POINT('Ctrl Pts',(0.292835320895076,-0.278501900208363,
0.5));
#4606=CARTESIAN_POINT('Ctrl Pts',(0.292100673043013,-0.276543827309898,
0.5));
#4607=CARTESIAN_POINT('Ctrl Pts',(0.291425349164828,-0.274561524380615,
0.5));
#4608=CARTESIAN_POINT('Ctrl Pts',(0.290811568864344,-0.272554188191056,
0.5));
#4609=CARTESIAN_POINT('Ctrl Pts',(0.290261840137884,-0.270521105557815,
0.5));
#4610=CARTESIAN_POINT('Ctrl Pts',(0.289778978290889,-0.268461699872287,
0.5));
#4611=CARTESIAN_POINT('Ctrl Pts',(0.289366120686281,-0.26637558668338,0.5));
#4612=CARTESIAN_POINT('Ctrl Pts',(0.289026735190393,-0.26426263890366,0.5));
#4613=CARTESIAN_POINT('Ctrl Pts',(0.288764619726633,-0.262123061812085,
0.5));
#4614=CARTESIAN_POINT('Ctrl Pts',(0.28858388991098,-0.259957477431096,0.5));
#4615=CARTESIAN_POINT('Ctrl Pts',(0.288488951387971,-0.257767017026008,
0.5));
#4616=CARTESIAN_POINT('Ctrl Pts',(0.288484453301618,-0.255553419393284,
0.5));
#4617=CARTESIAN_POINT('Ctrl Pts',(0.28857521941847,-0.253319131270578,0.5));
#4618=CARTESIAN_POINT('Ctrl Pts',(0.288766153953266,-0.251067404706406,
0.5));
#4619=CARTESIAN_POINT('Ctrl Pts',(0.289062120050242,-0.248802384547229,
0.5));
#4620=CARTESIAN_POINT('Ctrl Pts',(0.289467791047293,-0.246529178056432,
0.5));
#4621=CARTESIAN_POINT('Ctrl Pts',(0.289987475112794,-0.244253896328058,
0.5));
#4622=CARTESIAN_POINT('Ctrl Pts',(0.290624924002232,-0.241983661558067,
0.5));
#4623=CARTESIAN_POINT('Ctrl Pts',(0.291383112830416,-0.239726556787713,
0.5));
#4624=CARTESIAN_POINT('Ctrl Pts',(0.292264084284927,-0.237491565366584,
0.5));
#4625=CARTESIAN_POINT('Ctrl Pts',(0.293268563371716,-0.235288291185594,
0.5));
#4626=CARTESIAN_POINT('Ctrl Pts',(0.294396524840805,-0.233127236619978,
0.5));
#4627=CARTESIAN_POINT('Ctrl Pts',(0.295644334205901,-0.231017720181757,
0.5));
#4628=CARTESIAN_POINT('Ctrl Pts',(0.296861114074318,-0.229203876865051,
0.5));
#4629=CARTESIAN_POINT('Ctrl Pts',(0.299433710020095,-0.225664531820919,
0.5));
#4630=CARTESIAN_POINT('Ctrl Pts',(0.303457216542469,-0.220474573248235,
0.5));
#4631=CARTESIAN_POINT('Ctrl Pts',(0.307149828569929,-0.215044205752715,
0.5));
#4632=CARTESIAN_POINT('Ctrl Pts',(0.309720969870663,-0.211503803847095,
0.5));
#4633=CARTESIAN_POINT('Ctrl Pts',(0.311070031718801,-0.209786069014345,
0.5));
#4634=CARTESIAN_POINT('Ctrl Pts',(0.312690706774047,-0.207947455357253,
0.5));
#4635=CARTESIAN_POINT('Ctrl Pts',(0.314397432537797,-0.206206897665399,
0.5));
#4636=CARTESIAN_POINT('Ctrl Pts',(0.316182469696501,-0.204570732119233,
0.5));
#4637=CARTESIAN_POINT('Ctrl Pts',(0.318035837700426,-0.203042228145339,
0.5));
#4638=CARTESIAN_POINT('Ctrl Pts',(0.319948178667378,-0.201623663987588,
0.5));
#4639=CARTESIAN_POINT('Ctrl Pts',(0.321910317699016,-0.200315872942335,
0.5));
#4640=CARTESIAN_POINT('Ctrl Pts',(0.323913648005248,-0.199118523304367,
0.5));
#4641=CARTESIAN_POINT('Ctrl Pts',(0.325950236618991,-0.19803024782177,0.5));
#4642=CARTESIAN_POINT('Ctrl Pts',(0.328012940247192,-0.197048837614851,
0.5));
#4643=CARTESIAN_POINT('Ctrl Pts',(0.330095457452897,-0.196171426306333,
0.5));
#4644=CARTESIAN_POINT('Ctrl Pts',(0.332192343458657,-0.195394669599196,
0.5));
#4645=CARTESIAN_POINT('Ctrl Pts',(0.33429898989684,-0.194714908246313,0.5));
#4646=CARTESIAN_POINT('Ctrl Pts',(0.336411579155816,-0.19412831065659,0.5));
#4647=CARTESIAN_POINT('Ctrl Pts',(0.33852702087737,-0.193630992548977,0.5));
#4648=CARTESIAN_POINT('Ctrl Pts',(0.340642877745218,-0.193219113486736,
0.5));
#4649=CARTESIAN_POINT('Ctrl Pts',(0.342757286385586,-0.192888951501976,
0.5));
#4650=CARTESIAN_POINT('Ctrl Pts',(0.344868877943706,-0.192636957989578,
0.5));
#4651=CARTESIAN_POINT('Ctrl Pts',(0.34697670165728,-0.192459795540493,0.5));
#4652=CARTESIAN_POINT('Ctrl Pts',(0.349080153662562,-0.192354361543347,
0.5));
#4653=CARTESIAN_POINT('Ctrl Pts',(0.351178912369699,-0.192317800301698,
0.5));
#4654=CARTESIAN_POINT('Ctrl Pts',(0.353272881042931,-0.192347506183508,
0.5));
#4655=CARTESIAN_POINT('Ctrl Pts',(0.355362137703566,-0.192441120008544,
0.5));
#4656=CARTESIAN_POINT('Ctrl Pts',(0.357446892114006,-0.192596520539603,
0.5));
#4657=CARTESIAN_POINT('Ctrl Pts',(0.359527449369863,-0.19281181260878,0.5));
#4658=CARTESIAN_POINT('Ctrl Pts',(0.361604179495108,-0.19308531310143,0.5));
#4659=CARTESIAN_POINT('Ctrl Pts',(0.363677492376155,-0.193415535748667,
0.5));
#4660=CARTESIAN_POINT('Ctrl Pts',(0.365747817362922,-0.193801175448323,
0.5));
#4661=CARTESIAN_POINT('Ctrl Pts',(0.367815586890921,-0.194241092643483,
0.5));
#4662=CARTESIAN_POINT('Ctrl Pts',(0.369881223525066,-0.194734298133976,
0.5));
#4663=CARTESIAN_POINT('Ctrl Pts',(0.371945129883489,-0.195279938575031,
0.5));
#4664=CARTESIAN_POINT('Ctrl Pts',(0.374007680961523,-0.195877282823755,
0.5));
#4665=CARTESIAN_POINT('Ctrl Pts',(0.376069218437493,-0.196525709223454,
0.5));
#4666=CARTESIAN_POINT('Ctrl Pts',(0.378130046600439,-0.197224693863532,
0.5));
#4667=CARTESIAN_POINT('Ctrl Pts',(0.380190429593234,-0.197973799815592,
0.5));
#4668=CARTESIAN_POINT('Ctrl Pts',(0.382250589713575,-0.198772667318585,
0.5));
#4669=CARTESIAN_POINT('Ctrl Pts',(0.384310706554036,-0.199621004874804,
0.5));
#4670=CARTESIAN_POINT('Ctrl Pts',(0.38637091681269,-0.200518581183872,0.5));
#4671=CARTESIAN_POINT('Ctrl Pts',(0.388431314585726,-0.201465217926045,
0.5));
#4672=CARTESIAN_POINT('Ctrl Pts',(0.390491952175154,-0.202460783063095,
0.5));
#4673=CARTESIAN_POINT('Ctrl Pts',(0.392552840729769,-0.20350518561405,0.5));
#4674=CARTESIAN_POINT('Ctrl Pts',(0.394613952847547,-0.204598367986012,
0.5));
#4675=CARTESIAN_POINT('Ctrl Pts',(0.396675218714408,-0.205740310417432,
0.5));
#4676=CARTESIAN_POINT('Ctrl Pts',(0.398736547400681,-0.206930992116939,
0.5));
#4677=CARTESIAN_POINT('Ctrl Pts',(0.400797753261472,-0.208170518829376,
0.5));
#4678=CARTESIAN_POINT('Ctrl Pts',(0.402858842279719,-0.209458621675555,
0.5));
#4679=CARTESIAN_POINT('Ctrl Pts',(0.404918933911389,-0.21079654147997,0.5));
#4680=CARTESIAN_POINT('Ctrl Pts',(0.406980356933532,-0.21217986930298,0.5));
#4681=CARTESIAN_POINT('Ctrl Pts',(0.409033122914761,-0.213625686862649,
0.5));
#4682=CARTESIAN_POINT('Ctrl Pts',(0.412957115107016,-0.21634877514458,0.5));
#4683=CARTESIAN_POINT('Ctrl Pts',(0.417194645112279,-0.221052599786842,
0.5));
#4684=CARTESIAN_POINT('Ctrl Pts',(0.423818546724564,-0.222625008989669,
0.5));
#4685=CARTESIAN_POINT('Ctrl Pts',(0.428811470738184,-0.224050299427716,
0.5));
#4686=CARTESIAN_POINT('Ctrl Pts',(0.433727975777699,-0.225129858247155,
0.5));
#4687=CARTESIAN_POINT('Ctrl Pts',(0.439427630289783,-0.226178579402218,
0.5));
#4688=CARTESIAN_POINT('Ctrl Pts',(0.445936120027654,-0.227094509730648,
0.5));
#4689=CARTESIAN_POINT('Ctrl Pts',(0.453243798211331,-0.227826713620937,
0.5));
#4690=CARTESIAN_POINT('Ctrl Pts',(0.461347442295966,-0.22830756180512,0.5));
#4691=CARTESIAN_POINT('Ctrl Pts',(0.470236716268887,-0.22847495024213,0.5));
#4692=CARTESIAN_POINT('Ctrl Pts',(0.479898474434097,-0.228265524560008,
0.5));
#4693=CARTESIAN_POINT('Ctrl Pts',(0.490315442127888,-0.22761706445339,0.5));
#4694=CARTESIAN_POINT('Ctrl Pts',(0.501466657344882,-0.226468020958456,
0.5));
#4695=CARTESIAN_POINT('Ctrl Pts',(0.513327389401584,-0.22475791836521,0.5));
#4696=CARTESIAN_POINT('Ctrl Pts',(0.525869215061942,-0.222427519431264,
0.5));
#4697=CARTESIAN_POINT('Ctrl Pts',(0.541875446509398,-0.218776825014587,
0.5));
#4698=CARTESIAN_POINT('Ctrl Pts',(0.553579349923486,-0.215444693498158,
0.5));
#4699=CARTESIAN_POINT('Ctrl Pts',(0.560872688884502,-0.213123970652781,
0.5));
#4700=CARTESIAN_POINT('',(0.376012133613684,-0.467562696735555,0.25));
#4701=CARTESIAN_POINT('Origin',(0.,0.,0.25));
#4702=CARTESIAN_POINT('',(0.328484410128617,-0.502093609106703,0.25));
#4703=CARTESIAN_POINT('Origin',(0.,0.,0.25));
#4704=CARTESIAN_POINT('',(0.328484410128616,-0.502093609106703,0.5));
#4705=CARTESIAN_POINT('Origin',(0.,0.,0.5));
#4706=CARTESIAN_POINT('',(0.328484410128617,-0.502093609106703,0.25));
#4707=CARTESIAN_POINT('Ctrl Pts',(0.0293737485214298,-0.599280554416684,
0.25));
#4708=CARTESIAN_POINT('Ctrl Pts',(0.0293737485214298,-0.599280554416684,
0.5));
#4709=CARTESIAN_POINT('Ctrl Pts',(0.0338346527912471,-0.593061319669992,
0.249999999999998));
#4710=CARTESIAN_POINT('Ctrl Pts',(0.0338346527912471,-0.593061319669992,
0.499999999999998));
#4711=CARTESIAN_POINT('Ctrl Pts',(0.0406204032385727,-0.582959931328008,
0.249999999999998));
#4712=CARTESIAN_POINT('Ctrl Pts',(0.0406204032385727,-0.582959931328008,
0.499999999999998));
#4713=CARTESIAN_POINT('Ctrl Pts',(0.0490386174857162,-0.568865227224602,
0.249999999999998));
#4714=CARTESIAN_POINT('Ctrl Pts',(0.0490386174857162,-0.568865227224602,
0.499999999999998));
#4715=CARTESIAN_POINT('Ctrl Pts',(0.055130595846951,-0.557657375078343,
0.249999999999998));
#4716=CARTESIAN_POINT('Ctrl Pts',(0.055130595846951,-0.557657375078343,
0.499999999999998));
#4717=CARTESIAN_POINT('Ctrl Pts',(0.06042216783304,-0.546905599331224,0.249999999999998));
#4718=CARTESIAN_POINT('Ctrl Pts',(0.06042216783304,-0.546905599331224,0.499999999999998));
#4719=CARTESIAN_POINT('Ctrl Pts',(0.064960888146387,-0.536655237401703,
0.249999999999998));
#4720=CARTESIAN_POINT('Ctrl Pts',(0.064960888146387,-0.536655237401703,
0.499999999999998));
#4721=CARTESIAN_POINT('Ctrl Pts',(0.0687966304035802,-0.526948497589606,
0.249999999999998));
#4722=CARTESIAN_POINT('Ctrl Pts',(0.0687966304035802,-0.526948497589606,
0.499999999999998));
#4723=CARTESIAN_POINT('Ctrl Pts',(0.0719814535318325,-0.517824335622549,
0.249999999999998));
#4724=CARTESIAN_POINT('Ctrl Pts',(0.0719814535318325,-0.517824335622549,
0.499999999999998));
#4725=CARTESIAN_POINT('Ctrl Pts',(0.0745691943933487,-0.509318407813772,
0.249999999999998));
#4726=CARTESIAN_POINT('Ctrl Pts',(0.0745691943933487,-0.509318407813772,
0.499999999999998));
#4727=CARTESIAN_POINT('Ctrl Pts',(0.0766160443329519,-0.501462794040716,
0.249999999999998));
#4728=CARTESIAN_POINT('Ctrl Pts',(0.0766160443329519,-0.501462794040716,
0.499999999999998));
#4729=CARTESIAN_POINT('Ctrl Pts',(0.0781778738000151,-0.494286515639696,
0.249999999999998));
#4730=CARTESIAN_POINT('Ctrl Pts',(0.0781778738000151,-0.494286515639696,
0.499999999999998));
#4731=CARTESIAN_POINT('Ctrl Pts',(0.0793180062294056,-0.487813536026105,
0.249999999999998));
#4732=CARTESIAN_POINT('Ctrl Pts',(0.0793180062294056,-0.487813536026105,
0.499999999999998));
#4733=CARTESIAN_POINT('Ctrl Pts',(0.0800819032474067,-0.482068769802481,
0.249999999999998));
#4734=CARTESIAN_POINT('Ctrl Pts',(0.0800819032474067,-0.482068769802481,
0.499999999999998));
#4735=CARTESIAN_POINT('Ctrl Pts',(0.0805744654075958,-0.477059293625618,
0.249999999999998));
#4736=CARTESIAN_POINT('Ctrl Pts',(0.0805744654075958,-0.477059293625618,
0.499999999999998));
#4737=CARTESIAN_POINT('Ctrl Pts',(0.080761832020709,-0.471870301739822,
0.249999999999998));
#4738=CARTESIAN_POINT('Ctrl Pts',(0.080761832020709,-0.471870301739822,
0.499999999999998));
#4739=CARTESIAN_POINT('Ctrl Pts',(0.0813132801693413,-0.465084695782375,
0.249999999999998));
#4740=CARTESIAN_POINT('Ctrl Pts',(0.0813132801693413,-0.465084695782375,
0.499999999999998));
#4741=CARTESIAN_POINT('Ctrl Pts',(0.0781491458776081,-0.459601003504855,
0.249999999999998));
#4742=CARTESIAN_POINT('Ctrl Pts',(0.0781491458776081,-0.459601003504855,
0.499999999999998));
#4743=CARTESIAN_POINT('Ctrl Pts',(0.0767719152958327,-0.455027584604219,
0.249999999999998));
#4744=CARTESIAN_POINT('Ctrl Pts',(0.0767719152958327,-0.455027584604219,
0.499999999999998));
#4745=CARTESIAN_POINT('Ctrl Pts',(0.0760312006580099,-0.452628505944639,
0.249999999999998));
#4746=CARTESIAN_POINT('Ctrl Pts',(0.0760312006580099,-0.452628505944639,
0.499999999999998));
#4747=CARTESIAN_POINT('Ctrl Pts',(0.0753525924642013,-0.450240504340487,
0.249999999999998));
#4748=CARTESIAN_POINT('Ctrl Pts',(0.0753525924642013,-0.450240504340487,
0.499999999999998));
#4749=CARTESIAN_POINT('Ctrl Pts',(0.0747167584400879,-0.447867800813347,
0.249999999999998));
#4750=CARTESIAN_POINT('Ctrl Pts',(0.0747167584400879,-0.447867800813347,
0.499999999999998));
#4751=CARTESIAN_POINT('Ctrl Pts',(0.0741286113681289,-0.445509543001907,
0.249999999999998));
#4752=CARTESIAN_POINT('Ctrl Pts',(0.0741286113681289,-0.445509543001907,
0.499999999999998));
#4753=CARTESIAN_POINT('Ctrl Pts',(0.0735866990510337,-0.443166184917452,
0.249999999999998));
#4754=CARTESIAN_POINT('Ctrl Pts',(0.0735866990510337,-0.443166184917452,
0.499999999999998));
#4755=CARTESIAN_POINT('Ctrl Pts',(0.0730912790569351,-0.440837803958107,
0.249999999999998));
#4756=CARTESIAN_POINT('Ctrl Pts',(0.0730912790569351,-0.440837803958107,
0.499999999999998));
#4757=CARTESIAN_POINT('Ctrl Pts',(0.072642193449084,-0.438524544005705,
0.249999999999998));
#4758=CARTESIAN_POINT('Ctrl Pts',(0.072642193449084,-0.438524544005705,
0.499999999999998));
#4759=CARTESIAN_POINT('Ctrl Pts',(0.0722394339024364,-0.436226497964391,
0.249999999999998));
#4760=CARTESIAN_POINT('Ctrl Pts',(0.0722394339024364,-0.436226497964391,
0.499999999999998));
#4761=CARTESIAN_POINT('Ctrl Pts',(0.0718829976376041,-0.433943738337952,
0.249999999999998));
#4762=CARTESIAN_POINT('Ctrl Pts',(0.0718829976376041,-0.433943738337952,
0.499999999999998));
#4763=CARTESIAN_POINT('Ctrl Pts',(0.0715729309609971,-0.431676308984448,
0.249999999999998));
#4764=CARTESIAN_POINT('Ctrl Pts',(0.0715729309609971,-0.431676308984448,
0.499999999999998));
#4765=CARTESIAN_POINT('Ctrl Pts',(0.0713093238458295,-0.429424227415411,
0.249999999999998));
#4766=CARTESIAN_POINT('Ctrl Pts',(0.0713093238458295,-0.429424227415411,
0.499999999999998));
#4767=CARTESIAN_POINT('Ctrl Pts',(0.0710923180301282,-0.42718748469073,
0.249999999999998));
#4768=CARTESIAN_POINT('Ctrl Pts',(0.0710923180301282,-0.42718748469073,
0.499999999999998));
#4769=CARTESIAN_POINT('Ctrl Pts',(0.0709221121833686,-0.424966046423441,
0.249999999999998));
#4770=CARTESIAN_POINT('Ctrl Pts',(0.0709221121833686,-0.424966046423441,
0.499999999999998));
#4771=CARTESIAN_POINT('Ctrl Pts',(0.0707989685273095,-0.422759854081701,
0.249999999999998));
#4772=CARTESIAN_POINT('Ctrl Pts',(0.0707989685273095,-0.422759854081701,
0.499999999999998));
#4773=CARTESIAN_POINT('Ctrl Pts',(0.0707232197899024,-0.420568826940566,
0.249999999999998));
#4774=CARTESIAN_POINT('Ctrl Pts',(0.0707232197899024,-0.420568826940566,
0.499999999999998));
#4775=CARTESIAN_POINT('Ctrl Pts',(0.0706952768180028,-0.41839286475464,
0.249999999999998));
#4776=CARTESIAN_POINT('Ctrl Pts',(0.0706952768180028,-0.41839286475464,
0.499999999999998));
#4777=CARTESIAN_POINT('Ctrl Pts',(0.0707156367798468,-0.416231851327424,
0.249999999999998));
#4778=CARTESIAN_POINT('Ctrl Pts',(0.0707156367798468,-0.416231851327424,
0.499999999999998));
#4779=CARTESIAN_POINT('Ctrl Pts',(0.0707848919745055,-0.41408565916012,
0.249999999999998));
#4780=CARTESIAN_POINT('Ctrl Pts',(0.0707848919745055,-0.41408565916012,
0.499999999999998));
#4781=CARTESIAN_POINT('Ctrl Pts',(0.0709037392170369,-0.411954155399814,
0.249999999999998));
#4782=CARTESIAN_POINT('Ctrl Pts',(0.0709037392170369,-0.411954155399814,
0.499999999999998));
#4783=CARTESIAN_POINT('Ctrl Pts',(0.071072989745585,-0.409837209340331,
0.249999999999998));
#4784=CARTESIAN_POINT('Ctrl Pts',(0.071072989745585,-0.409837209340331,
0.499999999999998));
#4785=CARTESIAN_POINT('Ctrl Pts',(0.0712935795551005,-0.407734701767109,
0.249999999999998));
#4786=CARTESIAN_POINT('Ctrl Pts',(0.0712935795551005,-0.407734701767109,
0.499999999999998));
#4787=CARTESIAN_POINT('Ctrl Pts',(0.0715665800105906,-0.405646536476697,
0.249999999999998));
#4788=CARTESIAN_POINT('Ctrl Pts',(0.0715665800105906,-0.405646536476697,
0.499999999999998));
#4789=CARTESIAN_POINT('Ctrl Pts',(0.0718932085250081,-0.403572654340934,
0.249999999999998));
#4790=CARTESIAN_POINT('Ctrl Pts',(0.0718932085250081,-0.403572654340934,
0.499999999999998));
#4791=CARTESIAN_POINT('Ctrl Pts',(0.0722748390006944,-0.401513050322535,
0.249999999999998));
#4792=CARTESIAN_POINT('Ctrl Pts',(0.0722748390006944,-0.401513050322535,
0.499999999999998));
#4793=CARTESIAN_POINT('Ctrl Pts',(0.0727130116252262,-0.399467793878697,
0.249999999999998));
#4794=CARTESIAN_POINT('Ctrl Pts',(0.0727130116252262,-0.399467793878697,
0.499999999999998));
#4795=CARTESIAN_POINT('Ctrl Pts',(0.0732094414794516,-0.397437053206741,
0.249999999999998));
#4796=CARTESIAN_POINT('Ctrl Pts',(0.0732094414794516,-0.397437053206741,
0.499999999999998));
#4797=CARTESIAN_POINT('Ctrl Pts',(0.073766025254883,-0.395421123782587,
0.249999999999998));
#4798=CARTESIAN_POINT('Ctrl Pts',(0.073766025254883,-0.395421123782587,
0.499999999999998));
#4799=CARTESIAN_POINT('Ctrl Pts',(0.0743848451881328,-0.393420461608679,
0.249999999999998));
#4800=CARTESIAN_POINT('Ctrl Pts',(0.0743848451881328,-0.393420461608679,
0.499999999999998));
#4801=CARTESIAN_POINT('Ctrl Pts',(0.0750681691028442,-0.39143572150913,
0.249999999999998));
#4802=CARTESIAN_POINT('Ctrl Pts',(0.0750681691028442,-0.39143572150913,
0.499999999999998));
#4803=CARTESIAN_POINT('Ctrl Pts',(0.0758184452093534,-0.389467800669695,
0.249999999999998));
#4804=CARTESIAN_POINT('Ctrl Pts',(0.0758184452093534,-0.389467800669695,
0.499999999999998));
#4805=CARTESIAN_POINT('Ctrl Pts',(0.0766382900596397,-0.387517887399232,
0.249999999999998));
#4806=CARTESIAN_POINT('Ctrl Pts',(0.0766382900596397,-0.387517887399232,
0.499999999999998));
#4807=CARTESIAN_POINT('Ctrl Pts',(0.0775304678083071,-0.385587514765931,
0.249999999999998));
#4808=CARTESIAN_POINT('Ctrl Pts',(0.0775304678083071,-0.385587514765931,
0.499999999999998));
#4809=CARTESIAN_POINT('Ctrl Pts',(0.0784978587182729,-0.383678618314586,
0.249999999999998));
#4810=CARTESIAN_POINT('Ctrl Pts',(0.0784978587182729,-0.383678618314586,
0.499999999999998));
#4811=CARTESIAN_POINT('Ctrl Pts',(0.0795434147141734,-0.381793596482731,
0.249999999999998));
#4812=CARTESIAN_POINT('Ctrl Pts',(0.0795434147141734,-0.381793596482731,
0.499999999999998));
#4813=CARTESIAN_POINT('Ctrl Pts',(0.0806700997836596,-0.379935371595467,
0.249999999999998));
#4814=CARTESIAN_POINT('Ctrl Pts',(0.0806700997836596,-0.379935371595467,
0.499999999999998));
#4815=CARTESIAN_POINT('Ctrl Pts',(0.0818808132269662,-0.378107448438546,
0.249999999999998));
#4816=CARTESIAN_POINT('Ctrl Pts',(0.0818808132269662,-0.378107448438546,
0.499999999999998));
#4817=CARTESIAN_POINT('Ctrl Pts',(0.0831782942416892,-0.376313966426143,
0.249999999999998));
#4818=CARTESIAN_POINT('Ctrl Pts',(0.0831782942416892,-0.376313966426143,
0.499999999999998));
#4819=CARTESIAN_POINT('Ctrl Pts',(0.0845650071806348,-0.374559740349437,
0.249999999999998));
#4820=CARTESIAN_POINT('Ctrl Pts',(0.0845650071806348,-0.374559740349437,
0.499999999999998));
#4821=CARTESIAN_POINT('Ctrl Pts',(0.0860430081307135,-0.372850283796043,
0.249999999999998));
#4822=CARTESIAN_POINT('Ctrl Pts',(0.0860430081307135,-0.372850283796043,
0.499999999999998));
#4823=CARTESIAN_POINT('Ctrl Pts',(0.087613795178635,-0.371191808501648,
0.249999999999998));
#4824=CARTESIAN_POINT('Ctrl Pts',(0.087613795178635,-0.371191808501648,
0.499999999999998));
#4825=CARTESIAN_POINT('Ctrl Pts',(0.0892781471600805,-0.369591193248219,
0.249999999999998));
#4826=CARTESIAN_POINT('Ctrl Pts',(0.0892781471600805,-0.369591193248219,
0.499999999999998));
#4827=CARTESIAN_POINT('Ctrl Pts',(0.0910359574455253,-0.368055914292527,
0.249999999999998));
#4828=CARTESIAN_POINT('Ctrl Pts',(0.0910359574455253,-0.368055914292527,
0.499999999999998));
#4829=CARTESIAN_POINT('Ctrl Pts',(0.0928860749471685,-0.366593938838684,
0.249999999999998));
#4830=CARTESIAN_POINT('Ctrl Pts',(0.0928860749471685,-0.366593938838684,
0.499999999999998));
#4831=CARTESIAN_POINT('Ctrl Pts',(0.0948261554910075,-0.365213554933042,
0.249999999999998));
#4832=CARTESIAN_POINT('Ctrl Pts',(0.0948261554910075,-0.365213554933042,
0.499999999999998));
#4833=CARTESIAN_POINT('Ctrl Pts',(0.0968525713656058,-0.36392323091972,
0.249999999999998));
#4834=CARTESIAN_POINT('Ctrl Pts',(0.0968525713656058,-0.36392323091972,
0.499999999999998));
#4835=CARTESIAN_POINT('Ctrl Pts',(0.0989602640876557,-0.362731162657482,
0.249999999999998));
#4836=CARTESIAN_POINT('Ctrl Pts',(0.0989602640876557,-0.362731162657482,
0.499999999999998));
#4837=CARTESIAN_POINT('Ctrl Pts',(0.101143040088217,-0.361645831904812,
0.249999999999998));
#4838=CARTESIAN_POINT('Ctrl Pts',(0.101143040088217,-0.361645831904812,
0.499999999999998));
#4839=CARTESIAN_POINT('Ctrl Pts',(0.103392481722175,-0.360672641198854,
0.249999999999998));
#4840=CARTESIAN_POINT('Ctrl Pts',(0.103392481722175,-0.360672641198854,
0.499999999999998));
#4841=CARTESIAN_POINT('Ctrl Pts',(0.105443027665666,-0.359920416392447,
0.249999999999998));
#4842=CARTESIAN_POINT('Ctrl Pts',(0.105443027665666,-0.359920416392447,
0.499999999999998));
#4843=CARTESIAN_POINT('Ctrl Pts',(0.109604676325176,-0.358569160059822,
0.249999999999998));
#4844=CARTESIAN_POINT('Ctrl Pts',(0.109604676325176,-0.358569160059822,
0.499999999999998));
#4845=CARTESIAN_POINT('Ctrl Pts',(0.115910342587786,-0.356735353170773,
0.249999999999998));
#4846=CARTESIAN_POINT('Ctrl Pts',(0.115910342587786,-0.356735353170773,
0.499999999999998));
#4847=CARTESIAN_POINT('Ctrl Pts',(0.12208961840003,-0.354512556473375,0.249999999999998));
#4848=CARTESIAN_POINT('Ctrl Pts',(0.12208961840003,-0.354512556473375,0.499999999999998));
#4849=CARTESIAN_POINT('Ctrl Pts',(0.126250711434575,-0.353159590102943,
0.249999999999998));
#4850=CARTESIAN_POINT('Ctrl Pts',(0.126250711434575,-0.353159590102943,
0.499999999999998));
#4851=CARTESIAN_POINT('Ctrl Pts',(0.128351784598221,-0.352562872090184,
0.249999999999998));
#4852=CARTESIAN_POINT('Ctrl Pts',(0.128351784598221,-0.352562872090184,
0.499999999999998));
#4853=CARTESIAN_POINT('Ctrl Pts',(0.130743648252577,-0.352028011291738,
0.249999999999998));
#4854=CARTESIAN_POINT('Ctrl Pts',(0.130743648252577,-0.352028011291738,
0.499999999999998));
#4855=CARTESIAN_POINT('Ctrl Pts',(0.133147492542224,-0.351623058772979,
0.249999999999998));
#4856=CARTESIAN_POINT('Ctrl Pts',(0.133147492542224,-0.351623058772979,
0.499999999999998));
#4857=CARTESIAN_POINT('Ctrl Pts',(0.135553331917552,-0.351348591557199,
0.249999999999998));
#4858=CARTESIAN_POINT('Ctrl Pts',(0.135553331917552,-0.351348591557199,
0.499999999999998));
#4859=CARTESIAN_POINT('Ctrl Pts',(0.137951170223483,-0.351201388246127,
0.249999999999998));
#4860=CARTESIAN_POINT('Ctrl Pts',(0.137951170223483,-0.351201388246127,
0.499999999999998));
#4861=CARTESIAN_POINT('Ctrl Pts',(0.140332097656143,-0.351177791552625,
0.249999999999998));
#4862=CARTESIAN_POINT('Ctrl Pts',(0.140332097656143,-0.351177791552625,
0.499999999999998));
#4863=CARTESIAN_POINT('Ctrl Pts',(0.142688201767545,-0.351273082757668,
0.249999999999998));
#4864=CARTESIAN_POINT('Ctrl Pts',(0.142688201767545,-0.351273082757668,
0.499999999999998));
#4865=CARTESIAN_POINT('Ctrl Pts',(0.145012714489668,-0.351481934561817,
0.249999999999998));
#4866=CARTESIAN_POINT('Ctrl Pts',(0.145012714489668,-0.351481934561817,
0.499999999999998));
#4867=CARTESIAN_POINT('Ctrl Pts',(0.147300021567839,-0.351798577953979,
0.249999999999998));
#4868=CARTESIAN_POINT('Ctrl Pts',(0.147300021567839,-0.351798577953979,
0.499999999999998));
#4869=CARTESIAN_POINT('Ctrl Pts',(0.149545642303488,-0.352217027190636,
0.249999999999998));
#4870=CARTESIAN_POINT('Ctrl Pts',(0.149545642303488,-0.352217027190636,
0.499999999999998));
#4871=CARTESIAN_POINT('Ctrl Pts',(0.151746163541324,-0.352731259432146,
0.249999999999998));
#4872=CARTESIAN_POINT('Ctrl Pts',(0.151746163541324,-0.352731259432146,
0.499999999999998));
#4873=CARTESIAN_POINT('Ctrl Pts',(0.153899146092325,-0.353335368725502,
0.249999999999998));
#4874=CARTESIAN_POINT('Ctrl Pts',(0.153899146092325,-0.353335368725502,
0.499999999999998));
#4875=CARTESIAN_POINT('Ctrl Pts',(0.156003012560258,-0.354023685947058,
0.249999999999998));
#4876=CARTESIAN_POINT('Ctrl Pts',(0.156003012560258,-0.354023685947058,
0.499999999999998));
#4877=CARTESIAN_POINT('Ctrl Pts',(0.158056926585173,-0.354790867338691,
0.249999999999998));
#4878=CARTESIAN_POINT('Ctrl Pts',(0.158056926585173,-0.354790867338691,
0.499999999999998));
#4879=CARTESIAN_POINT('Ctrl Pts',(0.160060671137872,-0.355631953984036,
0.249999999999998));
#4880=CARTESIAN_POINT('Ctrl Pts',(0.160060671137872,-0.355631953984036,
0.499999999999998));
#4881=CARTESIAN_POINT('Ctrl Pts',(0.16201453174014,-0.356542406285938,0.249999999999998));
#4882=CARTESIAN_POINT('Ctrl Pts',(0.16201453174014,-0.356542406285938,0.499999999999998));
#4883=CARTESIAN_POINT('Ctrl Pts',(0.16391918860876,-0.357518117845499,0.249999999999998));
#4884=CARTESIAN_POINT('Ctrl Pts',(0.16391918860876,-0.357518117845499,0.499999999999998));
#4885=CARTESIAN_POINT('Ctrl Pts',(0.165775620134719,-0.358555413188225,
0.249999999999998));
#4886=CARTESIAN_POINT('Ctrl Pts',(0.165775620134719,-0.358555413188225,
0.499999999999998));
#4887=CARTESIAN_POINT('Ctrl Pts',(0.167585018814979,-0.359651033449421,
0.249999999999998));
#4888=CARTESIAN_POINT('Ctrl Pts',(0.167585018814979,-0.359651033449421,
0.499999999999998));
#4889=CARTESIAN_POINT('Ctrl Pts',(0.169348719782717,-0.360802113621555,
0.249999999999998));
#4890=CARTESIAN_POINT('Ctrl Pts',(0.169348719782717,-0.360802113621555,
0.499999999999998));
#4891=CARTESIAN_POINT('Ctrl Pts',(0.17106814140253,-0.362006154371901,0.249999999999998));
#4892=CARTESIAN_POINT('Ctrl Pts',(0.17106814140253,-0.362006154371901,0.499999999999998));
#4893=CARTESIAN_POINT('Ctrl Pts',(0.172744736965629,-0.363260990840007,
0.249999999999998));
#4894=CARTESIAN_POINT('Ctrl Pts',(0.172744736965629,-0.363260990840007,
0.499999999999998));
#4895=CARTESIAN_POINT('Ctrl Pts',(0.174379956283927,-0.364564760268744,
0.249999999999998));
#4896=CARTESIAN_POINT('Ctrl Pts',(0.174379956283927,-0.364564760268744,
0.499999999999998));
#4897=CARTESIAN_POINT('Ctrl Pts',(0.175975215890717,-0.365915869836414,
0.249999999999998));
#4898=CARTESIAN_POINT('Ctrl Pts',(0.175975215890717,-0.365915869836414,
0.499999999999998));
#4899=CARTESIAN_POINT('Ctrl Pts',(0.177531876565277,-0.367312965650675,
0.249999999999998));
#4900=CARTESIAN_POINT('Ctrl Pts',(0.177531876565277,-0.367312965650675,
0.499999999999998));
#4901=CARTESIAN_POINT('Ctrl Pts',(0.179051226973256,-0.368754903537809,
0.249999999999998));
#4902=CARTESIAN_POINT('Ctrl Pts',(0.179051226973256,-0.368754903537809,
0.499999999999998));
#4903=CARTESIAN_POINT('Ctrl Pts',(0.180534472326661,-0.370240722006219,
0.249999999999998));
#4904=CARTESIAN_POINT('Ctrl Pts',(0.180534472326661,-0.370240722006219,
0.499999999999998));
#4905=CARTESIAN_POINT('Ctrl Pts',(0.181982727096678,-0.371769617571621,
0.249999999999998));
#4906=CARTESIAN_POINT('Ctrl Pts',(0.181982727096678,-0.371769617571621,
0.499999999999998));
#4907=CARTESIAN_POINT('Ctrl Pts',(0.183397010945735,-0.37334092249232,0.249999999999998));
#4908=CARTESIAN_POINT('Ctrl Pts',(0.183397010945735,-0.37334092249232,0.499999999999998));
#4909=CARTESIAN_POINT('Ctrl Pts',(0.1847782471733,-0.374954084865993,0.249999999999998));
#4910=CARTESIAN_POINT('Ctrl Pts',(0.1847782471733,-0.374954084865993,0.499999999999998));
#4911=CARTESIAN_POINT('Ctrl Pts',(0.186127263087757,-0.37660865097522,0.249999999999998));
#4912=CARTESIAN_POINT('Ctrl Pts',(0.186127263087757,-0.37660865097522,0.499999999999998));
#4913=CARTESIAN_POINT('Ctrl Pts',(0.187444791821711,-0.378304249729697,
0.249999999999998));
#4914=CARTESIAN_POINT('Ctrl Pts',(0.187444791821711,-0.378304249729697,
0.499999999999998));
#4915=CARTESIAN_POINT('Ctrl Pts',(0.188731475199371,-0.380040579032079,
0.249999999999998));
#4916=CARTESIAN_POINT('Ctrl Pts',(0.188731475199371,-0.380040579032079,
0.499999999999998));
#4917=CARTESIAN_POINT('Ctrl Pts',(0.189987867342664,-0.381817393886398,
0.249999999999998));
#4918=CARTESIAN_POINT('Ctrl Pts',(0.189987867342664,-0.381817393886398,
0.499999999999998));
#4919=CARTESIAN_POINT('Ctrl Pts',(0.191214438767731,-0.38363449606944,0.249999999999998));
#4920=CARTESIAN_POINT('Ctrl Pts',(0.191214438767731,-0.38363449606944,0.499999999999998));
#4921=CARTESIAN_POINT('Ctrl Pts',(0.192411580779425,-0.385491725191713,
0.249999999999998));
#4922=CARTESIAN_POINT('Ctrl Pts',(0.192411580779425,-0.385491725191713,
0.499999999999998));
#4923=CARTESIAN_POINT('Ctrl Pts',(0.193579610009245,-0.387388950988484,
0.249999999999998));
#4924=CARTESIAN_POINT('Ctrl Pts',(0.193579610009245,-0.387388950988484,
0.499999999999998));
#4925=CARTESIAN_POINT('Ctrl Pts',(0.194718773003205,-0.389326066682926,
0.249999999999998));
#4926=CARTESIAN_POINT('Ctrl Pts',(0.194718773003205,-0.389326066682926,
0.499999999999998));
#4927=CARTESIAN_POINT('Ctrl Pts',(0.195829250700436,-0.391302983319691,
0.249999999999998));
#4928=CARTESIAN_POINT('Ctrl Pts',(0.195829250700436,-0.391302983319691,
0.499999999999998));
#4929=CARTESIAN_POINT('Ctrl Pts',(0.196911163024276,-0.393319624819957,
0.249999999999998));
#4930=CARTESIAN_POINT('Ctrl Pts',(0.196911163024276,-0.393319624819957,
0.499999999999998));
#4931=CARTESIAN_POINT('Ctrl Pts',(0.197964572471565,-0.395375924131669,
0.249999999999998));
#4932=CARTESIAN_POINT('Ctrl Pts',(0.197964572471565,-0.395375924131669,
0.499999999999998));
#4933=CARTESIAN_POINT('Ctrl Pts',(0.198989490725854,-0.397471818554688,
0.249999999999998));
#4934=CARTESIAN_POINT('Ctrl Pts',(0.198989490725854,-0.397471818554688,
0.499999999999998));
#4935=CARTESIAN_POINT('Ctrl Pts',(0.199985872921914,-0.3996072510659,0.249999999999998));
#4936=CARTESIAN_POINT('Ctrl Pts',(0.199985872921914,-0.3996072510659,0.499999999999998));
#4937=CARTESIAN_POINT('Ctrl Pts',(0.200953657716956,-0.401782151397611,
0.249999999999998));
#4938=CARTESIAN_POINT('Ctrl Pts',(0.200953657716956,-0.401782151397611,
0.499999999999998));
#4939=CARTESIAN_POINT('Ctrl Pts',(0.201892632765848,-0.403996495979866,
0.249999999999998));
#4940=CARTESIAN_POINT('Ctrl Pts',(0.201892632765848,-0.403996495979866,
0.499999999999998));
#4941=CARTESIAN_POINT('Ctrl Pts',(0.20280296095211,-0.406250070801515,0.249999999999998));
#4942=CARTESIAN_POINT('Ctrl Pts',(0.20280296095211,-0.406250070801515,0.499999999999998));
#4943=CARTESIAN_POINT('Ctrl Pts',(0.203683200562315,-0.408543362139864,
0.249999999999998));
#4944=CARTESIAN_POINT('Ctrl Pts',(0.203683200562315,-0.408543362139864,
0.499999999999998));
#4945=CARTESIAN_POINT('Ctrl Pts',(0.204537827126373,-0.410874171908623,
0.249999999999998));
#4946=CARTESIAN_POINT('Ctrl Pts',(0.204537827126373,-0.410874171908623,
0.499999999999998));
#4947=CARTESIAN_POINT('Ctrl Pts',(0.205348719451583,-0.413250448455335,
0.249999999999998));
#4948=CARTESIAN_POINT('Ctrl Pts',(0.205348719451583,-0.413250448455335,
0.499999999999998));
#4949=CARTESIAN_POINT('Ctrl Pts',(0.206922704688103,-0.417759937893319,
0.249999999999998));
#4950=CARTESIAN_POINT('Ctrl Pts',(0.206922704688103,-0.417759937893319,
0.499999999999998));
#4951=CARTESIAN_POINT('Ctrl Pts',(0.207586099722443,-0.424056169610709,
0.249999999999998));
#4952=CARTESIAN_POINT('Ctrl Pts',(0.207586099722443,-0.424056169610709,
0.499999999999998));
#4953=CARTESIAN_POINT('Ctrl Pts',(0.212020709755858,-0.429221707058245,
0.249999999999998));
#4954=CARTESIAN_POINT('Ctrl Pts',(0.212020709755858,-0.429221707058245,
0.499999999999998));
#4955=CARTESIAN_POINT('Ctrl Pts',(0.215222305434782,-0.433309558345568,
0.249999999999998));
#4956=CARTESIAN_POINT('Ctrl Pts',(0.215222305434782,-0.433309558345568,
0.499999999999998));
#4957=CARTESIAN_POINT('Ctrl Pts',(0.218565292811631,-0.43707278893197,0.249999999999998));
#4958=CARTESIAN_POINT('Ctrl Pts',(0.218565292811631,-0.43707278893197,0.499999999999998));
#4959=CARTESIAN_POINT('Ctrl Pts',(0.22255998734526,-0.441271395034142,0.249999999999998));
#4960=CARTESIAN_POINT('Ctrl Pts',(0.22255998734526,-0.441271395034142,0.499999999999998));
#4961=CARTESIAN_POINT('Ctrl Pts',(0.227287095811734,-0.445837992518123,
0.249999999999998));
#4962=CARTESIAN_POINT('Ctrl Pts',(0.227287095811734,-0.445837992518123,
0.499999999999998));
#4963=CARTESIAN_POINT('Ctrl Pts',(0.232768753003368,-0.450725703373579,
0.249999999999998));
#4964=CARTESIAN_POINT('Ctrl Pts',(0.232768753003368,-0.450725703373579,
0.499999999999998));
#4965=CARTESIAN_POINT('Ctrl Pts',(0.23904210331295,-0.455877920209072,0.249999999999998));
#4966=CARTESIAN_POINT('Ctrl Pts',(0.23904210331295,-0.455877920209072,0.499999999999998));
#4967=CARTESIAN_POINT('Ctrl Pts',(0.246135288570019,-0.461238324444146,
0.249999999999998));
#4968=CARTESIAN_POINT('Ctrl Pts',(0.246135288570019,-0.461238324444146,
0.499999999999998));
#4969=CARTESIAN_POINT('Ctrl Pts',(0.254074912448618,-0.466747934468978,
0.249999999999998));
#4970=CARTESIAN_POINT('Ctrl Pts',(0.254074912448618,-0.466747934468978,
0.499999999999998));
#4971=CARTESIAN_POINT('Ctrl Pts',(0.26288357163012,-0.472346259206567,0.249999999999998));
#4972=CARTESIAN_POINT('Ctrl Pts',(0.26288357163012,-0.472346259206567,0.499999999999998));
#4973=CARTESIAN_POINT('Ctrl Pts',(0.272580485069165,-0.477971183341578,
0.249999999999998));
#4974=CARTESIAN_POINT('Ctrl Pts',(0.272580485069165,-0.477971183341578,
0.499999999999998));
#4975=CARTESIAN_POINT('Ctrl Pts',(0.283181191952982,-0.483559244665839,
0.249999999999998));
#4976=CARTESIAN_POINT('Ctrl Pts',(0.283181191952982,-0.483559244665839,
0.499999999999998));
#4977=CARTESIAN_POINT('Ctrl Pts',(0.294697516178031,-0.489045812484585,
0.249999999999998));
#4978=CARTESIAN_POINT('Ctrl Pts',(0.294697516178031,-0.489045812484585,
0.499999999999998));
#4979=CARTESIAN_POINT('Ctrl Pts',(0.309792653773671,-0.495500565449819,
0.249999999999998));
#4980=CARTESIAN_POINT('Ctrl Pts',(0.309792653773671,-0.495500565449819,
0.499999999999998));
#4981=CARTESIAN_POINT('Ctrl Pts',(0.321219888300246,-0.499684196246591,
0.249999999999998));
#4982=CARTESIAN_POINT('Ctrl Pts',(0.321219888300246,-0.499684196246591,
0.499999999999998));
#4983=CARTESIAN_POINT('Ctrl Pts',(0.328484410128617,-0.502093609106703,
0.25));
#4984=CARTESIAN_POINT('Ctrl Pts',(0.328484410128617,-0.502093609106703,
0.5));
#4985=CARTESIAN_POINT('',(0.0293737485214302,-0.599280554416689,0.25));
#4986=CARTESIAN_POINT('Ctrl Pts',(0.328484410128617,-0.502093609106703,
0.25));
#4987=CARTESIAN_POINT('Ctrl Pts',(0.321219888300246,-0.499684196246591,
0.249999999999998));
#4988=CARTESIAN_POINT('Ctrl Pts',(0.309792653773671,-0.495500565449819,
0.249999999999998));
#4989=CARTESIAN_POINT('Ctrl Pts',(0.294697516178031,-0.489045812484585,
0.249999999999998));
#4990=CARTESIAN_POINT('Ctrl Pts',(0.283181191952982,-0.483559244665839,
0.249999999999998));
#4991=CARTESIAN_POINT('Ctrl Pts',(0.272580485069165,-0.477971183341578,
0.249999999999998));
#4992=CARTESIAN_POINT('Ctrl Pts',(0.26288357163012,-0.472346259206567,0.249999999999998));
#4993=CARTESIAN_POINT('Ctrl Pts',(0.254074912448618,-0.466747934468978,
0.249999999999998));
#4994=CARTESIAN_POINT('Ctrl Pts',(0.246135288570019,-0.461238324444146,
0.249999999999998));
#4995=CARTESIAN_POINT('Ctrl Pts',(0.23904210331295,-0.455877920209072,0.249999999999998));
#4996=CARTESIAN_POINT('Ctrl Pts',(0.232768753003368,-0.450725703373579,
0.249999999999998));
#4997=CARTESIAN_POINT('Ctrl Pts',(0.227287095811734,-0.445837992518123,
0.249999999999998));
#4998=CARTESIAN_POINT('Ctrl Pts',(0.22255998734526,-0.441271395034142,0.249999999999998));
#4999=CARTESIAN_POINT('Ctrl Pts',(0.218565292811631,-0.43707278893197,0.249999999999998));
#5000=CARTESIAN_POINT('Ctrl Pts',(0.215222305434782,-0.433309558345568,
0.249999999999998));
#5001=CARTESIAN_POINT('Ctrl Pts',(0.212020709755858,-0.429221707058245,
0.249999999999998));
#5002=CARTESIAN_POINT('Ctrl Pts',(0.207586099722443,-0.424056169610709,
0.249999999999998));
#5003=CARTESIAN_POINT('Ctrl Pts',(0.206922704688103,-0.417759937893319,
0.249999999999998));
#5004=CARTESIAN_POINT('Ctrl Pts',(0.205348719451583,-0.413250448455335,
0.249999999999998));
#5005=CARTESIAN_POINT('Ctrl Pts',(0.204537827126373,-0.410874171908623,
0.249999999999998));
#5006=CARTESIAN_POINT('Ctrl Pts',(0.203683200562315,-0.408543362139864,
0.249999999999998));
#5007=CARTESIAN_POINT('Ctrl Pts',(0.20280296095211,-0.406250070801515,0.249999999999998));
#5008=CARTESIAN_POINT('Ctrl Pts',(0.201892632765848,-0.403996495979866,
0.249999999999998));
#5009=CARTESIAN_POINT('Ctrl Pts',(0.200953657716956,-0.401782151397611,
0.249999999999998));
#5010=CARTESIAN_POINT('Ctrl Pts',(0.199985872921914,-0.3996072510659,0.249999999999998));
#5011=CARTESIAN_POINT('Ctrl Pts',(0.198989490725854,-0.397471818554688,
0.249999999999998));
#5012=CARTESIAN_POINT('Ctrl Pts',(0.197964572471565,-0.395375924131669,
0.249999999999998));
#5013=CARTESIAN_POINT('Ctrl Pts',(0.196911163024276,-0.393319624819957,
0.249999999999998));
#5014=CARTESIAN_POINT('Ctrl Pts',(0.195829250700436,-0.391302983319691,
0.249999999999998));
#5015=CARTESIAN_POINT('Ctrl Pts',(0.194718773003205,-0.389326066682926,
0.249999999999998));
#5016=CARTESIAN_POINT('Ctrl Pts',(0.193579610009245,-0.387388950988484,
0.249999999999998));
#5017=CARTESIAN_POINT('Ctrl Pts',(0.192411580779425,-0.385491725191713,
0.249999999999998));
#5018=CARTESIAN_POINT('Ctrl Pts',(0.191214438767731,-0.38363449606944,0.249999999999998));
#5019=CARTESIAN_POINT('Ctrl Pts',(0.189987867342664,-0.381817393886398,
0.249999999999998));
#5020=CARTESIAN_POINT('Ctrl Pts',(0.188731475199371,-0.380040579032079,
0.249999999999998));
#5021=CARTESIAN_POINT('Ctrl Pts',(0.187444791821711,-0.378304249729697,
0.249999999999998));
#5022=CARTESIAN_POINT('Ctrl Pts',(0.186127263087757,-0.37660865097522,0.249999999999998));
#5023=CARTESIAN_POINT('Ctrl Pts',(0.1847782471733,-0.374954084865993,0.249999999999998));
#5024=CARTESIAN_POINT('Ctrl Pts',(0.183397010945735,-0.37334092249232,0.249999999999998));
#5025=CARTESIAN_POINT('Ctrl Pts',(0.181982727096678,-0.371769617571621,
0.249999999999998));
#5026=CARTESIAN_POINT('Ctrl Pts',(0.180534472326661,-0.370240722006219,
0.249999999999998));
#5027=CARTESIAN_POINT('Ctrl Pts',(0.179051226973256,-0.368754903537809,
0.249999999999998));
#5028=CARTESIAN_POINT('Ctrl Pts',(0.177531876565277,-0.367312965650675,
0.249999999999998));
#5029=CARTESIAN_POINT('Ctrl Pts',(0.175975215890717,-0.365915869836414,
0.249999999999998));
#5030=CARTESIAN_POINT('Ctrl Pts',(0.174379956283927,-0.364564760268744,
0.249999999999998));
#5031=CARTESIAN_POINT('Ctrl Pts',(0.172744736965629,-0.363260990840007,
0.249999999999998));
#5032=CARTESIAN_POINT('Ctrl Pts',(0.17106814140253,-0.362006154371901,0.249999999999998));
#5033=CARTESIAN_POINT('Ctrl Pts',(0.169348719782717,-0.360802113621555,
0.249999999999998));
#5034=CARTESIAN_POINT('Ctrl Pts',(0.167585018814979,-0.359651033449421,
0.249999999999998));
#5035=CARTESIAN_POINT('Ctrl Pts',(0.165775620134719,-0.358555413188225,
0.249999999999998));
#5036=CARTESIAN_POINT('Ctrl Pts',(0.16391918860876,-0.357518117845499,0.249999999999998));
#5037=CARTESIAN_POINT('Ctrl Pts',(0.16201453174014,-0.356542406285938,0.249999999999998));
#5038=CARTESIAN_POINT('Ctrl Pts',(0.160060671137872,-0.355631953984036,
0.249999999999998));
#5039=CARTESIAN_POINT('Ctrl Pts',(0.158056926585173,-0.354790867338691,
0.249999999999998));
#5040=CARTESIAN_POINT('Ctrl Pts',(0.156003012560258,-0.354023685947058,
0.249999999999998));
#5041=CARTESIAN_POINT('Ctrl Pts',(0.153899146092325,-0.353335368725502,
0.249999999999998));
#5042=CARTESIAN_POINT('Ctrl Pts',(0.151746163541324,-0.352731259432146,
0.249999999999998));
#5043=CARTESIAN_POINT('Ctrl Pts',(0.149545642303488,-0.352217027190636,
0.249999999999998));
#5044=CARTESIAN_POINT('Ctrl Pts',(0.147300021567839,-0.351798577953979,
0.249999999999998));
#5045=CARTESIAN_POINT('Ctrl Pts',(0.145012714489668,-0.351481934561817,
0.249999999999998));
#5046=CARTESIAN_POINT('Ctrl Pts',(0.142688201767545,-0.351273082757668,
0.249999999999998));
#5047=CARTESIAN_POINT('Ctrl Pts',(0.140332097656143,-0.351177791552625,
0.249999999999998));
#5048=CARTESIAN_POINT('Ctrl Pts',(0.137951170223483,-0.351201388246127,
0.249999999999998));
#5049=CARTESIAN_POINT('Ctrl Pts',(0.135553331917552,-0.351348591557199,
0.249999999999998));
#5050=CARTESIAN_POINT('Ctrl Pts',(0.133147492542224,-0.351623058772979,
0.249999999999998));
#5051=CARTESIAN_POINT('Ctrl Pts',(0.130743648252577,-0.352028011291738,
0.249999999999998));
#5052=CARTESIAN_POINT('Ctrl Pts',(0.128351784598221,-0.352562872090184,
0.249999999999998));
#5053=CARTESIAN_POINT('Ctrl Pts',(0.126250711434575,-0.353159590102943,
0.249999999999998));
#5054=CARTESIAN_POINT('Ctrl Pts',(0.12208961840003,-0.354512556473375,0.249999999999998));
#5055=CARTESIAN_POINT('Ctrl Pts',(0.115910342587786,-0.356735353170773,
0.249999999999998));
#5056=CARTESIAN_POINT('Ctrl Pts',(0.109604676325176,-0.358569160059822,
0.249999999999998));
#5057=CARTESIAN_POINT('Ctrl Pts',(0.105443027665666,-0.359920416392447,
0.249999999999998));
#5058=CARTESIAN_POINT('Ctrl Pts',(0.103392481722175,-0.360672641198854,
0.249999999999998));
#5059=CARTESIAN_POINT('Ctrl Pts',(0.101143040088217,-0.361645831904812,
0.249999999999998));
#5060=CARTESIAN_POINT('Ctrl Pts',(0.0989602640876557,-0.362731162657482,
0.249999999999998));
#5061=CARTESIAN_POINT('Ctrl Pts',(0.0968525713656058,-0.36392323091972,
0.249999999999998));
#5062=CARTESIAN_POINT('Ctrl Pts',(0.0948261554910075,-0.365213554933042,
0.249999999999998));
#5063=CARTESIAN_POINT('Ctrl Pts',(0.0928860749471685,-0.366593938838684,
0.249999999999998));
#5064=CARTESIAN_POINT('Ctrl Pts',(0.0910359574455253,-0.368055914292527,
0.249999999999998));
#5065=CARTESIAN_POINT('Ctrl Pts',(0.0892781471600805,-0.369591193248219,
0.249999999999998));
#5066=CARTESIAN_POINT('Ctrl Pts',(0.087613795178635,-0.371191808501648,
0.249999999999998));
#5067=CARTESIAN_POINT('Ctrl Pts',(0.0860430081307135,-0.372850283796043,
0.249999999999998));
#5068=CARTESIAN_POINT('Ctrl Pts',(0.0845650071806348,-0.374559740349437,
0.249999999999998));
#5069=CARTESIAN_POINT('Ctrl Pts',(0.0831782942416892,-0.376313966426143,
0.249999999999998));
#5070=CARTESIAN_POINT('Ctrl Pts',(0.0818808132269662,-0.378107448438546,
0.249999999999998));
#5071=CARTESIAN_POINT('Ctrl Pts',(0.0806700997836596,-0.379935371595467,
0.249999999999998));
#5072=CARTESIAN_POINT('Ctrl Pts',(0.0795434147141734,-0.381793596482731,
0.249999999999998));
#5073=CARTESIAN_POINT('Ctrl Pts',(0.0784978587182729,-0.383678618314586,
0.249999999999998));
#5074=CARTESIAN_POINT('Ctrl Pts',(0.0775304678083071,-0.385587514765931,
0.249999999999998));
#5075=CARTESIAN_POINT('Ctrl Pts',(0.0766382900596397,-0.387517887399232,
0.249999999999998));
#5076=CARTESIAN_POINT('Ctrl Pts',(0.0758184452093534,-0.389467800669695,
0.249999999999998));
#5077=CARTESIAN_POINT('Ctrl Pts',(0.0750681691028442,-0.39143572150913,
0.249999999999998));
#5078=CARTESIAN_POINT('Ctrl Pts',(0.0743848451881328,-0.393420461608679,
0.249999999999998));
#5079=CARTESIAN_POINT('Ctrl Pts',(0.073766025254883,-0.395421123782587,
0.249999999999998));
#5080=CARTESIAN_POINT('Ctrl Pts',(0.0732094414794516,-0.397437053206741,
0.249999999999998));
#5081=CARTESIAN_POINT('Ctrl Pts',(0.0727130116252262,-0.399467793878697,
0.249999999999998));
#5082=CARTESIAN_POINT('Ctrl Pts',(0.0722748390006944,-0.401513050322535,
0.249999999999998));
#5083=CARTESIAN_POINT('Ctrl Pts',(0.0718932085250081,-0.403572654340934,
0.249999999999998));
#5084=CARTESIAN_POINT('Ctrl Pts',(0.0715665800105906,-0.405646536476697,
0.249999999999998));
#5085=CARTESIAN_POINT('Ctrl Pts',(0.0712935795551005,-0.407734701767109,
0.249999999999998));
#5086=CARTESIAN_POINT('Ctrl Pts',(0.071072989745585,-0.409837209340331,
0.249999999999998));
#5087=CARTESIAN_POINT('Ctrl Pts',(0.0709037392170369,-0.411954155399814,
0.249999999999998));
#5088=CARTESIAN_POINT('Ctrl Pts',(0.0707848919745055,-0.41408565916012,
0.249999999999998));
#5089=CARTESIAN_POINT('Ctrl Pts',(0.0707156367798468,-0.416231851327424,
0.249999999999998));
#5090=CARTESIAN_POINT('Ctrl Pts',(0.0706952768180028,-0.41839286475464,
0.249999999999998));
#5091=CARTESIAN_POINT('Ctrl Pts',(0.0707232197899024,-0.420568826940566,
0.249999999999998));
#5092=CARTESIAN_POINT('Ctrl Pts',(0.0707989685273095,-0.422759854081701,
0.249999999999998));
#5093=CARTESIAN_POINT('Ctrl Pts',(0.0709221121833686,-0.424966046423441,
0.249999999999998));
#5094=CARTESIAN_POINT('Ctrl Pts',(0.0710923180301282,-0.42718748469073,
0.249999999999998));
#5095=CARTESIAN_POINT('Ctrl Pts',(0.0713093238458295,-0.429424227415411,
0.249999999999998));
#5096=CARTESIAN_POINT('Ctrl Pts',(0.0715729309609971,-0.431676308984448,
0.249999999999998));
#5097=CARTESIAN_POINT('Ctrl Pts',(0.0718829976376041,-0.433943738337952,
0.249999999999998));
#5098=CARTESIAN_POINT('Ctrl Pts',(0.0722394339024364,-0.436226497964391,
0.249999999999998));
#5099=CARTESIAN_POINT('Ctrl Pts',(0.072642193449084,-0.438524544005705,
0.249999999999998));
#5100=CARTESIAN_POINT('Ctrl Pts',(0.0730912790569351,-0.440837803958107,
0.249999999999998));
#5101=CARTESIAN_POINT('Ctrl Pts',(0.0735866990510337,-0.443166184917452,
0.249999999999998));
#5102=CARTESIAN_POINT('Ctrl Pts',(0.0741286113681289,-0.445509543001907,
0.249999999999998));
#5103=CARTESIAN_POINT('Ctrl Pts',(0.0747167584400879,-0.447867800813347,
0.249999999999998));
#5104=CARTESIAN_POINT('Ctrl Pts',(0.0753525924642013,-0.450240504340487,
0.249999999999998));
#5105=CARTESIAN_POINT('Ctrl Pts',(0.0760312006580099,-0.452628505944639,
0.249999999999998));
#5106=CARTESIAN_POINT('Ctrl Pts',(0.0767719152958327,-0.455027584604219,
0.249999999999998));
#5107=CARTESIAN_POINT('Ctrl Pts',(0.0781491458776081,-0.459601003504855,
0.249999999999998));
#5108=CARTESIAN_POINT('Ctrl Pts',(0.0813132801693413,-0.465084695782375,
0.249999999999998));
#5109=CARTESIAN_POINT('Ctrl Pts',(0.080761832020709,-0.471870301739822,
0.249999999999998));
#5110=CARTESIAN_POINT('Ctrl Pts',(0.0805744654075958,-0.477059293625618,
0.249999999999998));
#5111=CARTESIAN_POINT('Ctrl Pts',(0.0800819032474067,-0.482068769802481,
0.249999999999998));
#5112=CARTESIAN_POINT('Ctrl Pts',(0.0793180062294056,-0.487813536026105,
0.249999999999998));
#5113=CARTESIAN_POINT('Ctrl Pts',(0.0781778738000151,-0.494286515639696,
0.249999999999998));
#5114=CARTESIAN_POINT('Ctrl Pts',(0.0766160443329519,-0.501462794040716,
0.249999999999998));
#5115=CARTESIAN_POINT('Ctrl Pts',(0.0745691943933487,-0.509318407813772,
0.249999999999998));
#5116=CARTESIAN_POINT('Ctrl Pts',(0.0719814535318325,-0.517824335622549,
0.249999999999998));
#5117=CARTESIAN_POINT('Ctrl Pts',(0.0687966304035802,-0.526948497589606,
0.249999999999998));
#5118=CARTESIAN_POINT('Ctrl Pts',(0.064960888146387,-0.536655237401703,
0.249999999999998));
#5119=CARTESIAN_POINT('Ctrl Pts',(0.06042216783304,-0.546905599331224,0.249999999999998));
#5120=CARTESIAN_POINT('Ctrl Pts',(0.055130595846951,-0.557657375078343,
0.249999999999998));
#5121=CARTESIAN_POINT('Ctrl Pts',(0.0490386174857162,-0.568865227224602,
0.249999999999998));
#5122=CARTESIAN_POINT('Ctrl Pts',(0.0406204032385727,-0.582959931328008,
0.249999999999998));
#5123=CARTESIAN_POINT('Ctrl Pts',(0.0338346527912471,-0.593061319669992,
0.249999999999998));
#5124=CARTESIAN_POINT('Ctrl Pts',(0.0293737485214298,-0.599280554416684,
0.25));
#5125=CARTESIAN_POINT('',(0.0293737485214302,-0.599280554416689,0.5));
#5126=CARTESIAN_POINT('Ctrl Pts',(0.0293737485214298,-0.599280554416684,
0.5));
#5127=CARTESIAN_POINT('Ctrl Pts',(0.0338346527912471,-0.593061319669992,
0.499999999999998));
#5128=CARTESIAN_POINT('Ctrl Pts',(0.0406204032385727,-0.582959931328008,
0.499999999999998));
#5129=CARTESIAN_POINT('Ctrl Pts',(0.0490386174857162,-0.568865227224602,
0.499999999999998));
#5130=CARTESIAN_POINT('Ctrl Pts',(0.055130595846951,-0.557657375078343,
0.499999999999998));
#5131=CARTESIAN_POINT('Ctrl Pts',(0.06042216783304,-0.546905599331224,0.499999999999998));
#5132=CARTESIAN_POINT('Ctrl Pts',(0.064960888146387,-0.536655237401703,
0.499999999999998));
#5133=CARTESIAN_POINT('Ctrl Pts',(0.0687966304035802,-0.526948497589606,
0.499999999999998));
#5134=CARTESIAN_POINT('Ctrl Pts',(0.0719814535318325,-0.517824335622549,
0.499999999999998));
#5135=CARTESIAN_POINT('Ctrl Pts',(0.0745691943933487,-0.509318407813772,
0.499999999999998));
#5136=CARTESIAN_POINT('Ctrl Pts',(0.0766160443329519,-0.501462794040716,
0.499999999999998));
#5137=CARTESIAN_POINT('Ctrl Pts',(0.0781778738000151,-0.494286515639696,
0.499999999999998));
#5138=CARTESIAN_POINT('Ctrl Pts',(0.0793180062294056,-0.487813536026105,
0.499999999999998));
#5139=CARTESIAN_POINT('Ctrl Pts',(0.0800819032474067,-0.482068769802481,
0.499999999999998));
#5140=CARTESIAN_POINT('Ctrl Pts',(0.0805744654075958,-0.477059293625618,
0.499999999999998));
#5141=CARTESIAN_POINT('Ctrl Pts',(0.080761832020709,-0.471870301739822,
0.499999999999998));
#5142=CARTESIAN_POINT('Ctrl Pts',(0.0813132801693413,-0.465084695782375,
0.499999999999998));
#5143=CARTESIAN_POINT('Ctrl Pts',(0.0781491458776081,-0.459601003504855,
0.499999999999998));
#5144=CARTESIAN_POINT('Ctrl Pts',(0.0767719152958327,-0.455027584604219,
0.499999999999998));
#5145=CARTESIAN_POINT('Ctrl Pts',(0.0760312006580099,-0.452628505944639,
0.499999999999998));
#5146=CARTESIAN_POINT('Ctrl Pts',(0.0753525924642013,-0.450240504340487,
0.499999999999998));
#5147=CARTESIAN_POINT('Ctrl Pts',(0.0747167584400879,-0.447867800813347,
0.499999999999998));
#5148=CARTESIAN_POINT('Ctrl Pts',(0.0741286113681289,-0.445509543001907,
0.499999999999998));
#5149=CARTESIAN_POINT('Ctrl Pts',(0.0735866990510337,-0.443166184917452,
0.499999999999998));
#5150=CARTESIAN_POINT('Ctrl Pts',(0.0730912790569351,-0.440837803958107,
0.499999999999998));
#5151=CARTESIAN_POINT('Ctrl Pts',(0.072642193449084,-0.438524544005705,
0.499999999999998));
#5152=CARTESIAN_POINT('Ctrl Pts',(0.0722394339024364,-0.436226497964391,
0.499999999999998));
#5153=CARTESIAN_POINT('Ctrl Pts',(0.0718829976376041,-0.433943738337952,
0.499999999999998));
#5154=CARTESIAN_POINT('Ctrl Pts',(0.0715729309609971,-0.431676308984448,
0.499999999999998));
#5155=CARTESIAN_POINT('Ctrl Pts',(0.0713093238458295,-0.429424227415411,
0.499999999999998));
#5156=CARTESIAN_POINT('Ctrl Pts',(0.0710923180301282,-0.42718748469073,
0.499999999999998));
#5157=CARTESIAN_POINT('Ctrl Pts',(0.0709221121833686,-0.424966046423441,
0.499999999999998));
#5158=CARTESIAN_POINT('Ctrl Pts',(0.0707989685273095,-0.422759854081701,
0.499999999999998));
#5159=CARTESIAN_POINT('Ctrl Pts',(0.0707232197899024,-0.420568826940566,
0.499999999999998));
#5160=CARTESIAN_POINT('Ctrl Pts',(0.0706952768180028,-0.41839286475464,
0.499999999999998));
#5161=CARTESIAN_POINT('Ctrl Pts',(0.0707156367798468,-0.416231851327424,
0.499999999999998));
#5162=CARTESIAN_POINT('Ctrl Pts',(0.0707848919745055,-0.41408565916012,
0.499999999999998));
#5163=CARTESIAN_POINT('Ctrl Pts',(0.0709037392170369,-0.411954155399814,
0.499999999999998));
#5164=CARTESIAN_POINT('Ctrl Pts',(0.071072989745585,-0.409837209340331,
0.499999999999998));
#5165=CARTESIAN_POINT('Ctrl Pts',(0.0712935795551005,-0.407734701767109,
0.499999999999998));
#5166=CARTESIAN_POINT('Ctrl Pts',(0.0715665800105906,-0.405646536476697,
0.499999999999998));
#5167=CARTESIAN_POINT('Ctrl Pts',(0.0718932085250081,-0.403572654340934,
0.499999999999998));
#5168=CARTESIAN_POINT('Ctrl Pts',(0.0722748390006944,-0.401513050322535,
0.499999999999998));
#5169=CARTESIAN_POINT('Ctrl Pts',(0.0727130116252262,-0.399467793878697,
0.499999999999998));
#5170=CARTESIAN_POINT('Ctrl Pts',(0.0732094414794516,-0.397437053206741,
0.499999999999998));
#5171=CARTESIAN_POINT('Ctrl Pts',(0.073766025254883,-0.395421123782587,
0.499999999999998));
#5172=CARTESIAN_POINT('Ctrl Pts',(0.0743848451881328,-0.393420461608679,
0.499999999999998));
#5173=CARTESIAN_POINT('Ctrl Pts',(0.0750681691028442,-0.39143572150913,
0.499999999999998));
#5174=CARTESIAN_POINT('Ctrl Pts',(0.0758184452093534,-0.389467800669695,
0.499999999999998));
#5175=CARTESIAN_POINT('Ctrl Pts',(0.0766382900596397,-0.387517887399232,
0.499999999999998));
#5176=CARTESIAN_POINT('Ctrl Pts',(0.0775304678083071,-0.385587514765931,
0.499999999999998));
#5177=CARTESIAN_POINT('Ctrl Pts',(0.0784978587182729,-0.383678618314586,
0.499999999999998));
#5178=CARTESIAN_POINT('Ctrl Pts',(0.0795434147141734,-0.381793596482731,
0.499999999999998));
#5179=CARTESIAN_POINT('Ctrl Pts',(0.0806700997836596,-0.379935371595467,
0.499999999999998));
#5180=CARTESIAN_POINT('Ctrl Pts',(0.0818808132269662,-0.378107448438546,
0.499999999999998));
#5181=CARTESIAN_POINT('Ctrl Pts',(0.0831782942416892,-0.376313966426143,
0.499999999999998));
#5182=CARTESIAN_POINT('Ctrl Pts',(0.0845650071806348,-0.374559740349437,
0.499999999999998));
#5183=CARTESIAN_POINT('Ctrl Pts',(0.0860430081307135,-0.372850283796043,
0.499999999999998));
#5184=CARTESIAN_POINT('Ctrl Pts',(0.087613795178635,-0.371191808501648,
0.499999999999998));
#5185=CARTESIAN_POINT('Ctrl Pts',(0.0892781471600805,-0.369591193248219,
0.499999999999998));
#5186=CARTESIAN_POINT('Ctrl Pts',(0.0910359574455253,-0.368055914292527,
0.499999999999998));
#5187=CARTESIAN_POINT('Ctrl Pts',(0.0928860749471685,-0.366593938838684,
0.499999999999998));
#5188=CARTESIAN_POINT('Ctrl Pts',(0.0948261554910075,-0.365213554933042,
0.499999999999998));
#5189=CARTESIAN_POINT('Ctrl Pts',(0.0968525713656058,-0.36392323091972,
0.499999999999998));
#5190=CARTESIAN_POINT('Ctrl Pts',(0.0989602640876557,-0.362731162657482,
0.499999999999998));
#5191=CARTESIAN_POINT('Ctrl Pts',(0.101143040088217,-0.361645831904812,
0.499999999999998));
#5192=CARTESIAN_POINT('Ctrl Pts',(0.103392481722175,-0.360672641198854,
0.499999999999998));
#5193=CARTESIAN_POINT('Ctrl Pts',(0.105443027665666,-0.359920416392447,
0.499999999999998));
#5194=CARTESIAN_POINT('Ctrl Pts',(0.109604676325176,-0.358569160059822,
0.499999999999998));
#5195=CARTESIAN_POINT('Ctrl Pts',(0.115910342587786,-0.356735353170773,
0.499999999999998));
#5196=CARTESIAN_POINT('Ctrl Pts',(0.12208961840003,-0.354512556473375,0.499999999999998));
#5197=CARTESIAN_POINT('Ctrl Pts',(0.126250711434575,-0.353159590102943,
0.499999999999998));
#5198=CARTESIAN_POINT('Ctrl Pts',(0.128351784598221,-0.352562872090184,
0.499999999999998));
#5199=CARTESIAN_POINT('Ctrl Pts',(0.130743648252577,-0.352028011291738,
0.499999999999998));
#5200=CARTESIAN_POINT('Ctrl Pts',(0.133147492542224,-0.351623058772979,
0.499999999999998));
#5201=CARTESIAN_POINT('Ctrl Pts',(0.135553331917552,-0.351348591557199,
0.499999999999998));
#5202=CARTESIAN_POINT('Ctrl Pts',(0.137951170223483,-0.351201388246127,
0.499999999999998));
#5203=CARTESIAN_POINT('Ctrl Pts',(0.140332097656143,-0.351177791552625,
0.499999999999998));
#5204=CARTESIAN_POINT('Ctrl Pts',(0.142688201767545,-0.351273082757668,
0.499999999999998));
#5205=CARTESIAN_POINT('Ctrl Pts',(0.145012714489668,-0.351481934561817,
0.499999999999998));
#5206=CARTESIAN_POINT('Ctrl Pts',(0.147300021567839,-0.351798577953979,
0.499999999999998));
#5207=CARTESIAN_POINT('Ctrl Pts',(0.149545642303488,-0.352217027190636,
0.499999999999998));
#5208=CARTESIAN_POINT('Ctrl Pts',(0.151746163541324,-0.352731259432146,
0.499999999999998));
#5209=CARTESIAN_POINT('Ctrl Pts',(0.153899146092325,-0.353335368725502,
0.499999999999998));
#5210=CARTESIAN_POINT('Ctrl Pts',(0.156003012560258,-0.354023685947058,
0.499999999999998));
#5211=CARTESIAN_POINT('Ctrl Pts',(0.158056926585173,-0.354790867338691,
0.499999999999998));
#5212=CARTESIAN_POINT('Ctrl Pts',(0.160060671137872,-0.355631953984036,
0.499999999999998));
#5213=CARTESIAN_POINT('Ctrl Pts',(0.16201453174014,-0.356542406285938,0.499999999999998));
#5214=CARTESIAN_POINT('Ctrl Pts',(0.16391918860876,-0.357518117845499,0.499999999999998));
#5215=CARTESIAN_POINT('Ctrl Pts',(0.165775620134719,-0.358555413188225,
0.499999999999998));
#5216=CARTESIAN_POINT('Ctrl Pts',(0.167585018814979,-0.359651033449421,
0.499999999999998));
#5217=CARTESIAN_POINT('Ctrl Pts',(0.169348719782717,-0.360802113621555,
0.499999999999998));
#5218=CARTESIAN_POINT('Ctrl Pts',(0.17106814140253,-0.362006154371901,0.499999999999998));
#5219=CARTESIAN_POINT('Ctrl Pts',(0.172744736965629,-0.363260990840007,
0.499999999999998));
#5220=CARTESIAN_POINT('Ctrl Pts',(0.174379956283927,-0.364564760268744,
0.499999999999998));
#5221=CARTESIAN_POINT('Ctrl Pts',(0.175975215890717,-0.365915869836414,
0.499999999999998));
#5222=CARTESIAN_POINT('Ctrl Pts',(0.177531876565277,-0.367312965650675,
0.499999999999998));
#5223=CARTESIAN_POINT('Ctrl Pts',(0.179051226973256,-0.368754903537809,
0.499999999999998));
#5224=CARTESIAN_POINT('Ctrl Pts',(0.180534472326661,-0.370240722006219,
0.499999999999998));
#5225=CARTESIAN_POINT('Ctrl Pts',(0.181982727096678,-0.371769617571621,
0.499999999999998));
#5226=CARTESIAN_POINT('Ctrl Pts',(0.183397010945735,-0.37334092249232,0.499999999999998));
#5227=CARTESIAN_POINT('Ctrl Pts',(0.1847782471733,-0.374954084865993,0.499999999999998));
#5228=CARTESIAN_POINT('Ctrl Pts',(0.186127263087757,-0.37660865097522,0.499999999999998));
#5229=CARTESIAN_POINT('Ctrl Pts',(0.187444791821711,-0.378304249729697,
0.499999999999998));
#5230=CARTESIAN_POINT('Ctrl Pts',(0.188731475199371,-0.380040579032079,
0.499999999999998));
#5231=CARTESIAN_POINT('Ctrl Pts',(0.189987867342664,-0.381817393886398,
0.499999999999998));
#5232=CARTESIAN_POINT('Ctrl Pts',(0.191214438767731,-0.38363449606944,0.499999999999998));
#5233=CARTESIAN_POINT('Ctrl Pts',(0.192411580779425,-0.385491725191713,
0.499999999999998));
#5234=CARTESIAN_POINT('Ctrl Pts',(0.193579610009245,-0.387388950988484,
0.499999999999998));
#5235=CARTESIAN_POINT('Ctrl Pts',(0.194718773003205,-0.389326066682926,
0.499999999999998));
#5236=CARTESIAN_POINT('Ctrl Pts',(0.195829250700436,-0.391302983319691,
0.499999999999998));
#5237=CARTESIAN_POINT('Ctrl Pts',(0.196911163024276,-0.393319624819957,
0.499999999999998));
#5238=CARTESIAN_POINT('Ctrl Pts',(0.197964572471565,-0.395375924131669,
0.499999999999998));
#5239=CARTESIAN_POINT('Ctrl Pts',(0.198989490725854,-0.397471818554688,
0.499999999999998));
#5240=CARTESIAN_POINT('Ctrl Pts',(0.199985872921914,-0.3996072510659,0.499999999999998));
#5241=CARTESIAN_POINT('Ctrl Pts',(0.200953657716956,-0.401782151397611,
0.499999999999998));
#5242=CARTESIAN_POINT('Ctrl Pts',(0.201892632765848,-0.403996495979866,
0.499999999999998));
#5243=CARTESIAN_POINT('Ctrl Pts',(0.20280296095211,-0.406250070801515,0.499999999999998));
#5244=CARTESIAN_POINT('Ctrl Pts',(0.203683200562315,-0.408543362139864,
0.499999999999998));
#5245=CARTESIAN_POINT('Ctrl Pts',(0.204537827126373,-0.410874171908623,
0.499999999999998));
#5246=CARTESIAN_POINT('Ctrl Pts',(0.205348719451583,-0.413250448455335,
0.499999999999998));
#5247=CARTESIAN_POINT('Ctrl Pts',(0.206922704688103,-0.417759937893319,
0.499999999999998));
#5248=CARTESIAN_POINT('Ctrl Pts',(0.207586099722443,-0.424056169610709,
0.499999999999998));
#5249=CARTESIAN_POINT('Ctrl Pts',(0.212020709755858,-0.429221707058245,
0.499999999999998));
#5250=CARTESIAN_POINT('Ctrl Pts',(0.215222305434782,-0.433309558345568,
0.499999999999998));
#5251=CARTESIAN_POINT('Ctrl Pts',(0.218565292811631,-0.43707278893197,0.499999999999998));
#5252=CARTESIAN_POINT('Ctrl Pts',(0.22255998734526,-0.441271395034142,0.499999999999998));
#5253=CARTESIAN_POINT('Ctrl Pts',(0.227287095811734,-0.445837992518123,
0.499999999999998));
#5254=CARTESIAN_POINT('Ctrl Pts',(0.232768753003368,-0.450725703373579,
0.499999999999998));
#5255=CARTESIAN_POINT('Ctrl Pts',(0.23904210331295,-0.455877920209072,0.499999999999998));
#5256=CARTESIAN_POINT('Ctrl Pts',(0.246135288570019,-0.461238324444146,
0.499999999999998));
#5257=CARTESIAN_POINT('Ctrl Pts',(0.254074912448618,-0.466747934468978,
0.499999999999998));
#5258=CARTESIAN_POINT('Ctrl Pts',(0.26288357163012,-0.472346259206567,0.499999999999998));
#5259=CARTESIAN_POINT('Ctrl Pts',(0.272580485069165,-0.477971183341578,
0.499999999999998));
#5260=CARTESIAN_POINT('Ctrl Pts',(0.283181191952982,-0.483559244665839,
0.499999999999998));
#5261=CARTESIAN_POINT('Ctrl Pts',(0.294697516178031,-0.489045812484585,
0.499999999999998));
#5262=CARTESIAN_POINT('Ctrl Pts',(0.309792653773671,-0.495500565449819,
0.499999999999998));
#5263=CARTESIAN_POINT('Ctrl Pts',(0.321219888300246,-0.499684196246591,
0.499999999999998));
#5264=CARTESIAN_POINT('Ctrl Pts',(0.328484410128617,-0.502093609106703,
0.5));
#5265=CARTESIAN_POINT('',(0.0293737485214302,-0.599280554416689,0.25));
#5266=CARTESIAN_POINT('Origin',(0.,0.,0.25));
#5267=CARTESIAN_POINT('',(-0.0293737485214228,-0.599280554416689,0.25));
#5268=CARTESIAN_POINT('Origin',(0.,0.,0.25));
#5269=CARTESIAN_POINT('',(-0.0293737485214227,-0.599280554416689,0.5));
#5270=CARTESIAN_POINT('Origin',(0.,0.,0.5));
#5271=CARTESIAN_POINT('',(-0.0293737485214228,-0.599280554416689,0.25));
#5272=CARTESIAN_POINT('Ctrl Pts',(-0.328484410131772,-0.50209360910547,
0.25));
#5273=CARTESIAN_POINT('Ctrl Pts',(-0.328484410131772,-0.50209360910547,
0.5));
#5274=CARTESIAN_POINT('Ctrl Pts',(-0.321219888300246,-0.499684196246591,
0.249999999999999));
#5275=CARTESIAN_POINT('Ctrl Pts',(-0.321219888300246,-0.499684196246591,
0.499999999999999));
#5276=CARTESIAN_POINT('Ctrl Pts',(-0.309792653773671,-0.495500565449819,
0.249999999999999));
#5277=CARTESIAN_POINT('Ctrl Pts',(-0.309792653773671,-0.495500565449819,
0.499999999999999));
#5278=CARTESIAN_POINT('Ctrl Pts',(-0.294697516178031,-0.489045812484585,
0.249999999999999));
#5279=CARTESIAN_POINT('Ctrl Pts',(-0.294697516178031,-0.489045812484585,
0.499999999999999));
#5280=CARTESIAN_POINT('Ctrl Pts',(-0.283181191952982,-0.483559244665839,
0.249999999999999));
#5281=CARTESIAN_POINT('Ctrl Pts',(-0.283181191952982,-0.483559244665839,
0.499999999999999));
#5282=CARTESIAN_POINT('Ctrl Pts',(-0.272580485069165,-0.477971183341578,
0.249999999999999));
#5283=CARTESIAN_POINT('Ctrl Pts',(-0.272580485069165,-0.477971183341578,
0.499999999999999));
#5284=CARTESIAN_POINT('Ctrl Pts',(-0.26288357163012,-0.472346259206567,
0.249999999999999));
#5285=CARTESIAN_POINT('Ctrl Pts',(-0.26288357163012,-0.472346259206567,
0.499999999999999));
#5286=CARTESIAN_POINT('Ctrl Pts',(-0.254074912448618,-0.466747934468978,
0.249999999999999));
#5287=CARTESIAN_POINT('Ctrl Pts',(-0.254074912448618,-0.466747934468978,
0.499999999999999));
#5288=CARTESIAN_POINT('Ctrl Pts',(-0.246135288570019,-0.461238324444146,
0.249999999999999));
#5289=CARTESIAN_POINT('Ctrl Pts',(-0.246135288570019,-0.461238324444146,
0.499999999999999));
#5290=CARTESIAN_POINT('Ctrl Pts',(-0.23904210331295,-0.455877920209072,
0.249999999999999));
#5291=CARTESIAN_POINT('Ctrl Pts',(-0.23904210331295,-0.455877920209072,
0.499999999999999));
#5292=CARTESIAN_POINT('Ctrl Pts',(-0.232768753003368,-0.450725703373578,
0.249999999999999));
#5293=CARTESIAN_POINT('Ctrl Pts',(-0.232768753003368,-0.450725703373578,
0.499999999999999));
#5294=CARTESIAN_POINT('Ctrl Pts',(-0.227287095811734,-0.445837992518123,
0.249999999999999));
#5295=CARTESIAN_POINT('Ctrl Pts',(-0.227287095811734,-0.445837992518123,
0.499999999999999));
#5296=CARTESIAN_POINT('Ctrl Pts',(-0.22255998734526,-0.441271395034142,
0.249999999999999));
#5297=CARTESIAN_POINT('Ctrl Pts',(-0.22255998734526,-0.441271395034142,
0.499999999999999));
#5298=CARTESIAN_POINT('Ctrl Pts',(-0.218565292811631,-0.43707278893197,
0.249999999999999));
#5299=CARTESIAN_POINT('Ctrl Pts',(-0.218565292811631,-0.43707278893197,
0.499999999999999));
#5300=CARTESIAN_POINT('Ctrl Pts',(-0.215222305434782,-0.433309558345568,
0.249999999999999));
#5301=CARTESIAN_POINT('Ctrl Pts',(-0.215222305434782,-0.433309558345568,
0.499999999999999));
#5302=CARTESIAN_POINT('Ctrl Pts',(-0.212020709755858,-0.429221707058245,
0.249999999999999));
#5303=CARTESIAN_POINT('Ctrl Pts',(-0.212020709755858,-0.429221707058245,
0.499999999999999));
#5304=CARTESIAN_POINT('Ctrl Pts',(-0.207586099722443,-0.424056169610708,
0.249999999999999));
#5305=CARTESIAN_POINT('Ctrl Pts',(-0.207586099722443,-0.424056169610708,
0.499999999999999));
#5306=CARTESIAN_POINT('Ctrl Pts',(-0.206922704688103,-0.417759937893319,
0.249999999999999));
#5307=CARTESIAN_POINT('Ctrl Pts',(-0.206922704688103,-0.417759937893319,
0.499999999999999));
#5308=CARTESIAN_POINT('Ctrl Pts',(-0.205348719451583,-0.413250448455335,
0.249999999999999));
#5309=CARTESIAN_POINT('Ctrl Pts',(-0.205348719451583,-0.413250448455335,
0.499999999999999));
#5310=CARTESIAN_POINT('Ctrl Pts',(-0.204537827126373,-0.410874171908623,
0.249999999999999));
#5311=CARTESIAN_POINT('Ctrl Pts',(-0.204537827126373,-0.410874171908623,
0.499999999999999));
#5312=CARTESIAN_POINT('Ctrl Pts',(-0.203683200562315,-0.408543362139864,
0.249999999999999));
#5313=CARTESIAN_POINT('Ctrl Pts',(-0.203683200562315,-0.408543362139864,
0.499999999999999));
#5314=CARTESIAN_POINT('Ctrl Pts',(-0.202802960952109,-0.406250070801515,
0.249999999999999));
#5315=CARTESIAN_POINT('Ctrl Pts',(-0.202802960952109,-0.406250070801515,
0.499999999999999));
#5316=CARTESIAN_POINT('Ctrl Pts',(-0.201892632765848,-0.403996495979866,
0.249999999999999));
#5317=CARTESIAN_POINT('Ctrl Pts',(-0.201892632765848,-0.403996495979866,
0.499999999999999));
#5318=CARTESIAN_POINT('Ctrl Pts',(-0.200953657716956,-0.401782151397611,
0.249999999999999));
#5319=CARTESIAN_POINT('Ctrl Pts',(-0.200953657716956,-0.401782151397611,
0.499999999999999));
#5320=CARTESIAN_POINT('Ctrl Pts',(-0.199985872921914,-0.3996072510659,0.249999999999999));
#5321=CARTESIAN_POINT('Ctrl Pts',(-0.199985872921914,-0.3996072510659,0.499999999999999));
#5322=CARTESIAN_POINT('Ctrl Pts',(-0.198989490725853,-0.397471818554688,
0.249999999999999));
#5323=CARTESIAN_POINT('Ctrl Pts',(-0.198989490725853,-0.397471818554688,
0.499999999999999));
#5324=CARTESIAN_POINT('Ctrl Pts',(-0.197964572471564,-0.395375924131669,
0.249999999999999));
#5325=CARTESIAN_POINT('Ctrl Pts',(-0.197964572471564,-0.395375924131669,
0.499999999999999));
#5326=CARTESIAN_POINT('Ctrl Pts',(-0.196911163024276,-0.393319624819957,
0.249999999999999));
#5327=CARTESIAN_POINT('Ctrl Pts',(-0.196911163024276,-0.393319624819957,
0.499999999999999));
#5328=CARTESIAN_POINT('Ctrl Pts',(-0.195829250700436,-0.39130298331969,
0.249999999999999));
#5329=CARTESIAN_POINT('Ctrl Pts',(-0.195829250700436,-0.39130298331969,
0.499999999999999));
#5330=CARTESIAN_POINT('Ctrl Pts',(-0.194718773003205,-0.389326066682926,
0.249999999999999));
#5331=CARTESIAN_POINT('Ctrl Pts',(-0.194718773003205,-0.389326066682926,
0.499999999999999));
#5332=CARTESIAN_POINT('Ctrl Pts',(-0.193579610009245,-0.387388950988484,
0.249999999999999));
#5333=CARTESIAN_POINT('Ctrl Pts',(-0.193579610009245,-0.387388950988484,
0.499999999999999));
#5334=CARTESIAN_POINT('Ctrl Pts',(-0.192411580779425,-0.385491725191713,
0.249999999999999));
#5335=CARTESIAN_POINT('Ctrl Pts',(-0.192411580779425,-0.385491725191713,
0.499999999999999));
#5336=CARTESIAN_POINT('Ctrl Pts',(-0.191214438767731,-0.38363449606944,
0.249999999999999));
#5337=CARTESIAN_POINT('Ctrl Pts',(-0.191214438767731,-0.38363449606944,
0.499999999999999));
#5338=CARTESIAN_POINT('Ctrl Pts',(-0.189987867342664,-0.381817393886398,
0.249999999999999));
#5339=CARTESIAN_POINT('Ctrl Pts',(-0.189987867342664,-0.381817393886398,
0.499999999999999));
#5340=CARTESIAN_POINT('Ctrl Pts',(-0.188731475199371,-0.380040579032079,
0.249999999999999));
#5341=CARTESIAN_POINT('Ctrl Pts',(-0.188731475199371,-0.380040579032079,
0.499999999999999));
#5342=CARTESIAN_POINT('Ctrl Pts',(-0.187444791821711,-0.378304249729697,
0.249999999999999));
#5343=CARTESIAN_POINT('Ctrl Pts',(-0.187444791821711,-0.378304249729697,
0.499999999999999));
#5344=CARTESIAN_POINT('Ctrl Pts',(-0.186127263087756,-0.376608650975219,
0.249999999999999));
#5345=CARTESIAN_POINT('Ctrl Pts',(-0.186127263087756,-0.376608650975219,
0.499999999999999));
#5346=CARTESIAN_POINT('Ctrl Pts',(-0.1847782471733,-0.374954084865994,0.249999999999999));
#5347=CARTESIAN_POINT('Ctrl Pts',(-0.1847782471733,-0.374954084865994,0.499999999999999));
#5348=CARTESIAN_POINT('Ctrl Pts',(-0.183397010945735,-0.37334092249232,
0.249999999999999));
#5349=CARTESIAN_POINT('Ctrl Pts',(-0.183397010945735,-0.37334092249232,
0.499999999999999));
#5350=CARTESIAN_POINT('Ctrl Pts',(-0.181982727096678,-0.371769617571621,
0.249999999999999));
#5351=CARTESIAN_POINT('Ctrl Pts',(-0.181982727096678,-0.371769617571621,
0.499999999999999));
#5352=CARTESIAN_POINT('Ctrl Pts',(-0.180534472326661,-0.370240722006219,
0.249999999999999));
#5353=CARTESIAN_POINT('Ctrl Pts',(-0.180534472326661,-0.370240722006219,
0.499999999999999));
#5354=CARTESIAN_POINT('Ctrl Pts',(-0.179051226973256,-0.368754903537809,
0.249999999999999));
#5355=CARTESIAN_POINT('Ctrl Pts',(-0.179051226973256,-0.368754903537809,
0.499999999999999));
#5356=CARTESIAN_POINT('Ctrl Pts',(-0.177531876565276,-0.367312965650675,
0.249999999999999));
#5357=CARTESIAN_POINT('Ctrl Pts',(-0.177531876565276,-0.367312965650675,
0.499999999999999));
#5358=CARTESIAN_POINT('Ctrl Pts',(-0.175975215890717,-0.365915869836414,
0.249999999999999));
#5359=CARTESIAN_POINT('Ctrl Pts',(-0.175975215890717,-0.365915869836414,
0.499999999999999));
#5360=CARTESIAN_POINT('Ctrl Pts',(-0.174379956283927,-0.364564760268744,
0.249999999999999));
#5361=CARTESIAN_POINT('Ctrl Pts',(-0.174379956283927,-0.364564760268744,
0.499999999999999));
#5362=CARTESIAN_POINT('Ctrl Pts',(-0.172744736965629,-0.363260990840007,
0.249999999999999));
#5363=CARTESIAN_POINT('Ctrl Pts',(-0.172744736965629,-0.363260990840007,
0.499999999999999));
#5364=CARTESIAN_POINT('Ctrl Pts',(-0.17106814140253,-0.362006154371901,
0.249999999999999));
#5365=CARTESIAN_POINT('Ctrl Pts',(-0.17106814140253,-0.362006154371901,
0.499999999999999));
#5366=CARTESIAN_POINT('Ctrl Pts',(-0.169348719782717,-0.360802113621555,
0.249999999999999));
#5367=CARTESIAN_POINT('Ctrl Pts',(-0.169348719782717,-0.360802113621555,
0.499999999999999));
#5368=CARTESIAN_POINT('Ctrl Pts',(-0.167585018814979,-0.359651033449421,
0.249999999999999));
#5369=CARTESIAN_POINT('Ctrl Pts',(-0.167585018814979,-0.359651033449421,
0.499999999999999));
#5370=CARTESIAN_POINT('Ctrl Pts',(-0.165775620134719,-0.358555413188225,
0.249999999999999));
#5371=CARTESIAN_POINT('Ctrl Pts',(-0.165775620134719,-0.358555413188225,
0.499999999999999));
#5372=CARTESIAN_POINT('Ctrl Pts',(-0.16391918860876,-0.357518117845498,
0.249999999999999));
#5373=CARTESIAN_POINT('Ctrl Pts',(-0.16391918860876,-0.357518117845498,
0.499999999999999));
#5374=CARTESIAN_POINT('Ctrl Pts',(-0.16201453174014,-0.356542406285938,
0.249999999999999));
#5375=CARTESIAN_POINT('Ctrl Pts',(-0.16201453174014,-0.356542406285938,
0.499999999999999));
#5376=CARTESIAN_POINT('Ctrl Pts',(-0.160060671137872,-0.355631953984036,
0.249999999999999));
#5377=CARTESIAN_POINT('Ctrl Pts',(-0.160060671137872,-0.355631953984036,
0.499999999999999));
#5378=CARTESIAN_POINT('Ctrl Pts',(-0.158056926585173,-0.354790867338691,
0.249999999999999));
#5379=CARTESIAN_POINT('Ctrl Pts',(-0.158056926585173,-0.354790867338691,
0.499999999999999));
#5380=CARTESIAN_POINT('Ctrl Pts',(-0.156003012560258,-0.354023685947058,
0.249999999999999));
#5381=CARTESIAN_POINT('Ctrl Pts',(-0.156003012560258,-0.354023685947058,
0.499999999999999));
#5382=CARTESIAN_POINT('Ctrl Pts',(-0.153899146092325,-0.353335368725502,
0.249999999999999));
#5383=CARTESIAN_POINT('Ctrl Pts',(-0.153899146092325,-0.353335368725502,
0.499999999999999));
#5384=CARTESIAN_POINT('Ctrl Pts',(-0.151746163541324,-0.352731259432146,
0.249999999999999));
#5385=CARTESIAN_POINT('Ctrl Pts',(-0.151746163541324,-0.352731259432146,
0.499999999999999));
#5386=CARTESIAN_POINT('Ctrl Pts',(-0.149545642303488,-0.352217027190636,
0.249999999999999));
#5387=CARTESIAN_POINT('Ctrl Pts',(-0.149545642303488,-0.352217027190636,
0.499999999999999));
#5388=CARTESIAN_POINT('Ctrl Pts',(-0.147300021567839,-0.351798577953979,
0.249999999999999));
#5389=CARTESIAN_POINT('Ctrl Pts',(-0.147300021567839,-0.351798577953979,
0.499999999999999));
#5390=CARTESIAN_POINT('Ctrl Pts',(-0.145012714489668,-0.351481934561817,
0.249999999999999));
#5391=CARTESIAN_POINT('Ctrl Pts',(-0.145012714489668,-0.351481934561817,
0.499999999999999));
#5392=CARTESIAN_POINT('Ctrl Pts',(-0.142688201767545,-0.351273082757668,
0.249999999999999));
#5393=CARTESIAN_POINT('Ctrl Pts',(-0.142688201767545,-0.351273082757668,
0.499999999999999));
#5394=CARTESIAN_POINT('Ctrl Pts',(-0.140332097656143,-0.351177791552625,
0.249999999999999));
#5395=CARTESIAN_POINT('Ctrl Pts',(-0.140332097656143,-0.351177791552625,
0.499999999999999));
#5396=CARTESIAN_POINT('Ctrl Pts',(-0.137951170223483,-0.351201388246127,
0.249999999999999));
#5397=CARTESIAN_POINT('Ctrl Pts',(-0.137951170223483,-0.351201388246127,
0.499999999999999));
#5398=CARTESIAN_POINT('Ctrl Pts',(-0.135553331917552,-0.351348591557199,
0.249999999999999));
#5399=CARTESIAN_POINT('Ctrl Pts',(-0.135553331917552,-0.351348591557199,
0.499999999999999));
#5400=CARTESIAN_POINT('Ctrl Pts',(-0.133147492542224,-0.351623058772979,
0.249999999999999));
#5401=CARTESIAN_POINT('Ctrl Pts',(-0.133147492542224,-0.351623058772979,
0.499999999999999));
#5402=CARTESIAN_POINT('Ctrl Pts',(-0.130743648252577,-0.352028011291738,
0.249999999999999));
#5403=CARTESIAN_POINT('Ctrl Pts',(-0.130743648252577,-0.352028011291738,
0.499999999999999));
#5404=CARTESIAN_POINT('Ctrl Pts',(-0.12835178459822,-0.352562872090184,
0.249999999999999));
#5405=CARTESIAN_POINT('Ctrl Pts',(-0.12835178459822,-0.352562872090184,
0.499999999999999));
#5406=CARTESIAN_POINT('Ctrl Pts',(-0.126250711434575,-0.353159590102943,
0.249999999999999));
#5407=CARTESIAN_POINT('Ctrl Pts',(-0.126250711434575,-0.353159590102943,
0.499999999999999));
#5408=CARTESIAN_POINT('Ctrl Pts',(-0.12208961840003,-0.354512556473375,
0.249999999999999));
#5409=CARTESIAN_POINT('Ctrl Pts',(-0.12208961840003,-0.354512556473375,
0.499999999999999));
#5410=CARTESIAN_POINT('Ctrl Pts',(-0.115910342587786,-0.356735353170773,
0.249999999999999));
#5411=CARTESIAN_POINT('Ctrl Pts',(-0.115910342587786,-0.356735353170773,
0.499999999999999));
#5412=CARTESIAN_POINT('Ctrl Pts',(-0.109604676325176,-0.358569160059822,
0.249999999999999));
#5413=CARTESIAN_POINT('Ctrl Pts',(-0.109604676325176,-0.358569160059822,
0.499999999999999));
#5414=CARTESIAN_POINT('Ctrl Pts',(-0.105443027665666,-0.359920416392447,
0.249999999999999));
#5415=CARTESIAN_POINT('Ctrl Pts',(-0.105443027665666,-0.359920416392447,
0.499999999999999));
#5416=CARTESIAN_POINT('Ctrl Pts',(-0.103392481722175,-0.360672641198854,
0.249999999999999));
#5417=CARTESIAN_POINT('Ctrl Pts',(-0.103392481722175,-0.360672641198854,
0.499999999999999));
#5418=CARTESIAN_POINT('Ctrl Pts',(-0.101143040088217,-0.361645831904812,
0.249999999999999));
#5419=CARTESIAN_POINT('Ctrl Pts',(-0.101143040088217,-0.361645831904812,
0.499999999999999));
#5420=CARTESIAN_POINT('Ctrl Pts',(-0.0989602640876556,-0.362731162657482,
0.249999999999999));
#5421=CARTESIAN_POINT('Ctrl Pts',(-0.0989602640876556,-0.362731162657482,
0.499999999999999));
#5422=CARTESIAN_POINT('Ctrl Pts',(-0.0968525713656057,-0.36392323091972,
0.249999999999999));
#5423=CARTESIAN_POINT('Ctrl Pts',(-0.0968525713656057,-0.36392323091972,
0.499999999999999));
#5424=CARTESIAN_POINT('Ctrl Pts',(-0.0948261554910075,-0.365213554933043,
0.249999999999999));
#5425=CARTESIAN_POINT('Ctrl Pts',(-0.0948261554910075,-0.365213554933043,
0.499999999999999));
#5426=CARTESIAN_POINT('Ctrl Pts',(-0.0928860749471683,-0.366593938838684,
0.249999999999999));
#5427=CARTESIAN_POINT('Ctrl Pts',(-0.0928860749471683,-0.366593938838684,
0.499999999999999));
#5428=CARTESIAN_POINT('Ctrl Pts',(-0.0910359574455253,-0.368055914292527,
0.249999999999999));
#5429=CARTESIAN_POINT('Ctrl Pts',(-0.0910359574455253,-0.368055914292527,
0.499999999999999));
#5430=CARTESIAN_POINT('Ctrl Pts',(-0.0892781471600804,-0.369591193248219,
0.249999999999999));
#5431=CARTESIAN_POINT('Ctrl Pts',(-0.0892781471600804,-0.369591193248219,
0.499999999999999));
#5432=CARTESIAN_POINT('Ctrl Pts',(-0.0876137951786349,-0.371191808501648,
0.249999999999999));
#5433=CARTESIAN_POINT('Ctrl Pts',(-0.0876137951786349,-0.371191808501648,
0.499999999999999));
#5434=CARTESIAN_POINT('Ctrl Pts',(-0.0860430081307135,-0.372850283796043,
0.249999999999999));
#5435=CARTESIAN_POINT('Ctrl Pts',(-0.0860430081307135,-0.372850283796043,
0.499999999999999));
#5436=CARTESIAN_POINT('Ctrl Pts',(-0.0845650071806348,-0.374559740349437,
0.249999999999999));
#5437=CARTESIAN_POINT('Ctrl Pts',(-0.0845650071806348,-0.374559740349437,
0.499999999999999));
#5438=CARTESIAN_POINT('Ctrl Pts',(-0.0831782942416891,-0.376313966426143,
0.249999999999999));
#5439=CARTESIAN_POINT('Ctrl Pts',(-0.0831782942416891,-0.376313966426143,
0.499999999999999));
#5440=CARTESIAN_POINT('Ctrl Pts',(-0.0818808132269662,-0.378107448438546,
0.249999999999999));
#5441=CARTESIAN_POINT('Ctrl Pts',(-0.0818808132269662,-0.378107448438546,
0.499999999999999));
#5442=CARTESIAN_POINT('Ctrl Pts',(-0.0806700997836596,-0.379935371595467,
0.249999999999999));
#5443=CARTESIAN_POINT('Ctrl Pts',(-0.0806700997836596,-0.379935371595467,
0.499999999999999));
#5444=CARTESIAN_POINT('Ctrl Pts',(-0.0795434147141733,-0.381793596482731,
0.249999999999999));
#5445=CARTESIAN_POINT('Ctrl Pts',(-0.0795434147141733,-0.381793596482731,
0.499999999999999));
#5446=CARTESIAN_POINT('Ctrl Pts',(-0.0784978587182728,-0.383678618314586,
0.249999999999999));
#5447=CARTESIAN_POINT('Ctrl Pts',(-0.0784978587182728,-0.383678618314586,
0.499999999999999));
#5448=CARTESIAN_POINT('Ctrl Pts',(-0.0775304678083071,-0.385587514765931,
0.249999999999999));
#5449=CARTESIAN_POINT('Ctrl Pts',(-0.0775304678083071,-0.385587514765931,
0.499999999999999));
#5450=CARTESIAN_POINT('Ctrl Pts',(-0.0766382900596397,-0.387517887399232,
0.249999999999999));
#5451=CARTESIAN_POINT('Ctrl Pts',(-0.0766382900596397,-0.387517887399232,
0.499999999999999));
#5452=CARTESIAN_POINT('Ctrl Pts',(-0.0758184452093534,-0.389467800669695,
0.249999999999999));
#5453=CARTESIAN_POINT('Ctrl Pts',(-0.0758184452093534,-0.389467800669695,
0.499999999999999));
#5454=CARTESIAN_POINT('Ctrl Pts',(-0.0750681691028442,-0.39143572150913,
0.249999999999999));
#5455=CARTESIAN_POINT('Ctrl Pts',(-0.0750681691028442,-0.39143572150913,
0.499999999999999));
#5456=CARTESIAN_POINT('Ctrl Pts',(-0.0743848451881327,-0.393420461608679,
0.249999999999999));
#5457=CARTESIAN_POINT('Ctrl Pts',(-0.0743848451881327,-0.393420461608679,
0.499999999999999));
#5458=CARTESIAN_POINT('Ctrl Pts',(-0.073766025254883,-0.395421123782587,
0.249999999999999));
#5459=CARTESIAN_POINT('Ctrl Pts',(-0.073766025254883,-0.395421123782587,
0.499999999999999));
#5460=CARTESIAN_POINT('Ctrl Pts',(-0.0732094414794516,-0.397437053206741,
0.249999999999999));
#5461=CARTESIAN_POINT('Ctrl Pts',(-0.0732094414794516,-0.397437053206741,
0.499999999999999));
#5462=CARTESIAN_POINT('Ctrl Pts',(-0.0727130116252261,-0.399467793878697,
0.249999999999999));
#5463=CARTESIAN_POINT('Ctrl Pts',(-0.0727130116252261,-0.399467793878697,
0.499999999999999));
#5464=CARTESIAN_POINT('Ctrl Pts',(-0.0722748390006943,-0.401513050322535,
0.249999999999999));
#5465=CARTESIAN_POINT('Ctrl Pts',(-0.0722748390006943,-0.401513050322535,
0.499999999999999));
#5466=CARTESIAN_POINT('Ctrl Pts',(-0.071893208525008,-0.403572654340934,
0.249999999999999));
#5467=CARTESIAN_POINT('Ctrl Pts',(-0.071893208525008,-0.403572654340934,
0.499999999999999));
#5468=CARTESIAN_POINT('Ctrl Pts',(-0.0715665800105905,-0.405646536476697,
0.249999999999999));
#5469=CARTESIAN_POINT('Ctrl Pts',(-0.0715665800105905,-0.405646536476697,
0.499999999999999));
#5470=CARTESIAN_POINT('Ctrl Pts',(-0.0712935795551004,-0.407734701767109,
0.249999999999999));
#5471=CARTESIAN_POINT('Ctrl Pts',(-0.0712935795551004,-0.407734701767109,
0.499999999999999));
#5472=CARTESIAN_POINT('Ctrl Pts',(-0.0710729897455849,-0.409837209340332,
0.249999999999999));
#5473=CARTESIAN_POINT('Ctrl Pts',(-0.0710729897455849,-0.409837209340332,
0.499999999999999));
#5474=CARTESIAN_POINT('Ctrl Pts',(-0.0709037392170368,-0.411954155399814,
0.249999999999999));
#5475=CARTESIAN_POINT('Ctrl Pts',(-0.0709037392170368,-0.411954155399814,
0.499999999999999));
#5476=CARTESIAN_POINT('Ctrl Pts',(-0.0707848919745055,-0.41408565916012,
0.249999999999999));
#5477=CARTESIAN_POINT('Ctrl Pts',(-0.0707848919745055,-0.41408565916012,
0.499999999999999));
#5478=CARTESIAN_POINT('Ctrl Pts',(-0.0707156367798467,-0.416231851327423,
0.249999999999999));
#5479=CARTESIAN_POINT('Ctrl Pts',(-0.0707156367798467,-0.416231851327423,
0.499999999999999));
#5480=CARTESIAN_POINT('Ctrl Pts',(-0.0706952768180027,-0.41839286475464,
0.249999999999999));
#5481=CARTESIAN_POINT('Ctrl Pts',(-0.0706952768180027,-0.41839286475464,
0.499999999999999));
#5482=CARTESIAN_POINT('Ctrl Pts',(-0.0707232197899024,-0.420568826940566,
0.249999999999999));
#5483=CARTESIAN_POINT('Ctrl Pts',(-0.0707232197899024,-0.420568826940566,
0.499999999999999));
#5484=CARTESIAN_POINT('Ctrl Pts',(-0.0707989685273095,-0.422759854081701,
0.249999999999999));
#5485=CARTESIAN_POINT('Ctrl Pts',(-0.0707989685273095,-0.422759854081701,
0.499999999999999));
#5486=CARTESIAN_POINT('Ctrl Pts',(-0.0709221121833685,-0.424966046423441,
0.249999999999999));
#5487=CARTESIAN_POINT('Ctrl Pts',(-0.0709221121833685,-0.424966046423441,
0.499999999999999));
#5488=CARTESIAN_POINT('Ctrl Pts',(-0.0710923180301282,-0.42718748469073,
0.249999999999999));
#5489=CARTESIAN_POINT('Ctrl Pts',(-0.0710923180301282,-0.42718748469073,
0.499999999999999));
#5490=CARTESIAN_POINT('Ctrl Pts',(-0.0713093238458294,-0.429424227415411,
0.249999999999999));
#5491=CARTESIAN_POINT('Ctrl Pts',(-0.0713093238458294,-0.429424227415411,
0.499999999999999));
#5492=CARTESIAN_POINT('Ctrl Pts',(-0.0715729309609971,-0.431676308984448,
0.249999999999999));
#5493=CARTESIAN_POINT('Ctrl Pts',(-0.0715729309609971,-0.431676308984448,
0.499999999999999));
#5494=CARTESIAN_POINT('Ctrl Pts',(-0.071882997637604,-0.433943738337952,
0.249999999999999));
#5495=CARTESIAN_POINT('Ctrl Pts',(-0.071882997637604,-0.433943738337952,
0.499999999999999));
#5496=CARTESIAN_POINT('Ctrl Pts',(-0.0722394339024364,-0.436226497964391,
0.249999999999999));
#5497=CARTESIAN_POINT('Ctrl Pts',(-0.0722394339024364,-0.436226497964391,
0.499999999999999));
#5498=CARTESIAN_POINT('Ctrl Pts',(-0.072642193449084,-0.438524544005705,
0.249999999999999));
#5499=CARTESIAN_POINT('Ctrl Pts',(-0.072642193449084,-0.438524544005705,
0.499999999999999));
#5500=CARTESIAN_POINT('Ctrl Pts',(-0.073091279056935,-0.440837803958107,
0.249999999999999));
#5501=CARTESIAN_POINT('Ctrl Pts',(-0.073091279056935,-0.440837803958107,
0.499999999999999));
#5502=CARTESIAN_POINT('Ctrl Pts',(-0.0735866990510337,-0.443166184917452,
0.249999999999999));
#5503=CARTESIAN_POINT('Ctrl Pts',(-0.0735866990510337,-0.443166184917452,
0.499999999999999));
#5504=CARTESIAN_POINT('Ctrl Pts',(-0.0741286113681288,-0.445509543001907,
0.249999999999999));
#5505=CARTESIAN_POINT('Ctrl Pts',(-0.0741286113681288,-0.445509543001907,
0.499999999999999));
#5506=CARTESIAN_POINT('Ctrl Pts',(-0.0747167584400879,-0.447867800813347,
0.249999999999999));
#5507=CARTESIAN_POINT('Ctrl Pts',(-0.0747167584400879,-0.447867800813347,
0.499999999999999));
#5508=CARTESIAN_POINT('Ctrl Pts',(-0.0753525924642012,-0.450240504340487,
0.249999999999999));
#5509=CARTESIAN_POINT('Ctrl Pts',(-0.0753525924642012,-0.450240504340487,
0.499999999999999));
#5510=CARTESIAN_POINT('Ctrl Pts',(-0.0760312006580099,-0.452628505944639,
0.249999999999999));
#5511=CARTESIAN_POINT('Ctrl Pts',(-0.0760312006580099,-0.452628505944639,
0.499999999999999));
#5512=CARTESIAN_POINT('Ctrl Pts',(-0.0767719152958327,-0.455027584604219,
0.249999999999999));
#5513=CARTESIAN_POINT('Ctrl Pts',(-0.0767719152958327,-0.455027584604219,
0.499999999999999));
#5514=CARTESIAN_POINT('Ctrl Pts',(-0.078149145877608,-0.459601003504855,
0.249999999999999));
#5515=CARTESIAN_POINT('Ctrl Pts',(-0.078149145877608,-0.459601003504855,
0.499999999999999));
#5516=CARTESIAN_POINT('Ctrl Pts',(-0.0813132801693412,-0.465084695782375,
0.249999999999999));
#5517=CARTESIAN_POINT('Ctrl Pts',(-0.0813132801693412,-0.465084695782375,
0.499999999999999));
#5518=CARTESIAN_POINT('Ctrl Pts',(-0.0807618320207089,-0.471870301739822,
0.249999999999999));
#5519=CARTESIAN_POINT('Ctrl Pts',(-0.0807618320207089,-0.471870301739822,
0.499999999999999));
#5520=CARTESIAN_POINT('Ctrl Pts',(-0.0805744654075958,-0.477059293625618,
0.249999999999999));
#5521=CARTESIAN_POINT('Ctrl Pts',(-0.0805744654075958,-0.477059293625618,
0.499999999999999));
#5522=CARTESIAN_POINT('Ctrl Pts',(-0.0800819032474066,-0.482068769802481,
0.249999999999999));
#5523=CARTESIAN_POINT('Ctrl Pts',(-0.0800819032474066,-0.482068769802481,
0.499999999999999));
#5524=CARTESIAN_POINT('Ctrl Pts',(-0.0793180062294055,-0.487813536026105,
0.249999999999999));
#5525=CARTESIAN_POINT('Ctrl Pts',(-0.0793180062294055,-0.487813536026105,
0.499999999999999));
#5526=CARTESIAN_POINT('Ctrl Pts',(-0.078177873800015,-0.494286515639695,
0.249999999999999));
#5527=CARTESIAN_POINT('Ctrl Pts',(-0.078177873800015,-0.494286515639695,
0.499999999999999));
#5528=CARTESIAN_POINT('Ctrl Pts',(-0.0766160443329517,-0.501462794040716,
0.249999999999999));
#5529=CARTESIAN_POINT('Ctrl Pts',(-0.0766160443329517,-0.501462794040716,
0.499999999999999));
#5530=CARTESIAN_POINT('Ctrl Pts',(-0.0745691943933486,-0.509318407813772,
0.249999999999999));
#5531=CARTESIAN_POINT('Ctrl Pts',(-0.0745691943933486,-0.509318407813772,
0.499999999999999));
#5532=CARTESIAN_POINT('Ctrl Pts',(-0.0719814535318324,-0.517824335622549,
0.249999999999999));
#5533=CARTESIAN_POINT('Ctrl Pts',(-0.0719814535318324,-0.517824335622549,
0.499999999999999));
#5534=CARTESIAN_POINT('Ctrl Pts',(-0.0687966304035802,-0.526948497589606,
0.249999999999999));
#5535=CARTESIAN_POINT('Ctrl Pts',(-0.0687966304035802,-0.526948497589606,
0.499999999999999));
#5536=CARTESIAN_POINT('Ctrl Pts',(-0.0649608881463869,-0.536655237401703,
0.249999999999999));
#5537=CARTESIAN_POINT('Ctrl Pts',(-0.0649608881463869,-0.536655237401703,
0.499999999999999));
#5538=CARTESIAN_POINT('Ctrl Pts',(-0.06042216783304,-0.546905599331224,
0.249999999999999));
#5539=CARTESIAN_POINT('Ctrl Pts',(-0.06042216783304,-0.546905599331224,
0.499999999999999));
#5540=CARTESIAN_POINT('Ctrl Pts',(-0.0551305958469509,-0.557657375078343,
0.249999999999999));
#5541=CARTESIAN_POINT('Ctrl Pts',(-0.0551305958469509,-0.557657375078343,
0.499999999999999));
#5542=CARTESIAN_POINT('Ctrl Pts',(-0.0490386174857161,-0.568865227224602,
0.249999999999999));
#5543=CARTESIAN_POINT('Ctrl Pts',(-0.0490386174857161,-0.568865227224602,
0.499999999999999));
#5544=CARTESIAN_POINT('Ctrl Pts',(-0.0406204032385706,-0.582959931328011,
0.249999999999999));
#5545=CARTESIAN_POINT('Ctrl Pts',(-0.0406204032385706,-0.582959931328011,
0.499999999999999));
#5546=CARTESIAN_POINT('Ctrl Pts',(-0.0338346527912427,-0.593061319669999,
0.249999999999999));
#5547=CARTESIAN_POINT('Ctrl Pts',(-0.0338346527912427,-0.593061319669999,
0.499999999999999));
#5548=CARTESIAN_POINT('Ctrl Pts',(-0.0293737485214228,-0.599280554416689,
0.25));
#5549=CARTESIAN_POINT('Ctrl Pts',(-0.0293737485214228,-0.599280554416689,
0.5));
#5550=CARTESIAN_POINT('',(-0.328484410131385,-0.502093609104881,0.25));
#5551=CARTESIAN_POINT('Ctrl Pts',(-0.0293737485214228,-0.599280554416689,
0.25));
#5552=CARTESIAN_POINT('Ctrl Pts',(-0.0338346527912427,-0.593061319669999,
0.249999999999999));
#5553=CARTESIAN_POINT('Ctrl Pts',(-0.0406204032385706,-0.582959931328011,
0.249999999999999));
#5554=CARTESIAN_POINT('Ctrl Pts',(-0.0490386174857161,-0.568865227224602,
0.249999999999999));
#5555=CARTESIAN_POINT('Ctrl Pts',(-0.0551305958469509,-0.557657375078343,
0.249999999999999));
#5556=CARTESIAN_POINT('Ctrl Pts',(-0.06042216783304,-0.546905599331224,
0.249999999999999));
#5557=CARTESIAN_POINT('Ctrl Pts',(-0.0649608881463869,-0.536655237401703,
0.249999999999999));
#5558=CARTESIAN_POINT('Ctrl Pts',(-0.0687966304035802,-0.526948497589606,
0.249999999999999));
#5559=CARTESIAN_POINT('Ctrl Pts',(-0.0719814535318324,-0.517824335622549,
0.249999999999999));
#5560=CARTESIAN_POINT('Ctrl Pts',(-0.0745691943933486,-0.509318407813772,
0.249999999999999));
#5561=CARTESIAN_POINT('Ctrl Pts',(-0.0766160443329517,-0.501462794040716,
0.249999999999999));
#5562=CARTESIAN_POINT('Ctrl Pts',(-0.078177873800015,-0.494286515639695,
0.249999999999999));
#5563=CARTESIAN_POINT('Ctrl Pts',(-0.0793180062294055,-0.487813536026105,
0.249999999999999));
#5564=CARTESIAN_POINT('Ctrl Pts',(-0.0800819032474066,-0.482068769802481,
0.249999999999999));
#5565=CARTESIAN_POINT('Ctrl Pts',(-0.0805744654075958,-0.477059293625618,
0.249999999999999));
#5566=CARTESIAN_POINT('Ctrl Pts',(-0.0807618320207089,-0.471870301739822,
0.249999999999999));
#5567=CARTESIAN_POINT('Ctrl Pts',(-0.0813132801693412,-0.465084695782375,
0.249999999999999));
#5568=CARTESIAN_POINT('Ctrl Pts',(-0.078149145877608,-0.459601003504855,
0.249999999999999));
#5569=CARTESIAN_POINT('Ctrl Pts',(-0.0767719152958327,-0.455027584604219,
0.249999999999999));
#5570=CARTESIAN_POINT('Ctrl Pts',(-0.0760312006580099,-0.452628505944639,
0.249999999999999));
#5571=CARTESIAN_POINT('Ctrl Pts',(-0.0753525924642012,-0.450240504340487,
0.249999999999999));
#5572=CARTESIAN_POINT('Ctrl Pts',(-0.0747167584400879,-0.447867800813347,
0.249999999999999));
#5573=CARTESIAN_POINT('Ctrl Pts',(-0.0741286113681288,-0.445509543001907,
0.249999999999999));
#5574=CARTESIAN_POINT('Ctrl Pts',(-0.0735866990510337,-0.443166184917452,
0.249999999999999));
#5575=CARTESIAN_POINT('Ctrl Pts',(-0.073091279056935,-0.440837803958107,
0.249999999999999));
#5576=CARTESIAN_POINT('Ctrl Pts',(-0.072642193449084,-0.438524544005705,
0.249999999999999));
#5577=CARTESIAN_POINT('Ctrl Pts',(-0.0722394339024364,-0.436226497964391,
0.249999999999999));
#5578=CARTESIAN_POINT('Ctrl Pts',(-0.071882997637604,-0.433943738337952,
0.249999999999999));
#5579=CARTESIAN_POINT('Ctrl Pts',(-0.0715729309609971,-0.431676308984448,
0.249999999999999));
#5580=CARTESIAN_POINT('Ctrl Pts',(-0.0713093238458294,-0.429424227415411,
0.249999999999999));
#5581=CARTESIAN_POINT('Ctrl Pts',(-0.0710923180301282,-0.42718748469073,
0.249999999999999));
#5582=CARTESIAN_POINT('Ctrl Pts',(-0.0709221121833685,-0.424966046423441,
0.249999999999999));
#5583=CARTESIAN_POINT('Ctrl Pts',(-0.0707989685273095,-0.422759854081701,
0.249999999999999));
#5584=CARTESIAN_POINT('Ctrl Pts',(-0.0707232197899024,-0.420568826940566,
0.249999999999999));
#5585=CARTESIAN_POINT('Ctrl Pts',(-0.0706952768180027,-0.41839286475464,
0.249999999999999));
#5586=CARTESIAN_POINT('Ctrl Pts',(-0.0707156367798467,-0.416231851327423,
0.249999999999999));
#5587=CARTESIAN_POINT('Ctrl Pts',(-0.0707848919745055,-0.41408565916012,
0.249999999999999));
#5588=CARTESIAN_POINT('Ctrl Pts',(-0.0709037392170368,-0.411954155399814,
0.249999999999999));
#5589=CARTESIAN_POINT('Ctrl Pts',(-0.0710729897455849,-0.409837209340332,
0.249999999999999));
#5590=CARTESIAN_POINT('Ctrl Pts',(-0.0712935795551004,-0.407734701767109,
0.249999999999999));
#5591=CARTESIAN_POINT('Ctrl Pts',(-0.0715665800105905,-0.405646536476697,
0.249999999999999));
#5592=CARTESIAN_POINT('Ctrl Pts',(-0.071893208525008,-0.403572654340934,
0.249999999999999));
#5593=CARTESIAN_POINT('Ctrl Pts',(-0.0722748390006943,-0.401513050322535,
0.249999999999999));
#5594=CARTESIAN_POINT('Ctrl Pts',(-0.0727130116252261,-0.399467793878697,
0.249999999999999));
#5595=CARTESIAN_POINT('Ctrl Pts',(-0.0732094414794516,-0.397437053206741,
0.249999999999999));
#5596=CARTESIAN_POINT('Ctrl Pts',(-0.073766025254883,-0.395421123782587,
0.249999999999999));
#5597=CARTESIAN_POINT('Ctrl Pts',(-0.0743848451881327,-0.393420461608679,
0.249999999999999));
#5598=CARTESIAN_POINT('Ctrl Pts',(-0.0750681691028442,-0.39143572150913,
0.249999999999999));
#5599=CARTESIAN_POINT('Ctrl Pts',(-0.0758184452093534,-0.389467800669695,
0.249999999999999));
#5600=CARTESIAN_POINT('Ctrl Pts',(-0.0766382900596397,-0.387517887399232,
0.249999999999999));
#5601=CARTESIAN_POINT('Ctrl Pts',(-0.0775304678083071,-0.385587514765931,
0.249999999999999));
#5602=CARTESIAN_POINT('Ctrl Pts',(-0.0784978587182728,-0.383678618314586,
0.249999999999999));
#5603=CARTESIAN_POINT('Ctrl Pts',(-0.0795434147141733,-0.381793596482731,
0.249999999999999));
#5604=CARTESIAN_POINT('Ctrl Pts',(-0.0806700997836596,-0.379935371595467,
0.249999999999999));
#5605=CARTESIAN_POINT('Ctrl Pts',(-0.0818808132269662,-0.378107448438546,
0.249999999999999));
#5606=CARTESIAN_POINT('Ctrl Pts',(-0.0831782942416891,-0.376313966426143,
0.249999999999999));
#5607=CARTESIAN_POINT('Ctrl Pts',(-0.0845650071806348,-0.374559740349437,
0.249999999999999));
#5608=CARTESIAN_POINT('Ctrl Pts',(-0.0860430081307135,-0.372850283796043,
0.249999999999999));
#5609=CARTESIAN_POINT('Ctrl Pts',(-0.0876137951786349,-0.371191808501648,
0.249999999999999));
#5610=CARTESIAN_POINT('Ctrl Pts',(-0.0892781471600804,-0.369591193248219,
0.249999999999999));
#5611=CARTESIAN_POINT('Ctrl Pts',(-0.0910359574455253,-0.368055914292527,
0.249999999999999));
#5612=CARTESIAN_POINT('Ctrl Pts',(-0.0928860749471683,-0.366593938838684,
0.249999999999999));
#5613=CARTESIAN_POINT('Ctrl Pts',(-0.0948261554910075,-0.365213554933043,
0.249999999999999));
#5614=CARTESIAN_POINT('Ctrl Pts',(-0.0968525713656057,-0.36392323091972,
0.249999999999999));
#5615=CARTESIAN_POINT('Ctrl Pts',(-0.0989602640876556,-0.362731162657482,
0.249999999999999));
#5616=CARTESIAN_POINT('Ctrl Pts',(-0.101143040088217,-0.361645831904812,
0.249999999999999));
#5617=CARTESIAN_POINT('Ctrl Pts',(-0.103392481722175,-0.360672641198854,
0.249999999999999));
#5618=CARTESIAN_POINT('Ctrl Pts',(-0.105443027665666,-0.359920416392447,
0.249999999999999));
#5619=CARTESIAN_POINT('Ctrl Pts',(-0.109604676325176,-0.358569160059822,
0.249999999999999));
#5620=CARTESIAN_POINT('Ctrl Pts',(-0.115910342587786,-0.356735353170773,
0.249999999999999));
#5621=CARTESIAN_POINT('Ctrl Pts',(-0.12208961840003,-0.354512556473375,
0.249999999999999));
#5622=CARTESIAN_POINT('Ctrl Pts',(-0.126250711434575,-0.353159590102943,
0.249999999999999));
#5623=CARTESIAN_POINT('Ctrl Pts',(-0.12835178459822,-0.352562872090184,
0.249999999999999));
#5624=CARTESIAN_POINT('Ctrl Pts',(-0.130743648252577,-0.352028011291738,
0.249999999999999));
#5625=CARTESIAN_POINT('Ctrl Pts',(-0.133147492542224,-0.351623058772979,
0.249999999999999));
#5626=CARTESIAN_POINT('Ctrl Pts',(-0.135553331917552,-0.351348591557199,
0.249999999999999));
#5627=CARTESIAN_POINT('Ctrl Pts',(-0.137951170223483,-0.351201388246127,
0.249999999999999));
#5628=CARTESIAN_POINT('Ctrl Pts',(-0.140332097656143,-0.351177791552625,
0.249999999999999));
#5629=CARTESIAN_POINT('Ctrl Pts',(-0.142688201767545,-0.351273082757668,
0.249999999999999));
#5630=CARTESIAN_POINT('Ctrl Pts',(-0.145012714489668,-0.351481934561817,
0.249999999999999));
#5631=CARTESIAN_POINT('Ctrl Pts',(-0.147300021567839,-0.351798577953979,
0.249999999999999));
#5632=CARTESIAN_POINT('Ctrl Pts',(-0.149545642303488,-0.352217027190636,
0.249999999999999));
#5633=CARTESIAN_POINT('Ctrl Pts',(-0.151746163541324,-0.352731259432146,
0.249999999999999));
#5634=CARTESIAN_POINT('Ctrl Pts',(-0.153899146092325,-0.353335368725502,
0.249999999999999));
#5635=CARTESIAN_POINT('Ctrl Pts',(-0.156003012560258,-0.354023685947058,
0.249999999999999));
#5636=CARTESIAN_POINT('Ctrl Pts',(-0.158056926585173,-0.354790867338691,
0.249999999999999));
#5637=CARTESIAN_POINT('Ctrl Pts',(-0.160060671137872,-0.355631953984036,
0.249999999999999));
#5638=CARTESIAN_POINT('Ctrl Pts',(-0.16201453174014,-0.356542406285938,
0.249999999999999));
#5639=CARTESIAN_POINT('Ctrl Pts',(-0.16391918860876,-0.357518117845498,
0.249999999999999));
#5640=CARTESIAN_POINT('Ctrl Pts',(-0.165775620134719,-0.358555413188225,
0.249999999999999));
#5641=CARTESIAN_POINT('Ctrl Pts',(-0.167585018814979,-0.359651033449421,
0.249999999999999));
#5642=CARTESIAN_POINT('Ctrl Pts',(-0.169348719782717,-0.360802113621555,
0.249999999999999));
#5643=CARTESIAN_POINT('Ctrl Pts',(-0.17106814140253,-0.362006154371901,
0.249999999999999));
#5644=CARTESIAN_POINT('Ctrl Pts',(-0.172744736965629,-0.363260990840007,
0.249999999999999));
#5645=CARTESIAN_POINT('Ctrl Pts',(-0.174379956283927,-0.364564760268744,
0.249999999999999));
#5646=CARTESIAN_POINT('Ctrl Pts',(-0.175975215890717,-0.365915869836414,
0.249999999999999));
#5647=CARTESIAN_POINT('Ctrl Pts',(-0.177531876565276,-0.367312965650675,
0.249999999999999));
#5648=CARTESIAN_POINT('Ctrl Pts',(-0.179051226973256,-0.368754903537809,
0.249999999999999));
#5649=CARTESIAN_POINT('Ctrl Pts',(-0.180534472326661,-0.370240722006219,
0.249999999999999));
#5650=CARTESIAN_POINT('Ctrl Pts',(-0.181982727096678,-0.371769617571621,
0.249999999999999));
#5651=CARTESIAN_POINT('Ctrl Pts',(-0.183397010945735,-0.37334092249232,
0.249999999999999));
#5652=CARTESIAN_POINT('Ctrl Pts',(-0.1847782471733,-0.374954084865994,0.249999999999999));
#5653=CARTESIAN_POINT('Ctrl Pts',(-0.186127263087756,-0.376608650975219,
0.249999999999999));
#5654=CARTESIAN_POINT('Ctrl Pts',(-0.187444791821711,-0.378304249729697,
0.249999999999999));
#5655=CARTESIAN_POINT('Ctrl Pts',(-0.188731475199371,-0.380040579032079,
0.249999999999999));
#5656=CARTESIAN_POINT('Ctrl Pts',(-0.189987867342664,-0.381817393886398,
0.249999999999999));
#5657=CARTESIAN_POINT('Ctrl Pts',(-0.191214438767731,-0.38363449606944,
0.249999999999999));
#5658=CARTESIAN_POINT('Ctrl Pts',(-0.192411580779425,-0.385491725191713,
0.249999999999999));
#5659=CARTESIAN_POINT('Ctrl Pts',(-0.193579610009245,-0.387388950988484,
0.249999999999999));
#5660=CARTESIAN_POINT('Ctrl Pts',(-0.194718773003205,-0.389326066682926,
0.249999999999999));
#5661=CARTESIAN_POINT('Ctrl Pts',(-0.195829250700436,-0.39130298331969,
0.249999999999999));
#5662=CARTESIAN_POINT('Ctrl Pts',(-0.196911163024276,-0.393319624819957,
0.249999999999999));
#5663=CARTESIAN_POINT('Ctrl Pts',(-0.197964572471564,-0.395375924131669,
0.249999999999999));
#5664=CARTESIAN_POINT('Ctrl Pts',(-0.198989490725853,-0.397471818554688,
0.249999999999999));
#5665=CARTESIAN_POINT('Ctrl Pts',(-0.199985872921914,-0.3996072510659,0.249999999999999));
#5666=CARTESIAN_POINT('Ctrl Pts',(-0.200953657716956,-0.401782151397611,
0.249999999999999));
#5667=CARTESIAN_POINT('Ctrl Pts',(-0.201892632765848,-0.403996495979866,
0.249999999999999));
#5668=CARTESIAN_POINT('Ctrl Pts',(-0.202802960952109,-0.406250070801515,
0.249999999999999));
#5669=CARTESIAN_POINT('Ctrl Pts',(-0.203683200562315,-0.408543362139864,
0.249999999999999));
#5670=CARTESIAN_POINT('Ctrl Pts',(-0.204537827126373,-0.410874171908623,
0.249999999999999));
#5671=CARTESIAN_POINT('Ctrl Pts',(-0.205348719451583,-0.413250448455335,
0.249999999999999));
#5672=CARTESIAN_POINT('Ctrl Pts',(-0.206922704688103,-0.417759937893319,
0.249999999999999));
#5673=CARTESIAN_POINT('Ctrl Pts',(-0.207586099722443,-0.424056169610708,
0.249999999999999));
#5674=CARTESIAN_POINT('Ctrl Pts',(-0.212020709755858,-0.429221707058245,
0.249999999999999));
#5675=CARTESIAN_POINT('Ctrl Pts',(-0.215222305434782,-0.433309558345568,
0.249999999999999));
#5676=CARTESIAN_POINT('Ctrl Pts',(-0.218565292811631,-0.43707278893197,
0.249999999999999));
#5677=CARTESIAN_POINT('Ctrl Pts',(-0.22255998734526,-0.441271395034142,
0.249999999999999));
#5678=CARTESIAN_POINT('Ctrl Pts',(-0.227287095811734,-0.445837992518123,
0.249999999999999));
#5679=CARTESIAN_POINT('Ctrl Pts',(-0.232768753003368,-0.450725703373578,
0.249999999999999));
#5680=CARTESIAN_POINT('Ctrl Pts',(-0.23904210331295,-0.455877920209072,
0.249999999999999));
#5681=CARTESIAN_POINT('Ctrl Pts',(-0.246135288570019,-0.461238324444146,
0.249999999999999));
#5682=CARTESIAN_POINT('Ctrl Pts',(-0.254074912448618,-0.466747934468978,
0.249999999999999));
#5683=CARTESIAN_POINT('Ctrl Pts',(-0.26288357163012,-0.472346259206567,
0.249999999999999));
#5684=CARTESIAN_POINT('Ctrl Pts',(-0.272580485069165,-0.477971183341578,
0.249999999999999));
#5685=CARTESIAN_POINT('Ctrl Pts',(-0.283181191952982,-0.483559244665839,
0.249999999999999));
#5686=CARTESIAN_POINT('Ctrl Pts',(-0.294697516178031,-0.489045812484585,
0.249999999999999));
#5687=CARTESIAN_POINT('Ctrl Pts',(-0.309792653773671,-0.495500565449819,
0.249999999999999));
#5688=CARTESIAN_POINT('Ctrl Pts',(-0.321219888300246,-0.499684196246591,
0.249999999999999));
#5689=CARTESIAN_POINT('Ctrl Pts',(-0.328484410131772,-0.50209360910547,
0.25));
#5690=CARTESIAN_POINT('',(-0.328484410131385,-0.502093609104881,0.5));
#5691=CARTESIAN_POINT('Ctrl Pts',(-0.328484410131772,-0.50209360910547,
0.5));
#5692=CARTESIAN_POINT('Ctrl Pts',(-0.321219888300246,-0.499684196246591,
0.499999999999999));
#5693=CARTESIAN_POINT('Ctrl Pts',(-0.309792653773671,-0.495500565449819,
0.499999999999999));
#5694=CARTESIAN_POINT('Ctrl Pts',(-0.294697516178031,-0.489045812484585,
0.499999999999999));
#5695=CARTESIAN_POINT('Ctrl Pts',(-0.283181191952982,-0.483559244665839,
0.499999999999999));
#5696=CARTESIAN_POINT('Ctrl Pts',(-0.272580485069165,-0.477971183341578,
0.499999999999999));
#5697=CARTESIAN_POINT('Ctrl Pts',(-0.26288357163012,-0.472346259206567,
0.499999999999999));
#5698=CARTESIAN_POINT('Ctrl Pts',(-0.254074912448618,-0.466747934468978,
0.499999999999999));
#5699=CARTESIAN_POINT('Ctrl Pts',(-0.246135288570019,-0.461238324444146,
0.499999999999999));
#5700=CARTESIAN_POINT('Ctrl Pts',(-0.23904210331295,-0.455877920209072,
0.499999999999999));
#5701=CARTESIAN_POINT('Ctrl Pts',(-0.232768753003368,-0.450725703373578,
0.499999999999999));
#5702=CARTESIAN_POINT('Ctrl Pts',(-0.227287095811734,-0.445837992518123,
0.499999999999999));
#5703=CARTESIAN_POINT('Ctrl Pts',(-0.22255998734526,-0.441271395034142,
0.499999999999999));
#5704=CARTESIAN_POINT('Ctrl Pts',(-0.218565292811631,-0.43707278893197,
0.499999999999999));
#5705=CARTESIAN_POINT('Ctrl Pts',(-0.215222305434782,-0.433309558345568,
0.499999999999999));
#5706=CARTESIAN_POINT('Ctrl Pts',(-0.212020709755858,-0.429221707058245,
0.499999999999999));
#5707=CARTESIAN_POINT('Ctrl Pts',(-0.207586099722443,-0.424056169610708,
0.499999999999999));
#5708=CARTESIAN_POINT('Ctrl Pts',(-0.206922704688103,-0.417759937893319,
0.499999999999999));
#5709=CARTESIAN_POINT('Ctrl Pts',(-0.205348719451583,-0.413250448455335,
0.499999999999999));
#5710=CARTESIAN_POINT('Ctrl Pts',(-0.204537827126373,-0.410874171908623,
0.499999999999999));
#5711=CARTESIAN_POINT('Ctrl Pts',(-0.203683200562315,-0.408543362139864,
0.499999999999999));
#5712=CARTESIAN_POINT('Ctrl Pts',(-0.202802960952109,-0.406250070801515,
0.499999999999999));
#5713=CARTESIAN_POINT('Ctrl Pts',(-0.201892632765848,-0.403996495979866,
0.499999999999999));
#5714=CARTESIAN_POINT('Ctrl Pts',(-0.200953657716956,-0.401782151397611,
0.499999999999999));
#5715=CARTESIAN_POINT('Ctrl Pts',(-0.199985872921914,-0.3996072510659,0.499999999999999));
#5716=CARTESIAN_POINT('Ctrl Pts',(-0.198989490725853,-0.397471818554688,
0.499999999999999));
#5717=CARTESIAN_POINT('Ctrl Pts',(-0.197964572471564,-0.395375924131669,
0.499999999999999));
#5718=CARTESIAN_POINT('Ctrl Pts',(-0.196911163024276,-0.393319624819957,
0.499999999999999));
#5719=CARTESIAN_POINT('Ctrl Pts',(-0.195829250700436,-0.39130298331969,
0.499999999999999));
#5720=CARTESIAN_POINT('Ctrl Pts',(-0.194718773003205,-0.389326066682926,
0.499999999999999));
#5721=CARTESIAN_POINT('Ctrl Pts',(-0.193579610009245,-0.387388950988484,
0.499999999999999));
#5722=CARTESIAN_POINT('Ctrl Pts',(-0.192411580779425,-0.385491725191713,
0.499999999999999));
#5723=CARTESIAN_POINT('Ctrl Pts',(-0.191214438767731,-0.38363449606944,
0.499999999999999));
#5724=CARTESIAN_POINT('Ctrl Pts',(-0.189987867342664,-0.381817393886398,
0.499999999999999));
#5725=CARTESIAN_POINT('Ctrl Pts',(-0.188731475199371,-0.380040579032079,
0.499999999999999));
#5726=CARTESIAN_POINT('Ctrl Pts',(-0.187444791821711,-0.378304249729697,
0.499999999999999));
#5727=CARTESIAN_POINT('Ctrl Pts',(-0.186127263087756,-0.376608650975219,
0.499999999999999));
#5728=CARTESIAN_POINT('Ctrl Pts',(-0.1847782471733,-0.374954084865994,0.499999999999999));
#5729=CARTESIAN_POINT('Ctrl Pts',(-0.183397010945735,-0.37334092249232,
0.499999999999999));
#5730=CARTESIAN_POINT('Ctrl Pts',(-0.181982727096678,-0.371769617571621,
0.499999999999999));
#5731=CARTESIAN_POINT('Ctrl Pts',(-0.180534472326661,-0.370240722006219,
0.499999999999999));
#5732=CARTESIAN_POINT('Ctrl Pts',(-0.179051226973256,-0.368754903537809,
0.499999999999999));
#5733=CARTESIAN_POINT('Ctrl Pts',(-0.177531876565276,-0.367312965650675,
0.499999999999999));
#5734=CARTESIAN_POINT('Ctrl Pts',(-0.175975215890717,-0.365915869836414,
0.499999999999999));
#5735=CARTESIAN_POINT('Ctrl Pts',(-0.174379956283927,-0.364564760268744,
0.499999999999999));
#5736=CARTESIAN_POINT('Ctrl Pts',(-0.172744736965629,-0.363260990840007,
0.499999999999999));
#5737=CARTESIAN_POINT('Ctrl Pts',(-0.17106814140253,-0.362006154371901,
0.499999999999999));
#5738=CARTESIAN_POINT('Ctrl Pts',(-0.169348719782717,-0.360802113621555,
0.499999999999999));
#5739=CARTESIAN_POINT('Ctrl Pts',(-0.167585018814979,-0.359651033449421,
0.499999999999999));
#5740=CARTESIAN_POINT('Ctrl Pts',(-0.165775620134719,-0.358555413188225,
0.499999999999999));
#5741=CARTESIAN_POINT('Ctrl Pts',(-0.16391918860876,-0.357518117845498,
0.499999999999999));
#5742=CARTESIAN_POINT('Ctrl Pts',(-0.16201453174014,-0.356542406285938,
0.499999999999999));
#5743=CARTESIAN_POINT('Ctrl Pts',(-0.160060671137872,-0.355631953984036,
0.499999999999999));
#5744=CARTESIAN_POINT('Ctrl Pts',(-0.158056926585173,-0.354790867338691,
0.499999999999999));
#5745=CARTESIAN_POINT('Ctrl Pts',(-0.156003012560258,-0.354023685947058,
0.499999999999999));
#5746=CARTESIAN_POINT('Ctrl Pts',(-0.153899146092325,-0.353335368725502,
0.499999999999999));
#5747=CARTESIAN_POINT('Ctrl Pts',(-0.151746163541324,-0.352731259432146,
0.499999999999999));
#5748=CARTESIAN_POINT('Ctrl Pts',(-0.149545642303488,-0.352217027190636,
0.499999999999999));
#5749=CARTESIAN_POINT('Ctrl Pts',(-0.147300021567839,-0.351798577953979,
0.499999999999999));
#5750=CARTESIAN_POINT('Ctrl Pts',(-0.145012714489668,-0.351481934561817,
0.499999999999999));
#5751=CARTESIAN_POINT('Ctrl Pts',(-0.142688201767545,-0.351273082757668,
0.499999999999999));
#5752=CARTESIAN_POINT('Ctrl Pts',(-0.140332097656143,-0.351177791552625,
0.499999999999999));
#5753=CARTESIAN_POINT('Ctrl Pts',(-0.137951170223483,-0.351201388246127,
0.499999999999999));
#5754=CARTESIAN_POINT('Ctrl Pts',(-0.135553331917552,-0.351348591557199,
0.499999999999999));
#5755=CARTESIAN_POINT('Ctrl Pts',(-0.133147492542224,-0.351623058772979,
0.499999999999999));
#5756=CARTESIAN_POINT('Ctrl Pts',(-0.130743648252577,-0.352028011291738,
0.499999999999999));
#5757=CARTESIAN_POINT('Ctrl Pts',(-0.12835178459822,-0.352562872090184,
0.499999999999999));
#5758=CARTESIAN_POINT('Ctrl Pts',(-0.126250711434575,-0.353159590102943,
0.499999999999999));
#5759=CARTESIAN_POINT('Ctrl Pts',(-0.12208961840003,-0.354512556473375,
0.499999999999999));
#5760=CARTESIAN_POINT('Ctrl Pts',(-0.115910342587786,-0.356735353170773,
0.499999999999999));
#5761=CARTESIAN_POINT('Ctrl Pts',(-0.109604676325176,-0.358569160059822,
0.499999999999999));
#5762=CARTESIAN_POINT('Ctrl Pts',(-0.105443027665666,-0.359920416392447,
0.499999999999999));
#5763=CARTESIAN_POINT('Ctrl Pts',(-0.103392481722175,-0.360672641198854,
0.499999999999999));
#5764=CARTESIAN_POINT('Ctrl Pts',(-0.101143040088217,-0.361645831904812,
0.499999999999999));
#5765=CARTESIAN_POINT('Ctrl Pts',(-0.0989602640876556,-0.362731162657482,
0.499999999999999));
#5766=CARTESIAN_POINT('Ctrl Pts',(-0.0968525713656057,-0.36392323091972,
0.499999999999999));
#5767=CARTESIAN_POINT('Ctrl Pts',(-0.0948261554910075,-0.365213554933043,
0.499999999999999));
#5768=CARTESIAN_POINT('Ctrl Pts',(-0.0928860749471683,-0.366593938838684,
0.499999999999999));
#5769=CARTESIAN_POINT('Ctrl Pts',(-0.0910359574455253,-0.368055914292527,
0.499999999999999));
#5770=CARTESIAN_POINT('Ctrl Pts',(-0.0892781471600804,-0.369591193248219,
0.499999999999999));
#5771=CARTESIAN_POINT('Ctrl Pts',(-0.0876137951786349,-0.371191808501648,
0.499999999999999));
#5772=CARTESIAN_POINT('Ctrl Pts',(-0.0860430081307135,-0.372850283796043,
0.499999999999999));
#5773=CARTESIAN_POINT('Ctrl Pts',(-0.0845650071806348,-0.374559740349437,
0.499999999999999));
#5774=CARTESIAN_POINT('Ctrl Pts',(-0.0831782942416891,-0.376313966426143,
0.499999999999999));
#5775=CARTESIAN_POINT('Ctrl Pts',(-0.0818808132269662,-0.378107448438546,
0.499999999999999));
#5776=CARTESIAN_POINT('Ctrl Pts',(-0.0806700997836596,-0.379935371595467,
0.499999999999999));
#5777=CARTESIAN_POINT('Ctrl Pts',(-0.0795434147141733,-0.381793596482731,
0.499999999999999));
#5778=CARTESIAN_POINT('Ctrl Pts',(-0.0784978587182728,-0.383678618314586,
0.499999999999999));
#5779=CARTESIAN_POINT('Ctrl Pts',(-0.0775304678083071,-0.385587514765931,
0.499999999999999));
#5780=CARTESIAN_POINT('Ctrl Pts',(-0.0766382900596397,-0.387517887399232,
0.499999999999999));
#5781=CARTESIAN_POINT('Ctrl Pts',(-0.0758184452093534,-0.389467800669695,
0.499999999999999));
#5782=CARTESIAN_POINT('Ctrl Pts',(-0.0750681691028442,-0.39143572150913,
0.499999999999999));
#5783=CARTESIAN_POINT('Ctrl Pts',(-0.0743848451881327,-0.393420461608679,
0.499999999999999));
#5784=CARTESIAN_POINT('Ctrl Pts',(-0.073766025254883,-0.395421123782587,
0.499999999999999));
#5785=CARTESIAN_POINT('Ctrl Pts',(-0.0732094414794516,-0.397437053206741,
0.499999999999999));
#5786=CARTESIAN_POINT('Ctrl Pts',(-0.0727130116252261,-0.399467793878697,
0.499999999999999));
#5787=CARTESIAN_POINT('Ctrl Pts',(-0.0722748390006943,-0.401513050322535,
0.499999999999999));
#5788=CARTESIAN_POINT('Ctrl Pts',(-0.071893208525008,-0.403572654340934,
0.499999999999999));
#5789=CARTESIAN_POINT('Ctrl Pts',(-0.0715665800105905,-0.405646536476697,
0.499999999999999));
#5790=CARTESIAN_POINT('Ctrl Pts',(-0.0712935795551004,-0.407734701767109,
0.499999999999999));
#5791=CARTESIAN_POINT('Ctrl Pts',(-0.0710729897455849,-0.409837209340332,
0.499999999999999));
#5792=CARTESIAN_POINT('Ctrl Pts',(-0.0709037392170368,-0.411954155399814,
0.499999999999999));
#5793=CARTESIAN_POINT('Ctrl Pts',(-0.0707848919745055,-0.41408565916012,
0.499999999999999));
#5794=CARTESIAN_POINT('Ctrl Pts',(-0.0707156367798467,-0.416231851327423,
0.499999999999999));
#5795=CARTESIAN_POINT('Ctrl Pts',(-0.0706952768180027,-0.41839286475464,
0.499999999999999));
#5796=CARTESIAN_POINT('Ctrl Pts',(-0.0707232197899024,-0.420568826940566,
0.499999999999999));
#5797=CARTESIAN_POINT('Ctrl Pts',(-0.0707989685273095,-0.422759854081701,
0.499999999999999));
#5798=CARTESIAN_POINT('Ctrl Pts',(-0.0709221121833685,-0.424966046423441,
0.499999999999999));
#5799=CARTESIAN_POINT('Ctrl Pts',(-0.0710923180301282,-0.42718748469073,
0.499999999999999));
#5800=CARTESIAN_POINT('Ctrl Pts',(-0.0713093238458294,-0.429424227415411,
0.499999999999999));
#5801=CARTESIAN_POINT('Ctrl Pts',(-0.0715729309609971,-0.431676308984448,
0.499999999999999));
#5802=CARTESIAN_POINT('Ctrl Pts',(-0.071882997637604,-0.433943738337952,
0.499999999999999));
#5803=CARTESIAN_POINT('Ctrl Pts',(-0.0722394339024364,-0.436226497964391,
0.499999999999999));
#5804=CARTESIAN_POINT('Ctrl Pts',(-0.072642193449084,-0.438524544005705,
0.499999999999999));
#5805=CARTESIAN_POINT('Ctrl Pts',(-0.073091279056935,-0.440837803958107,
0.499999999999999));
#5806=CARTESIAN_POINT('Ctrl Pts',(-0.0735866990510337,-0.443166184917452,
0.499999999999999));
#5807=CARTESIAN_POINT('Ctrl Pts',(-0.0741286113681288,-0.445509543001907,
0.499999999999999));
#5808=CARTESIAN_POINT('Ctrl Pts',(-0.0747167584400879,-0.447867800813347,
0.499999999999999));
#5809=CARTESIAN_POINT('Ctrl Pts',(-0.0753525924642012,-0.450240504340487,
0.499999999999999));
#5810=CARTESIAN_POINT('Ctrl Pts',(-0.0760312006580099,-0.452628505944639,
0.499999999999999));
#5811=CARTESIAN_POINT('Ctrl Pts',(-0.0767719152958327,-0.455027584604219,
0.499999999999999));
#5812=CARTESIAN_POINT('Ctrl Pts',(-0.078149145877608,-0.459601003504855,
0.499999999999999));
#5813=CARTESIAN_POINT('Ctrl Pts',(-0.0813132801693412,-0.465084695782375,
0.499999999999999));
#5814=CARTESIAN_POINT('Ctrl Pts',(-0.0807618320207089,-0.471870301739822,
0.499999999999999));
#5815=CARTESIAN_POINT('Ctrl Pts',(-0.0805744654075958,-0.477059293625618,
0.499999999999999));
#5816=CARTESIAN_POINT('Ctrl Pts',(-0.0800819032474066,-0.482068769802481,
0.499999999999999));
#5817=CARTESIAN_POINT('Ctrl Pts',(-0.0793180062294055,-0.487813536026105,
0.499999999999999));
#5818=CARTESIAN_POINT('Ctrl Pts',(-0.078177873800015,-0.494286515639695,
0.499999999999999));
#5819=CARTESIAN_POINT('Ctrl Pts',(-0.0766160443329517,-0.501462794040716,
0.499999999999999));
#5820=CARTESIAN_POINT('Ctrl Pts',(-0.0745691943933486,-0.509318407813772,
0.499999999999999));
#5821=CARTESIAN_POINT('Ctrl Pts',(-0.0719814535318324,-0.517824335622549,
0.499999999999999));
#5822=CARTESIAN_POINT('Ctrl Pts',(-0.0687966304035802,-0.526948497589606,
0.499999999999999));
#5823=CARTESIAN_POINT('Ctrl Pts',(-0.0649608881463869,-0.536655237401703,
0.499999999999999));
#5824=CARTESIAN_POINT('Ctrl Pts',(-0.06042216783304,-0.546905599331224,
0.499999999999999));
#5825=CARTESIAN_POINT('Ctrl Pts',(-0.0551305958469509,-0.557657375078343,
0.499999999999999));
#5826=CARTESIAN_POINT('Ctrl Pts',(-0.0490386174857161,-0.568865227224602,
0.499999999999999));
#5827=CARTESIAN_POINT('Ctrl Pts',(-0.0406204032385706,-0.582959931328011,
0.499999999999999));
#5828=CARTESIAN_POINT('Ctrl Pts',(-0.0338346527912427,-0.593061319669999,
0.499999999999999));
#5829=CARTESIAN_POINT('Ctrl Pts',(-0.0293737485214228,-0.599280554416689,
0.5));
#5830=CARTESIAN_POINT('',(-0.328484410131385,-0.502093609104881,0.25));
#5831=CARTESIAN_POINT('Origin',(0.,0.,0.25));
#5832=CARTESIAN_POINT('',(-0.376012133614108,-0.467562696735203,0.250000000000001));
#5833=CARTESIAN_POINT('Origin',(0.,0.,0.25));
#5834=CARTESIAN_POINT('',(-0.376012133614108,-0.467562696735203,0.5));
#5835=CARTESIAN_POINT('Origin',(0.,0.,0.5));
#5836=CARTESIAN_POINT('',(-0.376012133614108,-0.467562696735203,0.250000000000001));
#5837=CARTESIAN_POINT('Ctrl Pts',(-0.560872688885349,-0.213123970652512,
0.25));
#5838=CARTESIAN_POINT('Ctrl Pts',(-0.560872688885349,-0.213123970652512,
0.5));
#5839=CARTESIAN_POINT('Ctrl Pts',(-0.553579349923486,-0.215444693498159,
0.249999999999985));
#5840=CARTESIAN_POINT('Ctrl Pts',(-0.553579349923486,-0.215444693498159,
0.499999999999985));
#5841=CARTESIAN_POINT('Ctrl Pts',(-0.541875446509398,-0.218776825014587,
0.249999999999985));
#5842=CARTESIAN_POINT('Ctrl Pts',(-0.541875446509398,-0.218776825014587,
0.499999999999985));
#5843=CARTESIAN_POINT('Ctrl Pts',(-0.525869215061942,-0.222427519431264,
0.249999999999985));
#5844=CARTESIAN_POINT('Ctrl Pts',(-0.525869215061942,-0.222427519431264,
0.499999999999985));
#5845=CARTESIAN_POINT('Ctrl Pts',(-0.513327389401584,-0.22475791836521,
0.249999999999985));
#5846=CARTESIAN_POINT('Ctrl Pts',(-0.513327389401584,-0.22475791836521,
0.499999999999985));
#5847=CARTESIAN_POINT('Ctrl Pts',(-0.501466657344882,-0.226468020958456,
0.249999999999985));
#5848=CARTESIAN_POINT('Ctrl Pts',(-0.501466657344882,-0.226468020958456,
0.499999999999985));
#5849=CARTESIAN_POINT('Ctrl Pts',(-0.490315442127888,-0.22761706445339,
0.249999999999985));
#5850=CARTESIAN_POINT('Ctrl Pts',(-0.490315442127888,-0.22761706445339,
0.499999999999985));
#5851=CARTESIAN_POINT('Ctrl Pts',(-0.479898474434097,-0.228265524560009,
0.249999999999985));
#5852=CARTESIAN_POINT('Ctrl Pts',(-0.479898474434097,-0.228265524560009,
0.499999999999985));
#5853=CARTESIAN_POINT('Ctrl Pts',(-0.470236716268887,-0.22847495024213,
0.249999999999985));
#5854=CARTESIAN_POINT('Ctrl Pts',(-0.470236716268887,-0.22847495024213,
0.499999999999985));
#5855=CARTESIAN_POINT('Ctrl Pts',(-0.461347442295966,-0.22830756180512,
0.249999999999985));
#5856=CARTESIAN_POINT('Ctrl Pts',(-0.461347442295966,-0.22830756180512,
0.499999999999985));
#5857=CARTESIAN_POINT('Ctrl Pts',(-0.45324379821133,-0.227826713620937,
0.249999999999985));
#5858=CARTESIAN_POINT('Ctrl Pts',(-0.45324379821133,-0.227826713620937,
0.499999999999985));
#5859=CARTESIAN_POINT('Ctrl Pts',(-0.445936120027654,-0.227094509730649,
0.249999999999985));
#5860=CARTESIAN_POINT('Ctrl Pts',(-0.445936120027654,-0.227094509730649,
0.499999999999985));
#5861=CARTESIAN_POINT('Ctrl Pts',(-0.439427630289783,-0.226178579402218,
0.249999999999985));
#5862=CARTESIAN_POINT('Ctrl Pts',(-0.439427630289783,-0.226178579402218,
0.499999999999985));
#5863=CARTESIAN_POINT('Ctrl Pts',(-0.433727975777699,-0.225129858247155,
0.249999999999985));
#5864=CARTESIAN_POINT('Ctrl Pts',(-0.433727975777699,-0.225129858247155,
0.499999999999985));
#5865=CARTESIAN_POINT('Ctrl Pts',(-0.428811470738184,-0.224050299427716,
0.249999999999985));
#5866=CARTESIAN_POINT('Ctrl Pts',(-0.428811470738184,-0.224050299427716,
0.499999999999985));
#5867=CARTESIAN_POINT('Ctrl Pts',(-0.423818546724564,-0.222625008989669,
0.249999999999985));
#5868=CARTESIAN_POINT('Ctrl Pts',(-0.423818546724564,-0.222625008989669,
0.499999999999985));
#5869=CARTESIAN_POINT('Ctrl Pts',(-0.417194645112279,-0.221052599786842,
0.249999999999985));
#5870=CARTESIAN_POINT('Ctrl Pts',(-0.417194645112279,-0.221052599786842,
0.499999999999985));
#5871=CARTESIAN_POINT('Ctrl Pts',(-0.412957115107016,-0.21634877514458,
0.249999999999985));
#5872=CARTESIAN_POINT('Ctrl Pts',(-0.412957115107016,-0.21634877514458,
0.499999999999985));
#5873=CARTESIAN_POINT('Ctrl Pts',(-0.409033122914761,-0.213625686862649,
0.249999999999985));
#5874=CARTESIAN_POINT('Ctrl Pts',(-0.409033122914761,-0.213625686862649,
0.499999999999985));
#5875=CARTESIAN_POINT('Ctrl Pts',(-0.406980356933532,-0.21217986930298,
0.249999999999985));
#5876=CARTESIAN_POINT('Ctrl Pts',(-0.406980356933532,-0.21217986930298,
0.499999999999985));
#5877=CARTESIAN_POINT('Ctrl Pts',(-0.404918933911389,-0.21079654147997,
0.249999999999985));
#5878=CARTESIAN_POINT('Ctrl Pts',(-0.404918933911389,-0.21079654147997,
0.499999999999985));
#5879=CARTESIAN_POINT('Ctrl Pts',(-0.402858842279719,-0.209458621675555,
0.249999999999985));
#5880=CARTESIAN_POINT('Ctrl Pts',(-0.402858842279719,-0.209458621675555,
0.499999999999985));
#5881=CARTESIAN_POINT('Ctrl Pts',(-0.400797753261472,-0.208170518829376,
0.249999999999985));
#5882=CARTESIAN_POINT('Ctrl Pts',(-0.400797753261472,-0.208170518829376,
0.499999999999985));
#5883=CARTESIAN_POINT('Ctrl Pts',(-0.398736547400681,-0.206930992116939,
0.249999999999985));
#5884=CARTESIAN_POINT('Ctrl Pts',(-0.398736547400681,-0.206930992116939,
0.499999999999985));
#5885=CARTESIAN_POINT('Ctrl Pts',(-0.396675218714408,-0.205740310417432,
0.249999999999985));
#5886=CARTESIAN_POINT('Ctrl Pts',(-0.396675218714408,-0.205740310417432,
0.499999999999985));
#5887=CARTESIAN_POINT('Ctrl Pts',(-0.394613952847547,-0.204598367986012,
0.249999999999985));
#5888=CARTESIAN_POINT('Ctrl Pts',(-0.394613952847547,-0.204598367986012,
0.499999999999985));
#5889=CARTESIAN_POINT('Ctrl Pts',(-0.392552840729769,-0.20350518561405,
0.249999999999985));
#5890=CARTESIAN_POINT('Ctrl Pts',(-0.392552840729769,-0.20350518561405,
0.499999999999985));
#5891=CARTESIAN_POINT('Ctrl Pts',(-0.390491952175154,-0.202460783063095,
0.249999999999985));
#5892=CARTESIAN_POINT('Ctrl Pts',(-0.390491952175154,-0.202460783063095,
0.499999999999985));
#5893=CARTESIAN_POINT('Ctrl Pts',(-0.388431314585726,-0.201465217926045,
0.249999999999985));
#5894=CARTESIAN_POINT('Ctrl Pts',(-0.388431314585726,-0.201465217926045,
0.499999999999985));
#5895=CARTESIAN_POINT('Ctrl Pts',(-0.38637091681269,-0.200518581183872,
0.249999999999985));
#5896=CARTESIAN_POINT('Ctrl Pts',(-0.38637091681269,-0.200518581183872,
0.499999999999985));
#5897=CARTESIAN_POINT('Ctrl Pts',(-0.384310706554036,-0.199621004874804,
0.249999999999985));
#5898=CARTESIAN_POINT('Ctrl Pts',(-0.384310706554036,-0.199621004874804,
0.499999999999985));
#5899=CARTESIAN_POINT('Ctrl Pts',(-0.382250589713574,-0.198772667318585,
0.249999999999985));
#5900=CARTESIAN_POINT('Ctrl Pts',(-0.382250589713574,-0.198772667318585,
0.499999999999985));
#5901=CARTESIAN_POINT('Ctrl Pts',(-0.380190429593234,-0.197973799815592,
0.249999999999985));
#5902=CARTESIAN_POINT('Ctrl Pts',(-0.380190429593234,-0.197973799815592,
0.499999999999985));
#5903=CARTESIAN_POINT('Ctrl Pts',(-0.378130046600439,-0.197224693863532,
0.249999999999985));
#5904=CARTESIAN_POINT('Ctrl Pts',(-0.378130046600439,-0.197224693863532,
0.499999999999985));
#5905=CARTESIAN_POINT('Ctrl Pts',(-0.376069218437493,-0.196525709223454,
0.249999999999985));
#5906=CARTESIAN_POINT('Ctrl Pts',(-0.376069218437493,-0.196525709223454,
0.499999999999985));
#5907=CARTESIAN_POINT('Ctrl Pts',(-0.374007680961523,-0.195877282823755,
0.249999999999985));
#5908=CARTESIAN_POINT('Ctrl Pts',(-0.374007680961523,-0.195877282823755,
0.499999999999985));
#5909=CARTESIAN_POINT('Ctrl Pts',(-0.371945129883489,-0.195279938575031,
0.249999999999985));
#5910=CARTESIAN_POINT('Ctrl Pts',(-0.371945129883489,-0.195279938575031,
0.499999999999985));
#5911=CARTESIAN_POINT('Ctrl Pts',(-0.369881223525066,-0.194734298133976,
0.249999999999985));
#5912=CARTESIAN_POINT('Ctrl Pts',(-0.369881223525066,-0.194734298133976,
0.499999999999985));
#5913=CARTESIAN_POINT('Ctrl Pts',(-0.367815586890921,-0.194241092643483,
0.249999999999985));
#5914=CARTESIAN_POINT('Ctrl Pts',(-0.367815586890921,-0.194241092643483,
0.499999999999985));
#5915=CARTESIAN_POINT('Ctrl Pts',(-0.365747817362922,-0.193801175448323,
0.249999999999985));
#5916=CARTESIAN_POINT('Ctrl Pts',(-0.365747817362922,-0.193801175448323,
0.499999999999985));
#5917=CARTESIAN_POINT('Ctrl Pts',(-0.363677492376155,-0.193415535748667,
0.249999999999985));
#5918=CARTESIAN_POINT('Ctrl Pts',(-0.363677492376155,-0.193415535748667,
0.499999999999985));
#5919=CARTESIAN_POINT('Ctrl Pts',(-0.361604179495108,-0.19308531310143,
0.249999999999985));
#5920=CARTESIAN_POINT('Ctrl Pts',(-0.361604179495108,-0.19308531310143,
0.499999999999985));
#5921=CARTESIAN_POINT('Ctrl Pts',(-0.359527449369862,-0.19281181260878,
0.249999999999985));
#5922=CARTESIAN_POINT('Ctrl Pts',(-0.359527449369862,-0.19281181260878,
0.499999999999985));
#5923=CARTESIAN_POINT('Ctrl Pts',(-0.357446892114006,-0.192596520539603,
0.249999999999985));
#5924=CARTESIAN_POINT('Ctrl Pts',(-0.357446892114006,-0.192596520539603,
0.499999999999985));
#5925=CARTESIAN_POINT('Ctrl Pts',(-0.355362137703566,-0.192441120008544,
0.249999999999985));
#5926=CARTESIAN_POINT('Ctrl Pts',(-0.355362137703566,-0.192441120008544,
0.499999999999985));
#5927=CARTESIAN_POINT('Ctrl Pts',(-0.353272881042931,-0.192347506183508,
0.249999999999985));
#5928=CARTESIAN_POINT('Ctrl Pts',(-0.353272881042931,-0.192347506183508,
0.499999999999985));
#5929=CARTESIAN_POINT('Ctrl Pts',(-0.351178912369699,-0.192317800301698,
0.249999999999985));
#5930=CARTESIAN_POINT('Ctrl Pts',(-0.351178912369699,-0.192317800301698,
0.499999999999985));
#5931=CARTESIAN_POINT('Ctrl Pts',(-0.349080153662562,-0.192354361543347,
0.249999999999985));
#5932=CARTESIAN_POINT('Ctrl Pts',(-0.349080153662562,-0.192354361543347,
0.499999999999985));
#5933=CARTESIAN_POINT('Ctrl Pts',(-0.34697670165728,-0.192459795540493,
0.249999999999985));
#5934=CARTESIAN_POINT('Ctrl Pts',(-0.34697670165728,-0.192459795540493,
0.499999999999985));
#5935=CARTESIAN_POINT('Ctrl Pts',(-0.344868877943706,-0.192636957989579,
0.249999999999985));
#5936=CARTESIAN_POINT('Ctrl Pts',(-0.344868877943706,-0.192636957989579,
0.499999999999985));
#5937=CARTESIAN_POINT('Ctrl Pts',(-0.342757286385586,-0.192888951501976,
0.249999999999985));
#5938=CARTESIAN_POINT('Ctrl Pts',(-0.342757286385586,-0.192888951501976,
0.499999999999985));
#5939=CARTESIAN_POINT('Ctrl Pts',(-0.340642877745218,-0.193219113486736,
0.249999999999985));
#5940=CARTESIAN_POINT('Ctrl Pts',(-0.340642877745218,-0.193219113486736,
0.499999999999985));
#5941=CARTESIAN_POINT('Ctrl Pts',(-0.33852702087737,-0.193630992548978,
0.249999999999985));
#5942=CARTESIAN_POINT('Ctrl Pts',(-0.33852702087737,-0.193630992548978,
0.499999999999985));
#5943=CARTESIAN_POINT('Ctrl Pts',(-0.336411579155816,-0.19412831065659,
0.249999999999985));
#5944=CARTESIAN_POINT('Ctrl Pts',(-0.336411579155816,-0.19412831065659,
0.499999999999985));
#5945=CARTESIAN_POINT('Ctrl Pts',(-0.33429898989684,-0.194714908246313,
0.249999999999985));
#5946=CARTESIAN_POINT('Ctrl Pts',(-0.33429898989684,-0.194714908246313,
0.499999999999985));
#5947=CARTESIAN_POINT('Ctrl Pts',(-0.332192343458657,-0.195394669599196,
0.249999999999985));
#5948=CARTESIAN_POINT('Ctrl Pts',(-0.332192343458657,-0.195394669599196,
0.499999999999985));
#5949=CARTESIAN_POINT('Ctrl Pts',(-0.330095457452897,-0.196171426306333,
0.249999999999985));
#5950=CARTESIAN_POINT('Ctrl Pts',(-0.330095457452897,-0.196171426306333,
0.499999999999985));
#5951=CARTESIAN_POINT('Ctrl Pts',(-0.328012940247192,-0.197048837614851,
0.249999999999985));
#5952=CARTESIAN_POINT('Ctrl Pts',(-0.328012940247192,-0.197048837614851,
0.499999999999985));
#5953=CARTESIAN_POINT('Ctrl Pts',(-0.325950236618991,-0.19803024782177,
0.249999999999985));
#5954=CARTESIAN_POINT('Ctrl Pts',(-0.325950236618991,-0.19803024782177,
0.499999999999985));
#5955=CARTESIAN_POINT('Ctrl Pts',(-0.323913648005248,-0.199118523304367,
0.249999999999985));
#5956=CARTESIAN_POINT('Ctrl Pts',(-0.323913648005248,-0.199118523304367,
0.499999999999985));
#5957=CARTESIAN_POINT('Ctrl Pts',(-0.321910317699016,-0.200315872942335,
0.249999999999985));
#5958=CARTESIAN_POINT('Ctrl Pts',(-0.321910317699016,-0.200315872942335,
0.499999999999985));
#5959=CARTESIAN_POINT('Ctrl Pts',(-0.319948178667378,-0.201623663987588,
0.249999999999985));
#5960=CARTESIAN_POINT('Ctrl Pts',(-0.319948178667378,-0.201623663987588,
0.499999999999985));
#5961=CARTESIAN_POINT('Ctrl Pts',(-0.318035837700425,-0.203042228145339,
0.249999999999985));
#5962=CARTESIAN_POINT('Ctrl Pts',(-0.318035837700425,-0.203042228145339,
0.499999999999985));
#5963=CARTESIAN_POINT('Ctrl Pts',(-0.316182469696501,-0.204570732119233,
0.249999999999985));
#5964=CARTESIAN_POINT('Ctrl Pts',(-0.316182469696501,-0.204570732119233,
0.499999999999985));
#5965=CARTESIAN_POINT('Ctrl Pts',(-0.314397432537797,-0.206206897665399,
0.249999999999985));
#5966=CARTESIAN_POINT('Ctrl Pts',(-0.314397432537797,-0.206206897665399,
0.499999999999985));
#5967=CARTESIAN_POINT('Ctrl Pts',(-0.312690706774047,-0.207947455357253,
0.249999999999985));
#5968=CARTESIAN_POINT('Ctrl Pts',(-0.312690706774047,-0.207947455357253,
0.499999999999985));
#5969=CARTESIAN_POINT('Ctrl Pts',(-0.311070031718801,-0.209786069014345,
0.249999999999985));
#5970=CARTESIAN_POINT('Ctrl Pts',(-0.311070031718801,-0.209786069014345,
0.499999999999985));
#5971=CARTESIAN_POINT('Ctrl Pts',(-0.309720969870663,-0.211503803847095,
0.249999999999985));
#5972=CARTESIAN_POINT('Ctrl Pts',(-0.309720969870663,-0.211503803847095,
0.499999999999985));
#5973=CARTESIAN_POINT('Ctrl Pts',(-0.307149828569929,-0.215044205752715,
0.249999999999985));
#5974=CARTESIAN_POINT('Ctrl Pts',(-0.307149828569929,-0.215044205752715,
0.499999999999985));
#5975=CARTESIAN_POINT('Ctrl Pts',(-0.303457216542469,-0.220474573248236,
0.249999999999985));
#5976=CARTESIAN_POINT('Ctrl Pts',(-0.303457216542469,-0.220474573248236,
0.499999999999985));
#5977=CARTESIAN_POINT('Ctrl Pts',(-0.299433710020095,-0.225664531820919,
0.249999999999985));
#5978=CARTESIAN_POINT('Ctrl Pts',(-0.299433710020095,-0.225664531820919,
0.499999999999985));
#5979=CARTESIAN_POINT('Ctrl Pts',(-0.296861114074318,-0.229203876865051,
0.249999999999985));
#5980=CARTESIAN_POINT('Ctrl Pts',(-0.296861114074318,-0.229203876865051,
0.499999999999985));
#5981=CARTESIAN_POINT('Ctrl Pts',(-0.295644334205901,-0.231017720181757,
0.249999999999985));
#5982=CARTESIAN_POINT('Ctrl Pts',(-0.295644334205901,-0.231017720181757,
0.499999999999985));
#5983=CARTESIAN_POINT('Ctrl Pts',(-0.294396524840805,-0.233127236619978,
0.249999999999985));
#5984=CARTESIAN_POINT('Ctrl Pts',(-0.294396524840805,-0.233127236619978,
0.499999999999985));
#5985=CARTESIAN_POINT('Ctrl Pts',(-0.293268563371716,-0.235288291185594,
0.249999999999985));
#5986=CARTESIAN_POINT('Ctrl Pts',(-0.293268563371716,-0.235288291185594,
0.499999999999985));
#5987=CARTESIAN_POINT('Ctrl Pts',(-0.292264084284927,-0.237491565366585,
0.249999999999985));
#5988=CARTESIAN_POINT('Ctrl Pts',(-0.292264084284927,-0.237491565366585,
0.499999999999985));
#5989=CARTESIAN_POINT('Ctrl Pts',(-0.291383112830416,-0.239726556787713,
0.249999999999985));
#5990=CARTESIAN_POINT('Ctrl Pts',(-0.291383112830416,-0.239726556787713,
0.499999999999985));
#5991=CARTESIAN_POINT('Ctrl Pts',(-0.290624924002232,-0.241983661558067,
0.249999999999985));
#5992=CARTESIAN_POINT('Ctrl Pts',(-0.290624924002232,-0.241983661558067,
0.499999999999985));
#5993=CARTESIAN_POINT('Ctrl Pts',(-0.289987475112794,-0.244253896328058,
0.249999999999985));
#5994=CARTESIAN_POINT('Ctrl Pts',(-0.289987475112794,-0.244253896328058,
0.499999999999985));
#5995=CARTESIAN_POINT('Ctrl Pts',(-0.289467791047293,-0.246529178056432,
0.249999999999985));
#5996=CARTESIAN_POINT('Ctrl Pts',(-0.289467791047293,-0.246529178056432,
0.499999999999985));
#5997=CARTESIAN_POINT('Ctrl Pts',(-0.289062120050242,-0.248802384547229,
0.249999999999985));
#5998=CARTESIAN_POINT('Ctrl Pts',(-0.289062120050242,-0.248802384547229,
0.499999999999985));
#5999=CARTESIAN_POINT('Ctrl Pts',(-0.288766153953266,-0.251067404706406,
0.249999999999985));
#6000=CARTESIAN_POINT('Ctrl Pts',(-0.288766153953266,-0.251067404706406,
0.499999999999985));
#6001=CARTESIAN_POINT('Ctrl Pts',(-0.28857521941847,-0.253319131270578,
0.249999999999985));
#6002=CARTESIAN_POINT('Ctrl Pts',(-0.28857521941847,-0.253319131270578,
0.499999999999985));
#6003=CARTESIAN_POINT('Ctrl Pts',(-0.288484453301618,-0.255553419393284,
0.249999999999985));
#6004=CARTESIAN_POINT('Ctrl Pts',(-0.288484453301618,-0.255553419393284,
0.499999999999985));
#6005=CARTESIAN_POINT('Ctrl Pts',(-0.288488951387971,-0.257767017026008,
0.249999999999985));
#6006=CARTESIAN_POINT('Ctrl Pts',(-0.288488951387971,-0.257767017026008,
0.499999999999985));
#6007=CARTESIAN_POINT('Ctrl Pts',(-0.28858388991098,-0.259957477431096,
0.249999999999985));
#6008=CARTESIAN_POINT('Ctrl Pts',(-0.28858388991098,-0.259957477431096,
0.499999999999985));
#6009=CARTESIAN_POINT('Ctrl Pts',(-0.288764619726633,-0.262123061812086,
0.249999999999985));
#6010=CARTESIAN_POINT('Ctrl Pts',(-0.288764619726633,-0.262123061812086,
0.499999999999985));
#6011=CARTESIAN_POINT('Ctrl Pts',(-0.289026735190393,-0.26426263890366,
0.249999999999985));
#6012=CARTESIAN_POINT('Ctrl Pts',(-0.289026735190393,-0.26426263890366,
0.499999999999985));
#6013=CARTESIAN_POINT('Ctrl Pts',(-0.289366120686281,-0.26637558668338,
0.249999999999985));
#6014=CARTESIAN_POINT('Ctrl Pts',(-0.289366120686281,-0.26637558668338,
0.499999999999985));
#6015=CARTESIAN_POINT('Ctrl Pts',(-0.289778978290889,-0.268461699872287,
0.249999999999985));
#6016=CARTESIAN_POINT('Ctrl Pts',(-0.289778978290889,-0.268461699872287,
0.499999999999985));
#6017=CARTESIAN_POINT('Ctrl Pts',(-0.290261840137884,-0.270521105557815,
0.249999999999985));
#6018=CARTESIAN_POINT('Ctrl Pts',(-0.290261840137884,-0.270521105557815,
0.499999999999985));
#6019=CARTESIAN_POINT('Ctrl Pts',(-0.290811568864344,-0.272554188191056,
0.249999999999985));
#6020=CARTESIAN_POINT('Ctrl Pts',(-0.290811568864344,-0.272554188191056,
0.499999999999985));
#6021=CARTESIAN_POINT('Ctrl Pts',(-0.291425349164828,-0.274561524380615,
0.249999999999985));
#6022=CARTESIAN_POINT('Ctrl Pts',(-0.291425349164828,-0.274561524380615,
0.499999999999985));
#6023=CARTESIAN_POINT('Ctrl Pts',(-0.292100673043013,-0.276543827309898,
0.249999999999985));
#6024=CARTESIAN_POINT('Ctrl Pts',(-0.292100673043013,-0.276543827309898,
0.499999999999985));
#6025=CARTESIAN_POINT('Ctrl Pts',(-0.292835320895076,-0.278501900208363,
0.249999999999985));
#6026=CARTESIAN_POINT('Ctrl Pts',(-0.292835320895076,-0.278501900208363,
0.499999999999985));
#6027=CARTESIAN_POINT('Ctrl Pts',(-0.293627340124699,-0.280436598070256,
0.249999999999985));
#6028=CARTESIAN_POINT('Ctrl Pts',(-0.293627340124699,-0.280436598070256,
0.499999999999985));
#6029=CARTESIAN_POINT('Ctrl Pts',(-0.294475022599826,-0.282348796697833,
0.249999999999985));
#6030=CARTESIAN_POINT('Ctrl Pts',(-0.294475022599826,-0.282348796697833,
0.499999999999985));
#6031=CARTESIAN_POINT('Ctrl Pts',(-0.295376881927002,-0.284239368115835,
0.249999999999985));
#6032=CARTESIAN_POINT('Ctrl Pts',(-0.295376881927002,-0.284239368115835,
0.499999999999985));
#6033=CARTESIAN_POINT('Ctrl Pts',(-0.296331631242385,-0.28610916143175,
0.249999999999985));
#6034=CARTESIAN_POINT('Ctrl Pts',(-0.296331631242385,-0.28610916143175,
0.499999999999985));
#6035=CARTESIAN_POINT('Ctrl Pts',(-0.297338161996475,-0.287958988280364,
0.249999999999985));
#6036=CARTESIAN_POINT('Ctrl Pts',(-0.297338161996475,-0.287958988280364,
0.499999999999985));
#6037=CARTESIAN_POINT('Ctrl Pts',(-0.298395524036164,-0.289789612074742,
0.249999999999985));
#6038=CARTESIAN_POINT('Ctrl Pts',(-0.298395524036164,-0.289789612074742,
0.499999999999985));
#6039=CARTESIAN_POINT('Ctrl Pts',(-0.299502907155925,-0.291601740377662,
0.249999999999985));
#6040=CARTESIAN_POINT('Ctrl Pts',(-0.299502907155925,-0.291601740377662,
0.499999999999985));
#6041=CARTESIAN_POINT('Ctrl Pts',(-0.300659624192496,-0.293396019799759,
0.249999999999985));
#6042=CARTESIAN_POINT('Ctrl Pts',(-0.300659624192496,-0.293396019799759,
0.499999999999985));
#6043=CARTESIAN_POINT('Ctrl Pts',(-0.301865095667595,-0.295173032918367,
0.249999999999985));
#6044=CARTESIAN_POINT('Ctrl Pts',(-0.301865095667595,-0.295173032918367,
0.499999999999985));
#6045=CARTESIAN_POINT('Ctrl Pts',(-0.303118835934982,-0.296933296791367,
0.249999999999985));
#6046=CARTESIAN_POINT('Ctrl Pts',(-0.303118835934982,-0.296933296791367,
0.499999999999985));
#6047=CARTESIAN_POINT('Ctrl Pts',(-0.304420440756556,-0.29867726271211,
0.249999999999985));
#6048=CARTESIAN_POINT('Ctrl Pts',(-0.304420440756556,-0.29867726271211,
0.499999999999985));
#6049=CARTESIAN_POINT('Ctrl Pts',(-0.305769576213352,-0.300405316913697,
0.249999999999985));
#6050=CARTESIAN_POINT('Ctrl Pts',(-0.305769576213352,-0.300405316913697,
0.499999999999985));
#6051=CARTESIAN_POINT('Ctrl Pts',(-0.307165968846049,-0.30211778198608,
0.249999999999985));
#6052=CARTESIAN_POINT('Ctrl Pts',(-0.307165968846049,-0.30211778198608,
0.499999999999985));
#6053=CARTESIAN_POINT('Ctrl Pts',(-0.30860939692101,-0.303814918809692,
0.249999999999985));
#6054=CARTESIAN_POINT('Ctrl Pts',(-0.30860939692101,-0.303814918809692,
0.499999999999985));
#6055=CARTESIAN_POINT('Ctrl Pts',(-0.31009968270053,-0.305496928867873,
0.249999999999985));
#6056=CARTESIAN_POINT('Ctrl Pts',(-0.31009968270053,-0.305496928867873,
0.499999999999985));
#6057=CARTESIAN_POINT('Ctrl Pts',(-0.311636685669779,-0.307163956755248,
0.249999999999985));
#6058=CARTESIAN_POINT('Ctrl Pts',(-0.311636685669779,-0.307163956755248,
0.499999999999985));
#6059=CARTESIAN_POINT('Ctrl Pts',(-0.313220296415148,-0.30881609301604,
0.249999999999985));
#6060=CARTESIAN_POINT('Ctrl Pts',(-0.313220296415148,-0.30881609301604,
0.499999999999985));
#6061=CARTESIAN_POINT('Ctrl Pts',(-0.314850431853758,-0.310453376368051,
0.249999999999985));
#6062=CARTESIAN_POINT('Ctrl Pts',(-0.314850431853758,-0.310453376368051,
0.499999999999985));
#6063=CARTESIAN_POINT('Ctrl Pts',(-0.316527028743816,-0.312075798547591,
0.249999999999985));
#6064=CARTESIAN_POINT('Ctrl Pts',(-0.316527028743816,-0.312075798547591,
0.499999999999985));
#6065=CARTESIAN_POINT('Ctrl Pts',(-0.318250046717238,-0.31368329926418,
0.249999999999985));
#6066=CARTESIAN_POINT('Ctrl Pts',(-0.318250046717238,-0.31368329926418,
0.499999999999985));
#6067=CARTESIAN_POINT('Ctrl Pts',(-0.320019437901438,-0.315275798463447,
0.249999999999985));
#6068=CARTESIAN_POINT('Ctrl Pts',(-0.320019437901438,-0.315275798463447,
0.499999999999985));
#6069=CARTESIAN_POINT('Ctrl Pts',(-0.321835245498313,-0.316853086909653,
0.249999999999985));
#6070=CARTESIAN_POINT('Ctrl Pts',(-0.321835245498313,-0.316853086909653,
0.499999999999985));
#6071=CARTESIAN_POINT('Ctrl Pts',(-0.323697215637387,-0.318415253381149,
0.249999999999985));
#6072=CARTESIAN_POINT('Ctrl Pts',(-0.323697215637387,-0.318415253381149,
0.499999999999985));
#6073=CARTESIAN_POINT('Ctrl Pts',(-0.325606256309812,-0.319961076994939,
0.249999999999985));
#6074=CARTESIAN_POINT('Ctrl Pts',(-0.325606256309812,-0.319961076994939,
0.499999999999985));
#6075=CARTESIAN_POINT('Ctrl Pts',(-0.327558893996496,-0.321494134986887,
0.249999999999985));
#6076=CARTESIAN_POINT('Ctrl Pts',(-0.327558893996496,-0.321494134986887,
0.499999999999985));
#6077=CARTESIAN_POINT('Ctrl Pts',(-0.329568287781668,-0.32299964925306,
0.249999999999985));
#6078=CARTESIAN_POINT('Ctrl Pts',(-0.329568287781668,-0.32299964925306,
0.499999999999985));
#6079=CARTESIAN_POINT('Ctrl Pts',(-0.333370678909847,-0.325890107041096,
0.249999999999985));
#6080=CARTESIAN_POINT('Ctrl Pts',(-0.333370678909847,-0.325890107041096,
0.499999999999985));
#6081=CARTESIAN_POINT('Ctrl Pts',(-0.33915375077318,-0.328466675812579,
0.249999999999985));
#6082=CARTESIAN_POINT('Ctrl Pts',(-0.33915375077318,-0.328466675812579,
0.499999999999985));
#6083=CARTESIAN_POINT('Ctrl Pts',(-0.342696098959075,-0.334280479438456,
0.249999999999985));
#6084=CARTESIAN_POINT('Ctrl Pts',(-0.342696098959075,-0.334280479438456,
0.499999999999985));
#6085=CARTESIAN_POINT('Ctrl Pts',(-0.345594529089624,-0.338588593389698,
0.249999999999985));
#6086=CARTESIAN_POINT('Ctrl Pts',(-0.345594529089624,-0.338588593389698,
0.499999999999985));
#6087=CARTESIAN_POINT('Ctrl Pts',(-0.348140534149715,-0.342930865523293,
0.249999999999985));
#6088=CARTESIAN_POINT('Ctrl Pts',(-0.348140534149715,-0.342930865523293,
0.499999999999985));
#6089=CARTESIAN_POINT('Ctrl Pts',(-0.350899217344314,-0.348027486428367,
0.249999999999985));
#6090=CARTESIAN_POINT('Ctrl Pts',(-0.350899217344314,-0.348027486428367,
0.499999999999985));
#6091=CARTESIAN_POINT('Ctrl Pts',(-0.353781552788358,-0.353934389967661,
0.249999999999985));
#6092=CARTESIAN_POINT('Ctrl Pts',(-0.353781552788358,-0.353934389967661,
0.499999999999985));
#6093=CARTESIAN_POINT('Ctrl Pts',(-0.356736116817653,-0.360658141477788,
0.249999999999985));
#6094=CARTESIAN_POINT('Ctrl Pts',(-0.356736116817653,-0.360658141477788,
0.499999999999985));
#6095=CARTESIAN_POINT('Ctrl Pts',(-0.359697594355087,-0.36821657472959,
0.249999999999985));
#6096=CARTESIAN_POINT('Ctrl Pts',(-0.359697594355087,-0.36821657472959,
0.499999999999985));
#6097=CARTESIAN_POINT('Ctrl Pts',(-0.362603726944145,-0.376619050794972,
0.249999999999985));
#6098=CARTESIAN_POINT('Ctrl Pts',(-0.362603726944145,-0.376619050794972,
0.499999999999985));
#6099=CARTESIAN_POINT('Ctrl Pts',(-0.365390198753075,-0.385872644951697,
0.249999999999985));
#6100=CARTESIAN_POINT('Ctrl Pts',(-0.365390198753075,-0.385872644951697,
0.499999999999985));
#6101=CARTESIAN_POINT('Ctrl Pts',(-0.367992496590354,-0.395980155150032,
0.249999999999985));
#6102=CARTESIAN_POINT('Ctrl Pts',(-0.367992496590354,-0.395980155150032,
0.499999999999985));
#6103=CARTESIAN_POINT('Ctrl Pts',(-0.370345606296974,-0.406940665013975,
0.249999999999985));
#6104=CARTESIAN_POINT('Ctrl Pts',(-0.370345606296974,-0.406940665013975,
0.499999999999985));
#6105=CARTESIAN_POINT('Ctrl Pts',(-0.372384369853382,-0.418749342287969,
0.249999999999985));
#6106=CARTESIAN_POINT('Ctrl Pts',(-0.372384369853382,-0.418749342287969,
0.499999999999985));
#6107=CARTESIAN_POINT('Ctrl Pts',(-0.374043666031224,-0.431397460182753,
0.249999999999985));
#6108=CARTESIAN_POINT('Ctrl Pts',(-0.374043666031224,-0.431397460182753,
0.499999999999985));
#6109=CARTESIAN_POINT('Ctrl Pts',(-0.375517846850404,-0.447748417518204,
0.249999999999985));
#6110=CARTESIAN_POINT('Ctrl Pts',(-0.375517846850404,-0.447748417518204,
0.499999999999985));
#6111=CARTESIAN_POINT('Ctrl Pts',(-0.375965506514028,-0.459909176392325,
0.249999999999985));
#6112=CARTESIAN_POINT('Ctrl Pts',(-0.375965506514028,-0.459909176392325,
0.499999999999985));
#6113=CARTESIAN_POINT('Ctrl Pts',(-0.376012133614108,-0.467562696735203,
0.250000000000001));
#6114=CARTESIAN_POINT('Ctrl Pts',(-0.376012133614108,-0.467562696735203,
0.5));
#6115=CARTESIAN_POINT('',(-0.56087268888469,-0.213123970652263,0.25));
#6116=CARTESIAN_POINT('Ctrl Pts',(-0.376012133614108,-0.467562696735203,
0.250000000000001));
#6117=CARTESIAN_POINT('Ctrl Pts',(-0.375965506514028,-0.459909176392325,
0.249999999999985));
#6118=CARTESIAN_POINT('Ctrl Pts',(-0.375517846850404,-0.447748417518204,
0.249999999999985));
#6119=CARTESIAN_POINT('Ctrl Pts',(-0.374043666031224,-0.431397460182753,
0.249999999999985));
#6120=CARTESIAN_POINT('Ctrl Pts',(-0.372384369853382,-0.418749342287969,
0.249999999999985));
#6121=CARTESIAN_POINT('Ctrl Pts',(-0.370345606296974,-0.406940665013975,
0.249999999999985));
#6122=CARTESIAN_POINT('Ctrl Pts',(-0.367992496590354,-0.395980155150032,
0.249999999999985));
#6123=CARTESIAN_POINT('Ctrl Pts',(-0.365390198753075,-0.385872644951697,
0.249999999999985));
#6124=CARTESIAN_POINT('Ctrl Pts',(-0.362603726944145,-0.376619050794972,
0.249999999999985));
#6125=CARTESIAN_POINT('Ctrl Pts',(-0.359697594355087,-0.36821657472959,
0.249999999999985));
#6126=CARTESIAN_POINT('Ctrl Pts',(-0.356736116817653,-0.360658141477788,
0.249999999999985));
#6127=CARTESIAN_POINT('Ctrl Pts',(-0.353781552788358,-0.353934389967661,
0.249999999999985));
#6128=CARTESIAN_POINT('Ctrl Pts',(-0.350899217344314,-0.348027486428367,
0.249999999999985));
#6129=CARTESIAN_POINT('Ctrl Pts',(-0.348140534149715,-0.342930865523293,
0.249999999999985));
#6130=CARTESIAN_POINT('Ctrl Pts',(-0.345594529089624,-0.338588593389698,
0.249999999999985));
#6131=CARTESIAN_POINT('Ctrl Pts',(-0.342696098959075,-0.334280479438456,
0.249999999999985));
#6132=CARTESIAN_POINT('Ctrl Pts',(-0.33915375077318,-0.328466675812579,
0.249999999999985));
#6133=CARTESIAN_POINT('Ctrl Pts',(-0.333370678909847,-0.325890107041096,
0.249999999999985));
#6134=CARTESIAN_POINT('Ctrl Pts',(-0.329568287781668,-0.32299964925306,
0.249999999999985));
#6135=CARTESIAN_POINT('Ctrl Pts',(-0.327558893996496,-0.321494134986887,
0.249999999999985));
#6136=CARTESIAN_POINT('Ctrl Pts',(-0.325606256309812,-0.319961076994939,
0.249999999999985));
#6137=CARTESIAN_POINT('Ctrl Pts',(-0.323697215637387,-0.318415253381149,
0.249999999999985));
#6138=CARTESIAN_POINT('Ctrl Pts',(-0.321835245498313,-0.316853086909653,
0.249999999999985));
#6139=CARTESIAN_POINT('Ctrl Pts',(-0.320019437901438,-0.315275798463447,
0.249999999999985));
#6140=CARTESIAN_POINT('Ctrl Pts',(-0.318250046717238,-0.31368329926418,
0.249999999999985));
#6141=CARTESIAN_POINT('Ctrl Pts',(-0.316527028743816,-0.312075798547591,
0.249999999999985));
#6142=CARTESIAN_POINT('Ctrl Pts',(-0.314850431853758,-0.310453376368051,
0.249999999999985));
#6143=CARTESIAN_POINT('Ctrl Pts',(-0.313220296415148,-0.30881609301604,
0.249999999999985));
#6144=CARTESIAN_POINT('Ctrl Pts',(-0.311636685669779,-0.307163956755248,
0.249999999999985));
#6145=CARTESIAN_POINT('Ctrl Pts',(-0.31009968270053,-0.305496928867873,
0.249999999999985));
#6146=CARTESIAN_POINT('Ctrl Pts',(-0.30860939692101,-0.303814918809692,
0.249999999999985));
#6147=CARTESIAN_POINT('Ctrl Pts',(-0.307165968846049,-0.30211778198608,
0.249999999999985));
#6148=CARTESIAN_POINT('Ctrl Pts',(-0.305769576213352,-0.300405316913697,
0.249999999999985));
#6149=CARTESIAN_POINT('Ctrl Pts',(-0.304420440756556,-0.29867726271211,
0.249999999999985));
#6150=CARTESIAN_POINT('Ctrl Pts',(-0.303118835934982,-0.296933296791367,
0.249999999999985));
#6151=CARTESIAN_POINT('Ctrl Pts',(-0.301865095667595,-0.295173032918367,
0.249999999999985));
#6152=CARTESIAN_POINT('Ctrl Pts',(-0.300659624192496,-0.293396019799759,
0.249999999999985));
#6153=CARTESIAN_POINT('Ctrl Pts',(-0.299502907155925,-0.291601740377662,
0.249999999999985));
#6154=CARTESIAN_POINT('Ctrl Pts',(-0.298395524036164,-0.289789612074742,
0.249999999999985));
#6155=CARTESIAN_POINT('Ctrl Pts',(-0.297338161996475,-0.287958988280364,
0.249999999999985));
#6156=CARTESIAN_POINT('Ctrl Pts',(-0.296331631242385,-0.28610916143175,
0.249999999999985));
#6157=CARTESIAN_POINT('Ctrl Pts',(-0.295376881927002,-0.284239368115835,
0.249999999999985));
#6158=CARTESIAN_POINT('Ctrl Pts',(-0.294475022599826,-0.282348796697833,
0.249999999999985));
#6159=CARTESIAN_POINT('Ctrl Pts',(-0.293627340124699,-0.280436598070256,
0.249999999999985));
#6160=CARTESIAN_POINT('Ctrl Pts',(-0.292835320895076,-0.278501900208363,
0.249999999999985));
#6161=CARTESIAN_POINT('Ctrl Pts',(-0.292100673043013,-0.276543827309898,
0.249999999999985));
#6162=CARTESIAN_POINT('Ctrl Pts',(-0.291425349164828,-0.274561524380615,
0.249999999999985));
#6163=CARTESIAN_POINT('Ctrl Pts',(-0.290811568864344,-0.272554188191056,
0.249999999999985));
#6164=CARTESIAN_POINT('Ctrl Pts',(-0.290261840137884,-0.270521105557815,
0.249999999999985));
#6165=CARTESIAN_POINT('Ctrl Pts',(-0.289778978290889,-0.268461699872287,
0.249999999999985));
#6166=CARTESIAN_POINT('Ctrl Pts',(-0.289366120686281,-0.26637558668338,
0.249999999999985));
#6167=CARTESIAN_POINT('Ctrl Pts',(-0.289026735190393,-0.26426263890366,
0.249999999999985));
#6168=CARTESIAN_POINT('Ctrl Pts',(-0.288764619726633,-0.262123061812086,
0.249999999999985));
#6169=CARTESIAN_POINT('Ctrl Pts',(-0.28858388991098,-0.259957477431096,
0.249999999999985));
#6170=CARTESIAN_POINT('Ctrl Pts',(-0.288488951387971,-0.257767017026008,
0.249999999999985));
#6171=CARTESIAN_POINT('Ctrl Pts',(-0.288484453301618,-0.255553419393284,
0.249999999999985));
#6172=CARTESIAN_POINT('Ctrl Pts',(-0.28857521941847,-0.253319131270578,
0.249999999999985));
#6173=CARTESIAN_POINT('Ctrl Pts',(-0.288766153953266,-0.251067404706406,
0.249999999999985));
#6174=CARTESIAN_POINT('Ctrl Pts',(-0.289062120050242,-0.248802384547229,
0.249999999999985));
#6175=CARTESIAN_POINT('Ctrl Pts',(-0.289467791047293,-0.246529178056432,
0.249999999999985));
#6176=CARTESIAN_POINT('Ctrl Pts',(-0.289987475112794,-0.244253896328058,
0.249999999999985));
#6177=CARTESIAN_POINT('Ctrl Pts',(-0.290624924002232,-0.241983661558067,
0.249999999999985));
#6178=CARTESIAN_POINT('Ctrl Pts',(-0.291383112830416,-0.239726556787713,
0.249999999999985));
#6179=CARTESIAN_POINT('Ctrl Pts',(-0.292264084284927,-0.237491565366585,
0.249999999999985));
#6180=CARTESIAN_POINT('Ctrl Pts',(-0.293268563371716,-0.235288291185594,
0.249999999999985));
#6181=CARTESIAN_POINT('Ctrl Pts',(-0.294396524840805,-0.233127236619978,
0.249999999999985));
#6182=CARTESIAN_POINT('Ctrl Pts',(-0.295644334205901,-0.231017720181757,
0.249999999999985));
#6183=CARTESIAN_POINT('Ctrl Pts',(-0.296861114074318,-0.229203876865051,
0.249999999999985));
#6184=CARTESIAN_POINT('Ctrl Pts',(-0.299433710020095,-0.225664531820919,
0.249999999999985));
#6185=CARTESIAN_POINT('Ctrl Pts',(-0.303457216542469,-0.220474573248236,
0.249999999999985));
#6186=CARTESIAN_POINT('Ctrl Pts',(-0.307149828569929,-0.215044205752715,
0.249999999999985));
#6187=CARTESIAN_POINT('Ctrl Pts',(-0.309720969870663,-0.211503803847095,
0.249999999999985));
#6188=CARTESIAN_POINT('Ctrl Pts',(-0.311070031718801,-0.209786069014345,
0.249999999999985));
#6189=CARTESIAN_POINT('Ctrl Pts',(-0.312690706774047,-0.207947455357253,
0.249999999999985));
#6190=CARTESIAN_POINT('Ctrl Pts',(-0.314397432537797,-0.206206897665399,
0.249999999999985));
#6191=CARTESIAN_POINT('Ctrl Pts',(-0.316182469696501,-0.204570732119233,
0.249999999999985));
#6192=CARTESIAN_POINT('Ctrl Pts',(-0.318035837700425,-0.203042228145339,
0.249999999999985));
#6193=CARTESIAN_POINT('Ctrl Pts',(-0.319948178667378,-0.201623663987588,
0.249999999999985));
#6194=CARTESIAN_POINT('Ctrl Pts',(-0.321910317699016,-0.200315872942335,
0.249999999999985));
#6195=CARTESIAN_POINT('Ctrl Pts',(-0.323913648005248,-0.199118523304367,
0.249999999999985));
#6196=CARTESIAN_POINT('Ctrl Pts',(-0.325950236618991,-0.19803024782177,
0.249999999999985));
#6197=CARTESIAN_POINT('Ctrl Pts',(-0.328012940247192,-0.197048837614851,
0.249999999999985));
#6198=CARTESIAN_POINT('Ctrl Pts',(-0.330095457452897,-0.196171426306333,
0.249999999999985));
#6199=CARTESIAN_POINT('Ctrl Pts',(-0.332192343458657,-0.195394669599196,
0.249999999999985));
#6200=CARTESIAN_POINT('Ctrl Pts',(-0.33429898989684,-0.194714908246313,
0.249999999999985));
#6201=CARTESIAN_POINT('Ctrl Pts',(-0.336411579155816,-0.19412831065659,
0.249999999999985));
#6202=CARTESIAN_POINT('Ctrl Pts',(-0.33852702087737,-0.193630992548978,
0.249999999999985));
#6203=CARTESIAN_POINT('Ctrl Pts',(-0.340642877745218,-0.193219113486736,
0.249999999999985));
#6204=CARTESIAN_POINT('Ctrl Pts',(-0.342757286385586,-0.192888951501976,
0.249999999999985));
#6205=CARTESIAN_POINT('Ctrl Pts',(-0.344868877943706,-0.192636957989579,
0.249999999999985));
#6206=CARTESIAN_POINT('Ctrl Pts',(-0.34697670165728,-0.192459795540493,
0.249999999999985));
#6207=CARTESIAN_POINT('Ctrl Pts',(-0.349080153662562,-0.192354361543347,
0.249999999999985));
#6208=CARTESIAN_POINT('Ctrl Pts',(-0.351178912369699,-0.192317800301698,
0.249999999999985));
#6209=CARTESIAN_POINT('Ctrl Pts',(-0.353272881042931,-0.192347506183508,
0.249999999999985));
#6210=CARTESIAN_POINT('Ctrl Pts',(-0.355362137703566,-0.192441120008544,
0.249999999999985));
#6211=CARTESIAN_POINT('Ctrl Pts',(-0.357446892114006,-0.192596520539603,
0.249999999999985));
#6212=CARTESIAN_POINT('Ctrl Pts',(-0.359527449369862,-0.19281181260878,
0.249999999999985));
#6213=CARTESIAN_POINT('Ctrl Pts',(-0.361604179495108,-0.19308531310143,
0.249999999999985));
#6214=CARTESIAN_POINT('Ctrl Pts',(-0.363677492376155,-0.193415535748667,
0.249999999999985));
#6215=CARTESIAN_POINT('Ctrl Pts',(-0.365747817362922,-0.193801175448323,
0.249999999999985));
#6216=CARTESIAN_POINT('Ctrl Pts',(-0.367815586890921,-0.194241092643483,
0.249999999999985));
#6217=CARTESIAN_POINT('Ctrl Pts',(-0.369881223525066,-0.194734298133976,
0.249999999999985));
#6218=CARTESIAN_POINT('Ctrl Pts',(-0.371945129883489,-0.195279938575031,
0.249999999999985));
#6219=CARTESIAN_POINT('Ctrl Pts',(-0.374007680961523,-0.195877282823755,
0.249999999999985));
#6220=CARTESIAN_POINT('Ctrl Pts',(-0.376069218437493,-0.196525709223454,
0.249999999999985));
#6221=CARTESIAN_POINT('Ctrl Pts',(-0.378130046600439,-0.197224693863532,
0.249999999999985));
#6222=CARTESIAN_POINT('Ctrl Pts',(-0.380190429593234,-0.197973799815592,
0.249999999999985));
#6223=CARTESIAN_POINT('Ctrl Pts',(-0.382250589713574,-0.198772667318585,
0.249999999999985));
#6224=CARTESIAN_POINT('Ctrl Pts',(-0.384310706554036,-0.199621004874804,
0.249999999999985));
#6225=CARTESIAN_POINT('Ctrl Pts',(-0.38637091681269,-0.200518581183872,
0.249999999999985));
#6226=CARTESIAN_POINT('Ctrl Pts',(-0.388431314585726,-0.201465217926045,
0.249999999999985));
#6227=CARTESIAN_POINT('Ctrl Pts',(-0.390491952175154,-0.202460783063095,
0.249999999999985));
#6228=CARTESIAN_POINT('Ctrl Pts',(-0.392552840729769,-0.20350518561405,
0.249999999999985));
#6229=CARTESIAN_POINT('Ctrl Pts',(-0.394613952847547,-0.204598367986012,
0.249999999999985));
#6230=CARTESIAN_POINT('Ctrl Pts',(-0.396675218714408,-0.205740310417432,
0.249999999999985));
#6231=CARTESIAN_POINT('Ctrl Pts',(-0.398736547400681,-0.206930992116939,
0.249999999999985));
#6232=CARTESIAN_POINT('Ctrl Pts',(-0.400797753261472,-0.208170518829376,
0.249999999999985));
#6233=CARTESIAN_POINT('Ctrl Pts',(-0.402858842279719,-0.209458621675555,
0.249999999999985));
#6234=CARTESIAN_POINT('Ctrl Pts',(-0.404918933911389,-0.21079654147997,
0.249999999999985));
#6235=CARTESIAN_POINT('Ctrl Pts',(-0.406980356933532,-0.21217986930298,
0.249999999999985));
#6236=CARTESIAN_POINT('Ctrl Pts',(-0.409033122914761,-0.213625686862649,
0.249999999999985));
#6237=CARTESIAN_POINT('Ctrl Pts',(-0.412957115107016,-0.21634877514458,
0.249999999999985));
#6238=CARTESIAN_POINT('Ctrl Pts',(-0.417194645112279,-0.221052599786842,
0.249999999999985));
#6239=CARTESIAN_POINT('Ctrl Pts',(-0.423818546724564,-0.222625008989669,
0.249999999999985));
#6240=CARTESIAN_POINT('Ctrl Pts',(-0.428811470738184,-0.224050299427716,
0.249999999999985));
#6241=CARTESIAN_POINT('Ctrl Pts',(-0.433727975777699,-0.225129858247155,
0.249999999999985));
#6242=CARTESIAN_POINT('Ctrl Pts',(-0.439427630289783,-0.226178579402218,
0.249999999999985));
#6243=CARTESIAN_POINT('Ctrl Pts',(-0.445936120027654,-0.227094509730649,
0.249999999999985));
#6244=CARTESIAN_POINT('Ctrl Pts',(-0.45324379821133,-0.227826713620937,
0.249999999999985));
#6245=CARTESIAN_POINT('Ctrl Pts',(-0.461347442295966,-0.22830756180512,
0.249999999999985));
#6246=CARTESIAN_POINT('Ctrl Pts',(-0.470236716268887,-0.22847495024213,
0.249999999999985));
#6247=CARTESIAN_POINT('Ctrl Pts',(-0.479898474434097,-0.228265524560009,
0.249999999999985));
#6248=CARTESIAN_POINT('Ctrl Pts',(-0.490315442127888,-0.22761706445339,
0.249999999999985));
#6249=CARTESIAN_POINT('Ctrl Pts',(-0.501466657344882,-0.226468020958456,
0.249999999999985));
#6250=CARTESIAN_POINT('Ctrl Pts',(-0.513327389401584,-0.22475791836521,
0.249999999999985));
#6251=CARTESIAN_POINT('Ctrl Pts',(-0.525869215061942,-0.222427519431264,
0.249999999999985));
#6252=CARTESIAN_POINT('Ctrl Pts',(-0.541875446509398,-0.218776825014587,
0.249999999999985));
#6253=CARTESIAN_POINT('Ctrl Pts',(-0.553579349923486,-0.215444693498159,
0.249999999999985));
#6254=CARTESIAN_POINT('Ctrl Pts',(-0.560872688885349,-0.213123970652512,
0.25));
#6255=CARTESIAN_POINT('',(-0.56087268888469,-0.213123970652263,0.5));
#6256=CARTESIAN_POINT('Ctrl Pts',(-0.560872688885349,-0.213123970652512,
0.5));
#6257=CARTESIAN_POINT('Ctrl Pts',(-0.553579349923486,-0.215444693498159,
0.499999999999985));
#6258=CARTESIAN_POINT('Ctrl Pts',(-0.541875446509398,-0.218776825014587,
0.499999999999985));
#6259=CARTESIAN_POINT('Ctrl Pts',(-0.525869215061942,-0.222427519431264,
0.499999999999985));
#6260=CARTESIAN_POINT('Ctrl Pts',(-0.513327389401584,-0.22475791836521,
0.499999999999985));
#6261=CARTESIAN_POINT('Ctrl Pts',(-0.501466657344882,-0.226468020958456,
0.499999999999985));
#6262=CARTESIAN_POINT('Ctrl Pts',(-0.490315442127888,-0.22761706445339,
0.499999999999985));
#6263=CARTESIAN_POINT('Ctrl Pts',(-0.479898474434097,-0.228265524560009,
0.499999999999985));
#6264=CARTESIAN_POINT('Ctrl Pts',(-0.470236716268887,-0.22847495024213,
0.499999999999985));
#6265=CARTESIAN_POINT('Ctrl Pts',(-0.461347442295966,-0.22830756180512,
0.499999999999985));
#6266=CARTESIAN_POINT('Ctrl Pts',(-0.45324379821133,-0.227826713620937,
0.499999999999985));
#6267=CARTESIAN_POINT('Ctrl Pts',(-0.445936120027654,-0.227094509730649,
0.499999999999985));
#6268=CARTESIAN_POINT('Ctrl Pts',(-0.439427630289783,-0.226178579402218,
0.499999999999985));
#6269=CARTESIAN_POINT('Ctrl Pts',(-0.433727975777699,-0.225129858247155,
0.499999999999985));
#6270=CARTESIAN_POINT('Ctrl Pts',(-0.428811470738184,-0.224050299427716,
0.499999999999985));
#6271=CARTESIAN_POINT('Ctrl Pts',(-0.423818546724564,-0.222625008989669,
0.499999999999985));
#6272=CARTESIAN_POINT('Ctrl Pts',(-0.417194645112279,-0.221052599786842,
0.499999999999985));
#6273=CARTESIAN_POINT('Ctrl Pts',(-0.412957115107016,-0.21634877514458,
0.499999999999985));
#6274=CARTESIAN_POINT('Ctrl Pts',(-0.409033122914761,-0.213625686862649,
0.499999999999985));
#6275=CARTESIAN_POINT('Ctrl Pts',(-0.406980356933532,-0.21217986930298,
0.499999999999985));
#6276=CARTESIAN_POINT('Ctrl Pts',(-0.404918933911389,-0.21079654147997,
0.499999999999985));
#6277=CARTESIAN_POINT('Ctrl Pts',(-0.402858842279719,-0.209458621675555,
0.499999999999985));
#6278=CARTESIAN_POINT('Ctrl Pts',(-0.400797753261472,-0.208170518829376,
0.499999999999985));
#6279=CARTESIAN_POINT('Ctrl Pts',(-0.398736547400681,-0.206930992116939,
0.499999999999985));
#6280=CARTESIAN_POINT('Ctrl Pts',(-0.396675218714408,-0.205740310417432,
0.499999999999985));
#6281=CARTESIAN_POINT('Ctrl Pts',(-0.394613952847547,-0.204598367986012,
0.499999999999985));
#6282=CARTESIAN_POINT('Ctrl Pts',(-0.392552840729769,-0.20350518561405,
0.499999999999985));
#6283=CARTESIAN_POINT('Ctrl Pts',(-0.390491952175154,-0.202460783063095,
0.499999999999985));
#6284=CARTESIAN_POINT('Ctrl Pts',(-0.388431314585726,-0.201465217926045,
0.499999999999985));
#6285=CARTESIAN_POINT('Ctrl Pts',(-0.38637091681269,-0.200518581183872,
0.499999999999985));
#6286=CARTESIAN_POINT('Ctrl Pts',(-0.384310706554036,-0.199621004874804,
0.499999999999985));
#6287=CARTESIAN_POINT('Ctrl Pts',(-0.382250589713574,-0.198772667318585,
0.499999999999985));
#6288=CARTESIAN_POINT('Ctrl Pts',(-0.380190429593234,-0.197973799815592,
0.499999999999985));
#6289=CARTESIAN_POINT('Ctrl Pts',(-0.378130046600439,-0.197224693863532,
0.499999999999985));
#6290=CARTESIAN_POINT('Ctrl Pts',(-0.376069218437493,-0.196525709223454,
0.499999999999985));
#6291=CARTESIAN_POINT('Ctrl Pts',(-0.374007680961523,-0.195877282823755,
0.499999999999985));
#6292=CARTESIAN_POINT('Ctrl Pts',(-0.371945129883489,-0.195279938575031,
0.499999999999985));
#6293=CARTESIAN_POINT('Ctrl Pts',(-0.369881223525066,-0.194734298133976,
0.499999999999985));
#6294=CARTESIAN_POINT('Ctrl Pts',(-0.367815586890921,-0.194241092643483,
0.499999999999985));
#6295=CARTESIAN_POINT('Ctrl Pts',(-0.365747817362922,-0.193801175448323,
0.499999999999985));
#6296=CARTESIAN_POINT('Ctrl Pts',(-0.363677492376155,-0.193415535748667,
0.499999999999985));
#6297=CARTESIAN_POINT('Ctrl Pts',(-0.361604179495108,-0.19308531310143,
0.499999999999985));
#6298=CARTESIAN_POINT('Ctrl Pts',(-0.359527449369862,-0.19281181260878,
0.499999999999985));
#6299=CARTESIAN_POINT('Ctrl Pts',(-0.357446892114006,-0.192596520539603,
0.499999999999985));
#6300=CARTESIAN_POINT('Ctrl Pts',(-0.355362137703566,-0.192441120008544,
0.499999999999985));
#6301=CARTESIAN_POINT('Ctrl Pts',(-0.353272881042931,-0.192347506183508,
0.499999999999985));
#6302=CARTESIAN_POINT('Ctrl Pts',(-0.351178912369699,-0.192317800301698,
0.499999999999985));
#6303=CARTESIAN_POINT('Ctrl Pts',(-0.349080153662562,-0.192354361543347,
0.499999999999985));
#6304=CARTESIAN_POINT('Ctrl Pts',(-0.34697670165728,-0.192459795540493,
0.499999999999985));
#6305=CARTESIAN_POINT('Ctrl Pts',(-0.344868877943706,-0.192636957989579,
0.499999999999985));
#6306=CARTESIAN_POINT('Ctrl Pts',(-0.342757286385586,-0.192888951501976,
0.499999999999985));
#6307=CARTESIAN_POINT('Ctrl Pts',(-0.340642877745218,-0.193219113486736,
0.499999999999985));
#6308=CARTESIAN_POINT('Ctrl Pts',(-0.33852702087737,-0.193630992548978,
0.499999999999985));
#6309=CARTESIAN_POINT('Ctrl Pts',(-0.336411579155816,-0.19412831065659,
0.499999999999985));
#6310=CARTESIAN_POINT('Ctrl Pts',(-0.33429898989684,-0.194714908246313,
0.499999999999985));
#6311=CARTESIAN_POINT('Ctrl Pts',(-0.332192343458657,-0.195394669599196,
0.499999999999985));
#6312=CARTESIAN_POINT('Ctrl Pts',(-0.330095457452897,-0.196171426306333,
0.499999999999985));
#6313=CARTESIAN_POINT('Ctrl Pts',(-0.328012940247192,-0.197048837614851,
0.499999999999985));
#6314=CARTESIAN_POINT('Ctrl Pts',(-0.325950236618991,-0.19803024782177,
0.499999999999985));
#6315=CARTESIAN_POINT('Ctrl Pts',(-0.323913648005248,-0.199118523304367,
0.499999999999985));
#6316=CARTESIAN_POINT('Ctrl Pts',(-0.321910317699016,-0.200315872942335,
0.499999999999985));
#6317=CARTESIAN_POINT('Ctrl Pts',(-0.319948178667378,-0.201623663987588,
0.499999999999985));
#6318=CARTESIAN_POINT('Ctrl Pts',(-0.318035837700425,-0.203042228145339,
0.499999999999985));
#6319=CARTESIAN_POINT('Ctrl Pts',(-0.316182469696501,-0.204570732119233,
0.499999999999985));
#6320=CARTESIAN_POINT('Ctrl Pts',(-0.314397432537797,-0.206206897665399,
0.499999999999985));
#6321=CARTESIAN_POINT('Ctrl Pts',(-0.312690706774047,-0.207947455357253,
0.499999999999985));
#6322=CARTESIAN_POINT('Ctrl Pts',(-0.311070031718801,-0.209786069014345,
0.499999999999985));
#6323=CARTESIAN_POINT('Ctrl Pts',(-0.309720969870663,-0.211503803847095,
0.499999999999985));
#6324=CARTESIAN_POINT('Ctrl Pts',(-0.307149828569929,-0.215044205752715,
0.499999999999985));
#6325=CARTESIAN_POINT('Ctrl Pts',(-0.303457216542469,-0.220474573248236,
0.499999999999985));
#6326=CARTESIAN_POINT('Ctrl Pts',(-0.299433710020095,-0.225664531820919,
0.499999999999985));
#6327=CARTESIAN_POINT('Ctrl Pts',(-0.296861114074318,-0.229203876865051,
0.499999999999985));
#6328=CARTESIAN_POINT('Ctrl Pts',(-0.295644334205901,-0.231017720181757,
0.499999999999985));
#6329=CARTESIAN_POINT('Ctrl Pts',(-0.294396524840805,-0.233127236619978,
0.499999999999985));
#6330=CARTESIAN_POINT('Ctrl Pts',(-0.293268563371716,-0.235288291185594,
0.499999999999985));
#6331=CARTESIAN_POINT('Ctrl Pts',(-0.292264084284927,-0.237491565366585,
0.499999999999985));
#6332=CARTESIAN_POINT('Ctrl Pts',(-0.291383112830416,-0.239726556787713,
0.499999999999985));
#6333=CARTESIAN_POINT('Ctrl Pts',(-0.290624924002232,-0.241983661558067,
0.499999999999985));
#6334=CARTESIAN_POINT('Ctrl Pts',(-0.289987475112794,-0.244253896328058,
0.499999999999985));
#6335=CARTESIAN_POINT('Ctrl Pts',(-0.289467791047293,-0.246529178056432,
0.499999999999985));
#6336=CARTESIAN_POINT('Ctrl Pts',(-0.289062120050242,-0.248802384547229,
0.499999999999985));
#6337=CARTESIAN_POINT('Ctrl Pts',(-0.288766153953266,-0.251067404706406,
0.499999999999985));
#6338=CARTESIAN_POINT('Ctrl Pts',(-0.28857521941847,-0.253319131270578,
0.499999999999985));
#6339=CARTESIAN_POINT('Ctrl Pts',(-0.288484453301618,-0.255553419393284,
0.499999999999985));
#6340=CARTESIAN_POINT('Ctrl Pts',(-0.288488951387971,-0.257767017026008,
0.499999999999985));
#6341=CARTESIAN_POINT('Ctrl Pts',(-0.28858388991098,-0.259957477431096,
0.499999999999985));
#6342=CARTESIAN_POINT('Ctrl Pts',(-0.288764619726633,-0.262123061812086,
0.499999999999985));
#6343=CARTESIAN_POINT('Ctrl Pts',(-0.289026735190393,-0.26426263890366,
0.499999999999985));
#6344=CARTESIAN_POINT('Ctrl Pts',(-0.289366120686281,-0.26637558668338,
0.499999999999985));
#6345=CARTESIAN_POINT('Ctrl Pts',(-0.289778978290889,-0.268461699872287,
0.499999999999985));
#6346=CARTESIAN_POINT('Ctrl Pts',(-0.290261840137884,-0.270521105557815,
0.499999999999985));
#6347=CARTESIAN_POINT('Ctrl Pts',(-0.290811568864344,-0.272554188191056,
0.499999999999985));
#6348=CARTESIAN_POINT('Ctrl Pts',(-0.291425349164828,-0.274561524380615,
0.499999999999985));
#6349=CARTESIAN_POINT('Ctrl Pts',(-0.292100673043013,-0.276543827309898,
0.499999999999985));
#6350=CARTESIAN_POINT('Ctrl Pts',(-0.292835320895076,-0.278501900208363,
0.499999999999985));
#6351=CARTESIAN_POINT('Ctrl Pts',(-0.293627340124699,-0.280436598070256,
0.499999999999985));
#6352=CARTESIAN_POINT('Ctrl Pts',(-0.294475022599826,-0.282348796697833,
0.499999999999985));
#6353=CARTESIAN_POINT('Ctrl Pts',(-0.295376881927002,-0.284239368115835,
0.499999999999985));
#6354=CARTESIAN_POINT('Ctrl Pts',(-0.296331631242385,-0.28610916143175,
0.499999999999985));
#6355=CARTESIAN_POINT('Ctrl Pts',(-0.297338161996475,-0.287958988280364,
0.499999999999985));
#6356=CARTESIAN_POINT('Ctrl Pts',(-0.298395524036164,-0.289789612074742,
0.499999999999985));
#6357=CARTESIAN_POINT('Ctrl Pts',(-0.299502907155925,-0.291601740377662,
0.499999999999985));
#6358=CARTESIAN_POINT('Ctrl Pts',(-0.300659624192496,-0.293396019799759,
0.499999999999985));
#6359=CARTESIAN_POINT('Ctrl Pts',(-0.301865095667595,-0.295173032918367,
0.499999999999985));
#6360=CARTESIAN_POINT('Ctrl Pts',(-0.303118835934982,-0.296933296791367,
0.499999999999985));
#6361=CARTESIAN_POINT('Ctrl Pts',(-0.304420440756556,-0.29867726271211,
0.499999999999985));
#6362=CARTESIAN_POINT('Ctrl Pts',(-0.305769576213352,-0.300405316913697,
0.499999999999985));
#6363=CARTESIAN_POINT('Ctrl Pts',(-0.307165968846049,-0.30211778198608,
0.499999999999985));
#6364=CARTESIAN_POINT('Ctrl Pts',(-0.30860939692101,-0.303814918809692,
0.499999999999985));
#6365=CARTESIAN_POINT('Ctrl Pts',(-0.31009968270053,-0.305496928867873,
0.499999999999985));
#6366=CARTESIAN_POINT('Ctrl Pts',(-0.311636685669779,-0.307163956755248,
0.499999999999985));
#6367=CARTESIAN_POINT('Ctrl Pts',(-0.313220296415148,-0.30881609301604,
0.499999999999985));
#6368=CARTESIAN_POINT('Ctrl Pts',(-0.314850431853758,-0.310453376368051,
0.499999999999985));
#6369=CARTESIAN_POINT('Ctrl Pts',(-0.316527028743816,-0.312075798547591,
0.499999999999985));
#6370=CARTESIAN_POINT('Ctrl Pts',(-0.318250046717238,-0.31368329926418,
0.499999999999985));
#6371=CARTESIAN_POINT('Ctrl Pts',(-0.320019437901438,-0.315275798463447,
0.499999999999985));
#6372=CARTESIAN_POINT('Ctrl Pts',(-0.321835245498313,-0.316853086909653,
0.499999999999985));
#6373=CARTESIAN_POINT('Ctrl Pts',(-0.323697215637387,-0.318415253381149,
0.499999999999985));
#6374=CARTESIAN_POINT('Ctrl Pts',(-0.325606256309812,-0.319961076994939,
0.499999999999985));
#6375=CARTESIAN_POINT('Ctrl Pts',(-0.327558893996496,-0.321494134986887,
0.499999999999985));
#6376=CARTESIAN_POINT('Ctrl Pts',(-0.329568287781668,-0.32299964925306,
0.499999999999985));
#6377=CARTESIAN_POINT('Ctrl Pts',(-0.333370678909847,-0.325890107041096,
0.499999999999985));
#6378=CARTESIAN_POINT('Ctrl Pts',(-0.33915375077318,-0.328466675812579,
0.499999999999985));
#6379=CARTESIAN_POINT('Ctrl Pts',(-0.342696098959075,-0.334280479438456,
0.499999999999985));
#6380=CARTESIAN_POINT('Ctrl Pts',(-0.345594529089624,-0.338588593389698,
0.499999999999985));
#6381=CARTESIAN_POINT('Ctrl Pts',(-0.348140534149715,-0.342930865523293,
0.499999999999985));
#6382=CARTESIAN_POINT('Ctrl Pts',(-0.350899217344314,-0.348027486428367,
0.499999999999985));
#6383=CARTESIAN_POINT('Ctrl Pts',(-0.353781552788358,-0.353934389967661,
0.499999999999985));
#6384=CARTESIAN_POINT('Ctrl Pts',(-0.356736116817653,-0.360658141477788,
0.499999999999985));
#6385=CARTESIAN_POINT('Ctrl Pts',(-0.359697594355087,-0.36821657472959,
0.499999999999985));
#6386=CARTESIAN_POINT('Ctrl Pts',(-0.362603726944145,-0.376619050794972,
0.499999999999985));
#6387=CARTESIAN_POINT('Ctrl Pts',(-0.365390198753075,-0.385872644951697,
0.499999999999985));
#6388=CARTESIAN_POINT('Ctrl Pts',(-0.367992496590354,-0.395980155150032,
0.499999999999985));
#6389=CARTESIAN_POINT('Ctrl Pts',(-0.370345606296974,-0.406940665013975,
0.499999999999985));
#6390=CARTESIAN_POINT('Ctrl Pts',(-0.372384369853382,-0.418749342287969,
0.499999999999985));
#6391=CARTESIAN_POINT('Ctrl Pts',(-0.374043666031224,-0.431397460182753,
0.499999999999985));
#6392=CARTESIAN_POINT('Ctrl Pts',(-0.375517846850404,-0.447748417518204,
0.499999999999985));
#6393=CARTESIAN_POINT('Ctrl Pts',(-0.375965506514028,-0.459909176392325,
0.499999999999985));
#6394=CARTESIAN_POINT('Ctrl Pts',(-0.376012133614108,-0.467562696735203,
0.5));
#6395=CARTESIAN_POINT('',(-0.56087268888469,-0.213123970652263,0.25));
#6396=CARTESIAN_POINT('Origin',(0.,0.,0.25));
#6397=CARTESIAN_POINT('Origin',(0.,0.,0.25));
#6398=CARTESIAN_POINT('Origin',(0.,0.,0.5));
#6399=CARTESIAN_POINT('Origin',(0.,8.74191357972564E-17,0.5));
#6400=CARTESIAN_POINT('Origin',(0.,8.74191357972564E-17,0.25));
#6401=CARTESIAN_POINT('',(0.,0.,0.));
#6402=UNCERTAINTY_MEASURE_WITH_UNIT(LENGTH_MEASURE(0.000393700787401575),
#6409,'DISTANCE_ACCURACY_VALUE',
'Maximum model space distance between geometric entities at asserted c
onnectivities');
#6403=UNCERTAINTY_MEASURE_WITH_UNIT(LENGTH_MEASURE(0.000393700787401575),
#6409,'DISTANCE_ACCURACY_VALUE',
'Maximum model space distance between geometric entities at asserted c
onnectivities');
#6404=UNCERTAINTY_MEASURE_WITH_UNIT(LENGTH_MEASURE(0.000393700787401575),
#6409,'DISTANCE_ACCURACY_VALUE',
'Maximum model space distance between geometric entities at asserted c
onnectivities');
#6405=(
GEOMETRIC_REPRESENTATION_CONTEXT(3)
GLOBAL_UNCERTAINTY_ASSIGNED_CONTEXT((#6402))
GLOBAL_UNIT_ASSIGNED_CONTEXT((#6409,#6413,#6414))
REPRESENTATION_CONTEXT('','3D')
);
#6406=(
GEOMETRIC_REPRESENTATION_CONTEXT(3)
GLOBAL_UNCERTAINTY_ASSIGNED_CONTEXT((#6403))
GLOBAL_UNIT_ASSIGNED_CONTEXT((#6409,#6413,#6414))
REPRESENTATION_CONTEXT('','3D')
);
#6407=(
GEOMETRIC_REPRESENTATION_CONTEXT(3)
GLOBAL_UNCERTAINTY_ASSIGNED_CONTEXT((#6404))
GLOBAL_UNIT_ASSIGNED_CONTEXT((#6409,#6413,#6414))
REPRESENTATION_CONTEXT('','3D')
);
#6408=DIMENSIONAL_EXPONENTS(1.,0.,0.,0.,0.,0.,0.);
#6409=(
CONVERSION_BASED_UNIT('inch',#6412)
LENGTH_UNIT()
NAMED_UNIT(#6408)
);
#6410=(
LENGTH_UNIT()
NAMED_UNIT(*)
SI_UNIT(.MILLI.,.METRE.)
);
#6411=(
LENGTH_UNIT()
NAMED_UNIT(*)
SI_UNIT($,.METRE.)
);
#6412=LENGTH_MEASURE_WITH_UNIT(LENGTH_MEASURE(25.4),#6410);
#6413=(
NAMED_UNIT(*)
PLANE_ANGLE_UNIT()
SI_UNIT($,.RADIAN.)
);
#6414=(
NAMED_UNIT(*)
SI_UNIT($,.STERADIAN.)
SOLID_ANGLE_UNIT()
);
#6415=SHAPE_DEFINITION_REPRESENTATION(#6417,#6420);
#6416=SHAPE_DEFINITION_REPRESENTATION(#6418,#6421);
#6417=PRODUCT_DEFINITION_SHAPE('',$,#6423);
#6418=PRODUCT_DEFINITION_SHAPE('',$,#6424);
#6419=PRODUCT_DEFINITION_SHAPE($,$,#14);
#6420=SHAPE_REPRESENTATION('',(#550,#590),#6405);
#6421=SHAPE_REPRESENTATION('',(#551),#6406);
#6422=PRODUCT_DEFINITION_CONTEXT('part definition',#6430,'design');
#6423=PRODUCT_DEFINITION('SR-HEXto3DPRINT-01','SR-HEXto3DPRINT-01 v3',#6425,
#6422);
#6424=PRODUCT_DEFINITION('Component1','Component1',#6426,#6422);
#6425=PRODUCT_DEFINITION_FORMATION('',$,#6432);
#6426=PRODUCT_DEFINITION_FORMATION('',$,#6433);
#6427=PRODUCT_RELATED_PRODUCT_CATEGORY('SR-HEXto3DPRINT-01 v3',
'SR-HEXto3DPRINT-01 v3',(#6432));
#6428=PRODUCT_RELATED_PRODUCT_CATEGORY('Component1','Component1',(#6433));
#6429=APPLICATION_PROTOCOL_DEFINITION('international standard',
'automotive_design',2009,#6430);
#6430=APPLICATION_CONTEXT(
'Core Data for Automotive Mechanical Design Process');
#6431=PRODUCT_CONTEXT('part definition',#6430,'mechanical');
#6432=PRODUCT('SR-HEXto3DPRINT-01','SR-HEXto3DPRINT-01 v3',$,(#6431));
#6433=PRODUCT('Component1','Component1',$,(#6431));
#6434=PRESENTATION_STYLE_ASSIGNMENT((#6435));
#6435=SURFACE_STYLE_USAGE(.BOTH.,#6436);
#6436=SURFACE_SIDE_STYLE('',(#6437));
#6437=SURFACE_STYLE_FILL_AREA(#6438);
#6438=FILL_AREA_STYLE('Steel - Satin',(#6439));
#6439=FILL_AREA_STYLE_COLOUR('Steel - Satin',#6440);
#6440=COLOUR_RGB('Steel - Satin',0.627450980392157,0.627450980392157,0.627450980392157);
ENDSEC;
END-ISO-10303-21;
