ISO-10303-21;
HEADER;
/* Generated by software containing ST-Developer
 * from STEP Tools, Inc. (www.steptools.com) 
 */
/* OPTION: using custom renumber hook */

FILE_DESCRIPTION(
/* description */ ('STEP AP242 Edition 2',
'CAx-IF Rec.Pracs.---Representation and Presentation of Product Manufa
cturing Information (PMI)---4.0---2014-10-13',
'CAx-IF Rec.Pracs.---3D Tessellated Geometry---0.4---2014-09-14','2;1',
'CAx-IF Rec.Pracs.---User Defined Attributes---1.5---2016-08-15'),
/* implementation_level */ '2;1');

FILE_NAME(
/* name */ 'TTB-0356 Spline XS Insert',
/* time_stamp */ '2026-10-05T03:23:25Z',
/* author */ (''),
/* organization */ (''),
/* preprocessor_version */ 'ST-DEVELOPER v20',
/* originating_system */ 'ONSHAPE BY PTC INC, 1.221',
/* authorisation */ '  ');

FILE_SCHEMA (('AP242_MANAGED_MODEL_BASED_3D_ENGINEERING_MIM_LF { 1 0 10303 442 3 1 4 }'));
ENDSEC;

DATA;
#10=SHAPE_REPRESENTATION_RELATIONSHIP('','',#2045,#11);
#11=ADVANCED_BREP_SHAPE_REPRESENTATION('',(#2043),#4987);
#12=B_SPLINE_SURFACE_WITH_KNOTS('',3,1,((#4671,#4672),(#4673,#4674),(#4675,
#4676),(#4677,#4678),(#4679,#4680),(#4681,#4682),(#4683,#4684),(#4685,#4686),
(#4687,#4688)),.SURF_OF_LINEAR_EXTRUSION.,.F.,.F.,.F.,(4,1,1,1,1,1,4),(2,
2),(3.06945035978893E-14,0.000435285080027171,0.000652927620025409,0.000870570160023647,
0.00108821270002189,0.00130585524002012,0.0017411403200166),(0.,1.),
 .UNSPECIFIED.);
#13=B_SPLINE_SURFACE_WITH_KNOTS('',3,1,((#4693,#4694),(#4695,#4696),(#4697,
#4698),(#4699,#4700),(#4701,#4702),(#4703,#4704),(#4705,#4706),(#4707,#4708),
(#4709,#4710)),.SURF_OF_LINEAR_EXTRUSION.,.F.,.F.,.F.,(4,1,1,1,1,1,4),(2,
2),(3.06929580195146E-14,0.000435285080027173,0.000652927620025414,0.000870570160023654,
0.00108821270002189,0.00130585524002013,0.00174114032001661),(0.,1.),
 .UNSPECIFIED.);
#14=B_SPLINE_SURFACE_WITH_KNOTS('',3,1,((#4714,#4715),(#4716,#4717),(#4718,
#4719),(#4720,#4721),(#4722,#4723),(#4724,#4725),(#4726,#4727),(#4728,#4729),
(#4730,#4731)),.SURF_OF_LINEAR_EXTRUSION.,.F.,.F.,.F.,(4,1,1,1,1,1,4),(2,
2),(3.06939082281581E-14,0.000435285080027168,0.000652927620025405,0.000870570160023642,
0.00108821270002188,0.00130585524002012,0.00174114032001659),(0.,1.),
 .UNSPECIFIED.);
#15=B_SPLINE_SURFACE_WITH_KNOTS('',3,1,((#4735,#4736),(#4737,#4738),(#4739,
#4740),(#4741,#4742),(#4743,#4744),(#4745,#4746),(#4747,#4748),(#4749,#4750),
(#4751,#4752)),.SURF_OF_LINEAR_EXTRUSION.,.F.,.F.,.F.,(4,1,1,1,1,1,4),(2,
2),(3.06923607194385E-14,0.000435285080027176,0.000652927620025417,0.000870570160023659,
0.0010882127000219,0.00130585524002014,0.00174114032001662),(0.,1.),
 .UNSPECIFIED.);
#16=B_SPLINE_SURFACE_WITH_KNOTS('',3,1,((#4756,#4757),(#4758,#4759),(#4760,
#4761),(#4762,#4763),(#4764,#4765),(#4766,#4767),(#4768,#4769),(#4770,#4771),
(#4772,#4773)),.SURF_OF_LINEAR_EXTRUSION.,.F.,.F.,.F.,(4,1,1,1,1,1,4),(2,
2),(3.06925038878235E-14,0.000435285080027171,0.00065292762002541,0.000870570160023649,
0.00108821270002189,0.00130585524002013,0.0017411403200166),(0.,1.),
 .UNSPECIFIED.);
#17=B_SPLINE_SURFACE_WITH_KNOTS('',3,1,((#4777,#4778),(#4779,#4780),(#4781,
#4782),(#4783,#4784),(#4785,#4786),(#4787,#4788),(#4789,#4790),(#4791,#4792),
(#4793,#4794)),.SURF_OF_LINEAR_EXTRUSION.,.F.,.F.,.F.,(4,1,1,1,1,1,4),(2,
2),(3.06926417396541E-14,0.000435285080027177,0.000652927620025419,0.000870570160023661,
0.0010882127000219,0.00130585524002015,0.00174114032001663),(0.,1.),
 .UNSPECIFIED.);
#18=B_SPLINE_SURFACE_WITH_KNOTS('',3,1,((#4798,#4799),(#4800,#4801),(#4802,
#4803),(#4804,#4805),(#4806,#4807),(#4808,#4809),(#4810,#4811),(#4812,#4813),
(#4814,#4815)),.SURF_OF_LINEAR_EXTRUSION.,.F.,.F.,.F.,(4,1,1,1,1,1,4),(2,
2),(3.06925824260937E-14,0.000435285080027176,0.000652927620025417,0.000870570160023659,
0.0010882127000219,0.00130585524002014,0.00174114032001662),(0.,1.),
 .UNSPECIFIED.);
#19=B_SPLINE_SURFACE_WITH_KNOTS('',3,1,((#4819,#4820),(#4821,#4822),(#4823,
#4824),(#4825,#4826),(#4827,#4828),(#4829,#4830),(#4831,#4832),(#4833,#4834),
(#4835,#4836)),.SURF_OF_LINEAR_EXTRUSION.,.F.,.F.,.F.,(4,1,1,1,1,1,4),(2,
2),(3.06927483613026E-14,0.000435285080027166,0.000652927620025402,0.000870570160023639,
0.00108821270002188,0.00130585524002011,0.00174114032001659),(0.,1.),
 .UNSPECIFIED.);
#20=B_SPLINE_SURFACE_WITH_KNOTS('',3,1,((#4840,#4841),(#4842,#4843),(#4844,
#4845),(#4846,#4847),(#4848,#4849),(#4850,#4851),(#4852,#4853),(#4854,#4855),
(#4856,#4857)),.SURF_OF_LINEAR_EXTRUSION.,.F.,.F.,.F.,(4,1,1,1,1,1,4),(2,
2),(3.06944851665083E-14,0.00043528508002714,0.000652927620025362,0.000870570160023585,
0.00108821270002181,0.00130585524002003,0.00174114032001648),(0.,1.),
 .UNSPECIFIED.);
#21=B_SPLINE_SURFACE_WITH_KNOTS('',3,1,((#4861,#4862),(#4863,#4864),(#4865,
#4866),(#4867,#4868),(#4869,#4870),(#4871,#4872),(#4873,#4874),(#4875,#4876),
(#4877,#4878)),.SURF_OF_LINEAR_EXTRUSION.,.F.,.F.,.F.,(4,1,1,1,1,1,4),(2,
2),(3.0692948028391E-14,0.000435285080027175,0.000652927620025416,0.000870570160023656,
0.0010882127000219,0.00130585524002014,0.00174114032001662),(0.,1.),
 .UNSPECIFIED.);
#22=B_SPLINE_SURFACE_WITH_KNOTS('',3,1,((#4882,#4883),(#4884,#4885),(#4886,
#4887),(#4888,#4889),(#4890,#4891),(#4892,#4893),(#4894,#4895),(#4896,#4897),
(#4898,#4899)),.SURF_OF_LINEAR_EXTRUSION.,.F.,.F.,.F.,(4,1,1,1,1,1,4),(2,
2),(3.06925026057621E-14,0.000435285080027174,0.000652927620025415,0.000870570160023656,
0.0010882127000219,0.00130585524002014,0.00174114032001662),(0.,1.),
 .UNSPECIFIED.);
#23=B_SPLINE_SURFACE_WITH_KNOTS('',3,1,((#4903,#4904),(#4905,#4906),(#4907,
#4908),(#4909,#4910),(#4911,#4912),(#4913,#4914),(#4915,#4916),(#4917,#4918),
(#4919,#4920)),.SURF_OF_LINEAR_EXTRUSION.,.F.,.F.,.F.,(4,1,1,1,1,1,4),(2,
2),(3.06927964821309E-14,0.000435285080027177,0.000652927620025419,0.000870570160023661,
0.0010882127000219,0.00130585524002015,0.00174114032001663),(0.,1.),
 .UNSPECIFIED.);
#24=B_SPLINE_SURFACE_WITH_KNOTS('',3,1,((#4924,#4925),(#4926,#4927),(#4928,
#4929),(#4930,#4931),(#4932,#4933),(#4934,#4935),(#4936,#4937),(#4938,#4939),
(#4940,#4941)),.SURF_OF_LINEAR_EXTRUSION.,.F.,.F.,.F.,(4,1,1,1,1,1,4),(2,
2),(3.06951372097104E-14,0.000435285080027169,0.000652927620025406,0.000870570160023643,
0.00108821270002188,0.00130585524002012,0.00174114032001659),(0.,1.),
 .UNSPECIFIED.);
#25=B_SPLINE_SURFACE_WITH_KNOTS('',3,1,((#4945,#4946),(#4947,#4948),(#4949,
#4950),(#4951,#4952),(#4953,#4954),(#4955,#4956),(#4957,#4958),(#4959,#4960),
(#4961,#4962)),.SURF_OF_LINEAR_EXTRUSION.,.F.,.F.,.F.,(4,1,1,1,1,1,4),(2,
2),(3.06942962059658E-14,0.000435285080027168,0.000652927620025405,0.000870570160023642,
0.00108821270002188,0.00130585524002012,0.00174114032001659),(0.,1.),
 .UNSPECIFIED.);
#26=B_SPLINE_SURFACE_WITH_KNOTS('',3,1,((#4966,#4967),(#4968,#4969),(#4970,
#4971),(#4972,#4973),(#4974,#4975),(#4976,#4977),(#4978,#4979),(#4980,#4981),
(#4982,#4983)),.SURF_OF_LINEAR_EXTRUSION.,.F.,.F.,.F.,(4,1,1,1,1,1,4),(2,
2),(3.06938321512533E-14,0.000435285080027174,0.000652927620025414,0.000870570160023654,
0.00108821270002189,0.00130585524002013,0.00174114032001661),(0.,1.),
 .UNSPECIFIED.);
#27=CYLINDRICAL_SURFACE('',#2151,0.000838378683234358);
#28=CYLINDRICAL_SURFACE('',#2153,0.000500000016);
#29=CYLINDRICAL_SURFACE('',#2155,0.000500000016);
#30=CYLINDRICAL_SURFACE('',#2157,0.000838378683234358);
#31=CYLINDRICAL_SURFACE('',#2159,0.000500000016);
#32=CYLINDRICAL_SURFACE('',#2161,0.000500000016);
#33=CYLINDRICAL_SURFACE('',#2163,0.000838378683234357);
#34=CYLINDRICAL_SURFACE('',#2165,0.000500000015999999);
#35=CYLINDRICAL_SURFACE('',#2167,0.000500000016);
#36=CYLINDRICAL_SURFACE('',#2169,0.000838378683234358);
#37=CYLINDRICAL_SURFACE('',#2171,0.000500000016);
#38=CYLINDRICAL_SURFACE('',#2173,0.000500000016);
#39=CYLINDRICAL_SURFACE('',#2175,0.000838378683234358);
#40=CYLINDRICAL_SURFACE('',#2177,0.000500000016000001);
#41=CYLINDRICAL_SURFACE('',#2179,0.000500000016);
#42=CYLINDRICAL_SURFACE('',#2181,0.000838378683234358);
#43=CYLINDRICAL_SURFACE('',#2183,0.000500000016000001);
#44=CYLINDRICAL_SURFACE('',#2185,0.000500000016);
#45=CYLINDRICAL_SURFACE('',#2187,0.000838378683234358);
#46=CYLINDRICAL_SURFACE('',#2189,0.000500000016);
#47=CYLINDRICAL_SURFACE('',#2191,0.000500000016);
#48=CYLINDRICAL_SURFACE('',#2193,0.000838378683234358);
#49=CYLINDRICAL_SURFACE('',#2195,0.000500000016000002);
#50=CYLINDRICAL_SURFACE('',#2197,0.000500000016000002);
#51=CYLINDRICAL_SURFACE('',#2199,0.000838378683234358);
#52=CYLINDRICAL_SURFACE('',#2201,0.000500000016);
#53=CYLINDRICAL_SURFACE('',#2203,0.000500000016);
#54=CYLINDRICAL_SURFACE('',#2205,0.000838378683234358);
#55=CYLINDRICAL_SURFACE('',#2207,0.000500000016);
#56=CYLINDRICAL_SURFACE('',#2209,0.000500000016);
#57=CYLINDRICAL_SURFACE('',#2211,0.000838378683234358);
#58=CYLINDRICAL_SURFACE('',#2213,0.000500000016);
#59=CYLINDRICAL_SURFACE('',#2215,0.000500000015999999);
#60=CYLINDRICAL_SURFACE('',#2217,0.000838378683234358);
#61=CYLINDRICAL_SURFACE('',#2219,0.000500000016000001);
#62=CYLINDRICAL_SURFACE('',#2221,0.000500000016);
#63=CYLINDRICAL_SURFACE('',#2223,0.0035668661200001);
#64=CYLINDRICAL_SURFACE('',#2224,0.00356686612000012);
#65=CYLINDRICAL_SURFACE('',#2225,0.0035668661200001);
#66=CYLINDRICAL_SURFACE('',#2226,0.00356686612000009);
#67=CYLINDRICAL_SURFACE('',#2227,0.00356686612000008);
#68=CYLINDRICAL_SURFACE('',#2228,0.00356686611999996);
#69=CYLINDRICAL_SURFACE('',#2229,0.00356686612000014);
#70=CYLINDRICAL_SURFACE('',#2230,0.00356686611999998);
#71=CYLINDRICAL_SURFACE('',#2231,0.00356686612000003);
#72=CYLINDRICAL_SURFACE('',#2232,0.00356686611999992);
#73=CYLINDRICAL_SURFACE('',#2233,0.00356686611999996);
#74=CYLINDRICAL_SURFACE('',#2234,0.00356686612000004);
#75=CYLINDRICAL_SURFACE('',#2235,0.00356686611999999);
#76=CYLINDRICAL_SURFACE('',#2236,0.0035668661200001);
#77=CYLINDRICAL_SURFACE('',#2237,0.00356686612000003);
#78=B_SPLINE_CURVE_WITH_KNOTS('',3,(#2945,#2946,#2947,#2948,#2949,#2950,
#2951,#2952,#2953,#2954,#2955,#2956,#2957,#2958,#2959,#2960,#2961,#2962,
#2963,#2964,#2965,#2966,#2967,#2968,#2969,#2970,#2971,#2972,#2973,#2974,
#2975,#2976,#2977,#2978,#2979,#2980,#2981,#2982,#2983,#2984,#2985,#2986,
#2987,#2988,#2989),.UNSPECIFIED.,.F.,.F.,(4,1,1,1,1,1,1,1,1,1,1,1,1,1,1,
1,1,1,1,1,1,1,1,1,1,1,1,1,1,1,1,1,1,1,1,1,1,1,1,1,1,1,4),(3.06945035978893E-14,
0.000108821270029814,0.000217642540028933,0.000326463810028052,0.000380874445027612,
0.000435285080027171,0.00048969571502673,0.00054410635002629,0.000598516985025849,
0.000652927620025409,0.000680132937525189,0.000707338255024968,0.000734543572524748,
0.000761748890024528,0.000788954207524308,0.000802556866274198,0.000816159525024088,
0.000829762183773977,0.000843364842523867,0.000856967501273757,0.000870570160023647,
0.000884172818773537,0.000890974148148482,0.000897775477523427,0.000911378136273317,
0.000924980795023206,0.000952186112522986,0.000965788771272876,0.000979391430022766,
0.00100659674752255,0.00103380206502233,0.0010610073825221,0.00108821270002188,
0.00111541801752166,0.00114262333502144,0.001197033970021,0.00125144460502056,
0.00130585524002012,0.00136026587501968,0.00141467651001924,0.00152349778001836,
0.00163231905001748,0.0017411403200166),.UNSPECIFIED.);
#79=B_SPLINE_CURVE_WITH_KNOTS('',3,(#2993,#2994,#2995,#2996,#2997,#2998,
#2999,#3000,#3001,#3002,#3003,#3004,#3005,#3006,#3007,#3008,#3009,#3010,
#3011,#3012,#3013,#3014,#3015,#3016,#3017,#3018,#3019,#3020,#3021,#3022,
#3023,#3024,#3025,#3026,#3027,#3028,#3029,#3030,#3031,#3032,#3033,#3034,
#3035,#3036,#3037),.UNSPECIFIED.,.F.,.F.,(4,1,1,1,1,1,1,1,1,1,1,1,1,1,1,
1,1,1,1,1,1,1,1,1,1,1,1,1,1,1,1,1,1,1,1,1,1,1,1,1,1,1,4),(3.06938321512533E-14,
0.000108821270029814,0.000217642540028934,0.000326463810028054,0.000380874445027614,
0.000435285080027174,0.000489695715026734,0.000544106350026294,0.000598516985025854,
0.000652927620025414,0.000680132937525194,0.000707338255024974,0.000734543572524754,
0.000761748890024534,0.000788954207524314,0.000802556866274204,0.000816159525024094,
0.000829762183773984,0.000843364842523874,0.000856967501273764,0.000870570160023654,
0.000884172818773544,0.000890974148148489,0.000897775477523434,0.000911378136273324,
0.000924980795023214,0.000952186112522994,0.000965788771272884,0.000979391430022774,
0.00100659674752255,0.00103380206502233,0.00106100738252211,0.00108821270002189,
0.00111541801752167,0.00114262333502145,0.00119703397002101,0.00125144460502057,
0.00130585524002013,0.00136026587501969,0.00141467651001925,0.00152349778001838,
0.00163231905001749,0.00174114032001661),.UNSPECIFIED.);
#80=B_SPLINE_CURVE_WITH_KNOTS('',3,(#3041,#3042,#3043,#3044,#3045,#3046,
#3047,#3048,#3049,#3050,#3051,#3052,#3053,#3054,#3055,#3056,#3057,#3058,
#3059,#3060,#3061,#3062,#3063,#3064,#3065,#3066,#3067,#3068,#3069,#3070,
#3071,#3072,#3073,#3074,#3075,#3076,#3077,#3078,#3079,#3080,#3081,#3082,
#3083,#3084,#3085),.UNSPECIFIED.,.F.,.F.,(4,1,1,1,1,1,1,1,1,1,1,1,1,1,1,
1,1,1,1,1,1,1,1,1,1,1,1,1,1,1,1,1,1,1,1,1,1,1,1,1,1,1,4),(3.06942962059658E-14,
0.000108821270029813,0.000217642540028931,0.000326463810028049,0.000380874445027609,
0.000435285080027168,0.000489695715026727,0.000544106350026286,0.000598516985025845,
0.000652927620025404,0.000680132937525184,0.000707338255024964,0.000734543572524743,
0.000761748890024523,0.000788954207524302,0.000802556866274192,0.000816159525024082,
0.000829762183773972,0.000843364842523861,0.000856967501273751,0.000870570160023641,
0.000884172818773531,0.000890974148148476,0.000897775477523421,0.00091137813627331,
0.0009249807950232,0.00095218611252298,0.000965788771272869,0.000979391430022759,
0.00100659674752254,0.00103380206502232,0.0010610073825221,0.00108821270002188,
0.00111541801752166,0.00114262333502144,0.001197033970021,0.00125144460502055,
0.00130585524002011,0.00136026587501967,0.00141467651001923,0.00152349778001835,
0.00163231905001747,0.00174114032001659),.UNSPECIFIED.);
#81=B_SPLINE_CURVE_WITH_KNOTS('',3,(#3089,#3090,#3091,#3092,#3093,#3094,
#3095,#3096,#3097,#3098,#3099,#3100,#3101,#3102,#3103,#3104,#3105,#3106,
#3107,#3108,#3109,#3110,#3111,#3112,#3113,#3114,#3115,#3116,#3117,#3118,
#3119,#3120,#3121,#3122,#3123,#3124,#3125,#3126,#3127,#3128,#3129,#3130,
#3131,#3132,#3133),.UNSPECIFIED.,.F.,.F.,(4,1,1,1,1,1,1,1,1,1,1,1,1,1,1,
1,1,1,1,1,1,1,1,1,1,1,1,1,1,1,1,1,1,1,1,1,1,1,1,1,1,1,4),(3.06951372097104E-14,
0.000108821270029814,0.000217642540028932,0.00032646381002805,0.00038087444502761,
0.000435285080027169,0.000489695715026728,0.000544106350026287,0.000598516985025847,
0.000652927620025406,0.000680132937525185,0.000707338255024965,0.000734543572524745,
0.000761748890024524,0.000788954207524304,0.000802556866274194,0.000816159525024083,
0.000829762183773973,0.000843364842523863,0.000856967501273753,0.000870570160023643,
0.000884172818773532,0.000890974148148477,0.000897775477523422,0.000911378136273312,
0.000924980795023202,0.000952186112522981,0.000965788771272871,0.000979391430022761,
0.00100659674752254,0.00103380206502232,0.0010610073825221,0.00108821270002188,
0.00111541801752166,0.00114262333502144,0.001197033970021,0.00125144460502056,
0.00130585524002012,0.00136026587501968,0.00141467651001923,0.00152349778001835,
0.00163231905001747,0.00174114032001659),.UNSPECIFIED.);
#82=B_SPLINE_CURVE_WITH_KNOTS('',3,(#3137,#3138,#3139,#3140,#3141,#3142,
#3143,#3144,#3145,#3146,#3147,#3148,#3149,#3150,#3151,#3152,#3153,#3154,
#3155,#3156,#3157,#3158,#3159,#3160,#3161,#3162,#3163,#3164,#3165,#3166,
#3167,#3168,#3169,#3170,#3171,#3172,#3173,#3174,#3175,#3176,#3177,#3178,
#3179,#3180,#3181),.UNSPECIFIED.,.F.,.F.,(4,1,1,1,1,1,1,1,1,1,1,1,1,1,1,
1,1,1,1,1,1,1,1,1,1,1,1,1,1,1,1,1,1,1,1,1,1,1,1,1,1,1,4),(3.06927964821309E-14,
0.000108821270029814,0.000217642540028935,0.000326463810028056,0.000380874445027617,
0.000435285080027177,0.000489695715026737,0.000544106350026298,0.000598516985025858,
0.000652927620025419,0.000680132937525199,0.00070733825502498,0.00073454357252476,
0.00076174889002454,0.00078895420752432,0.00080255686627421,0.000816159525024101,
0.000829762183773991,0.000843364842523881,0.000856967501273771,0.000870570160023661,
0.000884172818773551,0.000890974148148496,0.000897775477523441,0.000911378136273331,
0.000924980795023222,0.000952186112523002,0.000965788771272892,0.000979391430022782,
0.00100659674752256,0.00103380206502234,0.00106100738252212,0.0010882127000219,
0.00111541801752168,0.00114262333502146,0.00119703397002102,0.00125144460502058,
0.00130585524002014,0.00136026587501971,0.00141467651001927,0.00152349778001839,
0.00163231905001751,0.00174114032001663),.UNSPECIFIED.);
#83=B_SPLINE_CURVE_WITH_KNOTS('',3,(#3185,#3186,#3187,#3188,#3189,#3190,
#3191,#3192,#3193,#3194,#3195,#3196,#3197,#3198,#3199,#3200,#3201,#3202,
#3203,#3204,#3205,#3206,#3207,#3208,#3209,#3210,#3211,#3212,#3213,#3214,
#3215,#3216,#3217,#3218,#3219,#3220,#3221,#3222,#3223,#3224,#3225,#3226,
#3227,#3228,#3229),.UNSPECIFIED.,.F.,.F.,(4,1,1,1,1,1,1,1,1,1,1,1,1,1,1,
1,1,1,1,1,1,1,1,1,1,1,1,1,1,1,1,1,1,1,1,1,1,1,1,1,1,1,4),(3.06925026057621E-14,
0.000108821270029813,0.000217642540028934,0.000326463810028054,0.000380874445027614,
0.000435285080027174,0.000489695715026735,0.000544106350026295,0.000598516985025855,
0.000652927620025415,0.000680132937525195,0.000707338255024975,0.000734543572524756,
0.000761748890024536,0.000788954207524316,0.000802556866274206,0.000816159525024096,
0.000829762183773986,0.000843364842523876,0.000856967501273766,0.000870570160023656,
0.000884172818773546,0.000890974148148491,0.000897775477523436,0.000911378136273326,
0.000924980795023216,0.000952186112522996,0.000965788771272886,0.000979391430022777,
0.00100659674752256,0.00103380206502234,0.00106100738252212,0.0010882127000219,
0.00111541801752168,0.00114262333502146,0.00119703397002102,0.00125144460502058,
0.00130585524002014,0.0013602658750197,0.00141467651001926,0.00152349778001838,
0.0016323190500175,0.00174114032001662),.UNSPECIFIED.);
#84=B_SPLINE_CURVE_WITH_KNOTS('',3,(#3233,#3234,#3235,#3236,#3237,#3238,
#3239,#3240,#3241,#3242,#3243,#3244,#3245,#3246,#3247,#3248,#3249,#3250,
#3251,#3252,#3253,#3254,#3255,#3256,#3257,#3258,#3259,#3260,#3261,#3262,
#3263,#3264,#3265,#3266,#3267,#3268,#3269,#3270,#3271,#3272,#3273,#3274,
#3275,#3276,#3277),.UNSPECIFIED.,.F.,.F.,(4,1,1,1,1,1,1,1,1,1,1,1,1,1,1,
1,1,1,1,1,1,1,1,1,1,1,1,1,1,1,1,1,1,1,1,1,1,1,1,1,1,1,4),(3.0692948028391E-14,
0.000108821270029813,0.000217642540028934,0.000326463810028054,0.000380874445027614,
0.000435285080027174,0.000489695715026734,0.000544106350026294,0.000598516985025855,
0.000652927620025415,0.000680132937525195,0.000707338255024975,0.000734543572524755,
0.000761748890024535,0.000788954207524315,0.000802556866274205,0.000816159525024095,
0.000829762183773985,0.000843364842523875,0.000856967501273765,0.000870570160023655,
0.000884172818773545,0.00089097414814849,0.000897775477523436,0.000911378136273326,
0.000924980795023215,0.000952186112522996,0.000965788771272886,0.000979391430022776,
0.00100659674752256,0.00103380206502234,0.00106100738252212,0.0010882127000219,
0.00111541801752168,0.00114262333502146,0.00119703397002102,0.00125144460502058,
0.00130585524002014,0.0013602658750197,0.00141467651001926,0.00152349778001838,
0.0016323190500175,0.00174114032001662),.UNSPECIFIED.);
#85=B_SPLINE_CURVE_WITH_KNOTS('',3,(#3281,#3282,#3283,#3284,#3285,#3286,
#3287,#3288,#3289,#3290,#3291,#3292,#3293,#3294,#3295,#3296,#3297,#3298,
#3299,#3300,#3301,#3302,#3303,#3304,#3305,#3306,#3307,#3308,#3309,#3310,
#3311,#3312,#3313,#3314,#3315,#3316,#3317,#3318,#3319,#3320,#3321,#3322,
#3323,#3324,#3325),.UNSPECIFIED.,.F.,.F.,(4,1,1,1,1,1,1,1,1,1,1,1,1,1,1,
1,1,1,1,1,1,1,1,1,1,1,1,1,1,1,1,1,1,1,1,1,1,1,1,1,1,1,4),(3.06944851665083E-14,
0.000108821270029806,0.000217642540028917,0.000326463810028028,0.000380874445027584,
0.000435285080027139,0.000489695715026695,0.000544106350026251,0.000598516985025806,
0.000652927620025362,0.00068013293752514,0.000707338255024917,0.000734543572524695,
0.000761748890024473,0.000788954207524251,0.00080255686627414,0.000816159525024029,
0.000829762183773918,0.000843364842523807,0.000856967501273695,0.000870570160023584,
0.000884172818773473,0.000890974148148418,0.000897775477523362,0.000911378136273251,
0.00092498079502314,0.000952186112522918,0.000965788771272807,0.000979391430022695,
0.00100659674752247,0.00103380206502225,0.00106100738252203,0.00108821270002181,
0.00111541801752158,0.00114262333502136,0.00119703397002092,0.00125144460502047,
0.00130585524002003,0.00136026587501958,0.00141467651001914,0.00152349778001825,
0.00163231905001736,0.00174114032001648),.UNSPECIFIED.);
#86=B_SPLINE_CURVE_WITH_KNOTS('',3,(#3329,#3330,#3331,#3332,#3333,#3334,
#3335,#3336,#3337,#3338,#3339,#3340,#3341,#3342,#3343,#3344,#3345,#3346,
#3347,#3348,#3349,#3350,#3351,#3352,#3353,#3354,#3355,#3356,#3357,#3358,
#3359,#3360,#3361,#3362,#3363,#3364,#3365,#3366,#3367,#3368,#3369,#3370,
#3371,#3372,#3373),.UNSPECIFIED.,.F.,.F.,(4,1,1,1,1,1,1,1,1,1,1,1,1,1,1,
1,1,1,1,1,1,1,1,1,1,1,1,1,1,1,1,1,1,1,1,1,1,1,1,1,1,1,4),(3.06927483613026E-14,
0.000108821270029811,0.000217642540028929,0.000326463810028048,0.000380874445027607,
0.000435285080027166,0.000489695715026725,0.000544106350026285,0.000598516985025844,
0.000652927620025403,0.000680132937525182,0.000707338255024962,0.000734543572524742,
0.000761748890024521,0.000788954207524301,0.000802556866274191,0.00081615952502408,
0.00082976218377397,0.00084336484252386,0.00085696750127375,0.00087057016002364,
0.000884172818773529,0.000890974148148474,0.000897775477523419,0.000911378136273309,
0.000924980795023199,0.000952186112522978,0.000965788771272868,0.000979391430022758,
0.00100659674752254,0.00103380206502232,0.0010610073825221,0.00108821270002188,
0.00111541801752166,0.00114262333502144,0.00119703397002099,0.00125144460502055,
0.00130585524002011,0.00136026587501967,0.00141467651001923,0.00152349778001835,
0.00163231905001747,0.00174114032001659),.UNSPECIFIED.);
#87=B_SPLINE_CURVE_WITH_KNOTS('',3,(#3377,#3378,#3379,#3380,#3381,#3382,
#3383,#3384,#3385,#3386,#3387,#3388,#3389,#3390,#3391,#3392,#3393,#3394,
#3395,#3396,#3397,#3398,#3399,#3400,#3401,#3402,#3403,#3404,#3405,#3406,
#3407,#3408,#3409,#3410,#3411,#3412,#3413,#3414,#3415,#3416,#3417,#3418,
#3419,#3420,#3421),.UNSPECIFIED.,.F.,.F.,(4,1,1,1,1,1,1,1,1,1,1,1,1,1,1,
1,1,1,1,1,1,1,1,1,1,1,1,1,1,1,1,1,1,1,1,1,1,1,1,1,1,1,4),(3.06925824260937E-14,
0.000108821270029813,0.000217642540028935,0.000326463810028056,0.000380874445027616,
0.000435285080027176,0.000489695715026737,0.000544106350026297,0.000598516985025857,
0.000652927620025418,0.000680132937525198,0.000707338255024978,0.000734543572524759,
0.000761748890024539,0.000788954207524319,0.000802556866274209,0.000816159525024099,
0.000829762183773989,0.000843364842523879,0.00085696750127377,0.00087057016002366,
0.00088417281877355,0.000890974148148495,0.00089777547752344,0.00091137813627333,
0.00092498079502322,0.000952186112523,0.00096578877127289,0.00097939143002278,
0.00100659674752256,0.00103380206502234,0.00106100738252212,0.0010882127000219,
0.00111541801752168,0.00114262333502146,0.00119703397002102,0.00125144460502058,
0.00130585524002014,0.0013602658750197,0.00141467651001926,0.00152349778001839,
0.00163231905001751,0.00174114032001662),.UNSPECIFIED.);
#88=B_SPLINE_CURVE_WITH_KNOTS('',3,(#3425,#3426,#3427,#3428,#3429,#3430,
#3431,#3432,#3433,#3434,#3435,#3436,#3437,#3438,#3439,#3440,#3441,#3442,
#3443,#3444,#3445,#3446,#3447,#3448,#3449,#3450,#3451,#3452,#3453,#3454,
#3455,#3456,#3457,#3458,#3459,#3460,#3461,#3462,#3463,#3464,#3465,#3466,
#3467,#3468,#3469),.UNSPECIFIED.,.F.,.F.,(4,1,1,1,1,1,1,1,1,1,1,1,1,1,1,
1,1,1,1,1,1,1,1,1,1,1,1,1,1,1,1,1,1,1,1,1,1,1,1,1,1,1,4),(3.06926417396541E-14,
0.000108821270029814,0.000217642540028935,0.000326463810028056,0.000380874445027617,
0.000435285080027177,0.000489695715026738,0.000544106350026298,0.000598516985025859,
0.000652927620025419,0.0006801329375252,0.00070733825502498,0.00073454357252476,
0.00076174889002454,0.000788954207524321,0.000802556866274211,0.000816159525024101,
0.000829762183773991,0.000843364842523881,0.000856967501273771,0.000870570160023662,
0.000884172818773552,0.000890974148148497,0.000897775477523442,0.000911378136273332,
0.000924980795023222,0.000952186112523002,0.000965788771272893,0.000979391430022783,
0.00100659674752256,0.00103380206502234,0.00106100738252212,0.0010882127000219,
0.00111541801752168,0.00114262333502146,0.00119703397002102,0.00125144460502059,
0.00130585524002015,0.00136026587501971,0.00141467651001927,0.00152349778001839,
0.00163231905001751,0.00174114032001663),.UNSPECIFIED.);
#89=B_SPLINE_CURVE_WITH_KNOTS('',3,(#3473,#3474,#3475,#3476,#3477,#3478,
#3479,#3480,#3481,#3482,#3483,#3484,#3485,#3486,#3487,#3488,#3489,#3490,
#3491,#3492,#3493,#3494,#3495,#3496,#3497,#3498,#3499,#3500,#3501,#3502,
#3503,#3504,#3505,#3506,#3507,#3508,#3509,#3510,#3511,#3512,#3513,#3514,
#3515,#3516,#3517),.UNSPECIFIED.,.F.,.F.,(4,1,1,1,1,1,1,1,1,1,1,1,1,1,1,
1,1,1,1,1,1,1,1,1,1,1,1,1,1,1,1,1,1,1,1,1,1,1,1,1,1,1,4),(3.06925038878235E-14,
0.000108821270029812,0.000217642540028931,0.000326463810028051,0.000380874445027611,
0.00043528508002717,0.00048969571502673,0.00054410635002629,0.00059851698502585,
0.000652927620025409,0.000680132937525189,0.000707338255024969,0.000734543572524749,
0.000761748890024529,0.000788954207524309,0.000802556866274199,0.000816159525024088,
0.000829762183773978,0.000843364842523868,0.000856967501273758,0.000870570160023648,
0.000884172818773538,0.000890974148148483,0.000897775477523428,0.000911378136273318,
0.000924980795023208,0.000952186112522988,0.000965788771272878,0.000979391430022768,
0.00100659674752255,0.00103380206502233,0.00106100738252211,0.00108821270002189,
0.00111541801752167,0.00114262333502145,0.00119703397002101,0.00125144460502057,
0.00130585524002013,0.00136026587501969,0.00141467651001925,0.00152349778001837,
0.00163231905001748,0.0017411403200166),.UNSPECIFIED.);
#90=B_SPLINE_CURVE_WITH_KNOTS('',3,(#3521,#3522,#3523,#3524,#3525,#3526,
#3527,#3528,#3529,#3530,#3531,#3532,#3533,#3534,#3535,#3536,#3537,#3538,
#3539,#3540,#3541,#3542,#3543,#3544,#3545,#3546,#3547,#3548,#3549,#3550,
#3551,#3552,#3553,#3554,#3555,#3556,#3557,#3558,#3559,#3560,#3561,#3562,
#3563,#3564,#3565),.UNSPECIFIED.,.F.,.F.,(4,1,1,1,1,1,1,1,1,1,1,1,1,1,1,
1,1,1,1,1,1,1,1,1,1,1,1,1,1,1,1,1,1,1,1,1,1,1,1,1,1,1,4),(3.06923607194385E-14,
0.000108821270029813,0.000217642540028934,0.000326463810028054,0.000380874445027615,
0.000435285080027175,0.000489695715026736,0.000544106350026296,0.000598516985025857,
0.000652927620025417,0.000680132937525197,0.000707338255024977,0.000734543572524758,
0.000761748890024538,0.000788954207524318,0.000802556866274208,0.000816159525024098,
0.000829762183773988,0.000843364842523878,0.000856967501273768,0.000870570160023658,
0.000884172818773548,0.000890974148148494,0.000897775477523439,0.000911378136273329,
0.000924980795023219,0.000952186112522999,0.000965788771272889,0.000979391430022779,
0.00100659674752256,0.00103380206502234,0.00106100738252212,0.0010882127000219,
0.00111541801752168,0.00114262333502146,0.00119703397002102,0.00125144460502058,
0.00130585524002014,0.0013602658750197,0.00141467651001926,0.00152349778001839,
0.00163231905001751,0.00174114032001662),.UNSPECIFIED.);
#91=B_SPLINE_CURVE_WITH_KNOTS('',3,(#3569,#3570,#3571,#3572,#3573,#3574,
#3575,#3576,#3577,#3578,#3579,#3580,#3581,#3582,#3583,#3584,#3585,#3586,
#3587,#3588,#3589,#3590,#3591,#3592,#3593,#3594,#3595,#3596,#3597,#3598,
#3599,#3600,#3601,#3602,#3603,#3604,#3605,#3606,#3607,#3608,#3609,#3610,
#3611,#3612,#3613),.UNSPECIFIED.,.F.,.F.,(4,1,1,1,1,1,1,1,1,1,1,1,1,1,1,
1,1,1,1,1,1,1,1,1,1,1,1,1,1,1,1,1,1,1,1,1,1,1,1,1,1,1,4),(3.06939082281581E-14,
0.000108821270029813,0.000217642540028931,0.00032646381002805,0.000380874445027609,
0.000435285080027168,0.000489695715026728,0.000544106350026287,0.000598516985025847,
0.000652927620025406,0.000680132937525186,0.000707338255024965,0.000734543572524745,
0.000761748890024524,0.000788954207524304,0.000802556866274194,0.000816159525024084,
0.000829762183773974,0.000843364842523864,0.000856967501273753,0.000870570160023643,
0.000884172818773533,0.000890974148148478,0.000897775477523423,0.000911378136273313,
0.000924980795023202,0.000952186112522982,0.000965788771272872,0.000979391430022762,
0.00100659674752254,0.00103380206502232,0.0010610073825221,0.00108821270002188,
0.00111541801752166,0.00114262333502144,0.001197033970021,0.00125144460502056,
0.00130585524002012,0.00136026587501968,0.00141467651001924,0.00152349778001835,
0.00163231905001747,0.00174114032001659),.UNSPECIFIED.);
#92=B_SPLINE_CURVE_WITH_KNOTS('',3,(#3617,#3618,#3619,#3620,#3621,#3622,
#3623,#3624,#3625,#3626,#3627,#3628,#3629,#3630,#3631,#3632,#3633,#3634,
#3635,#3636,#3637,#3638,#3639,#3640,#3641,#3642,#3643,#3644,#3645,#3646,
#3647,#3648,#3649,#3650,#3651,#3652,#3653,#3654,#3655,#3656,#3657,#3658,
#3659,#3660,#3661),.UNSPECIFIED.,.F.,.F.,(4,1,1,1,1,1,1,1,1,1,1,1,1,1,1,
1,1,1,1,1,1,1,1,1,1,1,1,1,1,1,1,1,1,1,1,1,1,1,1,1,1,1,4),(3.06929580195146E-14,
0.000108821270029813,0.000217642540028933,0.000326463810028053,0.000380874445027613,
0.000435285080027173,0.000489695715026733,0.000544106350026293,0.000598516985025853,
0.000652927620025413,0.000680132937525193,0.000707338255024973,0.000734543572524753,
0.000761748890024533,0.000788954207524313,0.000802556866274203,0.000816159525024093,
0.000829762183773983,0.000843364842523873,0.000856967501273763,0.000870570160023653,
0.000884172818773543,0.000890974148148488,0.000897775477523433,0.000911378136273323,
0.000924980795023213,0.000952186112522993,0.000965788771272883,0.000979391430022773,
0.00100659674752255,0.00103380206502233,0.00106100738252211,0.00108821270002189,
0.00111541801752167,0.00114262333502145,0.00119703397002101,0.00125144460502057,
0.00130585524002013,0.00136026587501969,0.00141467651001925,0.00152349778001838,
0.00163231905001749,0.00174114032001661),.UNSPECIFIED.);
#93=B_SPLINE_CURVE_WITH_KNOTS('',3,(#3807,#3808,#3809,#3810,#3811,#3812,
#3813,#3814,#3815,#3816,#3817,#3818,#3819,#3820,#3821,#3822,#3823,#3824,
#3825,#3826,#3827,#3828,#3829,#3830,#3831,#3832,#3833,#3834,#3835,#3836,
#3837,#3838,#3839,#3840,#3841,#3842,#3843,#3844,#3845,#3846,#3847,#3848,
#3849,#3850,#3851),.UNSPECIFIED.,.F.,.F.,(4,1,1,1,1,1,1,1,1,1,1,1,1,1,1,
1,1,1,1,1,1,1,1,1,1,1,1,1,1,1,1,1,1,1,1,1,1,1,1,1,1,1,4),(3.06945035978893E-14,
0.000108821270029814,0.000217642540028933,0.000326463810028052,0.000380874445027612,
0.000435285080027171,0.00048969571502673,0.00054410635002629,0.000598516985025849,
0.000652927620025409,0.000680132937525189,0.000707338255024968,0.000734543572524748,
0.000761748890024528,0.000788954207524308,0.000802556866274198,0.000816159525024088,
0.000829762183773977,0.000843364842523867,0.000856967501273757,0.000870570160023647,
0.000884172818773537,0.000890974148148482,0.000897775477523427,0.000911378136273317,
0.000924980795023206,0.000952186112522986,0.000965788771272876,0.000979391430022766,
0.00100659674752255,0.00103380206502233,0.0010610073825221,0.00108821270002188,
0.00111541801752166,0.00114262333502144,0.001197033970021,0.00125144460502056,
0.00130585524002012,0.00136026587501968,0.00141467651001924,0.00152349778001836,
0.00163231905001748,0.0017411403200166),.UNSPECIFIED.);
#94=B_SPLINE_CURVE_WITH_KNOTS('',3,(#3856,#3857,#3858,#3859,#3860,#3861,
#3862,#3863,#3864,#3865,#3866,#3867,#3868,#3869,#3870,#3871,#3872,#3873,
#3874,#3875,#3876,#3877,#3878,#3879,#3880,#3881,#3882,#3883,#3884,#3885,
#3886,#3887,#3888,#3889,#3890,#3891,#3892,#3893,#3894,#3895,#3896,#3897,
#3898,#3899,#3900),.UNSPECIFIED.,.F.,.F.,(4,1,1,1,1,1,1,1,1,1,1,1,1,1,1,
1,1,1,1,1,1,1,1,1,1,1,1,1,1,1,1,1,1,1,1,1,1,1,1,1,1,1,4),(3.06929580195146E-14,
0.000108821270029813,0.000217642540028933,0.000326463810028053,0.000380874445027613,
0.000435285080027173,0.000489695715026733,0.000544106350026293,0.000598516985025853,
0.000652927620025413,0.000680132937525193,0.000707338255024973,0.000734543572524753,
0.000761748890024533,0.000788954207524313,0.000802556866274203,0.000816159525024093,
0.000829762183773983,0.000843364842523873,0.000856967501273763,0.000870570160023653,
0.000884172818773543,0.000890974148148488,0.000897775477523433,0.000911378136273323,
0.000924980795023213,0.000952186112522993,0.000965788771272883,0.000979391430022773,
0.00100659674752255,0.00103380206502233,0.00106100738252211,0.00108821270002189,
0.00111541801752167,0.00114262333502145,0.00119703397002101,0.00125144460502057,
0.00130585524002013,0.00136026587501969,0.00141467651001925,0.00152349778001838,
0.00163231905001749,0.00174114032001661),.UNSPECIFIED.);
#95=B_SPLINE_CURVE_WITH_KNOTS('',3,(#3904,#3905,#3906,#3907,#3908,#3909,
#3910,#3911,#3912,#3913,#3914,#3915,#3916,#3917,#3918,#3919,#3920,#3921,
#3922,#3923,#3924,#3925,#3926,#3927,#3928,#3929,#3930,#3931,#3932,#3933,
#3934,#3935,#3936,#3937,#3938,#3939,#3940,#3941,#3942,#3943,#3944,#3945,
#3946,#3947,#3948),.UNSPECIFIED.,.F.,.F.,(4,1,1,1,1,1,1,1,1,1,1,1,1,1,1,
1,1,1,1,1,1,1,1,1,1,1,1,1,1,1,1,1,1,1,1,1,1,1,1,1,1,1,4),(3.06939082281581E-14,
0.000108821270029813,0.000217642540028931,0.00032646381002805,0.000380874445027609,
0.000435285080027168,0.000489695715026728,0.000544106350026287,0.000598516985025847,
0.000652927620025406,0.000680132937525186,0.000707338255024965,0.000734543572524745,
0.000761748890024524,0.000788954207524304,0.000802556866274194,0.000816159525024084,
0.000829762183773974,0.000843364842523864,0.000856967501273753,0.000870570160023643,
0.000884172818773533,0.000890974148148478,0.000897775477523423,0.000911378136273313,
0.000924980795023202,0.000952186112522982,0.000965788771272872,0.000979391430022762,
0.00100659674752254,0.00103380206502232,0.0010610073825221,0.00108821270002188,
0.00111541801752166,0.00114262333502144,0.001197033970021,0.00125144460502056,
0.00130585524002012,0.00136026587501968,0.00141467651001924,0.00152349778001835,
0.00163231905001747,0.00174114032001659),.UNSPECIFIED.);
#96=B_SPLINE_CURVE_WITH_KNOTS('',3,(#3952,#3953,#3954,#3955,#3956,#3957,
#3958,#3959,#3960,#3961,#3962,#3963,#3964,#3965,#3966,#3967,#3968,#3969,
#3970,#3971,#3972,#3973,#3974,#3975,#3976,#3977,#3978,#3979,#3980,#3981,
#3982,#3983,#3984,#3985,#3986,#3987,#3988,#3989,#3990,#3991,#3992,#3993,
#3994,#3995,#3996),.UNSPECIFIED.,.F.,.F.,(4,1,1,1,1,1,1,1,1,1,1,1,1,1,1,
1,1,1,1,1,1,1,1,1,1,1,1,1,1,1,1,1,1,1,1,1,1,1,1,1,1,1,4),(3.06923607194385E-14,
0.000108821270029813,0.000217642540028934,0.000326463810028054,0.000380874445027615,
0.000435285080027175,0.000489695715026736,0.000544106350026296,0.000598516985025857,
0.000652927620025417,0.000680132937525197,0.000707338255024977,0.000734543572524758,
0.000761748890024538,0.000788954207524318,0.000802556866274208,0.000816159525024098,
0.000829762183773988,0.000843364842523878,0.000856967501273768,0.000870570160023658,
0.000884172818773548,0.000890974148148494,0.000897775477523439,0.000911378136273329,
0.000924980795023219,0.000952186112522999,0.000965788771272889,0.000979391430022779,
0.00100659674752256,0.00103380206502234,0.00106100738252212,0.0010882127000219,
0.00111541801752168,0.00114262333502146,0.00119703397002102,0.00125144460502058,
0.00130585524002014,0.0013602658750197,0.00141467651001926,0.00152349778001839,
0.00163231905001751,0.00174114032001662),.UNSPECIFIED.);
#97=B_SPLINE_CURVE_WITH_KNOTS('',3,(#4000,#4001,#4002,#4003,#4004,#4005,
#4006,#4007,#4008,#4009,#4010,#4011,#4012,#4013,#4014,#4015,#4016,#4017,
#4018,#4019,#4020,#4021,#4022,#4023,#4024,#4025,#4026,#4027,#4028,#4029,
#4030,#4031,#4032,#4033,#4034,#4035,#4036,#4037,#4038,#4039,#4040,#4041,
#4042,#4043,#4044),.UNSPECIFIED.,.F.,.F.,(4,1,1,1,1,1,1,1,1,1,1,1,1,1,1,
1,1,1,1,1,1,1,1,1,1,1,1,1,1,1,1,1,1,1,1,1,1,1,1,1,1,1,4),(3.06925038878235E-14,
0.000108821270029812,0.000217642540028931,0.000326463810028051,0.000380874445027611,
0.00043528508002717,0.00048969571502673,0.00054410635002629,0.00059851698502585,
0.000652927620025409,0.000680132937525189,0.000707338255024969,0.000734543572524749,
0.000761748890024529,0.000788954207524309,0.000802556866274199,0.000816159525024088,
0.000829762183773978,0.000843364842523868,0.000856967501273758,0.000870570160023648,
0.000884172818773538,0.000890974148148483,0.000897775477523428,0.000911378136273318,
0.000924980795023208,0.000952186112522988,0.000965788771272878,0.000979391430022768,
0.00100659674752255,0.00103380206502233,0.00106100738252211,0.00108821270002189,
0.00111541801752167,0.00114262333502145,0.00119703397002101,0.00125144460502057,
0.00130585524002013,0.00136026587501969,0.00141467651001925,0.00152349778001837,
0.00163231905001748,0.0017411403200166),.UNSPECIFIED.);
#98=B_SPLINE_CURVE_WITH_KNOTS('',3,(#4048,#4049,#4050,#4051,#4052,#4053,
#4054,#4055,#4056,#4057,#4058,#4059,#4060,#4061,#4062,#4063,#4064,#4065,
#4066,#4067,#4068,#4069,#4070,#4071,#4072,#4073,#4074,#4075,#4076,#4077,
#4078,#4079,#4080,#4081,#4082,#4083,#4084,#4085,#4086,#4087,#4088,#4089,
#4090,#4091,#4092),.UNSPECIFIED.,.F.,.F.,(4,1,1,1,1,1,1,1,1,1,1,1,1,1,1,
1,1,1,1,1,1,1,1,1,1,1,1,1,1,1,1,1,1,1,1,1,1,1,1,1,1,1,4),(3.06926417396541E-14,
0.000108821270029814,0.000217642540028935,0.000326463810028056,0.000380874445027617,
0.000435285080027177,0.000489695715026738,0.000544106350026298,0.000598516985025859,
0.000652927620025419,0.0006801329375252,0.00070733825502498,0.00073454357252476,
0.00076174889002454,0.000788954207524321,0.000802556866274211,0.000816159525024101,
0.000829762183773991,0.000843364842523881,0.000856967501273771,0.000870570160023662,
0.000884172818773552,0.000890974148148497,0.000897775477523442,0.000911378136273332,
0.000924980795023222,0.000952186112523002,0.000965788771272893,0.000979391430022783,
0.00100659674752256,0.00103380206502234,0.00106100738252212,0.0010882127000219,
0.00111541801752168,0.00114262333502146,0.00119703397002102,0.00125144460502059,
0.00130585524002015,0.00136026587501971,0.00141467651001927,0.00152349778001839,
0.00163231905001751,0.00174114032001663),.UNSPECIFIED.);
#99=B_SPLINE_CURVE_WITH_KNOTS('',3,(#4096,#4097,#4098,#4099,#4100,#4101,
#4102,#4103,#4104,#4105,#4106,#4107,#4108,#4109,#4110,#4111,#4112,#4113,
#4114,#4115,#4116,#4117,#4118,#4119,#4120,#4121,#4122,#4123,#4124,#4125,
#4126,#4127,#4128,#4129,#4130,#4131,#4132,#4133,#4134,#4135,#4136,#4137,
#4138,#4139,#4140),.UNSPECIFIED.,.F.,.F.,(4,1,1,1,1,1,1,1,1,1,1,1,1,1,1,
1,1,1,1,1,1,1,1,1,1,1,1,1,1,1,1,1,1,1,1,1,1,1,1,1,1,1,4),(3.06925824260937E-14,
0.000108821270029813,0.000217642540028935,0.000326463810028056,0.000380874445027616,
0.000435285080027176,0.000489695715026737,0.000544106350026297,0.000598516985025857,
0.000652927620025418,0.000680132937525198,0.000707338255024978,0.000734543572524759,
0.000761748890024539,0.000788954207524319,0.000802556866274209,0.000816159525024099,
0.000829762183773989,0.000843364842523879,0.00085696750127377,0.00087057016002366,
0.00088417281877355,0.000890974148148495,0.00089777547752344,0.00091137813627333,
0.00092498079502322,0.000952186112523,0.00096578877127289,0.00097939143002278,
0.00100659674752256,0.00103380206502234,0.00106100738252212,0.0010882127000219,
0.00111541801752168,0.00114262333502146,0.00119703397002102,0.00125144460502058,
0.00130585524002014,0.0013602658750197,0.00141467651001926,0.00152349778001839,
0.00163231905001751,0.00174114032001662),.UNSPECIFIED.);
#100=B_SPLINE_CURVE_WITH_KNOTS('',3,(#4144,#4145,#4146,#4147,#4148,#4149,
#4150,#4151,#4152,#4153,#4154,#4155,#4156,#4157,#4158,#4159,#4160,#4161,
#4162,#4163,#4164,#4165,#4166,#4167,#4168,#4169,#4170,#4171,#4172,#4173,
#4174,#4175,#4176,#4177,#4178,#4179,#4180,#4181,#4182,#4183,#4184,#4185,
#4186,#4187,#4188),.UNSPECIFIED.,.F.,.F.,(4,1,1,1,1,1,1,1,1,1,1,1,1,1,1,
1,1,1,1,1,1,1,1,1,1,1,1,1,1,1,1,1,1,1,1,1,1,1,1,1,1,1,4),(3.06927483613026E-14,
0.000108821270029811,0.000217642540028929,0.000326463810028048,0.000380874445027607,
0.000435285080027166,0.000489695715026725,0.000544106350026285,0.000598516985025844,
0.000652927620025403,0.000680132937525182,0.000707338255024962,0.000734543572524742,
0.000761748890024521,0.000788954207524301,0.000802556866274191,0.00081615952502408,
0.00082976218377397,0.00084336484252386,0.00085696750127375,0.00087057016002364,
0.000884172818773529,0.000890974148148474,0.000897775477523419,0.000911378136273309,
0.000924980795023199,0.000952186112522978,0.000965788771272868,0.000979391430022758,
0.00100659674752254,0.00103380206502232,0.0010610073825221,0.00108821270002188,
0.00111541801752166,0.00114262333502144,0.00119703397002099,0.00125144460502055,
0.00130585524002011,0.00136026587501967,0.00141467651001923,0.00152349778001835,
0.00163231905001747,0.00174114032001659),.UNSPECIFIED.);
#101=B_SPLINE_CURVE_WITH_KNOTS('',3,(#4192,#4193,#4194,#4195,#4196,#4197,
#4198,#4199,#4200,#4201,#4202,#4203,#4204,#4205,#4206,#4207,#4208,#4209,
#4210,#4211,#4212,#4213,#4214,#4215,#4216,#4217,#4218,#4219,#4220,#4221,
#4222,#4223,#4224,#4225,#4226,#4227,#4228,#4229,#4230,#4231,#4232,#4233,
#4234,#4235,#4236),.UNSPECIFIED.,.F.,.F.,(4,1,1,1,1,1,1,1,1,1,1,1,1,1,1,
1,1,1,1,1,1,1,1,1,1,1,1,1,1,1,1,1,1,1,1,1,1,1,1,1,1,1,4),(3.06944851665083E-14,
0.000108821270029806,0.000217642540028917,0.000326463810028028,0.000380874445027584,
0.000435285080027139,0.000489695715026695,0.000544106350026251,0.000598516985025806,
0.000652927620025362,0.00068013293752514,0.000707338255024917,0.000734543572524695,
0.000761748890024473,0.000788954207524251,0.00080255686627414,0.000816159525024029,
0.000829762183773918,0.000843364842523807,0.000856967501273695,0.000870570160023584,
0.000884172818773473,0.000890974148148418,0.000897775477523362,0.000911378136273251,
0.00092498079502314,0.000952186112522918,0.000965788771272807,0.000979391430022695,
0.00100659674752247,0.00103380206502225,0.00106100738252203,0.00108821270002181,
0.00111541801752158,0.00114262333502136,0.00119703397002092,0.00125144460502047,
0.00130585524002003,0.00136026587501958,0.00141467651001914,0.00152349778001825,
0.00163231905001736,0.00174114032001648),.UNSPECIFIED.);
#102=B_SPLINE_CURVE_WITH_KNOTS('',3,(#4240,#4241,#4242,#4243,#4244,#4245,
#4246,#4247,#4248,#4249,#4250,#4251,#4252,#4253,#4254,#4255,#4256,#4257,
#4258,#4259,#4260,#4261,#4262,#4263,#4264,#4265,#4266,#4267,#4268,#4269,
#4270,#4271,#4272,#4273,#4274,#4275,#4276,#4277,#4278,#4279,#4280,#4281,
#4282,#4283,#4284),.UNSPECIFIED.,.F.,.F.,(4,1,1,1,1,1,1,1,1,1,1,1,1,1,1,
1,1,1,1,1,1,1,1,1,1,1,1,1,1,1,1,1,1,1,1,1,1,1,1,1,1,1,4),(3.0692948028391E-14,
0.000108821270029813,0.000217642540028934,0.000326463810028054,0.000380874445027614,
0.000435285080027174,0.000489695715026734,0.000544106350026294,0.000598516985025855,
0.000652927620025415,0.000680132937525195,0.000707338255024975,0.000734543572524755,
0.000761748890024535,0.000788954207524315,0.000802556866274205,0.000816159525024095,
0.000829762183773985,0.000843364842523875,0.000856967501273765,0.000870570160023655,
0.000884172818773545,0.00089097414814849,0.000897775477523436,0.000911378136273326,
0.000924980795023215,0.000952186112522996,0.000965788771272886,0.000979391430022776,
0.00100659674752256,0.00103380206502234,0.00106100738252212,0.0010882127000219,
0.00111541801752168,0.00114262333502146,0.00119703397002102,0.00125144460502058,
0.00130585524002014,0.0013602658750197,0.00141467651001926,0.00152349778001838,
0.0016323190500175,0.00174114032001662),.UNSPECIFIED.);
#103=B_SPLINE_CURVE_WITH_KNOTS('',3,(#4288,#4289,#4290,#4291,#4292,#4293,
#4294,#4295,#4296,#4297,#4298,#4299,#4300,#4301,#4302,#4303,#4304,#4305,
#4306,#4307,#4308,#4309,#4310,#4311,#4312,#4313,#4314,#4315,#4316,#4317,
#4318,#4319,#4320,#4321,#4322,#4323,#4324,#4325,#4326,#4327,#4328,#4329,
#4330,#4331,#4332),.UNSPECIFIED.,.F.,.F.,(4,1,1,1,1,1,1,1,1,1,1,1,1,1,1,
1,1,1,1,1,1,1,1,1,1,1,1,1,1,1,1,1,1,1,1,1,1,1,1,1,1,1,4),(3.06925026057621E-14,
0.000108821270029813,0.000217642540028934,0.000326463810028054,0.000380874445027614,
0.000435285080027174,0.000489695715026735,0.000544106350026295,0.000598516985025855,
0.000652927620025415,0.000680132937525195,0.000707338255024975,0.000734543572524756,
0.000761748890024536,0.000788954207524316,0.000802556866274206,0.000816159525024096,
0.000829762183773986,0.000843364842523876,0.000856967501273766,0.000870570160023656,
0.000884172818773546,0.000890974148148491,0.000897775477523436,0.000911378136273326,
0.000924980795023216,0.000952186112522996,0.000965788771272886,0.000979391430022777,
0.00100659674752256,0.00103380206502234,0.00106100738252212,0.0010882127000219,
0.00111541801752168,0.00114262333502146,0.00119703397002102,0.00125144460502058,
0.00130585524002014,0.0013602658750197,0.00141467651001926,0.00152349778001838,
0.0016323190500175,0.00174114032001662),.UNSPECIFIED.);
#104=B_SPLINE_CURVE_WITH_KNOTS('',3,(#4336,#4337,#4338,#4339,#4340,#4341,
#4342,#4343,#4344,#4345,#4346,#4347,#4348,#4349,#4350,#4351,#4352,#4353,
#4354,#4355,#4356,#4357,#4358,#4359,#4360,#4361,#4362,#4363,#4364,#4365,
#4366,#4367,#4368,#4369,#4370,#4371,#4372,#4373,#4374,#4375,#4376,#4377,
#4378,#4379,#4380),.UNSPECIFIED.,.F.,.F.,(4,1,1,1,1,1,1,1,1,1,1,1,1,1,1,
1,1,1,1,1,1,1,1,1,1,1,1,1,1,1,1,1,1,1,1,1,1,1,1,1,1,1,4),(3.06927964821309E-14,
0.000108821270029814,0.000217642540028935,0.000326463810028056,0.000380874445027617,
0.000435285080027177,0.000489695715026737,0.000544106350026298,0.000598516985025858,
0.000652927620025419,0.000680132937525199,0.00070733825502498,0.00073454357252476,
0.00076174889002454,0.00078895420752432,0.00080255686627421,0.000816159525024101,
0.000829762183773991,0.000843364842523881,0.000856967501273771,0.000870570160023661,
0.000884172818773551,0.000890974148148496,0.000897775477523441,0.000911378136273331,
0.000924980795023222,0.000952186112523002,0.000965788771272892,0.000979391430022782,
0.00100659674752256,0.00103380206502234,0.00106100738252212,0.0010882127000219,
0.00111541801752168,0.00114262333502146,0.00119703397002102,0.00125144460502058,
0.00130585524002014,0.00136026587501971,0.00141467651001927,0.00152349778001839,
0.00163231905001751,0.00174114032001663),.UNSPECIFIED.);
#105=B_SPLINE_CURVE_WITH_KNOTS('',3,(#4384,#4385,#4386,#4387,#4388,#4389,
#4390,#4391,#4392,#4393,#4394,#4395,#4396,#4397,#4398,#4399,#4400,#4401,
#4402,#4403,#4404,#4405,#4406,#4407,#4408,#4409,#4410,#4411,#4412,#4413,
#4414,#4415,#4416,#4417,#4418,#4419,#4420,#4421,#4422,#4423,#4424,#4425,
#4426,#4427,#4428),.UNSPECIFIED.,.F.,.F.,(4,1,1,1,1,1,1,1,1,1,1,1,1,1,1,
1,1,1,1,1,1,1,1,1,1,1,1,1,1,1,1,1,1,1,1,1,1,1,1,1,1,1,4),(3.06951372097104E-14,
0.000108821270029814,0.000217642540028932,0.00032646381002805,0.00038087444502761,
0.000435285080027169,0.000489695715026728,0.000544106350026287,0.000598516985025847,
0.000652927620025406,0.000680132937525185,0.000707338255024965,0.000734543572524745,
0.000761748890024524,0.000788954207524304,0.000802556866274194,0.000816159525024083,
0.000829762183773973,0.000843364842523863,0.000856967501273753,0.000870570160023643,
0.000884172818773532,0.000890974148148477,0.000897775477523422,0.000911378136273312,
0.000924980795023202,0.000952186112522981,0.000965788771272871,0.000979391430022761,
0.00100659674752254,0.00103380206502232,0.0010610073825221,0.00108821270002188,
0.00111541801752166,0.00114262333502144,0.001197033970021,0.00125144460502056,
0.00130585524002012,0.00136026587501968,0.00141467651001923,0.00152349778001835,
0.00163231905001747,0.00174114032001659),.UNSPECIFIED.);
#106=B_SPLINE_CURVE_WITH_KNOTS('',3,(#4432,#4433,#4434,#4435,#4436,#4437,
#4438,#4439,#4440,#4441,#4442,#4443,#4444,#4445,#4446,#4447,#4448,#4449,
#4450,#4451,#4452,#4453,#4454,#4455,#4456,#4457,#4458,#4459,#4460,#4461,
#4462,#4463,#4464,#4465,#4466,#4467,#4468,#4469,#4470,#4471,#4472,#4473,
#4474,#4475,#4476),.UNSPECIFIED.,.F.,.F.,(4,1,1,1,1,1,1,1,1,1,1,1,1,1,1,
1,1,1,1,1,1,1,1,1,1,1,1,1,1,1,1,1,1,1,1,1,1,1,1,1,1,1,4),(3.06942962059658E-14,
0.000108821270029813,0.000217642540028931,0.000326463810028049,0.000380874445027609,
0.000435285080027168,0.000489695715026727,0.000544106350026286,0.000598516985025845,
0.000652927620025404,0.000680132937525184,0.000707338255024964,0.000734543572524743,
0.000761748890024523,0.000788954207524302,0.000802556866274192,0.000816159525024082,
0.000829762183773972,0.000843364842523861,0.000856967501273751,0.000870570160023641,
0.000884172818773531,0.000890974148148476,0.000897775477523421,0.00091137813627331,
0.0009249807950232,0.00095218611252298,0.000965788771272869,0.000979391430022759,
0.00100659674752254,0.00103380206502232,0.0010610073825221,0.00108821270002188,
0.00111541801752166,0.00114262333502144,0.001197033970021,0.00125144460502055,
0.00130585524002011,0.00136026587501967,0.00141467651001923,0.00152349778001835,
0.00163231905001747,0.00174114032001659),.UNSPECIFIED.);
#107=B_SPLINE_CURVE_WITH_KNOTS('',3,(#4480,#4481,#4482,#4483,#4484,#4485,
#4486,#4487,#4488,#4489,#4490,#4491,#4492,#4493,#4494,#4495,#4496,#4497,
#4498,#4499,#4500,#4501,#4502,#4503,#4504,#4505,#4506,#4507,#4508,#4509,
#4510,#4511,#4512,#4513,#4514,#4515,#4516,#4517,#4518,#4519,#4520,#4521,
#4522,#4523,#4524),.UNSPECIFIED.,.F.,.F.,(4,1,1,1,1,1,1,1,1,1,1,1,1,1,1,
1,1,1,1,1,1,1,1,1,1,1,1,1,1,1,1,1,1,1,1,1,1,1,1,1,1,1,4),(3.06938321512533E-14,
0.000108821270029814,0.000217642540028934,0.000326463810028054,0.000380874445027614,
0.000435285080027174,0.000489695715026734,0.000544106350026294,0.000598516985025854,
0.000652927620025414,0.000680132937525194,0.000707338255024974,0.000734543572524754,
0.000761748890024534,0.000788954207524314,0.000802556866274204,0.000816159525024094,
0.000829762183773984,0.000843364842523874,0.000856967501273764,0.000870570160023654,
0.000884172818773544,0.000890974148148489,0.000897775477523434,0.000911378136273324,
0.000924980795023214,0.000952186112522994,0.000965788771272884,0.000979391430022774,
0.00100659674752255,0.00103380206502233,0.00106100738252211,0.00108821270002189,
0.00111541801752167,0.00114262333502145,0.00119703397002101,0.00125144460502057,
0.00130585524002013,0.00136026587501969,0.00141467651001925,0.00152349778001838,
0.00163231905001749,0.00174114032001661),.UNSPECIFIED.);
#108=LINE('',#2801,#282);
#109=LINE('',#2805,#283);
#110=LINE('',#2809,#284);
#111=LINE('',#2813,#285);
#112=LINE('',#2817,#286);
#113=LINE('',#2821,#287);
#114=LINE('',#2825,#288);
#115=LINE('',#2829,#289);
#116=LINE('',#2833,#290);
#117=LINE('',#2837,#291);
#118=LINE('',#2841,#292);
#119=LINE('',#2845,#293);
#120=LINE('',#2849,#294);
#121=LINE('',#2853,#295);
#122=LINE('',#2857,#296);
#123=LINE('',#2861,#297);
#124=LINE('',#2865,#298);
#125=LINE('',#2869,#299);
#126=LINE('',#2873,#300);
#127=LINE('',#2877,#301);
#128=LINE('',#2881,#302);
#129=LINE('',#2885,#303);
#130=LINE('',#2889,#304);
#131=LINE('',#2893,#305);
#132=LINE('',#2897,#306);
#133=LINE('',#2901,#307);
#134=LINE('',#2905,#308);
#135=LINE('',#2909,#309);
#136=LINE('',#2913,#310);
#137=LINE('',#2917,#311);
#138=LINE('',#2921,#312);
#139=LINE('',#2925,#313);
#140=LINE('',#2929,#314);
#141=LINE('',#2933,#315);
#142=LINE('',#2937,#316);
#143=LINE('',#2941,#317);
#144=LINE('',#3666,#318);
#145=LINE('',#3670,#319);
#146=LINE('',#3674,#320);
#147=LINE('',#3678,#321);
#148=LINE('',#3682,#322);
#149=LINE('',#3686,#323);
#150=LINE('',#3690,#324);
#151=LINE('',#3694,#325);
#152=LINE('',#3698,#326);
#153=LINE('',#3702,#327);
#154=LINE('',#3706,#328);
#155=LINE('',#3710,#329);
#156=LINE('',#3714,#330);
#157=LINE('',#3718,#331);
#158=LINE('',#3722,#332);
#159=LINE('',#3726,#333);
#160=LINE('',#3730,#334);
#161=LINE('',#3734,#335);
#162=LINE('',#3738,#336);
#163=LINE('',#3742,#337);
#164=LINE('',#3746,#338);
#165=LINE('',#3750,#339);
#166=LINE('',#3754,#340);
#167=LINE('',#3758,#341);
#168=LINE('',#3762,#342);
#169=LINE('',#3766,#343);
#170=LINE('',#3770,#344);
#171=LINE('',#3774,#345);
#172=LINE('',#3778,#346);
#173=LINE('',#3782,#347);
#174=LINE('',#3786,#348);
#175=LINE('',#3790,#349);
#176=LINE('',#3794,#350);
#177=LINE('',#3798,#351);
#178=LINE('',#3802,#352);
#179=LINE('',#3806,#353);
#180=LINE('',#4528,#354);
#181=LINE('',#4529,#355);
#182=LINE('',#4531,#356);
#183=LINE('',#4533,#357);
#184=LINE('',#4535,#358);
#185=LINE('',#4537,#359);
#186=LINE('',#4539,#360);
#187=LINE('',#4541,#361);
#188=LINE('',#4543,#362);
#189=LINE('',#4545,#363);
#190=LINE('',#4547,#364);
#191=LINE('',#4549,#365);
#192=LINE('',#4551,#366);
#193=LINE('',#4553,#367);
#194=LINE('',#4555,#368);
#195=LINE('',#4557,#369);
#196=LINE('',#4559,#370);
#197=LINE('',#4561,#371);
#198=LINE('',#4563,#372);
#199=LINE('',#4565,#373);
#200=LINE('',#4567,#374);
#201=LINE('',#4569,#375);
#202=LINE('',#4571,#376);
#203=LINE('',#4573,#377);
#204=LINE('',#4575,#378);
#205=LINE('',#4577,#379);
#206=LINE('',#4579,#380);
#207=LINE('',#4581,#381);
#208=LINE('',#4583,#382);
#209=LINE('',#4585,#383);
#210=LINE('',#4587,#384);
#211=LINE('',#4589,#385);
#212=LINE('',#4591,#386);
#213=LINE('',#4593,#387);
#214=LINE('',#4595,#388);
#215=LINE('',#4597,#389);
#216=LINE('',#4599,#390);
#217=LINE('',#4601,#391);
#218=LINE('',#4603,#392);
#219=LINE('',#4605,#393);
#220=LINE('',#4607,#394);
#221=LINE('',#4609,#395);
#222=LINE('',#4611,#396);
#223=LINE('',#4613,#397);
#224=LINE('',#4615,#398);
#225=LINE('',#4617,#399);
#226=LINE('',#4619,#400);
#227=LINE('',#4621,#401);
#228=LINE('',#4623,#402);
#229=LINE('',#4625,#403);
#230=LINE('',#4627,#404);
#231=LINE('',#4629,#405);
#232=LINE('',#4631,#406);
#233=LINE('',#4633,#407);
#234=LINE('',#4635,#408);
#235=LINE('',#4637,#409);
#236=LINE('',#4639,#410);
#237=LINE('',#4641,#411);
#238=LINE('',#4643,#412);
#239=LINE('',#4645,#413);
#240=LINE('',#4647,#414);
#241=LINE('',#4649,#415);
#242=LINE('',#4651,#416);
#243=LINE('',#4653,#417);
#244=LINE('',#4655,#418);
#245=LINE('',#4657,#419);
#246=LINE('',#4659,#420);
#247=LINE('',#4661,#421);
#248=LINE('',#4663,#422);
#249=LINE('',#4665,#423);
#250=LINE('',#4667,#424);
#251=LINE('',#4669,#425);
#252=LINE('',#4689,#426);
#253=LINE('',#4690,#427);
#254=LINE('',#4692,#428);
#255=LINE('',#4711,#429);
#256=LINE('',#4713,#430);
#257=LINE('',#4732,#431);
#258=LINE('',#4734,#432);
#259=LINE('',#4753,#433);
#260=LINE('',#4755,#434);
#261=LINE('',#4774,#435);
#262=LINE('',#4776,#436);
#263=LINE('',#4795,#437);
#264=LINE('',#4797,#438);
#265=LINE('',#4816,#439);
#266=LINE('',#4818,#440);
#267=LINE('',#4837,#441);
#268=LINE('',#4839,#442);
#269=LINE('',#4858,#443);
#270=LINE('',#4860,#444);
#271=LINE('',#4879,#445);
#272=LINE('',#4881,#446);
#273=LINE('',#4900,#447);
#274=LINE('',#4902,#448);
#275=LINE('',#4921,#449);
#276=LINE('',#4923,#450);
#277=LINE('',#4942,#451);
#278=LINE('',#4944,#452);
#279=LINE('',#4963,#453);
#280=LINE('',#4965,#454);
#281=LINE('',#4984,#455);
#282=VECTOR('',#2244,1.);
#283=VECTOR('',#2247,1.);
#284=VECTOR('',#2250,1.);
#285=VECTOR('',#2253,1.);
#286=VECTOR('',#2256,1.);
#287=VECTOR('',#2259,1.);
#288=VECTOR('',#2262,1.);
#289=VECTOR('',#2265,1.);
#290=VECTOR('',#2268,1.);
#291=VECTOR('',#2271,1.);
#292=VECTOR('',#2274,1.);
#293=VECTOR('',#2277,1.);
#294=VECTOR('',#2280,1.);
#295=VECTOR('',#2283,1.);
#296=VECTOR('',#2286,1.);
#297=VECTOR('',#2289,1.);
#298=VECTOR('',#2292,1.);
#299=VECTOR('',#2295,1.);
#300=VECTOR('',#2298,1.);
#301=VECTOR('',#2301,1.);
#302=VECTOR('',#2304,1.);
#303=VECTOR('',#2307,1.);
#304=VECTOR('',#2310,1.);
#305=VECTOR('',#2313,1.);
#306=VECTOR('',#2316,1.);
#307=VECTOR('',#2319,1.);
#308=VECTOR('',#2322,1.);
#309=VECTOR('',#2325,1.);
#310=VECTOR('',#2328,1.);
#311=VECTOR('',#2331,1.);
#312=VECTOR('',#2334,1.);
#313=VECTOR('',#2337,1.);
#314=VECTOR('',#2340,1.);
#315=VECTOR('',#2343,1.);
#316=VECTOR('',#2346,1.);
#317=VECTOR('',#2349,1.);
#318=VECTOR('',#2384,1.);
#319=VECTOR('',#2387,1.);
#320=VECTOR('',#2390,1.);
#321=VECTOR('',#2393,1.);
#322=VECTOR('',#2396,1.);
#323=VECTOR('',#2399,1.);
#324=VECTOR('',#2402,1.);
#325=VECTOR('',#2405,1.);
#326=VECTOR('',#2408,1.);
#327=VECTOR('',#2411,1.);
#328=VECTOR('',#2414,1.);
#329=VECTOR('',#2417,1.);
#330=VECTOR('',#2420,1.);
#331=VECTOR('',#2423,1.);
#332=VECTOR('',#2426,1.);
#333=VECTOR('',#2429,1.);
#334=VECTOR('',#2432,1.);
#335=VECTOR('',#2435,1.);
#336=VECTOR('',#2438,1.);
#337=VECTOR('',#2441,1.);
#338=VECTOR('',#2444,1.);
#339=VECTOR('',#2447,1.);
#340=VECTOR('',#2450,1.);
#341=VECTOR('',#2453,1.);
#342=VECTOR('',#2456,1.);
#343=VECTOR('',#2459,1.);
#344=VECTOR('',#2462,1.);
#345=VECTOR('',#2465,1.);
#346=VECTOR('',#2468,1.);
#347=VECTOR('',#2471,1.);
#348=VECTOR('',#2474,1.);
#349=VECTOR('',#2477,1.);
#350=VECTOR('',#2480,1.);
#351=VECTOR('',#2483,1.);
#352=VECTOR('',#2486,1.);
#353=VECTOR('',#2489,1.);
#354=VECTOR('',#2522,1.);
#355=VECTOR('',#2523,1.);
#356=VECTOR('',#2526,1.);
#357=VECTOR('',#2529,1.);
#358=VECTOR('',#2532,1.);
#359=VECTOR('',#2535,1.);
#360=VECTOR('',#2538,1.);
#361=VECTOR('',#2541,1.);
#362=VECTOR('',#2544,1.);
#363=VECTOR('',#2547,1.);
#364=VECTOR('',#2550,1.);
#365=VECTOR('',#2553,1.);
#366=VECTOR('',#2556,1.);
#367=VECTOR('',#2559,1.);
#368=VECTOR('',#2562,1.);
#369=VECTOR('',#2565,1.);
#370=VECTOR('',#2568,1.);
#371=VECTOR('',#2571,1.);
#372=VECTOR('',#2574,1.);
#373=VECTOR('',#2577,1.);
#374=VECTOR('',#2580,1.);
#375=VECTOR('',#2583,1.);
#376=VECTOR('',#2586,1.);
#377=VECTOR('',#2589,1.);
#378=VECTOR('',#2592,1.);
#379=VECTOR('',#2595,1.);
#380=VECTOR('',#2598,1.);
#381=VECTOR('',#2601,1.);
#382=VECTOR('',#2604,1.);
#383=VECTOR('',#2607,1.);
#384=VECTOR('',#2610,1.);
#385=VECTOR('',#2613,1.);
#386=VECTOR('',#2616,1.);
#387=VECTOR('',#2619,1.);
#388=VECTOR('',#2622,1.);
#389=VECTOR('',#2625,1.);
#390=VECTOR('',#2628,1.);
#391=VECTOR('',#2631,1.);
#392=VECTOR('',#2634,1.);
#393=VECTOR('',#2637,1.);
#394=VECTOR('',#2640,1.);
#395=VECTOR('',#2643,1.);
#396=VECTOR('',#2646,1.);
#397=VECTOR('',#2649,1.);
#398=VECTOR('',#2652,1.);
#399=VECTOR('',#2655,1.);
#400=VECTOR('',#2658,1.);
#401=VECTOR('',#2661,1.);
#402=VECTOR('',#2664,1.);
#403=VECTOR('',#2667,1.);
#404=VECTOR('',#2670,1.);
#405=VECTOR('',#2673,1.);
#406=VECTOR('',#2676,1.);
#407=VECTOR('',#2679,1.);
#408=VECTOR('',#2682,1.);
#409=VECTOR('',#2685,1.);
#410=VECTOR('',#2688,1.);
#411=VECTOR('',#2691,1.);
#412=VECTOR('',#2694,1.);
#413=VECTOR('',#2697,1.);
#414=VECTOR('',#2700,1.);
#415=VECTOR('',#2703,1.);
#416=VECTOR('',#2706,1.);
#417=VECTOR('',#2709,1.);
#418=VECTOR('',#2712,1.);
#419=VECTOR('',#2715,1.);
#420=VECTOR('',#2718,1.);
#421=VECTOR('',#2721,1.);
#422=VECTOR('',#2724,1.);
#423=VECTOR('',#2727,1.);
#424=VECTOR('',#2730,1.);
#425=VECTOR('',#2733,1.);
#426=VECTOR('',#2736,1.);
#427=VECTOR('',#2737,1.);
#428=VECTOR('',#2740,1.);
#429=VECTOR('',#2741,1.);
#430=VECTOR('',#2744,1.);
#431=VECTOR('',#2745,1.);
#432=VECTOR('',#2748,1.);
#433=VECTOR('',#2749,1.);
#434=VECTOR('',#2752,1.);
#435=VECTOR('',#2753,1.);
#436=VECTOR('',#2756,1.);
#437=VECTOR('',#2757,1.);
#438=VECTOR('',#2760,1.);
#439=VECTOR('',#2761,1.);
#440=VECTOR('',#2764,1.);
#441=VECTOR('',#2765,1.);
#442=VECTOR('',#2768,1.);
#443=VECTOR('',#2769,1.);
#444=VECTOR('',#2772,1.);
#445=VECTOR('',#2773,1.);
#446=VECTOR('',#2776,1.);
#447=VECTOR('',#2777,1.);
#448=VECTOR('',#2780,1.);
#449=VECTOR('',#2781,1.);
#450=VECTOR('',#2784,1.);
#451=VECTOR('',#2785,1.);
#452=VECTOR('',#2788,1.);
#453=VECTOR('',#2789,1.);
#454=VECTOR('',#2792,1.);
#455=VECTOR('',#2793,1.);
#456=ORIENTED_EDGE('',*,*,#1068,.F.);
#457=ORIENTED_EDGE('',*,*,#1069,.F.);
#458=ORIENTED_EDGE('',*,*,#1070,.T.);
#459=ORIENTED_EDGE('',*,*,#1071,.F.);
#460=ORIENTED_EDGE('',*,*,#1072,.T.);
#461=ORIENTED_EDGE('',*,*,#1073,.F.);
#462=ORIENTED_EDGE('',*,*,#1074,.F.);
#463=ORIENTED_EDGE('',*,*,#1075,.F.);
#464=ORIENTED_EDGE('',*,*,#1076,.T.);
#465=ORIENTED_EDGE('',*,*,#1077,.F.);
#466=ORIENTED_EDGE('',*,*,#1078,.T.);
#467=ORIENTED_EDGE('',*,*,#1079,.F.);
#468=ORIENTED_EDGE('',*,*,#1080,.F.);
#469=ORIENTED_EDGE('',*,*,#1081,.F.);
#470=ORIENTED_EDGE('',*,*,#1082,.T.);
#471=ORIENTED_EDGE('',*,*,#1083,.F.);
#472=ORIENTED_EDGE('',*,*,#1084,.T.);
#473=ORIENTED_EDGE('',*,*,#1085,.F.);
#474=ORIENTED_EDGE('',*,*,#1086,.F.);
#475=ORIENTED_EDGE('',*,*,#1087,.F.);
#476=ORIENTED_EDGE('',*,*,#1088,.T.);
#477=ORIENTED_EDGE('',*,*,#1089,.F.);
#478=ORIENTED_EDGE('',*,*,#1090,.T.);
#479=ORIENTED_EDGE('',*,*,#1091,.F.);
#480=ORIENTED_EDGE('',*,*,#1092,.F.);
#481=ORIENTED_EDGE('',*,*,#1093,.F.);
#482=ORIENTED_EDGE('',*,*,#1094,.T.);
#483=ORIENTED_EDGE('',*,*,#1095,.F.);
#484=ORIENTED_EDGE('',*,*,#1096,.T.);
#485=ORIENTED_EDGE('',*,*,#1097,.F.);
#486=ORIENTED_EDGE('',*,*,#1098,.F.);
#487=ORIENTED_EDGE('',*,*,#1099,.F.);
#488=ORIENTED_EDGE('',*,*,#1100,.T.);
#489=ORIENTED_EDGE('',*,*,#1101,.F.);
#490=ORIENTED_EDGE('',*,*,#1102,.T.);
#491=ORIENTED_EDGE('',*,*,#1103,.F.);
#492=ORIENTED_EDGE('',*,*,#1104,.F.);
#493=ORIENTED_EDGE('',*,*,#1105,.F.);
#494=ORIENTED_EDGE('',*,*,#1106,.T.);
#495=ORIENTED_EDGE('',*,*,#1107,.F.);
#496=ORIENTED_EDGE('',*,*,#1108,.T.);
#497=ORIENTED_EDGE('',*,*,#1109,.F.);
#498=ORIENTED_EDGE('',*,*,#1110,.F.);
#499=ORIENTED_EDGE('',*,*,#1111,.F.);
#500=ORIENTED_EDGE('',*,*,#1112,.T.);
#501=ORIENTED_EDGE('',*,*,#1113,.F.);
#502=ORIENTED_EDGE('',*,*,#1114,.T.);
#503=ORIENTED_EDGE('',*,*,#1115,.F.);
#504=ORIENTED_EDGE('',*,*,#1116,.F.);
#505=ORIENTED_EDGE('',*,*,#1117,.F.);
#506=ORIENTED_EDGE('',*,*,#1118,.T.);
#507=ORIENTED_EDGE('',*,*,#1119,.F.);
#508=ORIENTED_EDGE('',*,*,#1120,.T.);
#509=ORIENTED_EDGE('',*,*,#1121,.F.);
#510=ORIENTED_EDGE('',*,*,#1122,.F.);
#511=ORIENTED_EDGE('',*,*,#1123,.F.);
#512=ORIENTED_EDGE('',*,*,#1124,.T.);
#513=ORIENTED_EDGE('',*,*,#1125,.F.);
#514=ORIENTED_EDGE('',*,*,#1126,.T.);
#515=ORIENTED_EDGE('',*,*,#1127,.F.);
#516=ORIENTED_EDGE('',*,*,#1128,.F.);
#517=ORIENTED_EDGE('',*,*,#1129,.F.);
#518=ORIENTED_EDGE('',*,*,#1130,.T.);
#519=ORIENTED_EDGE('',*,*,#1131,.F.);
#520=ORIENTED_EDGE('',*,*,#1132,.T.);
#521=ORIENTED_EDGE('',*,*,#1133,.F.);
#522=ORIENTED_EDGE('',*,*,#1134,.F.);
#523=ORIENTED_EDGE('',*,*,#1135,.F.);
#524=ORIENTED_EDGE('',*,*,#1136,.T.);
#525=ORIENTED_EDGE('',*,*,#1137,.F.);
#526=ORIENTED_EDGE('',*,*,#1138,.T.);
#527=ORIENTED_EDGE('',*,*,#1139,.F.);
#528=ORIENTED_EDGE('',*,*,#1140,.F.);
#529=ORIENTED_EDGE('',*,*,#1141,.T.);
#530=ORIENTED_EDGE('',*,*,#1142,.F.);
#531=ORIENTED_EDGE('',*,*,#1143,.T.);
#532=ORIENTED_EDGE('',*,*,#1144,.F.);
#533=ORIENTED_EDGE('',*,*,#1145,.T.);
#534=ORIENTED_EDGE('',*,*,#1146,.F.);
#535=ORIENTED_EDGE('',*,*,#1147,.T.);
#536=ORIENTED_EDGE('',*,*,#1148,.F.);
#537=ORIENTED_EDGE('',*,*,#1149,.T.);
#538=ORIENTED_EDGE('',*,*,#1150,.F.);
#539=ORIENTED_EDGE('',*,*,#1151,.T.);
#540=ORIENTED_EDGE('',*,*,#1152,.F.);
#541=ORIENTED_EDGE('',*,*,#1153,.T.);
#542=ORIENTED_EDGE('',*,*,#1154,.F.);
#543=ORIENTED_EDGE('',*,*,#1155,.T.);
#544=ORIENTED_EDGE('',*,*,#1156,.F.);
#545=ORIENTED_EDGE('',*,*,#1157,.T.);
#546=ORIENTED_EDGE('',*,*,#1158,.F.);
#547=ORIENTED_EDGE('',*,*,#1159,.T.);
#548=ORIENTED_EDGE('',*,*,#1160,.F.);
#549=ORIENTED_EDGE('',*,*,#1161,.T.);
#550=ORIENTED_EDGE('',*,*,#1162,.F.);
#551=ORIENTED_EDGE('',*,*,#1163,.T.);
#552=ORIENTED_EDGE('',*,*,#1164,.F.);
#553=ORIENTED_EDGE('',*,*,#1165,.T.);
#554=ORIENTED_EDGE('',*,*,#1166,.F.);
#555=ORIENTED_EDGE('',*,*,#1167,.T.);
#556=ORIENTED_EDGE('',*,*,#1168,.F.);
#557=ORIENTED_EDGE('',*,*,#1169,.T.);
#558=ORIENTED_EDGE('',*,*,#1170,.T.);
#559=ORIENTED_EDGE('',*,*,#1171,.T.);
#560=ORIENTED_EDGE('',*,*,#1172,.F.);
#561=ORIENTED_EDGE('',*,*,#1173,.T.);
#562=ORIENTED_EDGE('',*,*,#1174,.F.);
#563=ORIENTED_EDGE('',*,*,#1175,.T.);
#564=ORIENTED_EDGE('',*,*,#1176,.T.);
#565=ORIENTED_EDGE('',*,*,#1177,.T.);
#566=ORIENTED_EDGE('',*,*,#1178,.F.);
#567=ORIENTED_EDGE('',*,*,#1179,.T.);
#568=ORIENTED_EDGE('',*,*,#1180,.F.);
#569=ORIENTED_EDGE('',*,*,#1181,.T.);
#570=ORIENTED_EDGE('',*,*,#1182,.T.);
#571=ORIENTED_EDGE('',*,*,#1183,.T.);
#572=ORIENTED_EDGE('',*,*,#1184,.F.);
#573=ORIENTED_EDGE('',*,*,#1185,.T.);
#574=ORIENTED_EDGE('',*,*,#1186,.F.);
#575=ORIENTED_EDGE('',*,*,#1187,.T.);
#576=ORIENTED_EDGE('',*,*,#1188,.T.);
#577=ORIENTED_EDGE('',*,*,#1189,.T.);
#578=ORIENTED_EDGE('',*,*,#1190,.F.);
#579=ORIENTED_EDGE('',*,*,#1191,.T.);
#580=ORIENTED_EDGE('',*,*,#1192,.F.);
#581=ORIENTED_EDGE('',*,*,#1193,.T.);
#582=ORIENTED_EDGE('',*,*,#1194,.T.);
#583=ORIENTED_EDGE('',*,*,#1195,.T.);
#584=ORIENTED_EDGE('',*,*,#1196,.F.);
#585=ORIENTED_EDGE('',*,*,#1197,.T.);
#586=ORIENTED_EDGE('',*,*,#1198,.F.);
#587=ORIENTED_EDGE('',*,*,#1199,.T.);
#588=ORIENTED_EDGE('',*,*,#1200,.T.);
#589=ORIENTED_EDGE('',*,*,#1201,.T.);
#590=ORIENTED_EDGE('',*,*,#1202,.F.);
#591=ORIENTED_EDGE('',*,*,#1203,.T.);
#592=ORIENTED_EDGE('',*,*,#1204,.F.);
#593=ORIENTED_EDGE('',*,*,#1205,.T.);
#594=ORIENTED_EDGE('',*,*,#1206,.T.);
#595=ORIENTED_EDGE('',*,*,#1207,.T.);
#596=ORIENTED_EDGE('',*,*,#1208,.F.);
#597=ORIENTED_EDGE('',*,*,#1209,.T.);
#598=ORIENTED_EDGE('',*,*,#1210,.F.);
#599=ORIENTED_EDGE('',*,*,#1211,.T.);
#600=ORIENTED_EDGE('',*,*,#1212,.T.);
#601=ORIENTED_EDGE('',*,*,#1213,.T.);
#602=ORIENTED_EDGE('',*,*,#1214,.F.);
#603=ORIENTED_EDGE('',*,*,#1215,.T.);
#604=ORIENTED_EDGE('',*,*,#1216,.F.);
#605=ORIENTED_EDGE('',*,*,#1217,.T.);
#606=ORIENTED_EDGE('',*,*,#1218,.T.);
#607=ORIENTED_EDGE('',*,*,#1219,.T.);
#608=ORIENTED_EDGE('',*,*,#1220,.F.);
#609=ORIENTED_EDGE('',*,*,#1221,.T.);
#610=ORIENTED_EDGE('',*,*,#1222,.F.);
#611=ORIENTED_EDGE('',*,*,#1223,.T.);
#612=ORIENTED_EDGE('',*,*,#1224,.T.);
#613=ORIENTED_EDGE('',*,*,#1225,.T.);
#614=ORIENTED_EDGE('',*,*,#1226,.F.);
#615=ORIENTED_EDGE('',*,*,#1227,.T.);
#616=ORIENTED_EDGE('',*,*,#1228,.F.);
#617=ORIENTED_EDGE('',*,*,#1229,.T.);
#618=ORIENTED_EDGE('',*,*,#1230,.T.);
#619=ORIENTED_EDGE('',*,*,#1231,.T.);
#620=ORIENTED_EDGE('',*,*,#1232,.F.);
#621=ORIENTED_EDGE('',*,*,#1233,.T.);
#622=ORIENTED_EDGE('',*,*,#1234,.F.);
#623=ORIENTED_EDGE('',*,*,#1235,.T.);
#624=ORIENTED_EDGE('',*,*,#1236,.T.);
#625=ORIENTED_EDGE('',*,*,#1237,.T.);
#626=ORIENTED_EDGE('',*,*,#1238,.F.);
#627=ORIENTED_EDGE('',*,*,#1239,.T.);
#628=ORIENTED_EDGE('',*,*,#1240,.F.);
#629=ORIENTED_EDGE('',*,*,#1241,.T.);
#630=ORIENTED_EDGE('',*,*,#1242,.F.);
#631=ORIENTED_EDGE('',*,*,#1243,.T.);
#632=ORIENTED_EDGE('',*,*,#1244,.F.);
#633=ORIENTED_EDGE('',*,*,#1245,.T.);
#634=ORIENTED_EDGE('',*,*,#1246,.F.);
#635=ORIENTED_EDGE('',*,*,#1247,.T.);
#636=ORIENTED_EDGE('',*,*,#1248,.F.);
#637=ORIENTED_EDGE('',*,*,#1249,.T.);
#638=ORIENTED_EDGE('',*,*,#1250,.F.);
#639=ORIENTED_EDGE('',*,*,#1251,.T.);
#640=ORIENTED_EDGE('',*,*,#1252,.F.);
#641=ORIENTED_EDGE('',*,*,#1253,.T.);
#642=ORIENTED_EDGE('',*,*,#1254,.F.);
#643=ORIENTED_EDGE('',*,*,#1255,.T.);
#644=ORIENTED_EDGE('',*,*,#1256,.F.);
#645=ORIENTED_EDGE('',*,*,#1257,.T.);
#646=ORIENTED_EDGE('',*,*,#1258,.F.);
#647=ORIENTED_EDGE('',*,*,#1259,.T.);
#648=ORIENTED_EDGE('',*,*,#1260,.F.);
#649=ORIENTED_EDGE('',*,*,#1261,.T.);
#650=ORIENTED_EDGE('',*,*,#1262,.F.);
#651=ORIENTED_EDGE('',*,*,#1263,.T.);
#652=ORIENTED_EDGE('',*,*,#1264,.F.);
#653=ORIENTED_EDGE('',*,*,#1265,.T.);
#654=ORIENTED_EDGE('',*,*,#1266,.F.);
#655=ORIENTED_EDGE('',*,*,#1267,.T.);
#656=ORIENTED_EDGE('',*,*,#1268,.F.);
#657=ORIENTED_EDGE('',*,*,#1269,.T.);
#658=ORIENTED_EDGE('',*,*,#1270,.F.);
#659=ORIENTED_EDGE('',*,*,#1271,.T.);
#660=ORIENTED_EDGE('',*,*,#1170,.F.);
#661=ORIENTED_EDGE('',*,*,#1272,.F.);
#662=ORIENTED_EDGE('',*,*,#1068,.T.);
#663=ORIENTED_EDGE('',*,*,#1273,.T.);
#664=ORIENTED_EDGE('',*,*,#1241,.F.);
#665=ORIENTED_EDGE('',*,*,#1274,.F.);
#666=ORIENTED_EDGE('',*,*,#1069,.T.);
#667=ORIENTED_EDGE('',*,*,#1272,.T.);
#668=ORIENTED_EDGE('',*,*,#1240,.T.);
#669=ORIENTED_EDGE('',*,*,#1275,.F.);
#670=ORIENTED_EDGE('',*,*,#1070,.F.);
#671=ORIENTED_EDGE('',*,*,#1274,.T.);
#672=ORIENTED_EDGE('',*,*,#1239,.F.);
#673=ORIENTED_EDGE('',*,*,#1276,.F.);
#674=ORIENTED_EDGE('',*,*,#1071,.T.);
#675=ORIENTED_EDGE('',*,*,#1275,.T.);
#676=ORIENTED_EDGE('',*,*,#1238,.T.);
#677=ORIENTED_EDGE('',*,*,#1277,.F.);
#678=ORIENTED_EDGE('',*,*,#1072,.F.);
#679=ORIENTED_EDGE('',*,*,#1276,.T.);
#680=ORIENTED_EDGE('',*,*,#1237,.F.);
#681=ORIENTED_EDGE('',*,*,#1278,.F.);
#682=ORIENTED_EDGE('',*,*,#1073,.T.);
#683=ORIENTED_EDGE('',*,*,#1277,.T.);
#684=ORIENTED_EDGE('',*,*,#1236,.F.);
#685=ORIENTED_EDGE('',*,*,#1279,.F.);
#686=ORIENTED_EDGE('',*,*,#1074,.T.);
#687=ORIENTED_EDGE('',*,*,#1278,.T.);
#688=ORIENTED_EDGE('',*,*,#1235,.F.);
#689=ORIENTED_EDGE('',*,*,#1280,.F.);
#690=ORIENTED_EDGE('',*,*,#1075,.T.);
#691=ORIENTED_EDGE('',*,*,#1279,.T.);
#692=ORIENTED_EDGE('',*,*,#1234,.T.);
#693=ORIENTED_EDGE('',*,*,#1281,.F.);
#694=ORIENTED_EDGE('',*,*,#1076,.F.);
#695=ORIENTED_EDGE('',*,*,#1280,.T.);
#696=ORIENTED_EDGE('',*,*,#1233,.F.);
#697=ORIENTED_EDGE('',*,*,#1282,.F.);
#698=ORIENTED_EDGE('',*,*,#1077,.T.);
#699=ORIENTED_EDGE('',*,*,#1281,.T.);
#700=ORIENTED_EDGE('',*,*,#1232,.T.);
#701=ORIENTED_EDGE('',*,*,#1283,.F.);
#702=ORIENTED_EDGE('',*,*,#1078,.F.);
#703=ORIENTED_EDGE('',*,*,#1282,.T.);
#704=ORIENTED_EDGE('',*,*,#1231,.F.);
#705=ORIENTED_EDGE('',*,*,#1284,.F.);
#706=ORIENTED_EDGE('',*,*,#1079,.T.);
#707=ORIENTED_EDGE('',*,*,#1283,.T.);
#708=ORIENTED_EDGE('',*,*,#1230,.F.);
#709=ORIENTED_EDGE('',*,*,#1285,.F.);
#710=ORIENTED_EDGE('',*,*,#1080,.T.);
#711=ORIENTED_EDGE('',*,*,#1284,.T.);
#712=ORIENTED_EDGE('',*,*,#1229,.F.);
#713=ORIENTED_EDGE('',*,*,#1286,.F.);
#714=ORIENTED_EDGE('',*,*,#1081,.T.);
#715=ORIENTED_EDGE('',*,*,#1285,.T.);
#716=ORIENTED_EDGE('',*,*,#1228,.T.);
#717=ORIENTED_EDGE('',*,*,#1287,.F.);
#718=ORIENTED_EDGE('',*,*,#1082,.F.);
#719=ORIENTED_EDGE('',*,*,#1286,.T.);
#720=ORIENTED_EDGE('',*,*,#1227,.F.);
#721=ORIENTED_EDGE('',*,*,#1288,.F.);
#722=ORIENTED_EDGE('',*,*,#1083,.T.);
#723=ORIENTED_EDGE('',*,*,#1287,.T.);
#724=ORIENTED_EDGE('',*,*,#1226,.T.);
#725=ORIENTED_EDGE('',*,*,#1289,.F.);
#726=ORIENTED_EDGE('',*,*,#1084,.F.);
#727=ORIENTED_EDGE('',*,*,#1288,.T.);
#728=ORIENTED_EDGE('',*,*,#1225,.F.);
#729=ORIENTED_EDGE('',*,*,#1290,.F.);
#730=ORIENTED_EDGE('',*,*,#1085,.T.);
#731=ORIENTED_EDGE('',*,*,#1289,.T.);
#732=ORIENTED_EDGE('',*,*,#1224,.F.);
#733=ORIENTED_EDGE('',*,*,#1291,.F.);
#734=ORIENTED_EDGE('',*,*,#1086,.T.);
#735=ORIENTED_EDGE('',*,*,#1290,.T.);
#736=ORIENTED_EDGE('',*,*,#1223,.F.);
#737=ORIENTED_EDGE('',*,*,#1292,.F.);
#738=ORIENTED_EDGE('',*,*,#1087,.T.);
#739=ORIENTED_EDGE('',*,*,#1291,.T.);
#740=ORIENTED_EDGE('',*,*,#1222,.T.);
#741=ORIENTED_EDGE('',*,*,#1293,.F.);
#742=ORIENTED_EDGE('',*,*,#1088,.F.);
#743=ORIENTED_EDGE('',*,*,#1292,.T.);
#744=ORIENTED_EDGE('',*,*,#1221,.F.);
#745=ORIENTED_EDGE('',*,*,#1294,.F.);
#746=ORIENTED_EDGE('',*,*,#1089,.T.);
#747=ORIENTED_EDGE('',*,*,#1293,.T.);
#748=ORIENTED_EDGE('',*,*,#1220,.T.);
#749=ORIENTED_EDGE('',*,*,#1295,.F.);
#750=ORIENTED_EDGE('',*,*,#1090,.F.);
#751=ORIENTED_EDGE('',*,*,#1294,.T.);
#752=ORIENTED_EDGE('',*,*,#1219,.F.);
#753=ORIENTED_EDGE('',*,*,#1296,.F.);
#754=ORIENTED_EDGE('',*,*,#1091,.T.);
#755=ORIENTED_EDGE('',*,*,#1295,.T.);
#756=ORIENTED_EDGE('',*,*,#1218,.F.);
#757=ORIENTED_EDGE('',*,*,#1297,.F.);
#758=ORIENTED_EDGE('',*,*,#1092,.T.);
#759=ORIENTED_EDGE('',*,*,#1296,.T.);
#760=ORIENTED_EDGE('',*,*,#1217,.F.);
#761=ORIENTED_EDGE('',*,*,#1298,.F.);
#762=ORIENTED_EDGE('',*,*,#1093,.T.);
#763=ORIENTED_EDGE('',*,*,#1297,.T.);
#764=ORIENTED_EDGE('',*,*,#1216,.T.);
#765=ORIENTED_EDGE('',*,*,#1299,.F.);
#766=ORIENTED_EDGE('',*,*,#1094,.F.);
#767=ORIENTED_EDGE('',*,*,#1298,.T.);
#768=ORIENTED_EDGE('',*,*,#1215,.F.);
#769=ORIENTED_EDGE('',*,*,#1300,.F.);
#770=ORIENTED_EDGE('',*,*,#1095,.T.);
#771=ORIENTED_EDGE('',*,*,#1299,.T.);
#772=ORIENTED_EDGE('',*,*,#1214,.T.);
#773=ORIENTED_EDGE('',*,*,#1301,.F.);
#774=ORIENTED_EDGE('',*,*,#1096,.F.);
#775=ORIENTED_EDGE('',*,*,#1300,.T.);
#776=ORIENTED_EDGE('',*,*,#1213,.F.);
#777=ORIENTED_EDGE('',*,*,#1302,.F.);
#778=ORIENTED_EDGE('',*,*,#1097,.T.);
#779=ORIENTED_EDGE('',*,*,#1301,.T.);
#780=ORIENTED_EDGE('',*,*,#1212,.F.);
#781=ORIENTED_EDGE('',*,*,#1303,.F.);
#782=ORIENTED_EDGE('',*,*,#1098,.T.);
#783=ORIENTED_EDGE('',*,*,#1302,.T.);
#784=ORIENTED_EDGE('',*,*,#1211,.F.);
#785=ORIENTED_EDGE('',*,*,#1304,.F.);
#786=ORIENTED_EDGE('',*,*,#1099,.T.);
#787=ORIENTED_EDGE('',*,*,#1303,.T.);
#788=ORIENTED_EDGE('',*,*,#1210,.T.);
#789=ORIENTED_EDGE('',*,*,#1305,.F.);
#790=ORIENTED_EDGE('',*,*,#1100,.F.);
#791=ORIENTED_EDGE('',*,*,#1304,.T.);
#792=ORIENTED_EDGE('',*,*,#1209,.F.);
#793=ORIENTED_EDGE('',*,*,#1306,.F.);
#794=ORIENTED_EDGE('',*,*,#1101,.T.);
#795=ORIENTED_EDGE('',*,*,#1305,.T.);
#796=ORIENTED_EDGE('',*,*,#1208,.T.);
#797=ORIENTED_EDGE('',*,*,#1307,.F.);
#798=ORIENTED_EDGE('',*,*,#1102,.F.);
#799=ORIENTED_EDGE('',*,*,#1306,.T.);
#800=ORIENTED_EDGE('',*,*,#1207,.F.);
#801=ORIENTED_EDGE('',*,*,#1308,.F.);
#802=ORIENTED_EDGE('',*,*,#1103,.T.);
#803=ORIENTED_EDGE('',*,*,#1307,.T.);
#804=ORIENTED_EDGE('',*,*,#1206,.F.);
#805=ORIENTED_EDGE('',*,*,#1309,.F.);
#806=ORIENTED_EDGE('',*,*,#1104,.T.);
#807=ORIENTED_EDGE('',*,*,#1308,.T.);
#808=ORIENTED_EDGE('',*,*,#1205,.F.);
#809=ORIENTED_EDGE('',*,*,#1310,.F.);
#810=ORIENTED_EDGE('',*,*,#1105,.T.);
#811=ORIENTED_EDGE('',*,*,#1309,.T.);
#812=ORIENTED_EDGE('',*,*,#1204,.T.);
#813=ORIENTED_EDGE('',*,*,#1311,.F.);
#814=ORIENTED_EDGE('',*,*,#1106,.F.);
#815=ORIENTED_EDGE('',*,*,#1310,.T.);
#816=ORIENTED_EDGE('',*,*,#1203,.F.);
#817=ORIENTED_EDGE('',*,*,#1312,.F.);
#818=ORIENTED_EDGE('',*,*,#1107,.T.);
#819=ORIENTED_EDGE('',*,*,#1311,.T.);
#820=ORIENTED_EDGE('',*,*,#1202,.T.);
#821=ORIENTED_EDGE('',*,*,#1313,.F.);
#822=ORIENTED_EDGE('',*,*,#1108,.F.);
#823=ORIENTED_EDGE('',*,*,#1312,.T.);
#824=ORIENTED_EDGE('',*,*,#1201,.F.);
#825=ORIENTED_EDGE('',*,*,#1314,.F.);
#826=ORIENTED_EDGE('',*,*,#1109,.T.);
#827=ORIENTED_EDGE('',*,*,#1313,.T.);
#828=ORIENTED_EDGE('',*,*,#1200,.F.);
#829=ORIENTED_EDGE('',*,*,#1315,.F.);
#830=ORIENTED_EDGE('',*,*,#1110,.T.);
#831=ORIENTED_EDGE('',*,*,#1314,.T.);
#832=ORIENTED_EDGE('',*,*,#1199,.F.);
#833=ORIENTED_EDGE('',*,*,#1316,.F.);
#834=ORIENTED_EDGE('',*,*,#1111,.T.);
#835=ORIENTED_EDGE('',*,*,#1315,.T.);
#836=ORIENTED_EDGE('',*,*,#1198,.T.);
#837=ORIENTED_EDGE('',*,*,#1317,.F.);
#838=ORIENTED_EDGE('',*,*,#1112,.F.);
#839=ORIENTED_EDGE('',*,*,#1316,.T.);
#840=ORIENTED_EDGE('',*,*,#1197,.F.);
#841=ORIENTED_EDGE('',*,*,#1318,.F.);
#842=ORIENTED_EDGE('',*,*,#1113,.T.);
#843=ORIENTED_EDGE('',*,*,#1317,.T.);
#844=ORIENTED_EDGE('',*,*,#1196,.T.);
#845=ORIENTED_EDGE('',*,*,#1319,.F.);
#846=ORIENTED_EDGE('',*,*,#1114,.F.);
#847=ORIENTED_EDGE('',*,*,#1318,.T.);
#848=ORIENTED_EDGE('',*,*,#1195,.F.);
#849=ORIENTED_EDGE('',*,*,#1320,.F.);
#850=ORIENTED_EDGE('',*,*,#1115,.T.);
#851=ORIENTED_EDGE('',*,*,#1319,.T.);
#852=ORIENTED_EDGE('',*,*,#1194,.F.);
#853=ORIENTED_EDGE('',*,*,#1321,.F.);
#854=ORIENTED_EDGE('',*,*,#1116,.T.);
#855=ORIENTED_EDGE('',*,*,#1320,.T.);
#856=ORIENTED_EDGE('',*,*,#1193,.F.);
#857=ORIENTED_EDGE('',*,*,#1322,.F.);
#858=ORIENTED_EDGE('',*,*,#1117,.T.);
#859=ORIENTED_EDGE('',*,*,#1321,.T.);
#860=ORIENTED_EDGE('',*,*,#1192,.T.);
#861=ORIENTED_EDGE('',*,*,#1323,.F.);
#862=ORIENTED_EDGE('',*,*,#1118,.F.);
#863=ORIENTED_EDGE('',*,*,#1322,.T.);
#864=ORIENTED_EDGE('',*,*,#1191,.F.);
#865=ORIENTED_EDGE('',*,*,#1324,.F.);
#866=ORIENTED_EDGE('',*,*,#1119,.T.);
#867=ORIENTED_EDGE('',*,*,#1323,.T.);
#868=ORIENTED_EDGE('',*,*,#1190,.T.);
#869=ORIENTED_EDGE('',*,*,#1325,.F.);
#870=ORIENTED_EDGE('',*,*,#1120,.F.);
#871=ORIENTED_EDGE('',*,*,#1324,.T.);
#872=ORIENTED_EDGE('',*,*,#1189,.F.);
#873=ORIENTED_EDGE('',*,*,#1326,.F.);
#874=ORIENTED_EDGE('',*,*,#1121,.T.);
#875=ORIENTED_EDGE('',*,*,#1325,.T.);
#876=ORIENTED_EDGE('',*,*,#1188,.F.);
#877=ORIENTED_EDGE('',*,*,#1327,.F.);
#878=ORIENTED_EDGE('',*,*,#1122,.T.);
#879=ORIENTED_EDGE('',*,*,#1326,.T.);
#880=ORIENTED_EDGE('',*,*,#1187,.F.);
#881=ORIENTED_EDGE('',*,*,#1328,.F.);
#882=ORIENTED_EDGE('',*,*,#1123,.T.);
#883=ORIENTED_EDGE('',*,*,#1327,.T.);
#884=ORIENTED_EDGE('',*,*,#1186,.T.);
#885=ORIENTED_EDGE('',*,*,#1329,.F.);
#886=ORIENTED_EDGE('',*,*,#1124,.F.);
#887=ORIENTED_EDGE('',*,*,#1328,.T.);
#888=ORIENTED_EDGE('',*,*,#1185,.F.);
#889=ORIENTED_EDGE('',*,*,#1330,.F.);
#890=ORIENTED_EDGE('',*,*,#1125,.T.);
#891=ORIENTED_EDGE('',*,*,#1329,.T.);
#892=ORIENTED_EDGE('',*,*,#1184,.T.);
#893=ORIENTED_EDGE('',*,*,#1331,.F.);
#894=ORIENTED_EDGE('',*,*,#1126,.F.);
#895=ORIENTED_EDGE('',*,*,#1330,.T.);
#896=ORIENTED_EDGE('',*,*,#1183,.F.);
#897=ORIENTED_EDGE('',*,*,#1332,.F.);
#898=ORIENTED_EDGE('',*,*,#1127,.T.);
#899=ORIENTED_EDGE('',*,*,#1331,.T.);
#900=ORIENTED_EDGE('',*,*,#1182,.F.);
#901=ORIENTED_EDGE('',*,*,#1333,.F.);
#902=ORIENTED_EDGE('',*,*,#1128,.T.);
#903=ORIENTED_EDGE('',*,*,#1332,.T.);
#904=ORIENTED_EDGE('',*,*,#1181,.F.);
#905=ORIENTED_EDGE('',*,*,#1334,.F.);
#906=ORIENTED_EDGE('',*,*,#1129,.T.);
#907=ORIENTED_EDGE('',*,*,#1333,.T.);
#908=ORIENTED_EDGE('',*,*,#1180,.T.);
#909=ORIENTED_EDGE('',*,*,#1335,.F.);
#910=ORIENTED_EDGE('',*,*,#1130,.F.);
#911=ORIENTED_EDGE('',*,*,#1334,.T.);
#912=ORIENTED_EDGE('',*,*,#1179,.F.);
#913=ORIENTED_EDGE('',*,*,#1336,.F.);
#914=ORIENTED_EDGE('',*,*,#1131,.T.);
#915=ORIENTED_EDGE('',*,*,#1335,.T.);
#916=ORIENTED_EDGE('',*,*,#1178,.T.);
#917=ORIENTED_EDGE('',*,*,#1337,.F.);
#918=ORIENTED_EDGE('',*,*,#1132,.F.);
#919=ORIENTED_EDGE('',*,*,#1336,.T.);
#920=ORIENTED_EDGE('',*,*,#1177,.F.);
#921=ORIENTED_EDGE('',*,*,#1338,.F.);
#922=ORIENTED_EDGE('',*,*,#1133,.T.);
#923=ORIENTED_EDGE('',*,*,#1337,.T.);
#924=ORIENTED_EDGE('',*,*,#1176,.F.);
#925=ORIENTED_EDGE('',*,*,#1339,.F.);
#926=ORIENTED_EDGE('',*,*,#1134,.T.);
#927=ORIENTED_EDGE('',*,*,#1338,.T.);
#928=ORIENTED_EDGE('',*,*,#1175,.F.);
#929=ORIENTED_EDGE('',*,*,#1340,.F.);
#930=ORIENTED_EDGE('',*,*,#1135,.T.);
#931=ORIENTED_EDGE('',*,*,#1339,.T.);
#932=ORIENTED_EDGE('',*,*,#1174,.T.);
#933=ORIENTED_EDGE('',*,*,#1341,.F.);
#934=ORIENTED_EDGE('',*,*,#1136,.F.);
#935=ORIENTED_EDGE('',*,*,#1340,.T.);
#936=ORIENTED_EDGE('',*,*,#1173,.F.);
#937=ORIENTED_EDGE('',*,*,#1342,.F.);
#938=ORIENTED_EDGE('',*,*,#1137,.T.);
#939=ORIENTED_EDGE('',*,*,#1341,.T.);
#940=ORIENTED_EDGE('',*,*,#1172,.T.);
#941=ORIENTED_EDGE('',*,*,#1343,.F.);
#942=ORIENTED_EDGE('',*,*,#1138,.F.);
#943=ORIENTED_EDGE('',*,*,#1342,.T.);
#944=ORIENTED_EDGE('',*,*,#1171,.F.);
#945=ORIENTED_EDGE('',*,*,#1273,.F.);
#946=ORIENTED_EDGE('',*,*,#1139,.T.);
#947=ORIENTED_EDGE('',*,*,#1343,.T.);
#948=ORIENTED_EDGE('',*,*,#1242,.T.);
#949=ORIENTED_EDGE('',*,*,#1344,.T.);
#950=ORIENTED_EDGE('',*,*,#1141,.F.);
#951=ORIENTED_EDGE('',*,*,#1345,.F.);
#952=ORIENTED_EDGE('',*,*,#1345,.T.);
#953=ORIENTED_EDGE('',*,*,#1140,.T.);
#954=ORIENTED_EDGE('',*,*,#1346,.F.);
#955=ORIENTED_EDGE('',*,*,#1243,.F.);
#956=ORIENTED_EDGE('',*,*,#1244,.T.);
#957=ORIENTED_EDGE('',*,*,#1346,.T.);
#958=ORIENTED_EDGE('',*,*,#1169,.F.);
#959=ORIENTED_EDGE('',*,*,#1347,.F.);
#960=ORIENTED_EDGE('',*,*,#1347,.T.);
#961=ORIENTED_EDGE('',*,*,#1168,.T.);
#962=ORIENTED_EDGE('',*,*,#1348,.F.);
#963=ORIENTED_EDGE('',*,*,#1245,.F.);
#964=ORIENTED_EDGE('',*,*,#1246,.T.);
#965=ORIENTED_EDGE('',*,*,#1348,.T.);
#966=ORIENTED_EDGE('',*,*,#1167,.F.);
#967=ORIENTED_EDGE('',*,*,#1349,.F.);
#968=ORIENTED_EDGE('',*,*,#1349,.T.);
#969=ORIENTED_EDGE('',*,*,#1166,.T.);
#970=ORIENTED_EDGE('',*,*,#1350,.F.);
#971=ORIENTED_EDGE('',*,*,#1247,.F.);
#972=ORIENTED_EDGE('',*,*,#1248,.T.);
#973=ORIENTED_EDGE('',*,*,#1350,.T.);
#974=ORIENTED_EDGE('',*,*,#1165,.F.);
#975=ORIENTED_EDGE('',*,*,#1351,.F.);
#976=ORIENTED_EDGE('',*,*,#1351,.T.);
#977=ORIENTED_EDGE('',*,*,#1164,.T.);
#978=ORIENTED_EDGE('',*,*,#1352,.F.);
#979=ORIENTED_EDGE('',*,*,#1249,.F.);
#980=ORIENTED_EDGE('',*,*,#1250,.T.);
#981=ORIENTED_EDGE('',*,*,#1352,.T.);
#982=ORIENTED_EDGE('',*,*,#1163,.F.);
#983=ORIENTED_EDGE('',*,*,#1353,.F.);
#984=ORIENTED_EDGE('',*,*,#1353,.T.);
#985=ORIENTED_EDGE('',*,*,#1162,.T.);
#986=ORIENTED_EDGE('',*,*,#1354,.F.);
#987=ORIENTED_EDGE('',*,*,#1251,.F.);
#988=ORIENTED_EDGE('',*,*,#1252,.T.);
#989=ORIENTED_EDGE('',*,*,#1354,.T.);
#990=ORIENTED_EDGE('',*,*,#1161,.F.);
#991=ORIENTED_EDGE('',*,*,#1355,.F.);
#992=ORIENTED_EDGE('',*,*,#1355,.T.);
#993=ORIENTED_EDGE('',*,*,#1160,.T.);
#994=ORIENTED_EDGE('',*,*,#1356,.F.);
#995=ORIENTED_EDGE('',*,*,#1253,.F.);
#996=ORIENTED_EDGE('',*,*,#1254,.T.);
#997=ORIENTED_EDGE('',*,*,#1356,.T.);
#998=ORIENTED_EDGE('',*,*,#1159,.F.);
#999=ORIENTED_EDGE('',*,*,#1357,.F.);
#1000=ORIENTED_EDGE('',*,*,#1357,.T.);
#1001=ORIENTED_EDGE('',*,*,#1158,.T.);
#1002=ORIENTED_EDGE('',*,*,#1358,.F.);
#1003=ORIENTED_EDGE('',*,*,#1255,.F.);
#1004=ORIENTED_EDGE('',*,*,#1256,.T.);
#1005=ORIENTED_EDGE('',*,*,#1358,.T.);
#1006=ORIENTED_EDGE('',*,*,#1157,.F.);
#1007=ORIENTED_EDGE('',*,*,#1359,.F.);
#1008=ORIENTED_EDGE('',*,*,#1359,.T.);
#1009=ORIENTED_EDGE('',*,*,#1156,.T.);
#1010=ORIENTED_EDGE('',*,*,#1360,.F.);
#1011=ORIENTED_EDGE('',*,*,#1257,.F.);
#1012=ORIENTED_EDGE('',*,*,#1258,.T.);
#1013=ORIENTED_EDGE('',*,*,#1360,.T.);
#1014=ORIENTED_EDGE('',*,*,#1155,.F.);
#1015=ORIENTED_EDGE('',*,*,#1361,.F.);
#1016=ORIENTED_EDGE('',*,*,#1361,.T.);
#1017=ORIENTED_EDGE('',*,*,#1154,.T.);
#1018=ORIENTED_EDGE('',*,*,#1362,.F.);
#1019=ORIENTED_EDGE('',*,*,#1259,.F.);
#1020=ORIENTED_EDGE('',*,*,#1260,.T.);
#1021=ORIENTED_EDGE('',*,*,#1362,.T.);
#1022=ORIENTED_EDGE('',*,*,#1153,.F.);
#1023=ORIENTED_EDGE('',*,*,#1363,.F.);
#1024=ORIENTED_EDGE('',*,*,#1363,.T.);
#1025=ORIENTED_EDGE('',*,*,#1152,.T.);
#1026=ORIENTED_EDGE('',*,*,#1364,.F.);
#1027=ORIENTED_EDGE('',*,*,#1261,.F.);
#1028=ORIENTED_EDGE('',*,*,#1262,.T.);
#1029=ORIENTED_EDGE('',*,*,#1364,.T.);
#1030=ORIENTED_EDGE('',*,*,#1151,.F.);
#1031=ORIENTED_EDGE('',*,*,#1365,.F.);
#1032=ORIENTED_EDGE('',*,*,#1365,.T.);
#1033=ORIENTED_EDGE('',*,*,#1150,.T.);
#1034=ORIENTED_EDGE('',*,*,#1366,.F.);
#1035=ORIENTED_EDGE('',*,*,#1263,.F.);
#1036=ORIENTED_EDGE('',*,*,#1264,.T.);
#1037=ORIENTED_EDGE('',*,*,#1366,.T.);
#1038=ORIENTED_EDGE('',*,*,#1149,.F.);
#1039=ORIENTED_EDGE('',*,*,#1367,.F.);
#1040=ORIENTED_EDGE('',*,*,#1367,.T.);
#1041=ORIENTED_EDGE('',*,*,#1148,.T.);
#1042=ORIENTED_EDGE('',*,*,#1368,.F.);
#1043=ORIENTED_EDGE('',*,*,#1265,.F.);
#1044=ORIENTED_EDGE('',*,*,#1266,.T.);
#1045=ORIENTED_EDGE('',*,*,#1368,.T.);
#1046=ORIENTED_EDGE('',*,*,#1147,.F.);
#1047=ORIENTED_EDGE('',*,*,#1369,.F.);
#1048=ORIENTED_EDGE('',*,*,#1369,.T.);
#1049=ORIENTED_EDGE('',*,*,#1146,.T.);
#1050=ORIENTED_EDGE('',*,*,#1370,.F.);
#1051=ORIENTED_EDGE('',*,*,#1267,.F.);
#1052=ORIENTED_EDGE('',*,*,#1268,.T.);
#1053=ORIENTED_EDGE('',*,*,#1370,.T.);
#1054=ORIENTED_EDGE('',*,*,#1145,.F.);
#1055=ORIENTED_EDGE('',*,*,#1371,.F.);
#1056=ORIENTED_EDGE('',*,*,#1371,.T.);
#1057=ORIENTED_EDGE('',*,*,#1144,.T.);
#1058=ORIENTED_EDGE('',*,*,#1372,.F.);
#1059=ORIENTED_EDGE('',*,*,#1269,.F.);
#1060=ORIENTED_EDGE('',*,*,#1270,.T.);
#1061=ORIENTED_EDGE('',*,*,#1372,.T.);
#1062=ORIENTED_EDGE('',*,*,#1143,.F.);
#1063=ORIENTED_EDGE('',*,*,#1373,.F.);
#1064=ORIENTED_EDGE('',*,*,#1373,.T.);
#1065=ORIENTED_EDGE('',*,*,#1142,.T.);
#1066=ORIENTED_EDGE('',*,*,#1344,.F.);
#1067=ORIENTED_EDGE('',*,*,#1271,.F.);
#1068=EDGE_CURVE('',#1374,#1375,#1578,.T.);
#1069=EDGE_CURVE('',#1376,#1374,#108,.T.);
#1070=EDGE_CURVE('',#1376,#1377,#1579,.T.);
#1071=EDGE_CURVE('',#1378,#1377,#109,.T.);
#1072=EDGE_CURVE('',#1378,#1379,#1580,.T.);
#1073=EDGE_CURVE('',#1380,#1379,#110,.T.);
#1074=EDGE_CURVE('',#1381,#1380,#1581,.T.);
#1075=EDGE_CURVE('',#1382,#1381,#111,.T.);
#1076=EDGE_CURVE('',#1382,#1383,#1582,.T.);
#1077=EDGE_CURVE('',#1384,#1383,#112,.T.);
#1078=EDGE_CURVE('',#1384,#1385,#1583,.T.);
#1079=EDGE_CURVE('',#1386,#1385,#113,.T.);
#1080=EDGE_CURVE('',#1387,#1386,#1584,.T.);
#1081=EDGE_CURVE('',#1388,#1387,#114,.T.);
#1082=EDGE_CURVE('',#1388,#1389,#1585,.T.);
#1083=EDGE_CURVE('',#1390,#1389,#115,.T.);
#1084=EDGE_CURVE('',#1390,#1391,#1586,.T.);
#1085=EDGE_CURVE('',#1392,#1391,#116,.T.);
#1086=EDGE_CURVE('',#1393,#1392,#1587,.T.);
#1087=EDGE_CURVE('',#1394,#1393,#117,.T.);
#1088=EDGE_CURVE('',#1394,#1395,#1588,.T.);
#1089=EDGE_CURVE('',#1396,#1395,#118,.T.);
#1090=EDGE_CURVE('',#1396,#1397,#1589,.T.);
#1091=EDGE_CURVE('',#1398,#1397,#119,.T.);
#1092=EDGE_CURVE('',#1399,#1398,#1590,.T.);
#1093=EDGE_CURVE('',#1400,#1399,#120,.T.);
#1094=EDGE_CURVE('',#1400,#1401,#1591,.T.);
#1095=EDGE_CURVE('',#1402,#1401,#121,.T.);
#1096=EDGE_CURVE('',#1402,#1403,#1592,.T.);
#1097=EDGE_CURVE('',#1404,#1403,#122,.T.);
#1098=EDGE_CURVE('',#1405,#1404,#1593,.T.);
#1099=EDGE_CURVE('',#1406,#1405,#123,.T.);
#1100=EDGE_CURVE('',#1406,#1407,#1594,.T.);
#1101=EDGE_CURVE('',#1408,#1407,#124,.T.);
#1102=EDGE_CURVE('',#1408,#1409,#1595,.T.);
#1103=EDGE_CURVE('',#1410,#1409,#125,.T.);
#1104=EDGE_CURVE('',#1411,#1410,#1596,.T.);
#1105=EDGE_CURVE('',#1412,#1411,#126,.T.);
#1106=EDGE_CURVE('',#1412,#1413,#1597,.T.);
#1107=EDGE_CURVE('',#1414,#1413,#127,.T.);
#1108=EDGE_CURVE('',#1414,#1415,#1598,.T.);
#1109=EDGE_CURVE('',#1416,#1415,#128,.T.);
#1110=EDGE_CURVE('',#1417,#1416,#1599,.T.);
#1111=EDGE_CURVE('',#1418,#1417,#129,.T.);
#1112=EDGE_CURVE('',#1418,#1419,#1600,.T.);
#1113=EDGE_CURVE('',#1420,#1419,#130,.T.);
#1114=EDGE_CURVE('',#1420,#1421,#1601,.T.);
#1115=EDGE_CURVE('',#1422,#1421,#131,.T.);
#1116=EDGE_CURVE('',#1423,#1422,#1602,.T.);
#1117=EDGE_CURVE('',#1424,#1423,#132,.T.);
#1118=EDGE_CURVE('',#1424,#1425,#1603,.T.);
#1119=EDGE_CURVE('',#1426,#1425,#133,.T.);
#1120=EDGE_CURVE('',#1426,#1427,#1604,.T.);
#1121=EDGE_CURVE('',#1428,#1427,#134,.T.);
#1122=EDGE_CURVE('',#1429,#1428,#1605,.T.);
#1123=EDGE_CURVE('',#1430,#1429,#135,.T.);
#1124=EDGE_CURVE('',#1430,#1431,#1606,.T.);
#1125=EDGE_CURVE('',#1432,#1431,#136,.T.);
#1126=EDGE_CURVE('',#1432,#1433,#1607,.T.);
#1127=EDGE_CURVE('',#1434,#1433,#137,.T.);
#1128=EDGE_CURVE('',#1435,#1434,#1608,.T.);
#1129=EDGE_CURVE('',#1436,#1435,#138,.T.);
#1130=EDGE_CURVE('',#1436,#1437,#1609,.T.);
#1131=EDGE_CURVE('',#1438,#1437,#139,.T.);
#1132=EDGE_CURVE('',#1438,#1439,#1610,.T.);
#1133=EDGE_CURVE('',#1440,#1439,#140,.T.);
#1134=EDGE_CURVE('',#1441,#1440,#1611,.T.);
#1135=EDGE_CURVE('',#1442,#1441,#141,.T.);
#1136=EDGE_CURVE('',#1442,#1443,#1612,.T.);
#1137=EDGE_CURVE('',#1444,#1443,#142,.T.);
#1138=EDGE_CURVE('',#1444,#1445,#1613,.T.);
#1139=EDGE_CURVE('',#1375,#1445,#143,.T.);
#1140=EDGE_CURVE('',#1446,#1447,#1614,.T.);
#1141=EDGE_CURVE('',#1446,#1448,#78,.T.);
#1142=EDGE_CURVE('',#1449,#1448,#1615,.T.);
#1143=EDGE_CURVE('',#1449,#1450,#79,.T.);
#1144=EDGE_CURVE('',#1451,#1450,#1616,.T.);
#1145=EDGE_CURVE('',#1451,#1452,#80,.T.);
#1146=EDGE_CURVE('',#1453,#1452,#1617,.T.);
#1147=EDGE_CURVE('',#1453,#1454,#81,.T.);
#1148=EDGE_CURVE('',#1455,#1454,#1618,.T.);
#1149=EDGE_CURVE('',#1455,#1456,#82,.T.);
#1150=EDGE_CURVE('',#1457,#1456,#1619,.T.);
#1151=EDGE_CURVE('',#1457,#1458,#83,.T.);
#1152=EDGE_CURVE('',#1459,#1458,#1620,.T.);
#1153=EDGE_CURVE('',#1459,#1460,#84,.T.);
#1154=EDGE_CURVE('',#1461,#1460,#1621,.T.);
#1155=EDGE_CURVE('',#1461,#1462,#85,.T.);
#1156=EDGE_CURVE('',#1463,#1462,#1622,.T.);
#1157=EDGE_CURVE('',#1463,#1464,#86,.T.);
#1158=EDGE_CURVE('',#1465,#1464,#1623,.T.);
#1159=EDGE_CURVE('',#1465,#1466,#87,.T.);
#1160=EDGE_CURVE('',#1467,#1466,#1624,.T.);
#1161=EDGE_CURVE('',#1467,#1468,#88,.T.);
#1162=EDGE_CURVE('',#1469,#1468,#1625,.T.);
#1163=EDGE_CURVE('',#1469,#1470,#89,.T.);
#1164=EDGE_CURVE('',#1471,#1470,#1626,.T.);
#1165=EDGE_CURVE('',#1471,#1472,#90,.T.);
#1166=EDGE_CURVE('',#1473,#1472,#1627,.T.);
#1167=EDGE_CURVE('',#1473,#1474,#91,.T.);
#1168=EDGE_CURVE('',#1475,#1474,#1628,.T.);
#1169=EDGE_CURVE('',#1475,#1447,#92,.T.);
#1170=EDGE_CURVE('',#1476,#1477,#1629,.T.);
#1171=EDGE_CURVE('',#1477,#1478,#144,.T.);
#1172=EDGE_CURVE('',#1479,#1478,#1630,.T.);
#1173=EDGE_CURVE('',#1479,#1480,#145,.T.);
#1174=EDGE_CURVE('',#1481,#1480,#1631,.T.);
#1175=EDGE_CURVE('',#1481,#1482,#146,.T.);
#1176=EDGE_CURVE('',#1482,#1483,#1632,.T.);
#1177=EDGE_CURVE('',#1483,#1484,#147,.T.);
#1178=EDGE_CURVE('',#1485,#1484,#1633,.T.);
#1179=EDGE_CURVE('',#1485,#1486,#148,.T.);
#1180=EDGE_CURVE('',#1487,#1486,#1634,.T.);
#1181=EDGE_CURVE('',#1487,#1488,#149,.T.);
#1182=EDGE_CURVE('',#1488,#1489,#1635,.T.);
#1183=EDGE_CURVE('',#1489,#1490,#150,.T.);
#1184=EDGE_CURVE('',#1491,#1490,#1636,.T.);
#1185=EDGE_CURVE('',#1491,#1492,#151,.T.);
#1186=EDGE_CURVE('',#1493,#1492,#1637,.T.);
#1187=EDGE_CURVE('',#1493,#1494,#152,.T.);
#1188=EDGE_CURVE('',#1494,#1495,#1638,.T.);
#1189=EDGE_CURVE('',#1495,#1496,#153,.T.);
#1190=EDGE_CURVE('',#1497,#1496,#1639,.T.);
#1191=EDGE_CURVE('',#1497,#1498,#154,.T.);
#1192=EDGE_CURVE('',#1499,#1498,#1640,.T.);
#1193=EDGE_CURVE('',#1499,#1500,#155,.T.);
#1194=EDGE_CURVE('',#1500,#1501,#1641,.T.);
#1195=EDGE_CURVE('',#1501,#1502,#156,.T.);
#1196=EDGE_CURVE('',#1503,#1502,#1642,.T.);
#1197=EDGE_CURVE('',#1503,#1504,#157,.T.);
#1198=EDGE_CURVE('',#1505,#1504,#1643,.T.);
#1199=EDGE_CURVE('',#1505,#1506,#158,.T.);
#1200=EDGE_CURVE('',#1506,#1507,#1644,.T.);
#1201=EDGE_CURVE('',#1507,#1508,#159,.T.);
#1202=EDGE_CURVE('',#1509,#1508,#1645,.T.);
#1203=EDGE_CURVE('',#1509,#1510,#160,.T.);
#1204=EDGE_CURVE('',#1511,#1510,#1646,.T.);
#1205=EDGE_CURVE('',#1511,#1512,#161,.T.);
#1206=EDGE_CURVE('',#1512,#1513,#1647,.T.);
#1207=EDGE_CURVE('',#1513,#1514,#162,.T.);
#1208=EDGE_CURVE('',#1515,#1514,#1648,.T.);
#1209=EDGE_CURVE('',#1515,#1516,#163,.T.);
#1210=EDGE_CURVE('',#1517,#1516,#1649,.T.);
#1211=EDGE_CURVE('',#1517,#1518,#164,.T.);
#1212=EDGE_CURVE('',#1518,#1519,#1650,.T.);
#1213=EDGE_CURVE('',#1519,#1520,#165,.T.);
#1214=EDGE_CURVE('',#1521,#1520,#1651,.T.);
#1215=EDGE_CURVE('',#1521,#1522,#166,.T.);
#1216=EDGE_CURVE('',#1523,#1522,#1652,.T.);
#1217=EDGE_CURVE('',#1523,#1524,#167,.T.);
#1218=EDGE_CURVE('',#1524,#1525,#1653,.T.);
#1219=EDGE_CURVE('',#1525,#1526,#168,.T.);
#1220=EDGE_CURVE('',#1527,#1526,#1654,.T.);
#1221=EDGE_CURVE('',#1527,#1528,#169,.T.);
#1222=EDGE_CURVE('',#1529,#1528,#1655,.T.);
#1223=EDGE_CURVE('',#1529,#1530,#170,.T.);
#1224=EDGE_CURVE('',#1530,#1531,#1656,.T.);
#1225=EDGE_CURVE('',#1531,#1532,#171,.T.);
#1226=EDGE_CURVE('',#1533,#1532,#1657,.T.);
#1227=EDGE_CURVE('',#1533,#1534,#172,.T.);
#1228=EDGE_CURVE('',#1535,#1534,#1658,.T.);
#1229=EDGE_CURVE('',#1535,#1536,#173,.T.);
#1230=EDGE_CURVE('',#1536,#1537,#1659,.T.);
#1231=EDGE_CURVE('',#1537,#1538,#174,.T.);
#1232=EDGE_CURVE('',#1539,#1538,#1660,.T.);
#1233=EDGE_CURVE('',#1539,#1540,#175,.T.);
#1234=EDGE_CURVE('',#1541,#1540,#1661,.T.);
#1235=EDGE_CURVE('',#1541,#1542,#176,.T.);
#1236=EDGE_CURVE('',#1542,#1543,#1662,.T.);
#1237=EDGE_CURVE('',#1543,#1544,#177,.T.);
#1238=EDGE_CURVE('',#1545,#1544,#1663,.T.);
#1239=EDGE_CURVE('',#1545,#1546,#178,.T.);
#1240=EDGE_CURVE('',#1547,#1546,#1664,.T.);
#1241=EDGE_CURVE('',#1547,#1476,#179,.T.);
#1242=EDGE_CURVE('',#1548,#1549,#93,.T.);
#1243=EDGE_CURVE('',#1548,#1550,#1665,.T.);
#1244=EDGE_CURVE('',#1551,#1550,#94,.T.);
#1245=EDGE_CURVE('',#1551,#1552,#1666,.T.);
#1246=EDGE_CURVE('',#1553,#1552,#95,.T.);
#1247=EDGE_CURVE('',#1553,#1554,#1667,.T.);
#1248=EDGE_CURVE('',#1555,#1554,#96,.T.);
#1249=EDGE_CURVE('',#1555,#1556,#1668,.T.);
#1250=EDGE_CURVE('',#1557,#1556,#97,.T.);
#1251=EDGE_CURVE('',#1557,#1558,#1669,.T.);
#1252=EDGE_CURVE('',#1559,#1558,#98,.T.);
#1253=EDGE_CURVE('',#1559,#1560,#1670,.T.);
#1254=EDGE_CURVE('',#1561,#1560,#99,.T.);
#1255=EDGE_CURVE('',#1561,#1562,#1671,.T.);
#1256=EDGE_CURVE('',#1563,#1562,#100,.T.);
#1257=EDGE_CURVE('',#1563,#1564,#1672,.T.);
#1258=EDGE_CURVE('',#1565,#1564,#101,.T.);
#1259=EDGE_CURVE('',#1565,#1566,#1673,.T.);
#1260=EDGE_CURVE('',#1567,#1566,#102,.T.);
#1261=EDGE_CURVE('',#1567,#1568,#1674,.T.);
#1262=EDGE_CURVE('',#1569,#1568,#103,.T.);
#1263=EDGE_CURVE('',#1569,#1570,#1675,.T.);
#1264=EDGE_CURVE('',#1571,#1570,#104,.T.);
#1265=EDGE_CURVE('',#1571,#1572,#1676,.T.);
#1266=EDGE_CURVE('',#1573,#1572,#105,.T.);
#1267=EDGE_CURVE('',#1573,#1574,#1677,.T.);
#1268=EDGE_CURVE('',#1575,#1574,#106,.T.);
#1269=EDGE_CURVE('',#1575,#1576,#1678,.T.);
#1270=EDGE_CURVE('',#1577,#1576,#107,.T.);
#1271=EDGE_CURVE('',#1577,#1549,#1679,.T.);
#1272=EDGE_CURVE('',#1374,#1476,#180,.T.);
#1273=EDGE_CURVE('',#1375,#1477,#181,.T.);
#1274=EDGE_CURVE('',#1376,#1547,#182,.T.);
#1275=EDGE_CURVE('',#1377,#1546,#183,.T.);
#1276=EDGE_CURVE('',#1378,#1545,#184,.T.);
#1277=EDGE_CURVE('',#1379,#1544,#185,.T.);
#1278=EDGE_CURVE('',#1380,#1543,#186,.T.);
#1279=EDGE_CURVE('',#1381,#1542,#187,.T.);
#1280=EDGE_CURVE('',#1382,#1541,#188,.T.);
#1281=EDGE_CURVE('',#1383,#1540,#189,.T.);
#1282=EDGE_CURVE('',#1384,#1539,#190,.T.);
#1283=EDGE_CURVE('',#1385,#1538,#191,.T.);
#1284=EDGE_CURVE('',#1386,#1537,#192,.T.);
#1285=EDGE_CURVE('',#1387,#1536,#193,.T.);
#1286=EDGE_CURVE('',#1388,#1535,#194,.T.);
#1287=EDGE_CURVE('',#1389,#1534,#195,.T.);
#1288=EDGE_CURVE('',#1390,#1533,#196,.T.);
#1289=EDGE_CURVE('',#1391,#1532,#197,.T.);
#1290=EDGE_CURVE('',#1392,#1531,#198,.T.);
#1291=EDGE_CURVE('',#1393,#1530,#199,.T.);
#1292=EDGE_CURVE('',#1394,#1529,#200,.T.);
#1293=EDGE_CURVE('',#1395,#1528,#201,.T.);
#1294=EDGE_CURVE('',#1396,#1527,#202,.T.);
#1295=EDGE_CURVE('',#1397,#1526,#203,.T.);
#1296=EDGE_CURVE('',#1398,#1525,#204,.T.);
#1297=EDGE_CURVE('',#1399,#1524,#205,.T.);
#1298=EDGE_CURVE('',#1400,#1523,#206,.T.);
#1299=EDGE_CURVE('',#1401,#1522,#207,.T.);
#1300=EDGE_CURVE('',#1402,#1521,#208,.T.);
#1301=EDGE_CURVE('',#1403,#1520,#209,.T.);
#1302=EDGE_CURVE('',#1404,#1519,#210,.T.);
#1303=EDGE_CURVE('',#1405,#1518,#211,.T.);
#1304=EDGE_CURVE('',#1406,#1517,#212,.T.);
#1305=EDGE_CURVE('',#1407,#1516,#213,.T.);
#1306=EDGE_CURVE('',#1408,#1515,#214,.T.);
#1307=EDGE_CURVE('',#1409,#1514,#215,.T.);
#1308=EDGE_CURVE('',#1410,#1513,#216,.T.);
#1309=EDGE_CURVE('',#1411,#1512,#217,.T.);
#1310=EDGE_CURVE('',#1412,#1511,#218,.T.);
#1311=EDGE_CURVE('',#1413,#1510,#219,.T.);
#1312=EDGE_CURVE('',#1414,#1509,#220,.T.);
#1313=EDGE_CURVE('',#1415,#1508,#221,.T.);
#1314=EDGE_CURVE('',#1416,#1507,#222,.T.);
#1315=EDGE_CURVE('',#1417,#1506,#223,.T.);
#1316=EDGE_CURVE('',#1418,#1505,#224,.T.);
#1317=EDGE_CURVE('',#1419,#1504,#225,.T.);
#1318=EDGE_CURVE('',#1420,#1503,#226,.T.);
#1319=EDGE_CURVE('',#1421,#1502,#227,.T.);
#1320=EDGE_CURVE('',#1422,#1501,#228,.T.);
#1321=EDGE_CURVE('',#1423,#1500,#229,.T.);
#1322=EDGE_CURVE('',#1424,#1499,#230,.T.);
#1323=EDGE_CURVE('',#1425,#1498,#231,.T.);
#1324=EDGE_CURVE('',#1426,#1497,#232,.T.);
#1325=EDGE_CURVE('',#1427,#1496,#233,.T.);
#1326=EDGE_CURVE('',#1428,#1495,#234,.T.);
#1327=EDGE_CURVE('',#1429,#1494,#235,.T.);
#1328=EDGE_CURVE('',#1430,#1493,#236,.T.);
#1329=EDGE_CURVE('',#1431,#1492,#237,.T.);
#1330=EDGE_CURVE('',#1432,#1491,#238,.T.);
#1331=EDGE_CURVE('',#1433,#1490,#239,.T.);
#1332=EDGE_CURVE('',#1434,#1489,#240,.T.);
#1333=EDGE_CURVE('',#1435,#1488,#241,.T.);
#1334=EDGE_CURVE('',#1436,#1487,#242,.T.);
#1335=EDGE_CURVE('',#1437,#1486,#243,.T.);
#1336=EDGE_CURVE('',#1438,#1485,#244,.T.);
#1337=EDGE_CURVE('',#1439,#1484,#245,.T.);
#1338=EDGE_CURVE('',#1440,#1483,#246,.T.);
#1339=EDGE_CURVE('',#1441,#1482,#247,.T.);
#1340=EDGE_CURVE('',#1442,#1481,#248,.T.);
#1341=EDGE_CURVE('',#1443,#1480,#249,.T.);
#1342=EDGE_CURVE('',#1444,#1479,#250,.T.);
#1343=EDGE_CURVE('',#1445,#1478,#251,.T.);
#1344=EDGE_CURVE('',#1549,#1448,#252,.T.);
#1345=EDGE_CURVE('',#1548,#1446,#253,.T.);
#1346=EDGE_CURVE('',#1550,#1447,#254,.T.);
#1347=EDGE_CURVE('',#1551,#1475,#255,.T.);
#1348=EDGE_CURVE('',#1552,#1474,#256,.T.);
#1349=EDGE_CURVE('',#1553,#1473,#257,.T.);
#1350=EDGE_CURVE('',#1554,#1472,#258,.T.);
#1351=EDGE_CURVE('',#1555,#1471,#259,.T.);
#1352=EDGE_CURVE('',#1556,#1470,#260,.T.);
#1353=EDGE_CURVE('',#1557,#1469,#261,.T.);
#1354=EDGE_CURVE('',#1558,#1468,#262,.T.);
#1355=EDGE_CURVE('',#1559,#1467,#263,.T.);
#1356=EDGE_CURVE('',#1560,#1466,#264,.T.);
#1357=EDGE_CURVE('',#1561,#1465,#265,.T.);
#1358=EDGE_CURVE('',#1562,#1464,#266,.T.);
#1359=EDGE_CURVE('',#1563,#1463,#267,.T.);
#1360=EDGE_CURVE('',#1564,#1462,#268,.T.);
#1361=EDGE_CURVE('',#1565,#1461,#269,.T.);
#1362=EDGE_CURVE('',#1566,#1460,#270,.T.);
#1363=EDGE_CURVE('',#1567,#1459,#271,.T.);
#1364=EDGE_CURVE('',#1568,#1458,#272,.T.);
#1365=EDGE_CURVE('',#1569,#1457,#273,.T.);
#1366=EDGE_CURVE('',#1570,#1456,#274,.T.);
#1367=EDGE_CURVE('',#1571,#1455,#275,.T.);
#1368=EDGE_CURVE('',#1572,#1454,#276,.T.);
#1369=EDGE_CURVE('',#1573,#1453,#277,.T.);
#1370=EDGE_CURVE('',#1574,#1452,#278,.T.);
#1371=EDGE_CURVE('',#1575,#1451,#279,.T.);
#1372=EDGE_CURVE('',#1576,#1450,#280,.T.);
#1373=EDGE_CURVE('',#1577,#1449,#281,.T.);
#1374=VERTEX_POINT('',#2799);
#1375=VERTEX_POINT('',#2800);
#1376=VERTEX_POINT('',#2802);
#1377=VERTEX_POINT('',#2804);
#1378=VERTEX_POINT('',#2806);
#1379=VERTEX_POINT('',#2808);
#1380=VERTEX_POINT('',#2810);
#1381=VERTEX_POINT('',#2812);
#1382=VERTEX_POINT('',#2814);
#1383=VERTEX_POINT('',#2816);
#1384=VERTEX_POINT('',#2818);
#1385=VERTEX_POINT('',#2820);
#1386=VERTEX_POINT('',#2822);
#1387=VERTEX_POINT('',#2824);
#1388=VERTEX_POINT('',#2826);
#1389=VERTEX_POINT('',#2828);
#1390=VERTEX_POINT('',#2830);
#1391=VERTEX_POINT('',#2832);
#1392=VERTEX_POINT('',#2834);
#1393=VERTEX_POINT('',#2836);
#1394=VERTEX_POINT('',#2838);
#1395=VERTEX_POINT('',#2840);
#1396=VERTEX_POINT('',#2842);
#1397=VERTEX_POINT('',#2844);
#1398=VERTEX_POINT('',#2846);
#1399=VERTEX_POINT('',#2848);
#1400=VERTEX_POINT('',#2850);
#1401=VERTEX_POINT('',#2852);
#1402=VERTEX_POINT('',#2854);
#1403=VERTEX_POINT('',#2856);
#1404=VERTEX_POINT('',#2858);
#1405=VERTEX_POINT('',#2860);
#1406=VERTEX_POINT('',#2862);
#1407=VERTEX_POINT('',#2864);
#1408=VERTEX_POINT('',#2866);
#1409=VERTEX_POINT('',#2868);
#1410=VERTEX_POINT('',#2870);
#1411=VERTEX_POINT('',#2872);
#1412=VERTEX_POINT('',#2874);
#1413=VERTEX_POINT('',#2876);
#1414=VERTEX_POINT('',#2878);
#1415=VERTEX_POINT('',#2880);
#1416=VERTEX_POINT('',#2882);
#1417=VERTEX_POINT('',#2884);
#1418=VERTEX_POINT('',#2886);
#1419=VERTEX_POINT('',#2888);
#1420=VERTEX_POINT('',#2890);
#1421=VERTEX_POINT('',#2892);
#1422=VERTEX_POINT('',#2894);
#1423=VERTEX_POINT('',#2896);
#1424=VERTEX_POINT('',#2898);
#1425=VERTEX_POINT('',#2900);
#1426=VERTEX_POINT('',#2902);
#1427=VERTEX_POINT('',#2904);
#1428=VERTEX_POINT('',#2906);
#1429=VERTEX_POINT('',#2908);
#1430=VERTEX_POINT('',#2910);
#1431=VERTEX_POINT('',#2912);
#1432=VERTEX_POINT('',#2914);
#1433=VERTEX_POINT('',#2916);
#1434=VERTEX_POINT('',#2918);
#1435=VERTEX_POINT('',#2920);
#1436=VERTEX_POINT('',#2922);
#1437=VERTEX_POINT('',#2924);
#1438=VERTEX_POINT('',#2926);
#1439=VERTEX_POINT('',#2928);
#1440=VERTEX_POINT('',#2930);
#1441=VERTEX_POINT('',#2932);
#1442=VERTEX_POINT('',#2934);
#1443=VERTEX_POINT('',#2936);
#1444=VERTEX_POINT('',#2938);
#1445=VERTEX_POINT('',#2940);
#1446=VERTEX_POINT('',#2943);
#1447=VERTEX_POINT('',#2944);
#1448=VERTEX_POINT('',#2990);
#1449=VERTEX_POINT('',#2992);
#1450=VERTEX_POINT('',#3038);
#1451=VERTEX_POINT('',#3040);
#1452=VERTEX_POINT('',#3086);
#1453=VERTEX_POINT('',#3088);
#1454=VERTEX_POINT('',#3134);
#1455=VERTEX_POINT('',#3136);
#1456=VERTEX_POINT('',#3182);
#1457=VERTEX_POINT('',#3184);
#1458=VERTEX_POINT('',#3230);
#1459=VERTEX_POINT('',#3232);
#1460=VERTEX_POINT('',#3278);
#1461=VERTEX_POINT('',#3280);
#1462=VERTEX_POINT('',#3326);
#1463=VERTEX_POINT('',#3328);
#1464=VERTEX_POINT('',#3374);
#1465=VERTEX_POINT('',#3376);
#1466=VERTEX_POINT('',#3422);
#1467=VERTEX_POINT('',#3424);
#1468=VERTEX_POINT('',#3470);
#1469=VERTEX_POINT('',#3472);
#1470=VERTEX_POINT('',#3518);
#1471=VERTEX_POINT('',#3520);
#1472=VERTEX_POINT('',#3566);
#1473=VERTEX_POINT('',#3568);
#1474=VERTEX_POINT('',#3614);
#1475=VERTEX_POINT('',#3616);
#1476=VERTEX_POINT('',#3664);
#1477=VERTEX_POINT('',#3665);
#1478=VERTEX_POINT('',#3667);
#1479=VERTEX_POINT('',#3669);
#1480=VERTEX_POINT('',#3671);
#1481=VERTEX_POINT('',#3673);
#1482=VERTEX_POINT('',#3675);
#1483=VERTEX_POINT('',#3677);
#1484=VERTEX_POINT('',#3679);
#1485=VERTEX_POINT('',#3681);
#1486=VERTEX_POINT('',#3683);
#1487=VERTEX_POINT('',#3685);
#1488=VERTEX_POINT('',#3687);
#1489=VERTEX_POINT('',#3689);
#1490=VERTEX_POINT('',#3691);
#1491=VERTEX_POINT('',#3693);
#1492=VERTEX_POINT('',#3695);
#1493=VERTEX_POINT('',#3697);
#1494=VERTEX_POINT('',#3699);
#1495=VERTEX_POINT('',#3701);
#1496=VERTEX_POINT('',#3703);
#1497=VERTEX_POINT('',#3705);
#1498=VERTEX_POINT('',#3707);
#1499=VERTEX_POINT('',#3709);
#1500=VERTEX_POINT('',#3711);
#1501=VERTEX_POINT('',#3713);
#1502=VERTEX_POINT('',#3715);
#1503=VERTEX_POINT('',#3717);
#1504=VERTEX_POINT('',#3719);
#1505=VERTEX_POINT('',#3721);
#1506=VERTEX_POINT('',#3723);
#1507=VERTEX_POINT('',#3725);
#1508=VERTEX_POINT('',#3727);
#1509=VERTEX_POINT('',#3729);
#1510=VERTEX_POINT('',#3731);
#1511=VERTEX_POINT('',#3733);
#1512=VERTEX_POINT('',#3735);
#1513=VERTEX_POINT('',#3737);
#1514=VERTEX_POINT('',#3739);
#1515=VERTEX_POINT('',#3741);
#1516=VERTEX_POINT('',#3743);
#1517=VERTEX_POINT('',#3745);
#1518=VERTEX_POINT('',#3747);
#1519=VERTEX_POINT('',#3749);
#1520=VERTEX_POINT('',#3751);
#1521=VERTEX_POINT('',#3753);
#1522=VERTEX_POINT('',#3755);
#1523=VERTEX_POINT('',#3757);
#1524=VERTEX_POINT('',#3759);
#1525=VERTEX_POINT('',#3761);
#1526=VERTEX_POINT('',#3763);
#1527=VERTEX_POINT('',#3765);
#1528=VERTEX_POINT('',#3767);
#1529=VERTEX_POINT('',#3769);
#1530=VERTEX_POINT('',#3771);
#1531=VERTEX_POINT('',#3773);
#1532=VERTEX_POINT('',#3775);
#1533=VERTEX_POINT('',#3777);
#1534=VERTEX_POINT('',#3779);
#1535=VERTEX_POINT('',#3781);
#1536=VERTEX_POINT('',#3783);
#1537=VERTEX_POINT('',#3785);
#1538=VERTEX_POINT('',#3787);
#1539=VERTEX_POINT('',#3789);
#1540=VERTEX_POINT('',#3791);
#1541=VERTEX_POINT('',#3793);
#1542=VERTEX_POINT('',#3795);
#1543=VERTEX_POINT('',#3797);
#1544=VERTEX_POINT('',#3799);
#1545=VERTEX_POINT('',#3801);
#1546=VERTEX_POINT('',#3803);
#1547=VERTEX_POINT('',#3805);
#1548=VERTEX_POINT('',#3852);
#1549=VERTEX_POINT('',#3853);
#1550=VERTEX_POINT('',#3855);
#1551=VERTEX_POINT('',#3901);
#1552=VERTEX_POINT('',#3903);
#1553=VERTEX_POINT('',#3949);
#1554=VERTEX_POINT('',#3951);
#1555=VERTEX_POINT('',#3997);
#1556=VERTEX_POINT('',#3999);
#1557=VERTEX_POINT('',#4045);
#1558=VERTEX_POINT('',#4047);
#1559=VERTEX_POINT('',#4093);
#1560=VERTEX_POINT('',#4095);
#1561=VERTEX_POINT('',#4141);
#1562=VERTEX_POINT('',#4143);
#1563=VERTEX_POINT('',#4189);
#1564=VERTEX_POINT('',#4191);
#1565=VERTEX_POINT('',#4237);
#1566=VERTEX_POINT('',#4239);
#1567=VERTEX_POINT('',#4285);
#1568=VERTEX_POINT('',#4287);
#1569=VERTEX_POINT('',#4333);
#1570=VERTEX_POINT('',#4335);
#1571=VERTEX_POINT('',#4381);
#1572=VERTEX_POINT('',#4383);
#1573=VERTEX_POINT('',#4429);
#1574=VERTEX_POINT('',#4431);
#1575=VERTEX_POINT('',#4477);
#1576=VERTEX_POINT('',#4479);
#1577=VERTEX_POINT('',#4525);
#1578=CIRCLE('',#2048,0.000838378683234358);
#1579=CIRCLE('',#2049,0.000500000016);
#1580=CIRCLE('',#2050,0.000500000016);
#1581=CIRCLE('',#2051,0.000838378683234358);
#1582=CIRCLE('',#2052,0.000500000016);
#1583=CIRCLE('',#2053,0.000500000016);
#1584=CIRCLE('',#2054,0.000838378683234357);
#1585=CIRCLE('',#2055,0.000500000015999999);
#1586=CIRCLE('',#2056,0.000500000016);
#1587=CIRCLE('',#2057,0.000838378683234358);
#1588=CIRCLE('',#2058,0.000500000016);
#1589=CIRCLE('',#2059,0.000500000016);
#1590=CIRCLE('',#2060,0.000838378683234358);
#1591=CIRCLE('',#2061,0.000500000016000001);
#1592=CIRCLE('',#2062,0.000500000016);
#1593=CIRCLE('',#2063,0.000838378683234358);
#1594=CIRCLE('',#2064,0.000500000016000001);
#1595=CIRCLE('',#2065,0.000500000016);
#1596=CIRCLE('',#2066,0.000838378683234358);
#1597=CIRCLE('',#2067,0.000500000016);
#1598=CIRCLE('',#2068,0.000500000016);
#1599=CIRCLE('',#2069,0.000838378683234358);
#1600=CIRCLE('',#2070,0.000500000016000002);
#1601=CIRCLE('',#2071,0.000500000016000002);
#1602=CIRCLE('',#2072,0.000838378683234358);
#1603=CIRCLE('',#2073,0.000500000016);
#1604=CIRCLE('',#2074,0.000500000016);
#1605=CIRCLE('',#2075,0.000838378683234358);
#1606=CIRCLE('',#2076,0.000500000016);
#1607=CIRCLE('',#2077,0.000500000016);
#1608=CIRCLE('',#2078,0.000838378683234358);
#1609=CIRCLE('',#2079,0.000500000016);
#1610=CIRCLE('',#2080,0.000500000015999999);
#1611=CIRCLE('',#2081,0.000838378683234358);
#1612=CIRCLE('',#2082,0.000500000016000001);
#1613=CIRCLE('',#2083,0.000500000016);
#1614=CIRCLE('',#2084,0.0035668661200001);
#1615=CIRCLE('',#2085,0.00356686612000003);
#1616=CIRCLE('',#2086,0.0035668661200001);
#1617=CIRCLE('',#2087,0.00356686611999999);
#1618=CIRCLE('',#2088,0.00356686612000004);
#1619=CIRCLE('',#2089,0.00356686611999996);
#1620=CIRCLE('',#2090,0.00356686611999992);
#1621=CIRCLE('',#2091,0.00356686612000003);
#1622=CIRCLE('',#2092,0.00356686611999998);
#1623=CIRCLE('',#2093,0.00356686612000014);
#1624=CIRCLE('',#2094,0.00356686611999996);
#1625=CIRCLE('',#2095,0.00356686612000008);
#1626=CIRCLE('',#2096,0.00356686612000009);
#1627=CIRCLE('',#2097,0.0035668661200001);
#1628=CIRCLE('',#2098,0.00356686612000012);
#1629=CIRCLE('',#2100,0.000838378683234358);
#1630=CIRCLE('',#2101,0.000500000016);
#1631=CIRCLE('',#2102,0.000500000016000001);
#1632=CIRCLE('',#2103,0.000838378683234358);
#1633=CIRCLE('',#2104,0.000500000015999999);
#1634=CIRCLE('',#2105,0.000500000016);
#1635=CIRCLE('',#2106,0.000838378683234358);
#1636=CIRCLE('',#2107,0.000500000016);
#1637=CIRCLE('',#2108,0.000500000016);
#1638=CIRCLE('',#2109,0.000838378683234358);
#1639=CIRCLE('',#2110,0.000500000016);
#1640=CIRCLE('',#2111,0.000500000016);
#1641=CIRCLE('',#2112,0.000838378683234358);
#1642=CIRCLE('',#2113,0.000500000016000002);
#1643=CIRCLE('',#2114,0.000500000016000002);
#1644=CIRCLE('',#2115,0.000838378683234358);
#1645=CIRCLE('',#2116,0.000500000016);
#1646=CIRCLE('',#2117,0.000500000016);
#1647=CIRCLE('',#2118,0.000838378683234358);
#1648=CIRCLE('',#2119,0.000500000016);
#1649=CIRCLE('',#2120,0.000500000016000001);
#1650=CIRCLE('',#2121,0.000838378683234358);
#1651=CIRCLE('',#2122,0.000500000016);
#1652=CIRCLE('',#2123,0.000500000016000001);
#1653=CIRCLE('',#2124,0.000838378683234358);
#1654=CIRCLE('',#2125,0.000500000016);
#1655=CIRCLE('',#2126,0.000500000016);
#1656=CIRCLE('',#2127,0.000838378683234358);
#1657=CIRCLE('',#2128,0.000500000016);
#1658=CIRCLE('',#2129,0.000500000015999999);
#1659=CIRCLE('',#2130,0.000838378683234357);
#1660=CIRCLE('',#2131,0.000500000016);
#1661=CIRCLE('',#2132,0.000500000016);
#1662=CIRCLE('',#2133,0.000838378683234358);
#1663=CIRCLE('',#2134,0.000500000016);
#1664=CIRCLE('',#2135,0.000500000016);
#1665=CIRCLE('',#2136,0.0035668661200001);
#1666=CIRCLE('',#2137,0.00356686612000012);
#1667=CIRCLE('',#2138,0.0035668661200001);
#1668=CIRCLE('',#2139,0.00356686612000009);
#1669=CIRCLE('',#2140,0.00356686612000008);
#1670=CIRCLE('',#2141,0.00356686611999996);
#1671=CIRCLE('',#2142,0.00356686612000014);
#1672=CIRCLE('',#2143,0.00356686611999998);
#1673=CIRCLE('',#2144,0.00356686612000003);
#1674=CIRCLE('',#2145,0.00356686611999992);
#1675=CIRCLE('',#2146,0.00356686611999996);
#1676=CIRCLE('',#2147,0.00356686612000004);
#1677=CIRCLE('',#2148,0.00356686611999999);
#1678=CIRCLE('',#2149,0.0035668661200001);
#1679=CIRCLE('',#2150,0.00356686612000003);
#1680=EDGE_LOOP('',(#456,#457,#458,#459,#460,#461,#462,#463,#464,#465,#466,
#467,#468,#469,#470,#471,#472,#473,#474,#475,#476,#477,#478,#479,#480,#481,
#482,#483,#484,#485,#486,#487,#488,#489,#490,#491,#492,#493,#494,#495,#496,
#497,#498,#499,#500,#501,#502,#503,#504,#505,#506,#507,#508,#509,#510,#511,
#512,#513,#514,#515,#516,#517,#518,#519,#520,#521,#522,#523,#524,#525,#526,
#527));
#1681=EDGE_LOOP('',(#528,#529,#530,#531,#532,#533,#534,#535,#536,#537,#538,
#539,#540,#541,#542,#543,#544,#545,#546,#547,#548,#549,#550,#551,#552,#553,
#554,#555,#556,#557));
#1682=EDGE_LOOP('',(#558,#559,#560,#561,#562,#563,#564,#565,#566,#567,#568,
#569,#570,#571,#572,#573,#574,#575,#576,#577,#578,#579,#580,#581,#582,#583,
#584,#585,#586,#587,#588,#589,#590,#591,#592,#593,#594,#595,#596,#597,#598,
#599,#600,#601,#602,#603,#604,#605,#606,#607,#608,#609,#610,#611,#612,#613,
#614,#615,#616,#617,#618,#619,#620,#621,#622,#623,#624,#625,#626,#627,#628,
#629));
#1683=EDGE_LOOP('',(#630,#631,#632,#633,#634,#635,#636,#637,#638,#639,#640,
#641,#642,#643,#644,#645,#646,#647,#648,#649,#650,#651,#652,#653,#654,#655,
#656,#657,#658,#659));
#1684=EDGE_LOOP('',(#660,#661,#662,#663));
#1685=EDGE_LOOP('',(#664,#665,#666,#667));
#1686=EDGE_LOOP('',(#668,#669,#670,#671));
#1687=EDGE_LOOP('',(#672,#673,#674,#675));
#1688=EDGE_LOOP('',(#676,#677,#678,#679));
#1689=EDGE_LOOP('',(#680,#681,#682,#683));
#1690=EDGE_LOOP('',(#684,#685,#686,#687));
#1691=EDGE_LOOP('',(#688,#689,#690,#691));
#1692=EDGE_LOOP('',(#692,#693,#694,#695));
#1693=EDGE_LOOP('',(#696,#697,#698,#699));
#1694=EDGE_LOOP('',(#700,#701,#702,#703));
#1695=EDGE_LOOP('',(#704,#705,#706,#707));
#1696=EDGE_LOOP('',(#708,#709,#710,#711));
#1697=EDGE_LOOP('',(#712,#713,#714,#715));
#1698=EDGE_LOOP('',(#716,#717,#718,#719));
#1699=EDGE_LOOP('',(#720,#721,#722,#723));
#1700=EDGE_LOOP('',(#724,#725,#726,#727));
#1701=EDGE_LOOP('',(#728,#729,#730,#731));
#1702=EDGE_LOOP('',(#732,#733,#734,#735));
#1703=EDGE_LOOP('',(#736,#737,#738,#739));
#1704=EDGE_LOOP('',(#740,#741,#742,#743));
#1705=EDGE_LOOP('',(#744,#745,#746,#747));
#1706=EDGE_LOOP('',(#748,#749,#750,#751));
#1707=EDGE_LOOP('',(#752,#753,#754,#755));
#1708=EDGE_LOOP('',(#756,#757,#758,#759));
#1709=EDGE_LOOP('',(#760,#761,#762,#763));
#1710=EDGE_LOOP('',(#764,#765,#766,#767));
#1711=EDGE_LOOP('',(#768,#769,#770,#771));
#1712=EDGE_LOOP('',(#772,#773,#774,#775));
#1713=EDGE_LOOP('',(#776,#777,#778,#779));
#1714=EDGE_LOOP('',(#780,#781,#782,#783));
#1715=EDGE_LOOP('',(#784,#785,#786,#787));
#1716=EDGE_LOOP('',(#788,#789,#790,#791));
#1717=EDGE_LOOP('',(#792,#793,#794,#795));
#1718=EDGE_LOOP('',(#796,#797,#798,#799));
#1719=EDGE_LOOP('',(#800,#801,#802,#803));
#1720=EDGE_LOOP('',(#804,#805,#806,#807));
#1721=EDGE_LOOP('',(#808,#809,#810,#811));
#1722=EDGE_LOOP('',(#812,#813,#814,#815));
#1723=EDGE_LOOP('',(#816,#817,#818,#819));
#1724=EDGE_LOOP('',(#820,#821,#822,#823));
#1725=EDGE_LOOP('',(#824,#825,#826,#827));
#1726=EDGE_LOOP('',(#828,#829,#830,#831));
#1727=EDGE_LOOP('',(#832,#833,#834,#835));
#1728=EDGE_LOOP('',(#836,#837,#838,#839));
#1729=EDGE_LOOP('',(#840,#841,#842,#843));
#1730=EDGE_LOOP('',(#844,#845,#846,#847));
#1731=EDGE_LOOP('',(#848,#849,#850,#851));
#1732=EDGE_LOOP('',(#852,#853,#854,#855));
#1733=EDGE_LOOP('',(#856,#857,#858,#859));
#1734=EDGE_LOOP('',(#860,#861,#862,#863));
#1735=EDGE_LOOP('',(#864,#865,#866,#867));
#1736=EDGE_LOOP('',(#868,#869,#870,#871));
#1737=EDGE_LOOP('',(#872,#873,#874,#875));
#1738=EDGE_LOOP('',(#876,#877,#878,#879));
#1739=EDGE_LOOP('',(#880,#881,#882,#883));
#1740=EDGE_LOOP('',(#884,#885,#886,#887));
#1741=EDGE_LOOP('',(#888,#889,#890,#891));
#1742=EDGE_LOOP('',(#892,#893,#894,#895));
#1743=EDGE_LOOP('',(#896,#897,#898,#899));
#1744=EDGE_LOOP('',(#900,#901,#902,#903));
#1745=EDGE_LOOP('',(#904,#905,#906,#907));
#1746=EDGE_LOOP('',(#908,#909,#910,#911));
#1747=EDGE_LOOP('',(#912,#913,#914,#915));
#1748=EDGE_LOOP('',(#916,#917,#918,#919));
#1749=EDGE_LOOP('',(#920,#921,#922,#923));
#1750=EDGE_LOOP('',(#924,#925,#926,#927));
#1751=EDGE_LOOP('',(#928,#929,#930,#931));
#1752=EDGE_LOOP('',(#932,#933,#934,#935));
#1753=EDGE_LOOP('',(#936,#937,#938,#939));
#1754=EDGE_LOOP('',(#940,#941,#942,#943));
#1755=EDGE_LOOP('',(#944,#945,#946,#947));
#1756=EDGE_LOOP('',(#948,#949,#950,#951));
#1757=EDGE_LOOP('',(#952,#953,#954,#955));
#1758=EDGE_LOOP('',(#956,#957,#958,#959));
#1759=EDGE_LOOP('',(#960,#961,#962,#963));
#1760=EDGE_LOOP('',(#964,#965,#966,#967));
#1761=EDGE_LOOP('',(#968,#969,#970,#971));
#1762=EDGE_LOOP('',(#972,#973,#974,#975));
#1763=EDGE_LOOP('',(#976,#977,#978,#979));
#1764=EDGE_LOOP('',(#980,#981,#982,#983));
#1765=EDGE_LOOP('',(#984,#985,#986,#987));
#1766=EDGE_LOOP('',(#988,#989,#990,#991));
#1767=EDGE_LOOP('',(#992,#993,#994,#995));
#1768=EDGE_LOOP('',(#996,#997,#998,#999));
#1769=EDGE_LOOP('',(#1000,#1001,#1002,#1003));
#1770=EDGE_LOOP('',(#1004,#1005,#1006,#1007));
#1771=EDGE_LOOP('',(#1008,#1009,#1010,#1011));
#1772=EDGE_LOOP('',(#1012,#1013,#1014,#1015));
#1773=EDGE_LOOP('',(#1016,#1017,#1018,#1019));
#1774=EDGE_LOOP('',(#1020,#1021,#1022,#1023));
#1775=EDGE_LOOP('',(#1024,#1025,#1026,#1027));
#1776=EDGE_LOOP('',(#1028,#1029,#1030,#1031));
#1777=EDGE_LOOP('',(#1032,#1033,#1034,#1035));
#1778=EDGE_LOOP('',(#1036,#1037,#1038,#1039));
#1779=EDGE_LOOP('',(#1040,#1041,#1042,#1043));
#1780=EDGE_LOOP('',(#1044,#1045,#1046,#1047));
#1781=EDGE_LOOP('',(#1048,#1049,#1050,#1051));
#1782=EDGE_LOOP('',(#1052,#1053,#1054,#1055));
#1783=EDGE_LOOP('',(#1056,#1057,#1058,#1059));
#1784=EDGE_LOOP('',(#1060,#1061,#1062,#1063));
#1785=EDGE_LOOP('',(#1064,#1065,#1066,#1067));
#1786=FACE_BOUND('',#1680,.T.);
#1787=FACE_BOUND('',#1681,.T.);
#1788=FACE_BOUND('',#1682,.T.);
#1789=FACE_BOUND('',#1683,.T.);
#1790=FACE_BOUND('',#1684,.T.);
#1791=FACE_BOUND('',#1685,.T.);
#1792=FACE_BOUND('',#1686,.T.);
#1793=FACE_BOUND('',#1687,.T.);
#1794=FACE_BOUND('',#1688,.T.);
#1795=FACE_BOUND('',#1689,.T.);
#1796=FACE_BOUND('',#1690,.T.);
#1797=FACE_BOUND('',#1691,.T.);
#1798=FACE_BOUND('',#1692,.T.);
#1799=FACE_BOUND('',#1693,.T.);
#1800=FACE_BOUND('',#1694,.T.);
#1801=FACE_BOUND('',#1695,.T.);
#1802=FACE_BOUND('',#1696,.T.);
#1803=FACE_BOUND('',#1697,.T.);
#1804=FACE_BOUND('',#1698,.T.);
#1805=FACE_BOUND('',#1699,.T.);
#1806=FACE_BOUND('',#1700,.T.);
#1807=FACE_BOUND('',#1701,.T.);
#1808=FACE_BOUND('',#1702,.T.);
#1809=FACE_BOUND('',#1703,.T.);
#1810=FACE_BOUND('',#1704,.T.);
#1811=FACE_BOUND('',#1705,.T.);
#1812=FACE_BOUND('',#1706,.T.);
#1813=FACE_BOUND('',#1707,.T.);
#1814=FACE_BOUND('',#1708,.T.);
#1815=FACE_BOUND('',#1709,.T.);
#1816=FACE_BOUND('',#1710,.T.);
#1817=FACE_BOUND('',#1711,.T.);
#1818=FACE_BOUND('',#1712,.T.);
#1819=FACE_BOUND('',#1713,.T.);
#1820=FACE_BOUND('',#1714,.T.);
#1821=FACE_BOUND('',#1715,.T.);
#1822=FACE_BOUND('',#1716,.T.);
#1823=FACE_BOUND('',#1717,.T.);
#1824=FACE_BOUND('',#1718,.T.);
#1825=FACE_BOUND('',#1719,.T.);
#1826=FACE_BOUND('',#1720,.T.);
#1827=FACE_BOUND('',#1721,.T.);
#1828=FACE_BOUND('',#1722,.T.);
#1829=FACE_BOUND('',#1723,.T.);
#1830=FACE_BOUND('',#1724,.T.);
#1831=FACE_BOUND('',#1725,.T.);
#1832=FACE_BOUND('',#1726,.T.);
#1833=FACE_BOUND('',#1727,.T.);
#1834=FACE_BOUND('',#1728,.T.);
#1835=FACE_BOUND('',#1729,.T.);
#1836=FACE_BOUND('',#1730,.T.);
#1837=FACE_BOUND('',#1731,.T.);
#1838=FACE_BOUND('',#1732,.T.);
#1839=FACE_BOUND('',#1733,.T.);
#1840=FACE_BOUND('',#1734,.T.);
#1841=FACE_BOUND('',#1735,.T.);
#1842=FACE_BOUND('',#1736,.T.);
#1843=FACE_BOUND('',#1737,.T.);
#1844=FACE_BOUND('',#1738,.T.);
#1845=FACE_BOUND('',#1739,.T.);
#1846=FACE_BOUND('',#1740,.T.);
#1847=FACE_BOUND('',#1741,.T.);
#1848=FACE_BOUND('',#1742,.T.);
#1849=FACE_BOUND('',#1743,.T.);
#1850=FACE_BOUND('',#1744,.T.);
#1851=FACE_BOUND('',#1745,.T.);
#1852=FACE_BOUND('',#1746,.T.);
#1853=FACE_BOUND('',#1747,.T.);
#1854=FACE_BOUND('',#1748,.T.);
#1855=FACE_BOUND('',#1749,.T.);
#1856=FACE_BOUND('',#1750,.T.);
#1857=FACE_BOUND('',#1751,.T.);
#1858=FACE_BOUND('',#1752,.T.);
#1859=FACE_BOUND('',#1753,.T.);
#1860=FACE_BOUND('',#1754,.T.);
#1861=FACE_BOUND('',#1755,.T.);
#1862=FACE_BOUND('',#1756,.T.);
#1863=FACE_BOUND('',#1757,.T.);
#1864=FACE_BOUND('',#1758,.T.);
#1865=FACE_BOUND('',#1759,.T.);
#1866=FACE_BOUND('',#1760,.T.);
#1867=FACE_BOUND('',#1761,.T.);
#1868=FACE_BOUND('',#1762,.T.);
#1869=FACE_BOUND('',#1763,.T.);
#1870=FACE_BOUND('',#1764,.T.);
#1871=FACE_BOUND('',#1765,.T.);
#1872=FACE_BOUND('',#1766,.T.);
#1873=FACE_BOUND('',#1767,.T.);
#1874=FACE_BOUND('',#1768,.T.);
#1875=FACE_BOUND('',#1769,.T.);
#1876=FACE_BOUND('',#1770,.T.);
#1877=FACE_BOUND('',#1771,.T.);
#1878=FACE_BOUND('',#1772,.T.);
#1879=FACE_BOUND('',#1773,.T.);
#1880=FACE_BOUND('',#1774,.T.);
#1881=FACE_BOUND('',#1775,.T.);
#1882=FACE_BOUND('',#1776,.T.);
#1883=FACE_BOUND('',#1777,.T.);
#1884=FACE_BOUND('',#1778,.T.);
#1885=FACE_BOUND('',#1779,.T.);
#1886=FACE_BOUND('',#1780,.T.);
#1887=FACE_BOUND('',#1781,.T.);
#1888=FACE_BOUND('',#1782,.T.);
#1889=FACE_BOUND('',#1783,.T.);
#1890=FACE_BOUND('',#1784,.T.);
#1891=FACE_BOUND('',#1785,.T.);
#1892=PLANE('',#2047);
#1893=PLANE('',#2099);
#1894=PLANE('',#2152);
#1895=PLANE('',#2154);
#1896=PLANE('',#2156);
#1897=PLANE('',#2158);
#1898=PLANE('',#2160);
#1899=PLANE('',#2162);
#1900=PLANE('',#2164);
#1901=PLANE('',#2166);
#1902=PLANE('',#2168);
#1903=PLANE('',#2170);
#1904=PLANE('',#2172);
#1905=PLANE('',#2174);
#1906=PLANE('',#2176);
#1907=PLANE('',#2178);
#1908=PLANE('',#2180);
#1909=PLANE('',#2182);
#1910=PLANE('',#2184);
#1911=PLANE('',#2186);
#1912=PLANE('',#2188);
#1913=PLANE('',#2190);
#1914=PLANE('',#2192);
#1915=PLANE('',#2194);
#1916=PLANE('',#2196);
#1917=PLANE('',#2198);
#1918=PLANE('',#2200);
#1919=PLANE('',#2202);
#1920=PLANE('',#2204);
#1921=PLANE('',#2206);
#1922=PLANE('',#2208);
#1923=PLANE('',#2210);
#1924=PLANE('',#2212);
#1925=PLANE('',#2214);
#1926=PLANE('',#2216);
#1927=PLANE('',#2218);
#1928=PLANE('',#2220);
#1929=PLANE('',#2222);
#1930=ADVANCED_FACE('',(#1786,#1787),#1892,.T.);
#1931=ADVANCED_FACE('',(#1788,#1789),#1893,.F.);
#1932=ADVANCED_FACE('',(#1790),#27,.F.);
#1933=ADVANCED_FACE('',(#1791),#1894,.T.);
#1934=ADVANCED_FACE('',(#1792),#28,.T.);
#1935=ADVANCED_FACE('',(#1793),#1895,.T.);
#1936=ADVANCED_FACE('',(#1794),#29,.T.);
#1937=ADVANCED_FACE('',(#1795),#1896,.T.);
#1938=ADVANCED_FACE('',(#1796),#30,.F.);
#1939=ADVANCED_FACE('',(#1797),#1897,.T.);
#1940=ADVANCED_FACE('',(#1798),#31,.T.);
#1941=ADVANCED_FACE('',(#1799),#1898,.T.);
#1942=ADVANCED_FACE('',(#1800),#32,.T.);
#1943=ADVANCED_FACE('',(#1801),#1899,.T.);
#1944=ADVANCED_FACE('',(#1802),#33,.F.);
#1945=ADVANCED_FACE('',(#1803),#1900,.T.);
#1946=ADVANCED_FACE('',(#1804),#34,.T.);
#1947=ADVANCED_FACE('',(#1805),#1901,.T.);
#1948=ADVANCED_FACE('',(#1806),#35,.T.);
#1949=ADVANCED_FACE('',(#1807),#1902,.T.);
#1950=ADVANCED_FACE('',(#1808),#36,.F.);
#1951=ADVANCED_FACE('',(#1809),#1903,.T.);
#1952=ADVANCED_FACE('',(#1810),#37,.T.);
#1953=ADVANCED_FACE('',(#1811),#1904,.T.);
#1954=ADVANCED_FACE('',(#1812),#38,.T.);
#1955=ADVANCED_FACE('',(#1813),#1905,.T.);
#1956=ADVANCED_FACE('',(#1814),#39,.F.);
#1957=ADVANCED_FACE('',(#1815),#1906,.T.);
#1958=ADVANCED_FACE('',(#1816),#40,.T.);
#1959=ADVANCED_FACE('',(#1817),#1907,.T.);
#1960=ADVANCED_FACE('',(#1818),#41,.T.);
#1961=ADVANCED_FACE('',(#1819),#1908,.T.);
#1962=ADVANCED_FACE('',(#1820),#42,.F.);
#1963=ADVANCED_FACE('',(#1821),#1909,.T.);
#1964=ADVANCED_FACE('',(#1822),#43,.T.);
#1965=ADVANCED_FACE('',(#1823),#1910,.T.);
#1966=ADVANCED_FACE('',(#1824),#44,.T.);
#1967=ADVANCED_FACE('',(#1825),#1911,.T.);
#1968=ADVANCED_FACE('',(#1826),#45,.F.);
#1969=ADVANCED_FACE('',(#1827),#1912,.T.);
#1970=ADVANCED_FACE('',(#1828),#46,.T.);
#1971=ADVANCED_FACE('',(#1829),#1913,.T.);
#1972=ADVANCED_FACE('',(#1830),#47,.T.);
#1973=ADVANCED_FACE('',(#1831),#1914,.T.);
#1974=ADVANCED_FACE('',(#1832),#48,.F.);
#1975=ADVANCED_FACE('',(#1833),#1915,.T.);
#1976=ADVANCED_FACE('',(#1834),#49,.T.);
#1977=ADVANCED_FACE('',(#1835),#1916,.T.);
#1978=ADVANCED_FACE('',(#1836),#50,.T.);
#1979=ADVANCED_FACE('',(#1837),#1917,.T.);
#1980=ADVANCED_FACE('',(#1838),#51,.F.);
#1981=ADVANCED_FACE('',(#1839),#1918,.T.);
#1982=ADVANCED_FACE('',(#1840),#52,.T.);
#1983=ADVANCED_FACE('',(#1841),#1919,.T.);
#1984=ADVANCED_FACE('',(#1842),#53,.T.);
#1985=ADVANCED_FACE('',(#1843),#1920,.T.);
#1986=ADVANCED_FACE('',(#1844),#54,.F.);
#1987=ADVANCED_FACE('',(#1845),#1921,.T.);
#1988=ADVANCED_FACE('',(#1846),#55,.T.);
#1989=ADVANCED_FACE('',(#1847),#1922,.T.);
#1990=ADVANCED_FACE('',(#1848),#56,.T.);
#1991=ADVANCED_FACE('',(#1849),#1923,.T.);
#1992=ADVANCED_FACE('',(#1850),#57,.F.);
#1993=ADVANCED_FACE('',(#1851),#1924,.T.);
#1994=ADVANCED_FACE('',(#1852),#58,.T.);
#1995=ADVANCED_FACE('',(#1853),#1925,.T.);
#1996=ADVANCED_FACE('',(#1854),#59,.T.);
#1997=ADVANCED_FACE('',(#1855),#1926,.T.);
#1998=ADVANCED_FACE('',(#1856),#60,.F.);
#1999=ADVANCED_FACE('',(#1857),#1927,.T.);
#2000=ADVANCED_FACE('',(#1858),#61,.T.);
#2001=ADVANCED_FACE('',(#1859),#1928,.T.);
#2002=ADVANCED_FACE('',(#1860),#62,.T.);
#2003=ADVANCED_FACE('',(#1861),#1929,.T.);
#2004=ADVANCED_FACE('',(#1862),#12,.T.);
#2005=ADVANCED_FACE('',(#1863),#63,.F.);
#2006=ADVANCED_FACE('',(#1864),#13,.T.);
#2007=ADVANCED_FACE('',(#1865),#64,.F.);
#2008=ADVANCED_FACE('',(#1866),#14,.T.);
#2009=ADVANCED_FACE('',(#1867),#65,.F.);
#2010=ADVANCED_FACE('',(#1868),#15,.T.);
#2011=ADVANCED_FACE('',(#1869),#66,.F.);
#2012=ADVANCED_FACE('',(#1870),#16,.T.);
#2013=ADVANCED_FACE('',(#1871),#67,.F.);
#2014=ADVANCED_FACE('',(#1872),#17,.T.);
#2015=ADVANCED_FACE('',(#1873),#68,.F.);
#2016=ADVANCED_FACE('',(#1874),#18,.T.);
#2017=ADVANCED_FACE('',(#1875),#69,.F.);
#2018=ADVANCED_FACE('',(#1876),#19,.T.);
#2019=ADVANCED_FACE('',(#1877),#70,.F.);
#2020=ADVANCED_FACE('',(#1878),#20,.T.);
#2021=ADVANCED_FACE('',(#1879),#71,.F.);
#2022=ADVANCED_FACE('',(#1880),#21,.T.);
#2023=ADVANCED_FACE('',(#1881),#72,.F.);
#2024=ADVANCED_FACE('',(#1882),#22,.T.);
#2025=ADVANCED_FACE('',(#1883),#73,.F.);
#2026=ADVANCED_FACE('',(#1884),#23,.T.);
#2027=ADVANCED_FACE('',(#1885),#74,.F.);
#2028=ADVANCED_FACE('',(#1886),#24,.T.);
#2029=ADVANCED_FACE('',(#1887),#75,.F.);
#2030=ADVANCED_FACE('',(#1888),#25,.T.);
#2031=ADVANCED_FACE('',(#1889),#76,.F.);
#2032=ADVANCED_FACE('',(#1890),#26,.T.);
#2033=ADVANCED_FACE('',(#1891),#77,.F.);
#2034=CLOSED_SHELL('',(#1930,#1931,#1932,#1933,#1934,#1935,#1936,#1937,
#1938,#1939,#1940,#1941,#1942,#1943,#1944,#1945,#1946,#1947,#1948,#1949,
#1950,#1951,#1952,#1953,#1954,#1955,#1956,#1957,#1958,#1959,#1960,#1961,
#1962,#1963,#1964,#1965,#1966,#1967,#1968,#1969,#1970,#1971,#1972,#1973,
#1974,#1975,#1976,#1977,#1978,#1979,#1980,#1981,#1982,#1983,#1984,#1985,
#1986,#1987,#1988,#1989,#1990,#1991,#1992,#1993,#1994,#1995,#1996,#1997,
#1998,#1999,#2000,#2001,#2002,#2003,#2004,#2005,#2006,#2007,#2008,#2009,
#2010,#2011,#2012,#2013,#2014,#2015,#2016,#2017,#2018,#2019,#2020,#2021,
#2022,#2023,#2024,#2025,#2026,#2027,#2028,#2029,#2030,#2031,#2032,#2033));
#2035=STYLED_ITEM('',(#2036),#2043);
#2036=PRESENTATION_STYLE_ASSIGNMENT((#2037));
#2037=SURFACE_STYLE_USAGE(.BOTH.,#2038);
#2038=SURFACE_SIDE_STYLE('',(#2039));
#2039=SURFACE_STYLE_FILL_AREA(#2040);
#2040=FILL_AREA_STYLE('',(#2041));
#2041=FILL_AREA_STYLE_COLOUR('',#2042);
#2042=COLOUR_RGB('',0.301960784313725,0.301960784313725,0.301960784313725);
#2043=MANIFOLD_SOLID_BREP('TTB-0356',#2034);
#2044=SHAPE_DEFINITION_REPRESENTATION(#4992,#2045);
#2045=SHAPE_REPRESENTATION('TTB-0356',(#2046),#4987);
#2046=AXIS2_PLACEMENT_3D('',#2796,#2238,#2239);
#2047=AXIS2_PLACEMENT_3D('',#2797,#2240,#2241);
#2048=AXIS2_PLACEMENT_3D('',#2798,#2242,#2243);
#2049=AXIS2_PLACEMENT_3D('',#2803,#2245,#2246);
#2050=AXIS2_PLACEMENT_3D('',#2807,#2248,#2249);
#2051=AXIS2_PLACEMENT_3D('',#2811,#2251,#2252);
#2052=AXIS2_PLACEMENT_3D('',#2815,#2254,#2255);
#2053=AXIS2_PLACEMENT_3D('',#2819,#2257,#2258);
#2054=AXIS2_PLACEMENT_3D('',#2823,#2260,#2261);
#2055=AXIS2_PLACEMENT_3D('',#2827,#2263,#2264);
#2056=AXIS2_PLACEMENT_3D('',#2831,#2266,#2267);
#2057=AXIS2_PLACEMENT_3D('',#2835,#2269,#2270);
#2058=AXIS2_PLACEMENT_3D('',#2839,#2272,#2273);
#2059=AXIS2_PLACEMENT_3D('',#2843,#2275,#2276);
#2060=AXIS2_PLACEMENT_3D('',#2847,#2278,#2279);
#2061=AXIS2_PLACEMENT_3D('',#2851,#2281,#2282);
#2062=AXIS2_PLACEMENT_3D('',#2855,#2284,#2285);
#2063=AXIS2_PLACEMENT_3D('',#2859,#2287,#2288);
#2064=AXIS2_PLACEMENT_3D('',#2863,#2290,#2291);
#2065=AXIS2_PLACEMENT_3D('',#2867,#2293,#2294);
#2066=AXIS2_PLACEMENT_3D('',#2871,#2296,#2297);
#2067=AXIS2_PLACEMENT_3D('',#2875,#2299,#2300);
#2068=AXIS2_PLACEMENT_3D('',#2879,#2302,#2303);
#2069=AXIS2_PLACEMENT_3D('',#2883,#2305,#2306);
#2070=AXIS2_PLACEMENT_3D('',#2887,#2308,#2309);
#2071=AXIS2_PLACEMENT_3D('',#2891,#2311,#2312);
#2072=AXIS2_PLACEMENT_3D('',#2895,#2314,#2315);
#2073=AXIS2_PLACEMENT_3D('',#2899,#2317,#2318);
#2074=AXIS2_PLACEMENT_3D('',#2903,#2320,#2321);
#2075=AXIS2_PLACEMENT_3D('',#2907,#2323,#2324);
#2076=AXIS2_PLACEMENT_3D('',#2911,#2326,#2327);
#2077=AXIS2_PLACEMENT_3D('',#2915,#2329,#2330);
#2078=AXIS2_PLACEMENT_3D('',#2919,#2332,#2333);
#2079=AXIS2_PLACEMENT_3D('',#2923,#2335,#2336);
#2080=AXIS2_PLACEMENT_3D('',#2927,#2338,#2339);
#2081=AXIS2_PLACEMENT_3D('',#2931,#2341,#2342);
#2082=AXIS2_PLACEMENT_3D('',#2935,#2344,#2345);
#2083=AXIS2_PLACEMENT_3D('',#2939,#2347,#2348);
#2084=AXIS2_PLACEMENT_3D('',#2942,#2350,#2351);
#2085=AXIS2_PLACEMENT_3D('',#2991,#2352,#2353);
#2086=AXIS2_PLACEMENT_3D('',#3039,#2354,#2355);
#2087=AXIS2_PLACEMENT_3D('',#3087,#2356,#2357);
#2088=AXIS2_PLACEMENT_3D('',#3135,#2358,#2359);
#2089=AXIS2_PLACEMENT_3D('',#3183,#2360,#2361);
#2090=AXIS2_PLACEMENT_3D('',#3231,#2362,#2363);
#2091=AXIS2_PLACEMENT_3D('',#3279,#2364,#2365);
#2092=AXIS2_PLACEMENT_3D('',#3327,#2366,#2367);
#2093=AXIS2_PLACEMENT_3D('',#3375,#2368,#2369);
#2094=AXIS2_PLACEMENT_3D('',#3423,#2370,#2371);
#2095=AXIS2_PLACEMENT_3D('',#3471,#2372,#2373);
#2096=AXIS2_PLACEMENT_3D('',#3519,#2374,#2375);
#2097=AXIS2_PLACEMENT_3D('',#3567,#2376,#2377);
#2098=AXIS2_PLACEMENT_3D('',#3615,#2378,#2379);
#2099=AXIS2_PLACEMENT_3D('',#3662,#2380,#2381);
#2100=AXIS2_PLACEMENT_3D('',#3663,#2382,#2383);
#2101=AXIS2_PLACEMENT_3D('',#3668,#2385,#2386);
#2102=AXIS2_PLACEMENT_3D('',#3672,#2388,#2389);
#2103=AXIS2_PLACEMENT_3D('',#3676,#2391,#2392);
#2104=AXIS2_PLACEMENT_3D('',#3680,#2394,#2395);
#2105=AXIS2_PLACEMENT_3D('',#3684,#2397,#2398);
#2106=AXIS2_PLACEMENT_3D('',#3688,#2400,#2401);
#2107=AXIS2_PLACEMENT_3D('',#3692,#2403,#2404);
#2108=AXIS2_PLACEMENT_3D('',#3696,#2406,#2407);
#2109=AXIS2_PLACEMENT_3D('',#3700,#2409,#2410);
#2110=AXIS2_PLACEMENT_3D('',#3704,#2412,#2413);
#2111=AXIS2_PLACEMENT_3D('',#3708,#2415,#2416);
#2112=AXIS2_PLACEMENT_3D('',#3712,#2418,#2419);
#2113=AXIS2_PLACEMENT_3D('',#3716,#2421,#2422);
#2114=AXIS2_PLACEMENT_3D('',#3720,#2424,#2425);
#2115=AXIS2_PLACEMENT_3D('',#3724,#2427,#2428);
#2116=AXIS2_PLACEMENT_3D('',#3728,#2430,#2431);
#2117=AXIS2_PLACEMENT_3D('',#3732,#2433,#2434);
#2118=AXIS2_PLACEMENT_3D('',#3736,#2436,#2437);
#2119=AXIS2_PLACEMENT_3D('',#3740,#2439,#2440);
#2120=AXIS2_PLACEMENT_3D('',#3744,#2442,#2443);
#2121=AXIS2_PLACEMENT_3D('',#3748,#2445,#2446);
#2122=AXIS2_PLACEMENT_3D('',#3752,#2448,#2449);
#2123=AXIS2_PLACEMENT_3D('',#3756,#2451,#2452);
#2124=AXIS2_PLACEMENT_3D('',#3760,#2454,#2455);
#2125=AXIS2_PLACEMENT_3D('',#3764,#2457,#2458);
#2126=AXIS2_PLACEMENT_3D('',#3768,#2460,#2461);
#2127=AXIS2_PLACEMENT_3D('',#3772,#2463,#2464);
#2128=AXIS2_PLACEMENT_3D('',#3776,#2466,#2467);
#2129=AXIS2_PLACEMENT_3D('',#3780,#2469,#2470);
#2130=AXIS2_PLACEMENT_3D('',#3784,#2472,#2473);
#2131=AXIS2_PLACEMENT_3D('',#3788,#2475,#2476);
#2132=AXIS2_PLACEMENT_3D('',#3792,#2478,#2479);
#2133=AXIS2_PLACEMENT_3D('',#3796,#2481,#2482);
#2134=AXIS2_PLACEMENT_3D('',#3800,#2484,#2485);
#2135=AXIS2_PLACEMENT_3D('',#3804,#2487,#2488);
#2136=AXIS2_PLACEMENT_3D('',#3854,#2490,#2491);
#2137=AXIS2_PLACEMENT_3D('',#3902,#2492,#2493);
#2138=AXIS2_PLACEMENT_3D('',#3950,#2494,#2495);
#2139=AXIS2_PLACEMENT_3D('',#3998,#2496,#2497);
#2140=AXIS2_PLACEMENT_3D('',#4046,#2498,#2499);
#2141=AXIS2_PLACEMENT_3D('',#4094,#2500,#2501);
#2142=AXIS2_PLACEMENT_3D('',#4142,#2502,#2503);
#2143=AXIS2_PLACEMENT_3D('',#4190,#2504,#2505);
#2144=AXIS2_PLACEMENT_3D('',#4238,#2506,#2507);
#2145=AXIS2_PLACEMENT_3D('',#4286,#2508,#2509);
#2146=AXIS2_PLACEMENT_3D('',#4334,#2510,#2511);
#2147=AXIS2_PLACEMENT_3D('',#4382,#2512,#2513);
#2148=AXIS2_PLACEMENT_3D('',#4430,#2514,#2515);
#2149=AXIS2_PLACEMENT_3D('',#4478,#2516,#2517);
#2150=AXIS2_PLACEMENT_3D('',#4526,#2518,#2519);
#2151=AXIS2_PLACEMENT_3D('',#4527,#2520,#2521);
#2152=AXIS2_PLACEMENT_3D('',#4530,#2524,#2525);
#2153=AXIS2_PLACEMENT_3D('',#4532,#2527,#2528);
#2154=AXIS2_PLACEMENT_3D('',#4534,#2530,#2531);
#2155=AXIS2_PLACEMENT_3D('',#4536,#2533,#2534);
#2156=AXIS2_PLACEMENT_3D('',#4538,#2536,#2537);
#2157=AXIS2_PLACEMENT_3D('',#4540,#2539,#2540);
#2158=AXIS2_PLACEMENT_3D('',#4542,#2542,#2543);
#2159=AXIS2_PLACEMENT_3D('',#4544,#2545,#2546);
#2160=AXIS2_PLACEMENT_3D('',#4546,#2548,#2549);
#2161=AXIS2_PLACEMENT_3D('',#4548,#2551,#2552);
#2162=AXIS2_PLACEMENT_3D('',#4550,#2554,#2555);
#2163=AXIS2_PLACEMENT_3D('',#4552,#2557,#2558);
#2164=AXIS2_PLACEMENT_3D('',#4554,#2560,#2561);
#2165=AXIS2_PLACEMENT_3D('',#4556,#2563,#2564);
#2166=AXIS2_PLACEMENT_3D('',#4558,#2566,#2567);
#2167=AXIS2_PLACEMENT_3D('',#4560,#2569,#2570);
#2168=AXIS2_PLACEMENT_3D('',#4562,#2572,#2573);
#2169=AXIS2_PLACEMENT_3D('',#4564,#2575,#2576);
#2170=AXIS2_PLACEMENT_3D('',#4566,#2578,#2579);
#2171=AXIS2_PLACEMENT_3D('',#4568,#2581,#2582);
#2172=AXIS2_PLACEMENT_3D('',#4570,#2584,#2585);
#2173=AXIS2_PLACEMENT_3D('',#4572,#2587,#2588);
#2174=AXIS2_PLACEMENT_3D('',#4574,#2590,#2591);
#2175=AXIS2_PLACEMENT_3D('',#4576,#2593,#2594);
#2176=AXIS2_PLACEMENT_3D('',#4578,#2596,#2597);
#2177=AXIS2_PLACEMENT_3D('',#4580,#2599,#2600);
#2178=AXIS2_PLACEMENT_3D('',#4582,#2602,#2603);
#2179=AXIS2_PLACEMENT_3D('',#4584,#2605,#2606);
#2180=AXIS2_PLACEMENT_3D('',#4586,#2608,#2609);
#2181=AXIS2_PLACEMENT_3D('',#4588,#2611,#2612);
#2182=AXIS2_PLACEMENT_3D('',#4590,#2614,#2615);
#2183=AXIS2_PLACEMENT_3D('',#4592,#2617,#2618);
#2184=AXIS2_PLACEMENT_3D('',#4594,#2620,#2621);
#2185=AXIS2_PLACEMENT_3D('',#4596,#2623,#2624);
#2186=AXIS2_PLACEMENT_3D('',#4598,#2626,#2627);
#2187=AXIS2_PLACEMENT_3D('',#4600,#2629,#2630);
#2188=AXIS2_PLACEMENT_3D('',#4602,#2632,#2633);
#2189=AXIS2_PLACEMENT_3D('',#4604,#2635,#2636);
#2190=AXIS2_PLACEMENT_3D('',#4606,#2638,#2639);
#2191=AXIS2_PLACEMENT_3D('',#4608,#2641,#2642);
#2192=AXIS2_PLACEMENT_3D('',#4610,#2644,#2645);
#2193=AXIS2_PLACEMENT_3D('',#4612,#2647,#2648);
#2194=AXIS2_PLACEMENT_3D('',#4614,#2650,#2651);
#2195=AXIS2_PLACEMENT_3D('',#4616,#2653,#2654);
#2196=AXIS2_PLACEMENT_3D('',#4618,#2656,#2657);
#2197=AXIS2_PLACEMENT_3D('',#4620,#2659,#2660);
#2198=AXIS2_PLACEMENT_3D('',#4622,#2662,#2663);
#2199=AXIS2_PLACEMENT_3D('',#4624,#2665,#2666);
#2200=AXIS2_PLACEMENT_3D('',#4626,#2668,#2669);
#2201=AXIS2_PLACEMENT_3D('',#4628,#2671,#2672);
#2202=AXIS2_PLACEMENT_3D('',#4630,#2674,#2675);
#2203=AXIS2_PLACEMENT_3D('',#4632,#2677,#2678);
#2204=AXIS2_PLACEMENT_3D('',#4634,#2680,#2681);
#2205=AXIS2_PLACEMENT_3D('',#4636,#2683,#2684);
#2206=AXIS2_PLACEMENT_3D('',#4638,#2686,#2687);
#2207=AXIS2_PLACEMENT_3D('',#4640,#2689,#2690);
#2208=AXIS2_PLACEMENT_3D('',#4642,#2692,#2693);
#2209=AXIS2_PLACEMENT_3D('',#4644,#2695,#2696);
#2210=AXIS2_PLACEMENT_3D('',#4646,#2698,#2699);
#2211=AXIS2_PLACEMENT_3D('',#4648,#2701,#2702);
#2212=AXIS2_PLACEMENT_3D('',#4650,#2704,#2705);
#2213=AXIS2_PLACEMENT_3D('',#4652,#2707,#2708);
#2214=AXIS2_PLACEMENT_3D('',#4654,#2710,#2711);
#2215=AXIS2_PLACEMENT_3D('',#4656,#2713,#2714);
#2216=AXIS2_PLACEMENT_3D('',#4658,#2716,#2717);
#2217=AXIS2_PLACEMENT_3D('',#4660,#2719,#2720);
#2218=AXIS2_PLACEMENT_3D('',#4662,#2722,#2723);
#2219=AXIS2_PLACEMENT_3D('',#4664,#2725,#2726);
#2220=AXIS2_PLACEMENT_3D('',#4666,#2728,#2729);
#2221=AXIS2_PLACEMENT_3D('',#4668,#2731,#2732);
#2222=AXIS2_PLACEMENT_3D('',#4670,#2734,#2735);
#2223=AXIS2_PLACEMENT_3D('',#4691,#2738,#2739);
#2224=AXIS2_PLACEMENT_3D('',#4712,#2742,#2743);
#2225=AXIS2_PLACEMENT_3D('',#4733,#2746,#2747);
#2226=AXIS2_PLACEMENT_3D('',#4754,#2750,#2751);
#2227=AXIS2_PLACEMENT_3D('',#4775,#2754,#2755);
#2228=AXIS2_PLACEMENT_3D('',#4796,#2758,#2759);
#2229=AXIS2_PLACEMENT_3D('',#4817,#2762,#2763);
#2230=AXIS2_PLACEMENT_3D('',#4838,#2766,#2767);
#2231=AXIS2_PLACEMENT_3D('',#4859,#2770,#2771);
#2232=AXIS2_PLACEMENT_3D('',#4880,#2774,#2775);
#2233=AXIS2_PLACEMENT_3D('',#4901,#2778,#2779);
#2234=AXIS2_PLACEMENT_3D('',#4922,#2782,#2783);
#2235=AXIS2_PLACEMENT_3D('',#4943,#2786,#2787);
#2236=AXIS2_PLACEMENT_3D('',#4964,#2790,#2791);
#2237=AXIS2_PLACEMENT_3D('',#4985,#2794,#2795);
#2238=DIRECTION('',(0.,0.,1.));
#2239=DIRECTION('',(1.,0.,0.));
#2240=DIRECTION('',(0.,0.,1.));
#2241=DIRECTION('',(1.,0.,0.));
#2242=DIRECTION('',(0.,0.,1.));
#2243=DIRECTION('',(1.,0.,0.));
#2244=DIRECTION('',(0.258819045102534,-0.965925826289065,0.));
#2245=DIRECTION('',(0.,0.,1.));
#2246=DIRECTION('',(1.,0.,0.));
#2247=DIRECTION('',(0.965925826289065,0.258819045102533,0.));
#2248=DIRECTION('',(0.,0.,1.));
#2249=DIRECTION('',(1.,0.,0.));
#2250=DIRECTION('',(-0.258819045102524,0.965925826289068,0.));
#2251=DIRECTION('',(0.,0.,1.));
#2252=DIRECTION('',(1.,0.,0.));
#2253=DIRECTION('',(0.707106781186557,-0.707106781186538,0.));
#2254=DIRECTION('',(0.,0.,1.));
#2255=DIRECTION('',(1.,0.,0.));
#2256=DIRECTION('',(0.707106781186539,0.707106781186556,0.));
#2257=DIRECTION('',(0.,0.,1.));
#2258=DIRECTION('',(1.,0.,0.));
#2259=DIRECTION('',(-0.70710678118655,0.707106781186545,0.));
#2260=DIRECTION('',(0.,0.,1.));
#2261=DIRECTION('',(1.,0.,0.));
#2262=DIRECTION('',(0.965925826289072,-0.258819045102508,0.));
#2263=DIRECTION('',(0.,0.,1.));
#2264=DIRECTION('',(1.,0.,0.));
#2265=DIRECTION('',(0.258819045102508,0.965925826289072,0.));
#2266=DIRECTION('',(0.,0.,1.));
#2267=DIRECTION('',(1.,0.,0.));
#2268=DIRECTION('',(-0.965925826289069,0.258819045102518,0.));
#2269=DIRECTION('',(0.,0.,1.));
#2270=DIRECTION('',(1.,0.,0.));
#2271=DIRECTION('',(0.965925826289065,0.258819045102534,0.));
#2272=DIRECTION('',(0.,0.,1.));
#2273=DIRECTION('',(1.,0.,0.));
#2274=DIRECTION('',(-0.258819045102534,0.965925826289065,0.));
#2275=DIRECTION('',(0.,0.,1.));
#2276=DIRECTION('',(1.,0.,0.));
#2277=DIRECTION('',(-0.965925826289068,-0.258819045102524,0.));
#2278=DIRECTION('',(0.,0.,1.));
#2279=DIRECTION('',(1.,0.,0.));
#2280=DIRECTION('',(0.707106781186538,0.707106781186557,0.));
#2281=DIRECTION('',(0.,0.,1.));
#2282=DIRECTION('',(1.,0.,0.));
#2283=DIRECTION('',(-0.707106781186556,0.707106781186539,0.));
#2284=DIRECTION('',(0.,0.,1.));
#2285=DIRECTION('',(1.,0.,0.));
#2286=DIRECTION('',(-0.707106781186545,-0.70710678118655,0.));
#2287=DIRECTION('',(0.,0.,1.));
#2288=DIRECTION('',(1.,0.,0.));
#2289=DIRECTION('',(0.258819045102508,0.965925826289072,0.));
#2290=DIRECTION('',(0.,0.,1.));
#2291=DIRECTION('',(1.,0.,0.));
#2292=DIRECTION('',(-0.965925826289072,0.258819045102509,0.));
#2293=DIRECTION('',(0.,0.,1.));
#2294=DIRECTION('',(1.,0.,0.));
#2295=DIRECTION('',(-0.258819045102518,-0.965925826289069,0.));
#2296=DIRECTION('',(0.,0.,1.));
#2297=DIRECTION('',(1.,0.,0.));
#2298=DIRECTION('',(-0.258819045102534,0.965925826289065,0.));
#2299=DIRECTION('',(0.,0.,1.));
#2300=DIRECTION('',(1.,0.,0.));
#2301=DIRECTION('',(-0.965925826289065,-0.258819045102533,0.));
#2302=DIRECTION('',(0.,0.,1.));
#2303=DIRECTION('',(1.,0.,0.));
#2304=DIRECTION('',(0.258819045102524,-0.965925826289068,0.));
#2305=DIRECTION('',(0.,0.,1.));
#2306=DIRECTION('',(1.,0.,0.));
#2307=DIRECTION('',(-0.707106781186557,0.707106781186538,0.));
#2308=DIRECTION('',(0.,0.,1.));
#2309=DIRECTION('',(1.,0.,0.));
#2310=DIRECTION('',(-0.707106781186539,-0.707106781186557,0.));
#2311=DIRECTION('',(0.,0.,1.));
#2312=DIRECTION('',(1.,0.,0.));
#2313=DIRECTION('',(0.70710678118655,-0.707106781186546,0.));
#2314=DIRECTION('',(0.,0.,1.));
#2315=DIRECTION('',(1.,0.,0.));
#2316=DIRECTION('',(-0.965925826289072,0.258819045102508,0.));
#2317=DIRECTION('',(0.,0.,1.));
#2318=DIRECTION('',(1.,0.,0.));
#2319=DIRECTION('',(-0.258819045102509,-0.965925826289072,0.));
#2320=DIRECTION('',(0.,0.,1.));
#2321=DIRECTION('',(1.,0.,0.));
#2322=DIRECTION('',(0.965925826289069,-0.258819045102518,0.));
#2323=DIRECTION('',(0.,0.,1.));
#2324=DIRECTION('',(1.,0.,0.));
#2325=DIRECTION('',(-0.965925826289065,-0.258819045102533,0.));
#2326=DIRECTION('',(0.,0.,1.));
#2327=DIRECTION('',(1.,0.,0.));
#2328=DIRECTION('',(0.258819045102534,-0.965925826289065,0.));
#2329=DIRECTION('',(0.,0.,1.));
#2330=DIRECTION('',(1.,0.,0.));
#2331=DIRECTION('',(0.965925826289068,0.258819045102524,0.));
#2332=DIRECTION('',(0.,0.,1.));
#2333=DIRECTION('',(1.,0.,0.));
#2334=DIRECTION('',(-0.707106781186538,-0.707106781186557,0.));
#2335=DIRECTION('',(0.,0.,1.));
#2336=DIRECTION('',(1.,0.,0.));
#2337=DIRECTION('',(0.707106781186557,-0.707106781186539,0.));
#2338=DIRECTION('',(0.,0.,1.));
#2339=DIRECTION('',(1.,0.,0.));
#2340=DIRECTION('',(0.707106781186545,0.70710678118655,0.));
#2341=DIRECTION('',(0.,0.,1.));
#2342=DIRECTION('',(1.,0.,0.));
#2343=DIRECTION('',(-0.258819045102508,-0.965925826289072,0.));
#2344=DIRECTION('',(0.,0.,1.));
#2345=DIRECTION('',(1.,0.,0.));
#2346=DIRECTION('',(0.965925826289072,-0.258819045102509,0.));
#2347=DIRECTION('',(0.,0.,1.));
#2348=DIRECTION('',(1.,0.,0.));
#2349=DIRECTION('',(0.258819045102518,0.965925826289069,0.));
#2350=DIRECTION('',(0.,0.,1.));
#2351=DIRECTION('',(1.,0.,0.));
#2352=DIRECTION('',(0.,0.,1.));
#2353=DIRECTION('',(1.,0.,0.));
#2354=DIRECTION('',(0.,0.,1.));
#2355=DIRECTION('',(1.,0.,0.));
#2356=DIRECTION('',(0.,0.,1.));
#2357=DIRECTION('',(1.,0.,0.));
#2358=DIRECTION('',(0.,0.,1.));
#2359=DIRECTION('',(1.,0.,0.));
#2360=DIRECTION('',(0.,0.,1.));
#2361=DIRECTION('',(1.,0.,0.));
#2362=DIRECTION('',(0.,0.,1.));
#2363=DIRECTION('',(1.,0.,0.));
#2364=DIRECTION('',(0.,0.,1.));
#2365=DIRECTION('',(1.,0.,0.));
#2366=DIRECTION('',(0.,0.,1.));
#2367=DIRECTION('',(1.,0.,0.));
#2368=DIRECTION('',(0.,0.,1.));
#2369=DIRECTION('',(1.,0.,0.));
#2370=DIRECTION('',(0.,0.,1.));
#2371=DIRECTION('',(1.,0.,0.));
#2372=DIRECTION('',(0.,0.,1.));
#2373=DIRECTION('',(1.,0.,0.));
#2374=DIRECTION('',(0.,0.,1.));
#2375=DIRECTION('',(1.,0.,0.));
#2376=DIRECTION('',(0.,0.,1.));
#2377=DIRECTION('',(1.,0.,0.));
#2378=DIRECTION('',(0.,0.,1.));
#2379=DIRECTION('',(1.,0.,0.));
#2380=DIRECTION('',(0.,0.,1.));
#2381=DIRECTION('',(1.,0.,0.));
#2382=DIRECTION('',(0.,0.,1.));
#2383=DIRECTION('',(1.,0.,0.));
#2384=DIRECTION('',(0.258819045102518,0.965925826289069,0.));
#2385=DIRECTION('',(0.,0.,1.));
#2386=DIRECTION('',(1.,0.,0.));
#2387=DIRECTION('',(0.965925826289072,-0.258819045102509,0.));
#2388=DIRECTION('',(0.,0.,1.));
#2389=DIRECTION('',(1.,0.,0.));
#2390=DIRECTION('',(-0.258819045102508,-0.965925826289072,0.));
#2391=DIRECTION('',(0.,0.,1.));
#2392=DIRECTION('',(1.,0.,0.));
#2393=DIRECTION('',(0.707106781186545,0.70710678118655,0.));
#2394=DIRECTION('',(0.,0.,1.));
#2395=DIRECTION('',(1.,0.,0.));
#2396=DIRECTION('',(0.707106781186557,-0.707106781186539,0.));
#2397=DIRECTION('',(0.,0.,1.));
#2398=DIRECTION('',(1.,0.,0.));
#2399=DIRECTION('',(-0.707106781186538,-0.707106781186557,0.));
#2400=DIRECTION('',(0.,0.,1.));
#2401=DIRECTION('',(1.,0.,0.));
#2402=DIRECTION('',(0.965925826289068,0.258819045102524,0.));
#2403=DIRECTION('',(0.,0.,1.));
#2404=DIRECTION('',(1.,0.,0.));
#2405=DIRECTION('',(0.258819045102534,-0.965925826289065,0.));
#2406=DIRECTION('',(0.,0.,1.));
#2407=DIRECTION('',(1.,0.,0.));
#2408=DIRECTION('',(-0.965925826289065,-0.258819045102533,0.));
#2409=DIRECTION('',(0.,0.,1.));
#2410=DIRECTION('',(1.,0.,0.));
#2411=DIRECTION('',(0.965925826289069,-0.258819045102518,0.));
#2412=DIRECTION('',(0.,0.,1.));
#2413=DIRECTION('',(1.,0.,0.));
#2414=DIRECTION('',(-0.258819045102509,-0.965925826289072,0.));
#2415=DIRECTION('',(0.,0.,1.));
#2416=DIRECTION('',(1.,0.,0.));
#2417=DIRECTION('',(-0.965925826289072,0.258819045102508,0.));
#2418=DIRECTION('',(0.,0.,1.));
#2419=DIRECTION('',(1.,0.,0.));
#2420=DIRECTION('',(0.70710678118655,-0.707106781186546,0.));
#2421=DIRECTION('',(0.,0.,1.));
#2422=DIRECTION('',(1.,0.,0.));
#2423=DIRECTION('',(-0.707106781186539,-0.707106781186557,0.));
#2424=DIRECTION('',(0.,0.,1.));
#2425=DIRECTION('',(1.,0.,0.));
#2426=DIRECTION('',(-0.707106781186557,0.707106781186538,0.));
#2427=DIRECTION('',(0.,0.,1.));
#2428=DIRECTION('',(1.,0.,0.));
#2429=DIRECTION('',(0.258819045102524,-0.965925826289068,0.));
#2430=DIRECTION('',(0.,0.,1.));
#2431=DIRECTION('',(1.,0.,0.));
#2432=DIRECTION('',(-0.965925826289065,-0.258819045102533,0.));
#2433=DIRECTION('',(0.,0.,1.));
#2434=DIRECTION('',(1.,0.,0.));
#2435=DIRECTION('',(-0.258819045102534,0.965925826289065,0.));
#2436=DIRECTION('',(0.,0.,1.));
#2437=DIRECTION('',(1.,0.,0.));
#2438=DIRECTION('',(-0.258819045102518,-0.965925826289069,0.));
#2439=DIRECTION('',(0.,0.,1.));
#2440=DIRECTION('',(1.,0.,0.));
#2441=DIRECTION('',(-0.965925826289072,0.258819045102509,0.));
#2442=DIRECTION('',(0.,0.,1.));
#2443=DIRECTION('',(1.,0.,0.));
#2444=DIRECTION('',(0.258819045102508,0.965925826289072,0.));
#2445=DIRECTION('',(0.,0.,1.));
#2446=DIRECTION('',(1.,0.,0.));
#2447=DIRECTION('',(-0.707106781186545,-0.70710678118655,0.));
#2448=DIRECTION('',(0.,0.,1.));
#2449=DIRECTION('',(1.,0.,0.));
#2450=DIRECTION('',(-0.707106781186556,0.707106781186539,0.));
#2451=DIRECTION('',(0.,0.,1.));
#2452=DIRECTION('',(1.,0.,0.));
#2453=DIRECTION('',(0.707106781186538,0.707106781186557,0.));
#2454=DIRECTION('',(0.,0.,1.));
#2455=DIRECTION('',(1.,0.,0.));
#2456=DIRECTION('',(-0.965925826289068,-0.258819045102524,0.));
#2457=DIRECTION('',(0.,0.,1.));
#2458=DIRECTION('',(1.,0.,0.));
#2459=DIRECTION('',(-0.258819045102534,0.965925826289065,0.));
#2460=DIRECTION('',(0.,0.,1.));
#2461=DIRECTION('',(1.,0.,0.));
#2462=DIRECTION('',(0.965925826289065,0.258819045102534,0.));
#2463=DIRECTION('',(0.,0.,1.));
#2464=DIRECTION('',(1.,0.,0.));
#2465=DIRECTION('',(-0.965925826289069,0.258819045102518,0.));
#2466=DIRECTION('',(0.,0.,1.));
#2467=DIRECTION('',(1.,0.,0.));
#2468=DIRECTION('',(0.258819045102508,0.965925826289072,0.));
#2469=DIRECTION('',(0.,0.,1.));
#2470=DIRECTION('',(1.,0.,0.));
#2471=DIRECTION('',(0.965925826289072,-0.258819045102508,0.));
#2472=DIRECTION('',(0.,0.,1.));
#2473=DIRECTION('',(1.,0.,0.));
#2474=DIRECTION('',(-0.70710678118655,0.707106781186545,0.));
#2475=DIRECTION('',(0.,0.,1.));
#2476=DIRECTION('',(1.,0.,0.));
#2477=DIRECTION('',(0.707106781186539,0.707106781186556,0.));
#2478=DIRECTION('',(0.,0.,1.));
#2479=DIRECTION('',(1.,0.,0.));
#2480=DIRECTION('',(0.707106781186557,-0.707106781186538,0.));
#2481=DIRECTION('',(0.,0.,1.));
#2482=DIRECTION('',(1.,0.,0.));
#2483=DIRECTION('',(-0.258819045102524,0.965925826289068,0.));
#2484=DIRECTION('',(0.,0.,1.));
#2485=DIRECTION('',(1.,0.,0.));
#2486=DIRECTION('',(0.965925826289065,0.258819045102533,0.));
#2487=DIRECTION('',(0.,0.,1.));
#2488=DIRECTION('',(1.,0.,0.));
#2489=DIRECTION('',(0.258819045102534,-0.965925826289065,0.));
#2490=DIRECTION('',(0.,0.,1.));
#2491=DIRECTION('',(1.,0.,0.));
#2492=DIRECTION('',(0.,0.,1.));
#2493=DIRECTION('',(1.,0.,0.));
#2494=DIRECTION('',(0.,0.,1.));
#2495=DIRECTION('',(1.,0.,0.));
#2496=DIRECTION('',(0.,0.,1.));
#2497=DIRECTION('',(1.,0.,0.));
#2498=DIRECTION('',(0.,0.,1.));
#2499=DIRECTION('',(1.,0.,0.));
#2500=DIRECTION('',(0.,0.,1.));
#2501=DIRECTION('',(1.,0.,0.));
#2502=DIRECTION('',(0.,0.,1.));
#2503=DIRECTION('',(1.,0.,0.));
#2504=DIRECTION('',(0.,0.,1.));
#2505=DIRECTION('',(1.,0.,0.));
#2506=DIRECTION('',(0.,0.,1.));
#2507=DIRECTION('',(1.,0.,0.));
#2508=DIRECTION('',(0.,0.,1.));
#2509=DIRECTION('',(1.,0.,0.));
#2510=DIRECTION('',(0.,0.,1.));
#2511=DIRECTION('',(1.,0.,0.));
#2512=DIRECTION('',(0.,0.,1.));
#2513=DIRECTION('',(1.,0.,0.));
#2514=DIRECTION('',(0.,0.,1.));
#2515=DIRECTION('',(1.,0.,0.));
#2516=DIRECTION('',(0.,0.,1.));
#2517=DIRECTION('',(1.,0.,0.));
#2518=DIRECTION('',(0.,0.,1.));
#2519=DIRECTION('',(1.,0.,0.));
#2520=DIRECTION('',(0.,0.,-1.));
#2521=DIRECTION('',(-1.,0.,0.));
#2522=DIRECTION('',(0.,0.,-1.));
#2523=DIRECTION('',(0.,0.,-1.));
#2524=DIRECTION('',(0.965925826289065,0.258819045102534,0.));
#2525=DIRECTION('',(-0.258819045102534,0.965925826289065,0.));
#2526=DIRECTION('',(0.,0.,-1.));
#2527=DIRECTION('',(0.,0.,-1.));
#2528=DIRECTION('',(-1.,0.,0.));
#2529=DIRECTION('',(0.,0.,-1.));
#2530=DIRECTION('',(-0.258819045102533,0.965925826289065,0.));
#2531=DIRECTION('',(-0.965925826289065,-0.258819045102533,0.));
#2532=DIRECTION('',(0.,0.,-1.));
#2533=DIRECTION('',(0.,0.,-1.));
#2534=DIRECTION('',(-1.,0.,0.));
#2535=DIRECTION('',(0.,0.,-1.));
#2536=DIRECTION('',(-0.965925826289067,-0.258819045102524,0.));
#2537=DIRECTION('',(0.258819045102524,-0.965925826289068,0.));
#2538=DIRECTION('',(0.,0.,-1.));
#2539=DIRECTION('',(0.,0.,-1.));
#2540=DIRECTION('',(-1.,0.,0.));
#2541=DIRECTION('',(0.,0.,-1.));
#2542=DIRECTION('',(0.707106781186538,0.707106781186557,0.));
#2543=DIRECTION('',(-0.707106781186557,0.707106781186538,0.));
#2544=DIRECTION('',(0.,0.,-1.));
#2545=DIRECTION('',(0.,0.,-1.));
#2546=DIRECTION('',(-1.,0.,0.));
#2547=DIRECTION('',(0.,0.,-1.));
#2548=DIRECTION('',(-0.707106781186556,0.707106781186539,0.));
#2549=DIRECTION('',(-0.707106781186539,-0.707106781186556,0.));
#2550=DIRECTION('',(0.,0.,-1.));
#2551=DIRECTION('',(0.,0.,-1.));
#2552=DIRECTION('',(-1.,0.,0.));
#2553=DIRECTION('',(0.,0.,-1.));
#2554=DIRECTION('',(-0.707106781186545,-0.70710678118655,0.));
#2555=DIRECTION('',(0.70710678118655,-0.707106781186545,0.));
#2556=DIRECTION('',(0.,0.,-1.));
#2557=DIRECTION('',(0.,0.,-1.));
#2558=DIRECTION('',(-1.,0.,0.));
#2559=DIRECTION('',(0.,0.,-1.));
#2560=DIRECTION('',(0.258819045102508,0.965925826289072,0.));
#2561=DIRECTION('',(-0.965925826289072,0.258819045102508,0.));
#2562=DIRECTION('',(0.,0.,-1.));
#2563=DIRECTION('',(0.,0.,-1.));
#2564=DIRECTION('',(-1.,0.,0.));
#2565=DIRECTION('',(0.,0.,-1.));
#2566=DIRECTION('',(-0.965925826289072,0.258819045102508,0.));
#2567=DIRECTION('',(-0.258819045102508,-0.965925826289072,0.));
#2568=DIRECTION('',(0.,0.,-1.));
#2569=DIRECTION('',(0.,0.,-1.));
#2570=DIRECTION('',(-1.,0.,0.));
#2571=DIRECTION('',(0.,0.,-1.));
#2572=DIRECTION('',(-0.258819045102518,-0.965925826289069,0.));
#2573=DIRECTION('',(0.965925826289069,-0.258819045102518,0.));
#2574=DIRECTION('',(0.,0.,-1.));
#2575=DIRECTION('',(0.,0.,-1.));
#2576=DIRECTION('',(-1.,0.,0.));
#2577=DIRECTION('',(0.,0.,-1.));
#2578=DIRECTION('',(-0.258819045102534,0.965925826289065,0.));
#2579=DIRECTION('',(-0.965925826289065,-0.258819045102534,0.));
#2580=DIRECTION('',(0.,0.,-1.));
#2581=DIRECTION('',(0.,0.,-1.));
#2582=DIRECTION('',(-1.,0.,0.));
#2583=DIRECTION('',(0.,0.,-1.));
#2584=DIRECTION('',(-0.965925826289065,-0.258819045102534,0.));
#2585=DIRECTION('',(0.258819045102534,-0.965925826289065,0.));
#2586=DIRECTION('',(0.,0.,-1.));
#2587=DIRECTION('',(0.,0.,-1.));
#2588=DIRECTION('',(-1.,0.,0.));
#2589=DIRECTION('',(0.,0.,-1.));
#2590=DIRECTION('',(0.258819045102524,-0.965925826289067,0.));
#2591=DIRECTION('',(0.965925826289068,0.258819045102524,0.));
#2592=DIRECTION('',(0.,0.,-1.));
#2593=DIRECTION('',(0.,0.,-1.));
#2594=DIRECTION('',(-1.,0.,0.));
#2595=DIRECTION('',(0.,0.,-1.));
#2596=DIRECTION('',(-0.707106781186557,0.707106781186538,0.));
#2597=DIRECTION('',(-0.707106781186538,-0.707106781186557,0.));
#2598=DIRECTION('',(0.,0.,-1.));
#2599=DIRECTION('',(0.,0.,-1.));
#2600=DIRECTION('',(-1.,0.,0.));
#2601=DIRECTION('',(0.,0.,-1.));
#2602=DIRECTION('',(-0.707106781186539,-0.707106781186556,0.));
#2603=DIRECTION('',(0.707106781186556,-0.707106781186539,0.));
#2604=DIRECTION('',(0.,0.,-1.));
#2605=DIRECTION('',(0.,0.,-1.));
#2606=DIRECTION('',(-1.,0.,0.));
#2607=DIRECTION('',(0.,0.,-1.));
#2608=DIRECTION('',(0.70710678118655,-0.707106781186545,0.));
#2609=DIRECTION('',(0.707106781186545,0.70710678118655,0.));
#2610=DIRECTION('',(0.,0.,-1.));
#2611=DIRECTION('',(0.,0.,-1.));
#2612=DIRECTION('',(-1.,0.,0.));
#2613=DIRECTION('',(0.,0.,-1.));
#2614=DIRECTION('',(-0.965925826289072,0.258819045102508,0.));
#2615=DIRECTION('',(-0.258819045102508,-0.965925826289072,0.));
#2616=DIRECTION('',(0.,0.,-1.));
#2617=DIRECTION('',(0.,0.,-1.));
#2618=DIRECTION('',(-1.,0.,0.));
#2619=DIRECTION('',(0.,0.,-1.));
#2620=DIRECTION('',(-0.258819045102509,-0.965925826289072,0.));
#2621=DIRECTION('',(0.965925826289072,-0.258819045102509,0.));
#2622=DIRECTION('',(0.,0.,-1.));
#2623=DIRECTION('',(0.,0.,-1.));
#2624=DIRECTION('',(-1.,0.,0.));
#2625=DIRECTION('',(0.,0.,-1.));
#2626=DIRECTION('',(0.965925826289069,-0.258819045102518,0.));
#2627=DIRECTION('',(0.258819045102518,0.965925826289069,0.));
#2628=DIRECTION('',(0.,0.,-1.));
#2629=DIRECTION('',(0.,0.,-1.));
#2630=DIRECTION('',(-1.,0.,0.));
#2631=DIRECTION('',(0.,0.,-1.));
#2632=DIRECTION('',(-0.965925826289065,-0.258819045102534,0.));
#2633=DIRECTION('',(0.258819045102534,-0.965925826289065,0.));
#2634=DIRECTION('',(0.,0.,-1.));
#2635=DIRECTION('',(0.,0.,-1.));
#2636=DIRECTION('',(-1.,0.,0.));
#2637=DIRECTION('',(0.,0.,-1.));
#2638=DIRECTION('',(0.258819045102533,-0.965925826289065,0.));
#2639=DIRECTION('',(0.965925826289065,0.258819045102533,0.));
#2640=DIRECTION('',(0.,0.,-1.));
#2641=DIRECTION('',(0.,0.,-1.));
#2642=DIRECTION('',(-1.,0.,0.));
#2643=DIRECTION('',(0.,0.,-1.));
#2644=DIRECTION('',(0.965925826289067,0.258819045102524,0.));
#2645=DIRECTION('',(-0.258819045102524,0.965925826289068,0.));
#2646=DIRECTION('',(0.,0.,-1.));
#2647=DIRECTION('',(0.,0.,-1.));
#2648=DIRECTION('',(-1.,0.,0.));
#2649=DIRECTION('',(0.,0.,-1.));
#2650=DIRECTION('',(-0.707106781186538,-0.707106781186557,0.));
#2651=DIRECTION('',(0.707106781186557,-0.707106781186538,0.));
#2652=DIRECTION('',(0.,0.,-1.));
#2653=DIRECTION('',(0.,0.,-1.));
#2654=DIRECTION('',(-1.,0.,0.));
#2655=DIRECTION('',(0.,0.,-1.));
#2656=DIRECTION('',(0.707106781186557,-0.707106781186539,0.));
#2657=DIRECTION('',(0.707106781186539,0.707106781186557,0.));
#2658=DIRECTION('',(0.,0.,-1.));
#2659=DIRECTION('',(0.,0.,-1.));
#2660=DIRECTION('',(-1.,0.,0.));
#2661=DIRECTION('',(0.,0.,-1.));
#2662=DIRECTION('',(0.707106781186545,0.70710678118655,0.));
#2663=DIRECTION('',(-0.70710678118655,0.707106781186546,0.));
#2664=DIRECTION('',(0.,0.,-1.));
#2665=DIRECTION('',(0.,0.,-1.));
#2666=DIRECTION('',(-1.,0.,0.));
#2667=DIRECTION('',(0.,0.,-1.));
#2668=DIRECTION('',(-0.258819045102508,-0.965925826289072,0.));
#2669=DIRECTION('',(0.965925826289072,-0.258819045102508,0.));
#2670=DIRECTION('',(0.,0.,-1.));
#2671=DIRECTION('',(0.,0.,-1.));
#2672=DIRECTION('',(-1.,0.,0.));
#2673=DIRECTION('',(0.,0.,-1.));
#2674=DIRECTION('',(0.965925826289071,-0.258819045102509,0.));
#2675=DIRECTION('',(0.258819045102509,0.965925826289072,0.));
#2676=DIRECTION('',(0.,0.,-1.));
#2677=DIRECTION('',(0.,0.,-1.));
#2678=DIRECTION('',(-1.,0.,0.));
#2679=DIRECTION('',(0.,0.,-1.));
#2680=DIRECTION('',(0.258819045102518,0.965925826289069,0.));
#2681=DIRECTION('',(-0.965925826289069,0.258819045102518,0.));
#2682=DIRECTION('',(0.,0.,-1.));
#2683=DIRECTION('',(0.,0.,-1.));
#2684=DIRECTION('',(-1.,0.,0.));
#2685=DIRECTION('',(0.,0.,-1.));
#2686=DIRECTION('',(0.258819045102533,-0.965925826289065,0.));
#2687=DIRECTION('',(0.965925826289065,0.258819045102533,0.));
#2688=DIRECTION('',(0.,0.,-1.));
#2689=DIRECTION('',(0.,0.,-1.));
#2690=DIRECTION('',(-1.,0.,0.));
#2691=DIRECTION('',(0.,0.,-1.));
#2692=DIRECTION('',(0.965925826289065,0.258819045102534,0.));
#2693=DIRECTION('',(-0.258819045102534,0.965925826289065,0.));
#2694=DIRECTION('',(0.,0.,-1.));
#2695=DIRECTION('',(0.,0.,-1.));
#2696=DIRECTION('',(-1.,0.,0.));
#2697=DIRECTION('',(0.,0.,-1.));
#2698=DIRECTION('',(-0.258819045102524,0.965925826289068,0.));
#2699=DIRECTION('',(-0.965925826289068,-0.258819045102524,0.));
#2700=DIRECTION('',(0.,0.,-1.));
#2701=DIRECTION('',(0.,0.,-1.));
#2702=DIRECTION('',(-1.,0.,0.));
#2703=DIRECTION('',(0.,0.,-1.));
#2704=DIRECTION('',(0.707106781186557,-0.707106781186538,0.));
#2705=DIRECTION('',(0.707106781186538,0.707106781186557,0.));
#2706=DIRECTION('',(0.,0.,-1.));
#2707=DIRECTION('',(0.,0.,-1.));
#2708=DIRECTION('',(-1.,0.,0.));
#2709=DIRECTION('',(0.,0.,-1.));
#2710=DIRECTION('',(0.707106781186539,0.707106781186557,0.));
#2711=DIRECTION('',(-0.707106781186557,0.707106781186539,0.));
#2712=DIRECTION('',(0.,0.,-1.));
#2713=DIRECTION('',(0.,0.,-1.));
#2714=DIRECTION('',(-1.,0.,0.));
#2715=DIRECTION('',(0.,0.,-1.));
#2716=DIRECTION('',(-0.70710678118655,0.707106781186545,0.));
#2717=DIRECTION('',(-0.707106781186545,-0.70710678118655,0.));
#2718=DIRECTION('',(0.,0.,-1.));
#2719=DIRECTION('',(0.,0.,-1.));
#2720=DIRECTION('',(-1.,0.,0.));
#2721=DIRECTION('',(0.,0.,-1.));
#2722=DIRECTION('',(0.965925826289072,-0.258819045102508,0.));
#2723=DIRECTION('',(0.258819045102508,0.965925826289072,0.));
#2724=DIRECTION('',(0.,0.,-1.));
#2725=DIRECTION('',(0.,0.,-1.));
#2726=DIRECTION('',(-1.,0.,0.));
#2727=DIRECTION('',(0.,0.,-1.));
#2728=DIRECTION('',(0.258819045102509,0.965925826289072,0.));
#2729=DIRECTION('',(-0.965925826289072,0.258819045102509,0.));
#2730=DIRECTION('',(0.,0.,-1.));
#2731=DIRECTION('',(0.,0.,-1.));
#2732=DIRECTION('',(-1.,0.,0.));
#2733=DIRECTION('',(0.,0.,-1.));
#2734=DIRECTION('',(-0.965925826289069,0.258819045102518,0.));
#2735=DIRECTION('',(-0.258819045102518,-0.965925826289069,0.));
#2736=DIRECTION('',(0.,0.,1.));
#2737=DIRECTION('',(0.,0.,1.));
#2738=DIRECTION('',(0.,0.,1.));
#2739=DIRECTION('',(1.,0.,0.));
#2740=DIRECTION('',(0.,0.,1.));
#2741=DIRECTION('',(0.,0.,1.));
#2742=DIRECTION('',(0.,0.,1.));
#2743=DIRECTION('',(1.,0.,0.));
#2744=DIRECTION('',(0.,0.,1.));
#2745=DIRECTION('',(0.,0.,1.));
#2746=DIRECTION('',(0.,0.,1.));
#2747=DIRECTION('',(1.,0.,0.));
#2748=DIRECTION('',(0.,0.,1.));
#2749=DIRECTION('',(0.,0.,1.));
#2750=DIRECTION('',(0.,0.,1.));
#2751=DIRECTION('',(1.,0.,0.));
#2752=DIRECTION('',(0.,0.,1.));
#2753=DIRECTION('',(0.,0.,1.));
#2754=DIRECTION('',(0.,0.,1.));
#2755=DIRECTION('',(1.,0.,0.));
#2756=DIRECTION('',(0.,0.,1.));
#2757=DIRECTION('',(0.,0.,1.));
#2758=DIRECTION('',(0.,0.,1.));
#2759=DIRECTION('',(1.,0.,0.));
#2760=DIRECTION('',(0.,0.,1.));
#2761=DIRECTION('',(0.,0.,1.));
#2762=DIRECTION('',(0.,0.,1.));
#2763=DIRECTION('',(1.,0.,0.));
#2764=DIRECTION('',(0.,0.,1.));
#2765=DIRECTION('',(0.,0.,1.));
#2766=DIRECTION('',(0.,0.,1.));
#2767=DIRECTION('',(1.,0.,0.));
#2768=DIRECTION('',(0.,0.,1.));
#2769=DIRECTION('',(0.,0.,1.));
#2770=DIRECTION('',(0.,0.,1.));
#2771=DIRECTION('',(1.,0.,0.));
#2772=DIRECTION('',(0.,0.,1.));
#2773=DIRECTION('',(0.,0.,1.));
#2774=DIRECTION('',(0.,0.,1.));
#2775=DIRECTION('',(1.,0.,0.));
#2776=DIRECTION('',(0.,0.,1.));
#2777=DIRECTION('',(0.,0.,1.));
#2778=DIRECTION('',(0.,0.,1.));
#2779=DIRECTION('',(1.,0.,0.));
#2780=DIRECTION('',(0.,0.,1.));
#2781=DIRECTION('',(0.,0.,1.));
#2782=DIRECTION('',(0.,0.,1.));
#2783=DIRECTION('',(1.,0.,0.));
#2784=DIRECTION('',(0.,0.,1.));
#2785=DIRECTION('',(0.,0.,1.));
#2786=DIRECTION('',(0.,0.,1.));
#2787=DIRECTION('',(1.,0.,0.));
#2788=DIRECTION('',(0.,0.,1.));
#2789=DIRECTION('',(0.,0.,1.));
#2790=DIRECTION('',(0.,0.,1.));
#2791=DIRECTION('',(1.,0.,0.));
#2792=DIRECTION('',(0.,0.,1.));
#2793=DIRECTION('',(0.,0.,1.));
#2794=DIRECTION('',(0.,0.,1.));
#2795=DIRECTION('',(1.,0.,0.));
#2796=CARTESIAN_POINT('',(0.,0.,0.));
#2797=CARTESIAN_POINT('',(0.,0.,0.00635));
#2798=CARTESIAN_POINT('',(-2.8542164351867E-20,0.00630606098785293,0.00635));
#2799=CARTESIAN_POINT('',(-0.000809811622346366,0.00608907261762389,0.00635));
#2800=CARTESIAN_POINT('',(0.000809811622346288,0.0060890726176239,0.00635));
#2801=CARTESIAN_POINT('',(-0.000983286330292458,0.00673648904150684,0.00635));
#2802=CARTESIAN_POINT('',(-0.00115676103823855,0.00738390546538979,0.00635));
#2803=CARTESIAN_POINT('',(-0.0016397239668379,0.00725449593869742,0.00635));
#2804=CARTESIAN_POINT('',(-0.00174995751459161,0.00774219316131575,0.00635));
#2805=CARTESIAN_POINT('',(-0.00205277321603488,0.00766105393865856,0.00635));
#2806=CARTESIAN_POINT('',(-0.00235558891747816,0.00757991471600136,0.00635));
#2807=CARTESIAN_POINT('',(-0.00220720535887299,0.00710243975798192,0.00635));
#2808=CARTESIAN_POINT('',(-0.00269016828747234,0.00697303023128956,0.00635));
#2809=CARTESIAN_POINT('',(-0.00251669357952626,0.00632561380740661,0.00635));
#2810=CARTESIAN_POINT('',(-0.00234321887158017,0.00567819738352365,0.00635));
#2811=CARTESIAN_POINT('',(-0.00315303049392647,0.00546120901329463,0.00635));
#2812=CARTESIAN_POINT('',(-0.00374585374604378,0.00486838576117731,0.00635));
#2813=CARTESIAN_POINT('',(-0.00421979546198066,0.00534232747711418,0.00635));
#2814=CARTESIAN_POINT('',(-0.00469373717791754,0.00581626919305104,0.00635));
#2815=CARTESIAN_POINT('',(-0.00504729057982452,0.00546271579114406,0.00635));
#2816=CARTESIAN_POINT('',(-0.00538660424383769,0.00582995720140979,0.00635));
#2817=CARTESIAN_POINT('',(-0.00560828072262377,0.0056082807226237,0.00635));
#2818=CARTESIAN_POINT('',(-0.00582995720140985,0.00538660424383761,0.00635));
#2819=CARTESIAN_POINT('',(-0.00546271579114412,0.00504729057982445,0.00635));
#2820=CARTESIAN_POINT('',(-0.00581626919305111,0.00469373717791747,0.00635));
#2821=CARTESIAN_POINT('',(-0.00534232747711424,0.0042197954619806,0.00635));
#2822=CARTESIAN_POINT('',(-0.00486838576117736,0.00374585374604373,0.00635));
#2823=CARTESIAN_POINT('',(-0.00546120901329463,0.00315303049392647,0.00635));
#2824=CARTESIAN_POINT('',(-0.00567819738352368,0.0023432188715801,0.00635));
#2825=CARTESIAN_POINT('',(-0.00632561380740664,0.00251669357952617,0.00635));
#2826=CARTESIAN_POINT('',(-0.00697303023128959,0.00269016828747225,0.00635));
#2827=CARTESIAN_POINT('',(-0.00710243975798195,0.0022072053588729,0.00635));
#2828=CARTESIAN_POINT('',(-0.0075799147160014,0.00235558891747806,0.00635));
#2829=CARTESIAN_POINT('',(-0.00766105393865859,0.00205277321603479,0.00635));
#2830=CARTESIAN_POINT('',(-0.00774219316131577,0.00174995751459151,0.00635));
#2831=CARTESIAN_POINT('',(-0.00725449593869744,0.0016397239668378,0.00635));
#2832=CARTESIAN_POINT('',(-0.00738390546538981,0.00115676103823845,0.00635));
#2833=CARTESIAN_POINT('',(-0.00673648904150686,0.000983286330292369,0.00635));
#2834=CARTESIAN_POINT('',(-0.0060890726176239,0.000809811622346287,0.00635));
#2835=CARTESIAN_POINT('',(-0.00630606098785293,2.32181919997481E-19,0.00635));
#2836=CARTESIAN_POINT('',(-0.00608907261762389,-0.000809811622346366,0.00635));
#2837=CARTESIAN_POINT('',(-0.00673648904150684,-0.000983286330292457,0.00635));
#2838=CARTESIAN_POINT('',(-0.00738390546538979,-0.00115676103823855,0.00635));
#2839=CARTESIAN_POINT('',(-0.00725449593869742,-0.0016397239668379,0.00635));
#2840=CARTESIAN_POINT('',(-0.00774219316131575,-0.00174995751459162,0.00635));
#2841=CARTESIAN_POINT('',(-0.00766105393865856,-0.00205277321603488,0.00635));
#2842=CARTESIAN_POINT('',(-0.00757991471600136,-0.00235558891747816,0.00635));
#2843=CARTESIAN_POINT('',(-0.00710243975798192,-0.00220720535887299,0.00635));
#2844=CARTESIAN_POINT('',(-0.00697303023128956,-0.00269016828747234,0.00635));
#2845=CARTESIAN_POINT('',(-0.00632561380740661,-0.00251669357952626,0.00635));
#2846=CARTESIAN_POINT('',(-0.00567819738352365,-0.00234321887158017,0.00635));
#2847=CARTESIAN_POINT('',(-0.00546120901329463,-0.00315303049392647,0.00635));
#2848=CARTESIAN_POINT('',(-0.00486838576117731,-0.00374585374604378,0.00635));
#2849=CARTESIAN_POINT('',(-0.00534232747711418,-0.00421979546198066,0.00635));
#2850=CARTESIAN_POINT('',(-0.00581626919305104,-0.00469373717791754,0.00635));
#2851=CARTESIAN_POINT('',(-0.00546271579114406,-0.00504729057982452,0.00635));
#2852=CARTESIAN_POINT('',(-0.00582995720140979,-0.00538660424383769,0.00635));
#2853=CARTESIAN_POINT('',(-0.0056082807226237,-0.00560828072262377,0.00635));
#2854=CARTESIAN_POINT('',(-0.00538660424383761,-0.00582995720140985,0.00635));
#2855=CARTESIAN_POINT('',(-0.00504729057982445,-0.00546271579114412,0.00635));
#2856=CARTESIAN_POINT('',(-0.00469373717791747,-0.00581626919305111,0.00635));
#2857=CARTESIAN_POINT('',(-0.0042197954619806,-0.00534232747711423,0.00635));
#2858=CARTESIAN_POINT('',(-0.00374585374604373,-0.00486838576117736,0.00635));
#2859=CARTESIAN_POINT('',(-0.00315303049392647,-0.00546120901329463,0.00635));
#2860=CARTESIAN_POINT('',(-0.0023432188715801,-0.00567819738352368,0.00635));
#2861=CARTESIAN_POINT('',(-0.00251669357952617,-0.00632561380740664,0.00635));
#2862=CARTESIAN_POINT('',(-0.00269016828747225,-0.00697303023128959,0.00635));
#2863=CARTESIAN_POINT('',(-0.0022072053588729,-0.00710243975798195,0.00635));
#2864=CARTESIAN_POINT('',(-0.00235558891747806,-0.0075799147160014,0.00635));
#2865=CARTESIAN_POINT('',(-0.00205277321603479,-0.00766105393865859,0.00635));
#2866=CARTESIAN_POINT('',(-0.00174995751459151,-0.00774219316131577,0.00635));
#2867=CARTESIAN_POINT('',(-0.0016397239668378,-0.00725449593869744,0.00635));
#2868=CARTESIAN_POINT('',(-0.00115676103823845,-0.00738390546538981,0.00635));
#2869=CARTESIAN_POINT('',(-0.00098328633029237,-0.00673648904150686,0.00635));
#2870=CARTESIAN_POINT('',(-0.000809811622346288,-0.0060890726176239,0.00635));
#2871=CARTESIAN_POINT('',(-7.33273576467445E-19,-0.00630606098785293,0.00635));
#2872=CARTESIAN_POINT('',(0.000809811622346365,-0.00608907261762389,0.00635));
#2873=CARTESIAN_POINT('',(0.000983286330292456,-0.00673648904150684,0.00635));
#2874=CARTESIAN_POINT('',(0.00115676103823855,-0.00738390546538979,0.00635));
#2875=CARTESIAN_POINT('',(0.0016397239668379,-0.00725449593869742,0.00635));
#2876=CARTESIAN_POINT('',(0.00174995751459161,-0.00774219316131575,0.00635));
#2877=CARTESIAN_POINT('',(0.00205277321603488,-0.00766105393865856,0.00635));
#2878=CARTESIAN_POINT('',(0.00235558891747816,-0.00757991471600136,0.00635));
#2879=CARTESIAN_POINT('',(0.00220720535887299,-0.00710243975798192,0.00635));
#2880=CARTESIAN_POINT('',(0.00269016828747234,-0.00697303023128956,0.00635));
#2881=CARTESIAN_POINT('',(0.00251669357952626,-0.00632561380740661,0.00635));
#2882=CARTESIAN_POINT('',(0.00234321887158017,-0.00567819738352365,0.00635));
#2883=CARTESIAN_POINT('',(0.00315303049392647,-0.00546120901329463,0.00635));
#2884=CARTESIAN_POINT('',(0.00374585374604378,-0.00486838576117732,0.00635));
#2885=CARTESIAN_POINT('',(0.00421979546198066,-0.00534232747711418,0.00635));
#2886=CARTESIAN_POINT('',(0.00469373717791754,-0.00581626919305104,0.00635));
#2887=CARTESIAN_POINT('',(0.00504729057982452,-0.00546271579114406,0.00635));
#2888=CARTESIAN_POINT('',(0.00538660424383769,-0.00582995720140979,0.00635));
#2889=CARTESIAN_POINT('',(0.00560828072262377,-0.0056082807226237,0.00635));
#2890=CARTESIAN_POINT('',(0.00582995720140985,-0.00538660424383761,0.00635));
#2891=CARTESIAN_POINT('',(0.00546271579114412,-0.00504729057982445,0.00635));
#2892=CARTESIAN_POINT('',(0.00581626919305111,-0.00469373717791747,0.00635));
#2893=CARTESIAN_POINT('',(0.00534232747711423,-0.0042197954619806,0.00635));
#2894=CARTESIAN_POINT('',(0.00486838576117736,-0.00374585374604373,0.00635));
#2895=CARTESIAN_POINT('',(0.00546120901329463,-0.00315303049392647,0.00635));
#2896=CARTESIAN_POINT('',(0.00567819738352368,-0.0023432188715801,0.00635));
#2897=CARTESIAN_POINT('',(0.00632561380740664,-0.00251669357952617,0.00635));
#2898=CARTESIAN_POINT('',(0.00697303023128959,-0.00269016828747225,0.00635));
#2899=CARTESIAN_POINT('',(0.00710243975798195,-0.0022072053588729,0.00635));
#2900=CARTESIAN_POINT('',(0.0075799147160014,-0.00235558891747806,0.00635));
#2901=CARTESIAN_POINT('',(0.00766105393865858,-0.00205277321603479,0.00635));
#2902=CARTESIAN_POINT('',(0.00774219316131577,-0.00174995751459151,0.00635));
#2903=CARTESIAN_POINT('',(0.00725449593869744,-0.0016397239668378,0.00635));
#2904=CARTESIAN_POINT('',(0.00738390546538981,-0.00115676103823845,0.00635));
#2905=CARTESIAN_POINT('',(0.00673648904150686,-0.00098328633029237,0.00635));
#2906=CARTESIAN_POINT('',(0.0060890726176239,-0.000809811622346288,0.00635));
#2907=CARTESIAN_POINT('',(0.00630606098785293,-1.05997133825283E-18,0.00635));
#2908=CARTESIAN_POINT('',(0.00608907261762389,0.000809811622346362,0.00635));
#2909=CARTESIAN_POINT('',(0.00673648904150684,0.000983286330292453,0.00635));
#2910=CARTESIAN_POINT('',(0.00738390546538979,0.00115676103823854,0.00635));
#2911=CARTESIAN_POINT('',(0.00725449593869742,0.00163972396683789,0.00635));
#2912=CARTESIAN_POINT('',(0.00774219316131575,0.00174995751459161,0.00635));
#2913=CARTESIAN_POINT('',(0.00766105393865856,0.00205277321603488,0.00635));
#2914=CARTESIAN_POINT('',(0.00757991471600137,0.00235558891747815,0.00635));
#2915=CARTESIAN_POINT('',(0.00710243975798192,0.00220720535887299,0.00635));
#2916=CARTESIAN_POINT('',(0.00697303023128956,0.00269016828747234,0.00635));
#2917=CARTESIAN_POINT('',(0.00632561380740661,0.00251669357952625,0.00635));
#2918=CARTESIAN_POINT('',(0.00567819738352365,0.00234321887158017,0.00635));
#2919=CARTESIAN_POINT('',(0.00546120901329463,0.00315303049392646,0.00635));
#2920=CARTESIAN_POINT('',(0.00486838576117731,0.00374585374604378,0.00635));
#2921=CARTESIAN_POINT('',(0.00534232747711418,0.00421979546198066,0.00635));
#2922=CARTESIAN_POINT('',(0.00581626919305104,0.00469373717791754,0.00635));
#2923=CARTESIAN_POINT('',(0.00546271579114406,0.00504729057982452,0.00635));
#2924=CARTESIAN_POINT('',(0.00582995720140979,0.00538660424383769,0.00635));
#2925=CARTESIAN_POINT('',(0.0056082807226237,0.00560828072262377,0.00635));
#2926=CARTESIAN_POINT('',(0.00538660424383761,0.00582995720140985,0.00635));
#2927=CARTESIAN_POINT('',(0.00504729057982445,0.00546271579114412,0.00635));
#2928=CARTESIAN_POINT('',(0.00469373717791747,0.00581626919305111,0.00635));
#2929=CARTESIAN_POINT('',(0.0042197954619806,0.00534232747711424,0.00635));
#2930=CARTESIAN_POINT('',(0.00374585374604373,0.00486838576117736,0.00635));
#2931=CARTESIAN_POINT('',(0.00315303049392647,0.00546120901329463,0.00635));
#2932=CARTESIAN_POINT('',(0.0023432188715801,0.00567819738352368,0.00635));
#2933=CARTESIAN_POINT('',(0.00251669357952617,0.00632561380740664,0.00635));
#2934=CARTESIAN_POINT('',(0.00269016828747225,0.00697303023128959,0.00635));
#2935=CARTESIAN_POINT('',(0.0022072053588729,0.00710243975798195,0.00635));
#2936=CARTESIAN_POINT('',(0.00235558891747806,0.0075799147160014,0.00635));
#2937=CARTESIAN_POINT('',(0.00205277321603479,0.00766105393865859,0.00635));
#2938=CARTESIAN_POINT('',(0.00174995751459151,0.00774219316131577,0.00635));
#2939=CARTESIAN_POINT('',(0.0016397239668378,0.00725449593869744,0.00635));
#2940=CARTESIAN_POINT('',(0.00115676103823845,0.00738390546538981,0.00635));
#2941=CARTESIAN_POINT('',(0.000983286330292369,0.00673648904150686,0.00635));
#2942=CARTESIAN_POINT('',(-8.15516304194857E-7,-8.02294297897951E-8,0.00635));
#2943=CARTESIAN_POINT('',(-0.00257980254719305,-0.00246409317836323,0.00635));
#2944=CARTESIAN_POINT('',(-0.00218175279336338,-0.00282249878654321,0.00635));
#2945=CARTESIAN_POINT('',(-0.00257980254722858,-0.0024640931783408,0.00635));
#2946=CARTESIAN_POINT('',(-0.00261442577190355,-0.00247619623917057,0.00635));
#2947=CARTESIAN_POINT('',(-0.00268431665894033,-0.00249701010118731,0.00635));
#2948=CARTESIAN_POINT('',(-0.00279058583498917,-0.00252068938639594,0.00635));
#2949=CARTESIAN_POINT('',(-0.00287994298376455,-0.00253621192400878,0.00635));
#2950=CARTESIAN_POINT('',(-0.00295168077385694,-0.00254730718392804,0.00635));
#2951=CARTESIAN_POINT('',(-0.00300555170391101,-0.00255526175772489,0.00635));
#2952=CARTESIAN_POINT('',(-0.0030594423622266,-0.00256315488462011,0.00635));
#2953=CARTESIAN_POINT('',(-0.00311363450130227,-0.00256930261103111,0.00635));
#2954=CARTESIAN_POINT('',(-0.00316860881143575,-0.00257192472158444,0.00635));
#2955=CARTESIAN_POINT('',(-0.00321411236751372,-0.00256971313561078,0.00635));
#2956=CARTESIAN_POINT('',(-0.00325047635282989,-0.00256461177927515,0.00635));
#2957=CARTESIAN_POINT('',(-0.00327727220699934,-0.00255907834006575,0.00635));
#2958=CARTESIAN_POINT('',(-0.00330352339945709,-0.00255169513164548,0.00635));
#2959=CARTESIAN_POINT('',(-0.00332914626427846,-0.00254221724735732,0.00635));
#2960=CARTESIAN_POINT('',(-0.00334992135409934,-0.00253218216731892,0.00635));
#2961=CARTESIAN_POINT('',(-0.00336561502367067,-0.0025228496130284,0.00635));
#2962=CARTESIAN_POINT('',(-0.0033769187108688,-0.0025151238326146,0.00635));
#2963=CARTESIAN_POINT('',(-0.00338770380703756,-0.00250659404132794,0.00635));
#2964=CARTESIAN_POINT('',(-0.00339787621015339,-0.00249717697123135,0.00635));
#2965=CARTESIAN_POINT('',(-0.00340706804591513,-0.00248710517092158,0.00635));
#2966=CARTESIAN_POINT('',(-0.00341529141073616,-0.00247628729727224,0.00635));
#2967=CARTESIAN_POINT('',(-0.0034212975110672,-0.00246663973795767,0.00635));
#2968=CARTESIAN_POINT('',(-0.00342562238634584,-0.00245856824892024,0.00635));
#2969=CARTESIAN_POINT('',(-0.00342964132829546,-0.00245024147072613,0.00635));
#2970=CARTESIAN_POINT('',(-0.00343398582919703,-0.00243964225401204,0.00635));
#2971=CARTESIAN_POINT('',(-0.00343965311234511,-0.00242232407196771,0.00635));
#2972=CARTESIAN_POINT('',(-0.00344359108286998,-0.00240454418244637,0.00635));
#2973=CARTESIAN_POINT('',(-0.00344608460705775,-0.00238630606547093,0.00635));
#2974=CARTESIAN_POINT('',(-0.00344764996344631,-0.00236806738069454,0.00635));
#2975=CARTESIAN_POINT('',(-0.0034480477119606,-0.00234535337543226,0.00635));
#2976=CARTESIAN_POINT('',(-0.00344642458323837,-0.00231818293724562,0.00635));
#2977=CARTESIAN_POINT('',(-0.00344294346740131,-0.00229110192496948,0.00635));
#2978=CARTESIAN_POINT('',(-0.00343772023848125,-0.00226408059425777,0.00635));
#2979=CARTESIAN_POINT('',(-0.00343099623602431,-0.00223775758534357,0.00635));
#2980=CARTESIAN_POINT('',(-0.00342026532406363,-0.00220335413775566,0.00635));
#2981=CARTESIAN_POINT('',(-0.00340401182894446,-0.00216152303506012,0.00635));
#2982=CARTESIAN_POINT('',(-0.0033814733640641,-0.0021125638770277,0.00635));
#2983=CARTESIAN_POINT('',(-0.00335748164944779,-0.00206420210580686,0.00635));
#2984=CARTESIAN_POINT('',(-0.00333347253017533,-0.00201584332424355,0.00635));
#2985=CARTESIAN_POINT('',(-0.00330096519784351,-0.00195158692389512,0.00635));
#2986=CARTESIAN_POINT('',(-0.00325887950148328,-0.00187215181279713,0.00635));
#2987=CARTESIAN_POINT('',(-0.00320398119448926,-0.00177943500477823,0.00635));
#2988=CARTESIAN_POINT('',(-0.00316307230565221,-0.00172018952506755,0.00635));
#2989=CARTESIAN_POINT('',(-0.0031411819084652,-0.00169142077500905,0.00635));
#2990=CARTESIAN_POINT('',(-0.0031411819084652,-0.00169142077500905,0.00635));
#2991=CARTESIAN_POINT('',(-8.15516329256841E-7,-8.022942185517E-8,0.00635));
#2992=CARTESIAN_POINT('',(-0.00335904175906138,-0.00120209953901277,0.00635));
#2993=CARTESIAN_POINT('',(-0.00335904175906138,-0.00120209953901277,0.00635));
#2994=CARTESIAN_POINT('',(-0.00339559440702497,-0.00119907370108062,0.00635));
#2995=CARTESIAN_POINT('',(-0.00346790866977416,-0.00118966092540708,0.00635));
#2996=CARTESIAN_POINT('',(-0.00357462162581721,-0.00116806946092111,0.00635));
#2997=CARTESIAN_POINT('',(-0.00366256702802951,-0.00114590517792069,0.00635));
#2998=CARTESIAN_POINT('',(-0.00373261560908334,-0.00112686281429743,0.00635));
#2999=CARTESIAN_POINT('',(-0.00378506456917645,-0.00111221839780747,0.00635));
#3000=CARTESIAN_POINT('',(-0.00383750655922676,-0.00109750982257276,0.00635));
#3001=CARTESIAN_POINT('',(-0.00388951404732223,-0.00108108412138162,0.00635));
#3002=CARTESIAN_POINT('',(-0.00394080208707594,-0.00106111947220795,0.00635));
#3003=CARTESIAN_POINT('',(-0.00398147212098275,-0.00104059112424036,0.00635));
#3004=CARTESIAN_POINT('',(-0.00401261736603905,-0.00102114023801578,0.00635));
#3005=CARTESIAN_POINT('',(-0.0040348459444105,-0.00100518633398765,0.00635));
#3006=CARTESIAN_POINT('',(-0.00405582458063,-0.000987764115575486,0.00635));
#3007=CARTESIAN_POINT('',(-0.00407537722956051,-0.000968683879412539,0.00635));
#3008=CARTESIAN_POINT('',(-0.00409027458373068,-0.000951066387333038,0.00635));
#3009=CARTESIAN_POINT('',(-0.00410081557247787,-0.00093615748427375,0.00635));
#3010=CARTESIAN_POINT('',(-0.00410799964658168,-0.000924502008884631,0.00635));
#3011=CARTESIAN_POINT('',(-0.00411438294352283,-0.000912322962989136,0.00635));
#3012=CARTESIAN_POINT('',(-0.0041198456287039,-0.000899582552282746,0.00635));
#3013=CARTESIAN_POINT('',(-0.00412414621826371,-0.00088664284843804,0.00635));
#3014=CARTESIAN_POINT('',(-0.00412725861022914,-0.00087341548530224,0.00635));
#3015=CARTESIAN_POINT('',(-0.00412882144001523,-0.000862159100226447,0.00635));
#3016=CARTESIAN_POINT('',(-0.00412948943982519,-0.000853026342827336,0.00635));
#3017=CARTESIAN_POINT('',(-0.00412977412017748,-0.000843784801474014,0.00635));
#3018=CARTESIAN_POINT('',(-0.00412943192941632,-0.000832334867477737,0.00635));
#3019=CARTESIAN_POINT('',(-0.00412756531096454,-0.000814208829213496,0.00635));
#3020=CARTESIAN_POINT('',(-0.00412393109347169,-0.000796364374992072,0.00635));
#3021=CARTESIAN_POINT('',(-0.00411879093069234,-0.000778688818415649,0.00635));
#3022=CARTESIAN_POINT('',(-0.00411280261349063,-0.000761390262982099,0.00635));
#3023=CARTESIAN_POINT('',(-0.00410392735658797,-0.000740478207754386,0.00635));
#3024=CARTESIAN_POINT('',(-0.00409139334189767,-0.00071631696329458,0.00635));
#3025=CARTESIAN_POINT('',(-0.0040771983443129,-0.000692993124911072,0.00635));
#3026=CARTESIAN_POINT('',(-0.00406143612191362,-0.000670432389576896,0.00635));
#3027=CARTESIAN_POINT('',(-0.00404458690773049,-0.000649120022539217,0.00635));
#3028=CARTESIAN_POINT('',(-0.00402079058907031,-0.000622055564376059,0.00635));
#3029=CARTESIAN_POINT('',(-0.00398892804014683,-0.000590451842563391,0.00635));
#3030=CARTESIAN_POINT('',(-0.00394842464434722,-0.000554892645678393,0.00635));
#3031=CARTESIAN_POINT('',(-0.00390683661795887,-0.000520470278720706,0.00635));
#3032=CARTESIAN_POINT('',(-0.00386523390762922,-0.0004860577220625,0.00635));
#3033=CARTESIAN_POINT('',(-0.00380940154926357,-0.000440578502627719,0.00635));
#3034=CARTESIAN_POINT('',(-0.0037386451820916,-0.000385128712565875,0.00635));
#3035=CARTESIAN_POINT('',(-0.00365078175985463,-0.000322756846850384,0.00635));
#3036=CARTESIAN_POINT('',(-0.00358931232274539,-0.000285272552092384,0.00635));
#3037=CARTESIAN_POINT('',(-0.00355761314500492,-0.000267894617821838,0.00635));
#3038=CARTESIAN_POINT('',(-0.00355761314496949,-0.000267894617844322,0.00635));
#3039=CARTESIAN_POINT('',(-8.15516290023034E-7,-8.02294618211389E-8,0.00635));
#3040=CARTESIAN_POINT('',(-0.00355761314500493,0.000267734158943117,0.00635));
#3041=CARTESIAN_POINT('',(-0.00355761314500493,0.000267734158943117,0.00635));
#3042=CARTESIAN_POINT('',(-0.00358977493135386,0.000285365700769842,0.00635));
#3043=CARTESIAN_POINT('',(-0.00365200877683167,0.000323377559707326,0.00635));
#3044=CARTESIAN_POINT('',(-0.00374071387331229,0.000386506413525977,0.00635));
#3045=CARTESIAN_POINT('',(-0.00381204096996013,0.000442525111252696,0.00635));
#3046=CARTESIAN_POINT('',(-0.00386828830593981,0.000488412500753551,0.00635));
#3047=CARTESIAN_POINT('',(-0.00391024639438802,0.000523123754878873,0.00635));
#3048=CARTESIAN_POINT('',(-0.00395217201967283,0.000557890785962212,0.00635));
#3049=CARTESIAN_POINT('',(-0.0039930022896232,0.000594049761796726,0.00635));
#3050=CARTESIAN_POINT('',(-0.0040317358909865,0.000633149101482122,0.00635));
#3051=CARTESIAN_POINT('',(-0.00406054018438401,0.000668444673585851,0.00635));
#3052=CARTESIAN_POINT('',(-0.00408108139336451,0.000698881854765412,0.00635));
#3053=CARTESIAN_POINT('',(-0.00409489917279725,0.000722497648669128,0.00635));
#3054=CARTESIAN_POINT('',(-0.00410697785599122,0.000746946417233845,0.00635));
#3055=CARTESIAN_POINT('',(-0.00411707945840056,0.000772329859100489,0.00635));
#3056=CARTESIAN_POINT('',(-0.00412352318904578,0.00079448353879066,0.00635));
#3057=CARTESIAN_POINT('',(-0.00412708886425256,0.000812390905836635,0.00635));
#3058=CARTESIAN_POINT('',(-0.00412891113358424,0.000825960738619622,0.00635));
#3059=CARTESIAN_POINT('',(-0.00412978890126621,0.000839683171445468,0.00635));
#3060=CARTESIAN_POINT('',(-0.00412959732061779,0.000853543990007523,0.00635));
#3061=CARTESIAN_POINT('',(-0.00412826305297114,0.000867114205038896,0.00635));
#3062=CARTESIAN_POINT('',(-0.00412572631123497,0.000880463926408153,0.00635));
#3063=CARTESIAN_POINT('',(-0.00412257564300822,0.000891382806004511,0.00635));
#3064=CARTESIAN_POINT('',(-0.00411947126411378,0.0008999976950425,0.00635));
#3065=CARTESIAN_POINT('',(-0.0041159724590496,0.000908556053098289,0.00635));
#3066=CARTESIAN_POINT('',(-0.00411100274451701,0.000918876906769402,0.00635));
#3067=CARTESIAN_POINT('',(-0.00410192497975337,0.000934676644567779,0.00635));
#3068=CARTESIAN_POINT('',(-0.00409134696346316,0.000949500195242625,0.00635));
#3069=CARTESIAN_POINT('',(-0.00407946189455814,0.000963556927110579,0.00635));
#3070=CARTESIAN_POINT('',(-0.00406695533821249,0.000976924275814382,0.00635));
#3071=CARTESIAN_POINT('',(-0.00405034168844052,0.000992418496678606,0.00635));
#3072=CARTESIAN_POINT('',(-0.00402906403279005,0.00100939284874646,0.00635));
#3073=CARTESIAN_POINT('',(-0.0040066095974975,0.00102492660969041,0.00635));
#3074=CARTESIAN_POINT('',(-0.00398303381306714,0.00103912579354993,0.00635));
#3075=CARTESIAN_POINT('',(-0.00395897276936039,0.0010517424168335,0.00635));
#3076=CARTESIAN_POINT('',(-0.00392622564367982,0.00106678819488261,0.00635));
#3077=CARTESIAN_POINT('',(-0.00388426336512308,0.0010826999652002,0.00635));
#3078=CARTESIAN_POINT('',(-0.00383279844349976,0.00109871069275121,0.00635));
#3079=CARTESIAN_POINT('',(-0.00378080505291728,0.00111324171548136,0.00635));
#3080=CARTESIAN_POINT('',(-0.00372880223809518,0.00112775780355999,0.00635));
#3081=CARTESIAN_POINT('',(-0.00365929877567816,0.0011465960718751,0.00635));
#3082=CARTESIAN_POINT('',(-0.00357210615637989,0.00116847276845357,0.00635));
#3083=CARTESIAN_POINT('',(-0.00346647000281888,0.00118971502965283,0.00635));
#3084=CARTESIAN_POINT('',(-0.00339506864154596,0.00119895676436038,0.00635));
#3085=CARTESIAN_POINT('',(-0.00335904175906136,0.00120193908013404,0.00635));
#3086=CARTESIAN_POINT('',(-0.00335904175906136,0.00120193908013404,0.00635));
#3087=CARTESIAN_POINT('',(-8.15516329256624E-7,-8.02294568019333E-8,0.00635));
#3088=CARTESIAN_POINT('',(-0.00314118190846519,0.00169126031613033,0.00635));
#3089=CARTESIAN_POINT('',(-0.00314118190846519,0.00169126031613033,0.00635));
#3090=CARTESIAN_POINT('',(-0.00316339176815908,0.00172044890809225,0.00635));
#3091=CARTESIAN_POINT('',(-0.00320478439910567,0.00178048725455648,0.00635));
#3092=CARTESIAN_POINT('',(-0.00326014371898187,0.00187423794537494,0.00635));
#3093=CARTESIAN_POINT('',(-0.00330251940706848,0.00195442491607712,0.00635));
#3094=CARTESIAN_POINT('',(-0.00333523982259212,0.00201922298493704,0.00635));
#3095=CARTESIAN_POINT('',(-0.00335945210472546,0.00206799918551761,0.00635));
#3096=CARTESIAN_POINT('',(-0.00338361204375067,0.00211681313692671,0.00635));
#3097=CARTESIAN_POINT('',(-0.00340620517095016,0.00216645317198883,0.00635));
#3098=CARTESIAN_POINT('',(-0.00342568694236364,0.00221792657114801,0.00635));
#3099=CARTESIAN_POINT('',(-0.00343764497124462,0.00226188644232093,0.00635));
#3100=CARTESIAN_POINT('',(-0.00344403038250559,0.00229804705331641,0.00635));
#3101=CARTESIAN_POINT('',(-0.0034470481434051,0.00232524135178701,0.00635));
#3102=CARTESIAN_POINT('',(-0.0034481383595179,0.00235248925630935,0.00635));
#3103=CARTESIAN_POINT('',(-0.00344704225657931,0.00237978687617962,0.00635));
#3104=CARTESIAN_POINT('',(-0.00344391818413158,0.00240264617100217,0.00635));
#3105=CARTESIAN_POINT('',(-0.00343989200816154,0.00242045565558927,0.00635));
#3106=CARTESIAN_POINT('',(-0.00343603738579886,0.00243359349839988,0.00635));
#3107=CARTESIAN_POINT('',(-0.00343125785021517,0.0024464865848561,0.00635));
#3108=CARTESIAN_POINT('',(-0.00342544512977181,0.00245907114982286,0.00635));
#3109=CARTESIAN_POINT('',(-0.00341870671191627,0.00247092546258044,0.00635));
#3110=CARTESIAN_POINT('',(-0.00341095946217024,0.00248208925408,0.00635));
#3111=CARTESIAN_POINT('',(-0.00340364007508998,0.0024907826547198,0.00635));
#3112=CARTESIAN_POINT('',(-0.00339730009280439,0.00249739008281819,0.00635));
#3113=CARTESIAN_POINT('',(-0.00339062277750498,0.00250378543971836,0.00635));
#3114=CARTESIAN_POINT('',(-0.00338188484799207,0.00251119264370256,0.00635));
#3115=CARTESIAN_POINT('',(-0.00336716556491312,0.00252193416283362,0.00635));
#3116=CARTESIAN_POINT('',(-0.00335147278494037,0.00253117368338248,0.00635));
#3117=CARTESIAN_POINT('',(-0.00333489784629583,0.0025391810539006,0.00635));
#3118=CARTESIAN_POINT('',(-0.00331803554801691,0.00254630585984521,0.00635));
#3119=CARTESIAN_POINT('',(-0.00329655615635147,0.00255370315479794,0.00635));
#3120=CARTESIAN_POINT('',(-0.00327021395970423,0.00256055559479417,0.00635));
#3121=CARTESIAN_POINT('',(-0.00324338266255812,0.00256561334991156,0.00635));
#3122=CARTESIAN_POINT('',(-0.00321606978340396,0.00256899581441157,0.00635));
#3123=CARTESIAN_POINT('',(-0.00318895728321821,0.00257073516515688,0.00635));
#3124=CARTESIAN_POINT('',(-0.00315292162604571,0.00257116071138065,0.00635));
#3125=CARTESIAN_POINT('',(-0.00310811527703349,0.00256862924056135,0.00635));
#3126=CARTESIAN_POINT('',(-0.00305458758207929,0.0025623230985319,0.00635));
#3127=CARTESIAN_POINT('',(-0.0030011789568795,0.00255445023119428,0.00635));
#3128=CARTESIAN_POINT('',(-0.00294776779667845,0.00254655988719002,0.00635));
#3129=CARTESIAN_POINT('',(-0.00287661101028109,0.00253549989665351,0.00635));
#3130=CARTESIAN_POINT('',(-0.00278805853485329,0.00252002082016662,0.00635));
#3131=CARTESIAN_POINT('',(-0.00268291510059327,0.00249646049690841,0.00635));
#3132=CARTESIAN_POINT('',(-0.00261392775918175,0.00247586169167605,0.00635));
#3133=CARTESIAN_POINT('',(-0.00257980254722854,0.00246393271946205,0.00635));
#3134=CARTESIAN_POINT('',(-0.00257980254721072,0.00246393271946384,0.00635));
#3135=CARTESIAN_POINT('',(-8.1551632188058E-7,-8.02294695258048E-8,0.00635));
#3136=CARTESIAN_POINT('',(-0.00218175279338106,0.00282233832764382,0.00635));
#3137=CARTESIAN_POINT('',(-0.00218175279338106,0.00282233832764382,0.00635));
#3138=CARTESIAN_POINT('',(-0.00219017043990858,0.0028580369970207,0.00635));
#3139=CARTESIAN_POINT('',(-0.00220356469439304,0.00292972065547676,0.00635));
#3140=CARTESIAN_POINT('',(-0.00221600610833458,0.00303788283715423,0.00635));
#3141=CARTESIAN_POINT('',(-0.00222210324641877,0.00312837302512171,0.00635));
#3142=CARTESIAN_POINT('',(-0.0022256390843867,0.00320087759856282,0.00635));
#3143=CARTESIAN_POINT('',(-0.00222791903666265,0.00325528489740039,0.00635));
#3144=CARTESIAN_POINT('',(-0.00223013581648466,0.00330970539347579,0.00635));
#3145=CARTESIAN_POINT('',(-0.00223058524398837,0.00336424327473772,0.00635));
#3146=CARTESIAN_POINT('',(-0.00222744661018828,0.00341919051503489,0.00635));
#3147=CARTESIAN_POINT('',(-0.00222049072272395,0.00346421362418833,0.00635));
#3148=CARTESIAN_POINT('',(-0.0022116162406487,0.00349984516684978,0.00635));
#3149=CARTESIAN_POINT('',(-0.00220331218473998,0.00352591582862924,0.00635));
#3150=CARTESIAN_POINT('',(-0.00219322542550141,0.00355125145887786,0.00635));
#3151=CARTESIAN_POINT('',(-0.00218112114337077,0.00357574325028509,0.00635));
#3152=CARTESIAN_POINT('',(-0.00216896944833759,0.00359535558049503,0.00635));
#3153=CARTESIAN_POINT('',(-0.00215804758359264,0.00360998776094404,0.00635));
#3154=CARTESIAN_POINT('',(-0.00214918256876023,0.00362042196140677,0.00635));
#3155=CARTESIAN_POINT('',(-0.00213957215503401,0.00363025636971508,0.00635));
#3156=CARTESIAN_POINT('',(-0.0021291433669673,0.00363938869547661,0.00635));
#3157=CARTESIAN_POINT('',(-0.00211816593256668,0.00364747738759157,0.00635));
#3158=CARTESIAN_POINT('',(-0.00210654774467346,0.00365452492825129,0.00635));
#3159=CARTESIAN_POINT('',(-0.00209632522726041,0.00365948968198686,0.00635));
#3160=CARTESIAN_POINT('',(-0.00208784588211776,0.00366294716480084,0.00635));
#3161=CARTESIAN_POINT('',(-0.0020791446250599,0.00366607370523735,0.00635));
#3162=CARTESIAN_POINT('',(-0.00206814934796107,0.00366928648667345,0.00635));
#3163=CARTESIAN_POINT('',(-0.00205033364433164,0.00367311248089579,0.00635));
#3164=CARTESIAN_POINT('',(-0.00203223952489808,0.00367517037427735,0.00635));
#3165=CARTESIAN_POINT('',(-0.00201384067398425,0.00367574383633838,0.00635));
#3166=CARTESIAN_POINT('',(-0.00199553827833364,0.00367539415584915,0.00635));
#3167=CARTESIAN_POINT('',(-0.00197290712672783,0.00367341546539076,0.00635));
#3168=CARTESIAN_POINT('',(-0.00194605519419548,0.00366896114418754,0.00635));
#3169=CARTESIAN_POINT('',(-0.00191948641022704,0.00366266836167032,0.00635));
#3170=CARTESIAN_POINT('',(-0.00189315908128455,0.00365464924797005,0.00635));
#3171=CARTESIAN_POINT('',(-0.00186768312221125,0.00364521057663173,0.00635));
#3172=CARTESIAN_POINT('',(-0.00183458982604562,0.0036309423102221,0.00635));
#3173=CARTESIAN_POINT('',(-0.00179468683137505,0.00361040531256827,0.00635));
#3174=CARTESIAN_POINT('',(-0.00174835178783137,0.00358287269020475,0.00635));
#3175=CARTESIAN_POINT('',(-0.00170276276451345,0.00355395722308479,0.00635));
#3176=CARTESIAN_POINT('',(-0.00165717853375737,0.0035250247591575,0.00635));
#3177=CARTESIAN_POINT('',(-0.00159667207818689,0.00348597888260997,0.00635));
#3178=CARTESIAN_POINT('',(-0.00152207127410501,0.00343582050600533,0.00635));
#3179=CARTESIAN_POINT('',(-0.00143560081412763,0.00337153139221981,0.00635));
#3180=CARTESIAN_POINT('',(-0.00138095603063788,0.00332465376760647,0.00635));
#3181=CARTESIAN_POINT('',(-0.0013546330483806,0.00329987613507194,0.00635));
#3182=CARTESIAN_POINT('',(-0.0013546330483806,0.00329987613507194,0.00635));
#3183=CARTESIAN_POINT('',(-8.15516337407927E-7,-8.02294783663893E-8,0.00635));
#3184=CARTESIAN_POINT('',(-0.000845219809923096,0.00346539452976858,0.00635));
#3185=CARTESIAN_POINT('',(-0.000845219809923096,0.00346539452976858,0.00635));
#3186=CARTESIAN_POINT('',(-0.000838389755727739,0.00350143065231291,0.00635));
#3187=CARTESIAN_POINT('',(-0.000821469645466725,0.00357236486698817,0.00635));
#3188=CARTESIAN_POINT('',(-0.000788841919976429,0.00367623631569003,0.00635));
#3189=CARTESIAN_POINT('',(-0.000757606257492665,0.00376138314534567,0.00635));
#3190=CARTESIAN_POINT('',(-0.000731346139398138,0.00382905752393666,0.00635));
#3191=CARTESIAN_POINT('',(-0.000711299537355455,0.00387968840478742,0.00635));
#3192=CARTESIAN_POINT('',(-0.000691189856604211,0.003930305647363,0.00635));
#3193=CARTESIAN_POINT('',(-0.00066941787431382,0.00398031127969344,0.00635));
#3194=CARTESIAN_POINT('',(-0.000644201533597797,0.00402923148410123,0.00635));
#3195=CARTESIAN_POINT('',(-0.000619534465922975,0.00406753292664045,0.00635));
#3196=CARTESIAN_POINT('',(-0.000596934569084483,0.00409647438353929,0.00635));
#3197=CARTESIAN_POINT('',(-0.000578744543074112,0.00411691355436143,0.00635));
#3198=CARTESIAN_POINT('',(-0.000559224900791851,0.00413595614969936,0.00635));
#3199=CARTESIAN_POINT('',(-0.000538205379813488,0.0041534072594083,0.00635));
#3200=CARTESIAN_POINT('',(-0.000519127200660787,0.0041663814749399,0.00635));
#3201=CARTESIAN_POINT('',(-0.000503198136777337,0.00417530631432201,0.00635));
#3202=CARTESIAN_POINT('',(-0.000490855571075862,0.00418123270438512,0.00635));
#3203=CARTESIAN_POINT('',(-0.000478076007048259,0.0041863079760062,0.00635));
#3204=CARTESIAN_POINT('',(-0.000464834383557476,0.00419040900047376,0.00635));
#3205=CARTESIAN_POINT('',(-0.000451516030746505,0.00419333346359596,0.00635));
#3206=CARTESIAN_POINT('',(-0.000438035794940733,0.00419504616961088,0.00635));
#3207=CARTESIAN_POINT('',(-0.000426677713324269,0.00419542382541796,0.00635));
#3208=CARTESIAN_POINT('',(-0.000417525161132169,0.00419513353275874,0.00635));
#3209=CARTESIAN_POINT('',(-0.00040830448870959,0.0041944506494864,0.00635));
#3210=CARTESIAN_POINT('',(-0.000396953047324181,0.00419291348927689,0.00635));
#3211=CARTESIAN_POINT('',(-0.000379121420152381,0.0041891624094314,0.00635));
#3212=CARTESIAN_POINT('',(-0.000361754598887982,0.00418368284718463,0.00635));
#3213=CARTESIAN_POINT('',(-0.000344713164176182,0.00417672324398846,0.00635));
#3214=CARTESIAN_POINT('',(-0.000328135321633928,0.00416895953999873,0.00635));
#3215=CARTESIAN_POINT('',(-0.000308265541797955,0.0041579469976853,0.00635));
#3216=CARTESIAN_POINT('',(-0.000285546816457479,0.00414295610788492,0.00635));
#3217=CARTESIAN_POINT('',(-0.000263834529784674,0.00412640086699844,0.00635));
#3218=CARTESIAN_POINT('',(-0.0002430449854043,0.00410836675270802,0.00635));
#3219=CARTESIAN_POINT('',(-0.000223610592209036,0.00408938209130811,0.00635));
#3220=CARTESIAN_POINT('',(-0.000199181788600467,0.00406288712515043,0.00635));
#3221=CARTESIAN_POINT('',(-0.000171081738557401,0.00402789563412918,0.00635));
#3222=CARTESIAN_POINT('',(-0.00013995109639361,0.00398389717196428,0.00635));
#3223=CARTESIAN_POINT('',(-0.000110064431252505,0.00393893885201579,0.00635));
#3224=CARTESIAN_POINT('',(-8.01890575588504E-5,0.00389396695402168,0.00635));
#3225=CARTESIAN_POINT('',(-4.0795048667286E-5,0.00383368657823885,0.00635));
#3226=CARTESIAN_POINT('',(6.95492731589615E-6,0.00375752174050593,0.00635));
#3227=CARTESIAN_POINT('',(5.9800884921054E-5,0.00366362000801489,0.00635));
#3228=CARTESIAN_POINT('',(9.06545309913879E-5,0.00359856913118608,0.00635));
#3229=CARTESIAN_POINT('',(0.00010462380078367,0.00356522711609394,0.00635));
#3230=CARTESIAN_POINT('',(0.000104623800765904,0.00356522711609205,0.00635));
#3231=CARTESIAN_POINT('',(-8.15516372926783E-7,-8.02294820411841E-8,0.00635));
#3232=CARTESIAN_POINT('',(0.000637318347065738,0.00350923866317677,0.00635));
#3233=CARTESIAN_POINT('',(0.000637318347065738,0.00350923866317677,0.00635));
#3234=CARTESIAN_POINT('',(0.000658215123564513,0.00353938126592276,0.00635));
#3235=CARTESIAN_POINT('',(0.000702523957792507,0.00359730086668274,0.00635));
#3236=CARTESIAN_POINT('',(0.000774579192563793,0.00367892126528596,0.00635));
#3237=CARTESIAN_POINT('',(0.000837746725804974,0.00374400207624765,0.00635));
#3238=CARTESIAN_POINT('',(0.000889262186977724,0.0037951447451277,0.00635));
#3239=CARTESIAN_POINT('',(0.00092816910372819,0.00383324466872542,0.00635));
#3240=CARTESIAN_POINT('',(0.000967128098560077,0.00387130647671666,0.00635));
#3241=CARTESIAN_POINT('',(0.00100735691711431,0.00390813343199878,0.00635));
#3242=CARTESIAN_POINT('',(0.0010502908303532,0.00394256785274897,0.00635));
#3243=CARTESIAN_POINT('',(0.00108840391814426,0.00396752496130124,0.00635));
#3244=CARTESIAN_POINT('',(0.00112082150226902,0.0039847720916148,0.00635));
#3245=CARTESIAN_POINT('',(0.00114575227763264,0.00399604565316043,0.00635));
#3246=CARTESIAN_POINT('',(0.0011713296794776,0.00400550257585719,0.00635));
#3247=CARTESIAN_POINT('',(0.00119762997317018,0.00401289554846083,0.00635));
#3248=CARTESIAN_POINT('',(0.00122033584594709,0.00401698828958162,0.00635));
#3249=CARTESIAN_POINT('',(0.00123851782911258,0.00401866260208805,0.00635));
#3250=CARTESIAN_POINT('',(0.00125220380394464,0.00401905645507006,0.00635));
#3251=CARTESIAN_POINT('',(0.00126594281555457,0.00401849502943325,0.00635));
#3252=CARTESIAN_POINT('',(0.00127970767747149,0.00401685564821974,0.00635));
#3253=CARTESIAN_POINT('',(0.00129306408449836,0.00401411021610744,0.00635));
#3254=CARTESIAN_POINT('',(0.00130607551298176,0.00401019194504814,0.00635));
#3255=CARTESIAN_POINT('',(0.00131660524330522,0.00400591720280679,0.00635));
#3256=CARTESIAN_POINT('',(0.00132484844312444,0.00400192932891239,0.00635));
#3257=CARTESIAN_POINT('',(0.00133299419288269,0.00399755509865278,0.00635));
#3258=CARTESIAN_POINT('',(0.00134273903121453,0.00399153378576253,0.00635));
#3259=CARTESIAN_POINT('',(0.00135750333159545,0.00398085422763199,0.00635));
#3260=CARTESIAN_POINT('',(0.00137113997352145,0.00396878467584961,0.00635));
#3261=CARTESIAN_POINT('',(0.00138387737315298,0.00395549538601488,0.00635));
#3262=CARTESIAN_POINT('',(0.00139586420300636,0.00394166007347551,0.00635));
#3263=CARTESIAN_POINT('',(0.00140953694562757,0.00392351784791884,0.00635));
#3264=CARTESIAN_POINT('',(0.00142419418977166,0.00390058245055573,0.00635));
#3265=CARTESIAN_POINT('',(0.00143729572753317,0.00387662730284892,0.00635));
#3266=CARTESIAN_POINT('',(0.00144895278626099,0.00385169645016395,0.00635));
#3267=CARTESIAN_POINT('',(0.00145898523043883,0.00382644841912872,0.00635));
#3268=CARTESIAN_POINT('',(0.0014705255794177,0.00379230797357087,0.00635));
#3269=CARTESIAN_POINT('',(0.00148196393089987,0.00374891233586748,0.00635));
#3270=CARTESIAN_POINT('',(0.00149250740084065,0.00369605576772299,0.00635));
#3271=CARTESIAN_POINT('',(0.00150152403189022,0.00364282829689857,0.00635));
#3272=CARTESIAN_POINT('',(0.00151052482500055,0.00358959301455769,0.00635));
#3273=CARTESIAN_POINT('',(0.00152199480519252,0.00351850116414245,0.00635));
#3274=CARTESIAN_POINT('',(0.00153463754843459,0.0034294994576611,0.00635));
#3275=CARTESIAN_POINT('',(0.00154472145750714,0.00332222156908269,0.00635));
#3276=CARTESIAN_POINT('',(0.00154644909045592,0.00325024532761076,0.00635));
#3277=CARTESIAN_POINT('',(0.0015456492341293,0.00321410406727317,0.00635));
#3278=CARTESIAN_POINT('',(0.00154564923410271,0.00321410406725699,0.00635));
#3279=CARTESIAN_POINT('',(-8.15516398750622E-7,-8.02294908652888E-8,0.00635));
#3280=CARTESIAN_POINT('',(0.00200951736180574,0.00294628967889068,0.00635));
#3281=CARTESIAN_POINT('',(0.00200951736180574,0.00294628967889068,0.00635));
#3282=CARTESIAN_POINT('',(0.00204086761811003,0.00296532683198658,0.00635));
#3283=CARTESIAN_POINT('',(0.00210490377633387,0.00300021699367681,0.00635));
#3284=CARTESIAN_POINT('',(0.00220392751569293,0.00304547343376486,0.00635));
#3285=CARTESIAN_POINT('',(0.00228810467933509,0.00307923516257671,0.00635));
#3286=CARTESIAN_POINT('',(0.00235596799234602,0.00310500308967988,0.00635));
#3287=CARTESIAN_POINT('',(0.00240700786443987,0.00312398423310761,0.00635));
#3288=CARTESIAN_POINT('',(0.0024580798092146,0.00314290937413213,0.00635));
#3289=CARTESIAN_POINT('',(0.0025098095358373,0.00316018993723527,0.00635));
#3290=CARTESIAN_POINT('',(0.0025630373579577,0.00317418455015326,0.00635));
#3291=CARTESIAN_POINT('',(0.00260800636673938,0.0031814820139217,0.00635));
#3292=CARTESIAN_POINT('',(0.00264463634335073,0.00318405263213348,0.00635));
#3293=CARTESIAN_POINT('',(0.00267199711051825,0.00318421128319427,0.00635));
#3294=CARTESIAN_POINT('',(0.00269920970678352,0.00318244734540215,0.00635));
#3295=CARTESIAN_POINT('',(0.00272624321348019,0.00317850386877426,0.00635));
#3296=CARTESIAN_POINT('',(0.0027486507282018,0.00317300746336308,0.00635));
#3297=CARTESIAN_POINT('',(0.00276594180058188,0.00316714174515081,0.00635));
#3298=CARTESIAN_POINT('',(0.0027786047551629,0.00316193496029309,0.00635));
#3299=CARTESIAN_POINT('',(0.00279092761443279,0.00315583391299138,0.00635));
#3300=CARTESIAN_POINT('',(0.00280283564510058,0.00314873759000195,0.00635));
#3301=CARTESIAN_POINT('',(0.00281392066222924,0.00314079697280882,0.00635));
#3302=CARTESIAN_POINT('',(0.00282421348920037,0.00313192522933783,0.00635));
#3303=CARTESIAN_POINT('',(0.00283209418219831,0.0031237372308164,0.00635));
#3304=CARTESIAN_POINT('',(0.00283800270550877,0.00311674131531184,0.00635));
#3305=CARTESIAN_POINT('',(0.00284366505846768,0.00310943208221549,0.00635));
#3306=CARTESIAN_POINT('',(0.00285011832266931,0.00309996775634514,0.00635));
#3307=CARTESIAN_POINT('',(0.00285926241459403,0.00308420631255107,0.00635));
#3308=CARTESIAN_POINT('',(0.00286681097790763,0.00306763370638468,0.00635));
#3309=CARTESIAN_POINT('',(0.00287304193034696,0.00305031256885323,0.00635));
#3310=CARTESIAN_POINT('',(0.00287836511573288,0.00303279789899215,0.00635));
#3311=CARTESIAN_POINT('',(0.00288347667972716,0.00301066294580793,0.00635));
#3312=CARTESIAN_POINT('',(0.00288753807200548,0.00298374877944772,0.00635));
#3313=CARTESIAN_POINT('',(0.00288976348595298,0.00295653578758476,0.00635));
#3314=CARTESIAN_POINT('',(0.00289027244767316,0.00292901896742417,0.00635));
#3315=CARTESIAN_POINT('',(0.00288916824209334,0.00290187318069077,0.00635));
#3316=CARTESIAN_POINT('',(0.00288582470526329,0.00286599044892592,0.00635));
#3317=CARTESIAN_POINT('',(0.00287862356329913,0.00282169416453631,0.00635));
#3318=CARTESIAN_POINT('',(0.00286675679927972,0.00276911887123125,0.00635));
#3319=CARTESIAN_POINT('',(0.00285334433881575,0.00271682576279285,0.00635));
#3320=CARTESIAN_POINT('',(0.00283991423244438,0.00266453196004932,0.00635));
#3321=CARTESIAN_POINT('',(0.00282147692016006,0.00259492106178763,0.00635));
#3322=CARTESIAN_POINT('',(0.00279682638549876,0.00250847169016362,0.00635));
#3323=CARTESIAN_POINT('',(0.00276240464655065,0.00240636696702208,0.00635));
#3324=CARTESIAN_POINT('',(0.00273470754294597,0.00233991070694116,0.00635));
#3325=CARTESIAN_POINT('',(0.00271927686292578,0.00230721935360351,0.00635));
#3326=CARTESIAN_POINT('',(0.00271927686292578,0.0023072193536035,0.00635));
#3327=CARTESIAN_POINT('',(-8.15516376016096E-7,-8.02294736570487E-8,0.00635));
#3328=CARTESIAN_POINT('',(0.00303411155862919,0.00187388657050014,0.00635));
#3329=CARTESIAN_POINT('',(0.00303411155862919,0.00187388657050014,0.00635));
#3330=CARTESIAN_POINT('',(0.00307049455061586,0.00187852657722857,0.00635));
#3331=CARTESIAN_POINT('',(0.00314318559932839,0.00188435447392569,0.00635));
#3332=CARTESIAN_POINT('',(0.00325205573913762,0.00188542170586547,0.00635));
#3333=CARTESIAN_POINT('',(0.00334268753686154,0.00188202664290023,0.00635));
#3334=CARTESIAN_POINT('',(0.00341516451837221,0.00187796431953613,0.00635));
#3335=CARTESIAN_POINT('',(0.00346951208824175,0.00187454467065692,0.00635));
#3336=CARTESIAN_POINT('',(0.00352386617973373,0.00187106081590208,0.00635));
#3337=CARTESIAN_POINT('',(0.00357815227474203,0.00186580702047672,0.00635));
#3338=CARTESIAN_POINT('',(0.00363247043173974,0.00185694202985193,0.00635));
#3339=CARTESIAN_POINT('',(0.00367651981136308,0.00184531805105559,0.00635));
#3340=CARTESIAN_POINT('',(0.00371102852473201,0.00183276767392345,0.00635));
#3341=CARTESIAN_POINT('',(0.00373608835849541,0.00182178398228968,0.00635));
#3342=CARTESIAN_POINT('',(0.00376023084406804,0.00180910418487781,0.00635));
#3343=CARTESIAN_POINT('',(0.00378332322486926,0.0017945061219527,0.00635));
#3344=CARTESIAN_POINT('',(0.00380155791867431,0.00178037094843842,0.00635));
#3345=CARTESIAN_POINT('',(0.00381496829677002,0.00176797943547473,0.00635));
#3346=CARTESIAN_POINT('',(0.0038244186912136,0.00175807231318133,0.00635));
#3347=CARTESIAN_POINT('',(0.00383319466382603,0.00174748657071945,0.00635));
#3348=CARTESIAN_POINT('',(0.00384118685656114,0.00173616032466704,0.00635));
#3349=CARTESIAN_POINT('',(0.00384808378362584,0.00172439752724403,0.00635));
#3350=CARTESIAN_POINT('',(0.003853878285794,0.00171210631640473,0.00635));
#3351=CARTESIAN_POINT('',(0.00385774729805323,0.00170142084093319,0.00635));
#3352=CARTESIAN_POINT('',(0.00386029950749731,0.00169262654116513,0.00635));
#3353=CARTESIAN_POINT('',(0.00386249939138942,0.00168364613803668,0.00635));
#3354=CARTESIAN_POINT('',(0.0038645452534543,0.00167237526710993,0.00635));
#3355=CARTESIAN_POINT('',(0.00386648804035756,0.00165425723447253,0.00635));
#3356=CARTESIAN_POINT('',(0.00386664330988528,0.0016360471280857,0.00635));
#3357=CARTESIAN_POINT('',(0.00386529042684922,0.00161768912489431,0.00635));
#3358=CARTESIAN_POINT('',(0.00386302954065483,0.00159952354324626,0.00635));
#3359=CARTESIAN_POINT('',(0.00385869609017047,0.00157722319692978,0.00635));
#3360=CARTESIAN_POINT('',(0.00385145937896149,0.00155098396544368,0.00635));
#3361=CARTESIAN_POINT('',(0.00384242387480621,0.00152521850293995,0.00635));
#3362=CARTESIAN_POINT('',(0.00383169673541354,0.00149987362349195,0.00635));
#3363=CARTESIAN_POINT('',(0.0038196468072522,0.00147552383419833,0.00635));
#3364=CARTESIAN_POINT('',(0.00380199751250621,0.00144410326653299,0.00635));
#3365=CARTESIAN_POINT('',(0.00377740201996166,0.00140656556544723,0.00635));
#3366=CARTESIAN_POINT('',(0.00374517689328719,0.00136336229282559,0.00635));
#3367=CARTESIAN_POINT('',(0.00371165447757228,0.00132104550029018,0.00635));
#3368=CARTESIAN_POINT('',(0.00367811565911948,0.0012787352507126,0.00635));
#3369=CARTESIAN_POINT('',(0.00363295903315055,0.00122264166130909,0.00635));
#3370=CARTESIAN_POINT('',(0.00357527752197188,0.00115369250626407,0.00635));
#3371=CARTESIAN_POINT('',(0.00350230196637889,0.00107441578278285,0.00635));
#3372=CARTESIAN_POINT('',(0.0034499692070543,0.0010249703951971,0.00635));
#3373=CARTESIAN_POINT('',(0.00342257580809935,0.00100138158084309,0.00635));
#3374=CARTESIAN_POINT('',(0.00342257580809935,0.00100138158084309,0.00635));
#3375=CARTESIAN_POINT('',(-8.15516375278404E-7,-8.02294705747704E-8,0.00635));
#3376=CARTESIAN_POINT('',(0.0035339392927272,0.00047745757796647,0.00635));
#3377=CARTESIAN_POINT('',(0.0035339392927272,0.00047745757796647,0.00635));
#3378=CARTESIAN_POINT('',(0.00356906407055264,0.000466898139010949,0.00635));
#3379=CARTESIAN_POINT('',(0.00363784106705403,0.000442656074431218,0.00635));
#3380=CARTESIAN_POINT('',(0.00373773297108623,0.000399349564124861,0.00635));
#3381=CARTESIAN_POINT('',(0.00381914834170139,0.000359384746612409,0.00635));
#3382=CARTESIAN_POINT('',(0.00388370706317591,0.000326194585395738,0.00635));
#3383=CARTESIAN_POINT('',(0.00393196514225852,0.00030096543256734,0.00635));
#3384=CARTESIAN_POINT('',(0.00398020306425736,0.000275674972170089,0.00635));
#3385=CARTESIAN_POINT('',(0.00402765896865063,0.000248795247174496,0.00635));
#3386=CARTESIAN_POINT('',(0.00407367535771578,0.000218603490421856,0.00635));
#3387=CARTESIAN_POINT('',(0.00410918857026785,0.000190067960595156,0.00635));
#3388=CARTESIAN_POINT('',(0.00413560915035107,0.000164566662341846,0.00635));
#3389=CARTESIAN_POINT('',(0.0041540349777912,0.000144339808080712,0.00635));
#3390=CARTESIAN_POINT('',(0.0041709328975881,0.000122936603213946,0.00635));
#3391=CARTESIAN_POINT('',(0.00418609127006564,0.00010020809169062,0.00635));
#3392=CARTESIAN_POINT('',(0.00419700019873826,7.98782499878768E-5,0.00635));
#3393=CARTESIAN_POINT('',(0.00420421110634739,6.31035474375441E-5,0.00635));
#3394=CARTESIAN_POINT('',(0.00420881488160009,5.02091191563843E-5,0.00635));
#3395=CARTESIAN_POINT('',(0.00421252652216316,3.69690525744524E-5,0.00635));
#3396=CARTESIAN_POINT('',(0.00421522095423493,2.33712942972329E-5,0.00635));
#3397=CARTESIAN_POINT('',(0.00421673724988956,9.82021118043486E-6,0.00635));
#3398=CARTESIAN_POINT('',(0.00421703150518847,-3.76520501090209E-6,0.00635));
#3399=CARTESIAN_POINT('',(0.00421621984934049,-1.51005416490128E-5,0.00635));
#3400=CARTESIAN_POINT('',(0.00421497444471921,-2.4172611356991E-5,0.00635));
#3401=CARTESIAN_POINT('',(0.00421333147963426,-3.32713912322162E-5,0.00635));
#3402=CARTESIAN_POINT('',(0.00421061619142531,-4.43999712394951E-5,0.00635));
#3403=CARTESIAN_POINT('',(0.00420502174780187,-6.17418202800532E-5,0.00635));
#3404=CARTESIAN_POINT('',(0.00419775687603181,-7.84407340594077E-5,0.00635));
#3405=CARTESIAN_POINT('',(0.00418905408328785,-9.46613373817368E-5,0.00635));
#3406=CARTESIAN_POINT('',(0.00417960005327567,-0.000110336836720662,0.00635));
#3407=CARTESIAN_POINT('',(0.00416657088126957,-0.00012894664369899,0.00635));
#3408=CARTESIAN_POINT('',(0.00414928735968479,-0.000149973938811101,0.00635));
#3409=CARTESIAN_POINT('',(0.00413055325818017,-0.00016983678941683,0.00635));
#3410=CARTESIAN_POINT('',(0.00411044483752866,-0.00018862736824467,0.00635));
#3411=CARTESIAN_POINT('',(0.00408953272883504,-0.000205970860318768,0.00635));
#3412=CARTESIAN_POINT('',(0.00406062939957352,-0.00022749636228835,0.00635));
#3413=CARTESIAN_POINT('',(0.00402289234055256,-0.000251784870533226,0.00635));
#3414=CARTESIAN_POINT('',(0.00397588086838112,-0.000278145884145754,0.00635));
#3415=CARTESIAN_POINT('',(0.00392804482763398,-0.000303169402912812,0.00635));
#3416=CARTESIAN_POINT('',(0.00388019646350083,-0.000328180272795908,0.00635));
#3417=CARTESIAN_POINT('',(0.00381612851471239,-0.000361057462139125,0.00635));
#3418=CARTESIAN_POINT('',(0.00373538968431924,-0.000400584465314455,0.00635));
#3419=CARTESIAN_POINT('',(0.00363647844860551,-0.00044332552343903,0.00635));
#3420=CARTESIAN_POINT('',(0.00356855884307642,-0.00046721048181879,0.00635));
#3421=CARTESIAN_POINT('',(0.00353393929272724,-0.000477618036889694,0.00635));
#3422=CARTESIAN_POINT('',(0.00353393929272724,-0.000477618036889694,0.00635));
#3423=CARTESIAN_POINT('',(-8.1551637506872E-7,-8.02294526878198E-8,0.00635));
#3424=CARTESIAN_POINT('',(0.0034225758080994,-0.00100154203976627,0.00635));
#3425=CARTESIAN_POINT('',(0.0034225758080994,-0.00100154203976627,0.00635));
#3426=CARTESIAN_POINT('',(0.00345036897857901,-0.00102547510148084,0.00635));
#3427=CARTESIAN_POINT('',(0.00350333975535477,-0.00107559545413934,0.00635));
#3428=CARTESIAN_POINT('',(0.00357698120591333,-0.00115578761763257,0.00635));
#3429=CARTESIAN_POINT('',(0.00363510269220495,-0.00122541190967537,0.00635));
#3430=CARTESIAN_POINT('',(0.0036805803642028,-0.0012819910283471,0.00635));
#3431=CARTESIAN_POINT('',(0.00371440469221419,-0.001324667335401,0.00635));
#3432=CARTESIAN_POINT('',(0.00374818566977854,-0.00136739145108136,0.00635));
#3433=CARTESIAN_POINT('',(0.00378060582656382,-0.00141124935700081,0.00635));
#3434=CARTESIAN_POINT('',(0.00381036379598128,-0.00145754745085526,0.00635));
#3435=CARTESIAN_POINT('',(0.00383120028438442,-0.00149806047936813,0.00635));
#3436=CARTESIAN_POINT('',(0.0038449643728621,-0.0015321032926026,0.00635));
#3437=CARTESIAN_POINT('',(0.00385357020102118,-0.00155807590263415,0.00635));
#3438=CARTESIAN_POINT('',(0.00386030175119668,-0.00158450170639234,0.00635));
#3439=CARTESIAN_POINT('',(0.00386490509503968,-0.00161143070038946,0.00635));
#3440=CARTESIAN_POINT('',(0.00386660200570786,-0.00163443999595945,0.00635));
#3441=CARTESIAN_POINT('',(0.00386636661139575,-0.00165269738963207,0.00635));
#3442=CARTESIAN_POINT('',(0.0038653277328924,-0.00166634956010898,0.00635));
#3443=CARTESIAN_POINT('',(0.00386333326503357,-0.00167995462301672,0.00635));
#3444=CARTESIAN_POINT('',(0.00386026404465861,-0.00169347271758086,0.00635));
#3445=CARTESIAN_POINT('',(0.00385613752760938,-0.00170646898101283,0.00635));
#3446=CARTESIAN_POINT('',(0.00385088065662463,-0.00171899956067709,0.00635));
#3447=CARTESIAN_POINT('',(0.00384552867533922,-0.00172902477579874,0.00635));
#3448=CARTESIAN_POINT('',(0.00384070099842575,-0.00173680597217696,0.00635));
#3449=CARTESIAN_POINT('',(0.0038354992679528,-0.00174444986709872,0.00635));
#3450=CARTESIAN_POINT('',(0.00382849232746897,-0.00175351192360328,0.00635));
#3451=CARTESIAN_POINT('',(0.00381632798344525,-0.00176707902580214,0.00635));
#3452=CARTESIAN_POINT('',(0.00380289913270573,-0.00177937935307671,0.00635));
#3453=CARTESIAN_POINT('',(0.00378835122218169,-0.00179065786685597,0.00635));
#3454=CARTESIAN_POINT('',(0.00377333873602799,-0.00180113284764265,0.00635));
#3455=CARTESIAN_POINT('',(0.00375386670470633,-0.00181283431059148,0.00635));
#3456=CARTESIAN_POINT('',(0.00372952485064362,-0.00182501385897774,0.00635));
#3457=CARTESIAN_POINT('',(0.00370433144813376,-0.00183553963036741,0.00635));
#3458=CARTESIAN_POINT('',(0.00367831867483332,-0.00184452684678871,0.00635));
#3459=CARTESIAN_POINT('',(0.00365216027918112,-0.00185186519430298,0.00635));
#3460=CARTESIAN_POINT('',(0.00361700056361187,-0.00185977367573322,0.00635));
#3461=CARTESIAN_POINT('',(0.00357264701844964,-0.0018666132874075,0.00635));
#3462=CARTESIAN_POINT('',(0.00351897791140548,-0.00187157398327502,0.00635));
#3463=CARTESIAN_POINT('',(0.00346509953164808,-0.00187497743454737,0.00635));
#3464=CARTESIAN_POINT('',(0.00341121503868195,-0.00187836431811658,0.00635));
#3465=CARTESIAN_POINT('',(0.00333931369745857,-0.00188234034268218,0.00635));
#3466=CARTESIAN_POINT('',(0.00324947802511514,-0.00188561061604726,0.00635));
#3467=CARTESIAN_POINT('',(0.00314173376051596,-0.00188442569157512,0.00635));
#3468=CARTESIAN_POINT('',(0.00306997122560859,-0.00187862029445699,0.00635));
#3469=CARTESIAN_POINT('',(0.0030341115586293,-0.00187404702942335,0.00635));
#3470=CARTESIAN_POINT('',(0.0030341115586293,-0.00187404702942335,0.00635));
#3471=CARTESIAN_POINT('',(-8.15516367861811E-7,-8.02294363220048E-8,0.00635));
#3472=CARTESIAN_POINT('',(0.00271927686294341,-0.00230737981250246,0.00635));
#3473=CARTESIAN_POINT('',(0.00271927686294341,-0.00230737981250246,0.00635));
#3474=CARTESIAN_POINT('',(0.00273493273440822,-0.0023405482531806,0.00635));
#3475=CARTESIAN_POINT('',(0.00276293816292941,-0.00240788062961412,0.00635));
#3476=CARTESIAN_POINT('',(0.00279759588420116,-0.00251109249270331,0.00635));
#3477=CARTESIAN_POINT('',(0.0028223737531723,-0.00259833758666541,0.00635));
#3478=CARTESIAN_POINT('',(0.00284090687305338,-0.0026685226191687,0.00635));
#3479=CARTESIAN_POINT('',(0.00285444891639604,-0.00272126695925639,0.00635));
#3480=CARTESIAN_POINT('',(0.00286793191161447,-0.00277403734248233,0.00635));
#3481=CARTESIAN_POINT('',(0.0028797105811557,-0.00282728999895559,0.00635));
#3482=CARTESIAN_POINT('',(0.00288806470767052,-0.00288168906887944,0.00635));
#3483=CARTESIAN_POINT('',(0.00289062165378627,-0.00292717452539931,0.00635));
#3484=CARTESIAN_POINT('',(0.00288934931471781,-0.00296387254193744,0.00635));
#3485=CARTESIAN_POINT('',(0.00288664711772564,-0.00299110000751119,0.00635));
#3486=CARTESIAN_POINT('',(0.00288204835210017,-0.00301797914862012,0.00635));
#3487=CARTESIAN_POINT('',(0.00287530070733812,-0.0030444523573867,0.00635));
#3488=CARTESIAN_POINT('',(0.00286749218873139,-0.00306616259058699,0.00635));
#3489=CARTESIAN_POINT('',(0.00285985119431308,-0.0030827458061527,0.00635));
#3490=CARTESIAN_POINT('',(0.00285334929358483,-0.00309479513452384,0.00635));
#3491=CARTESIAN_POINT('',(0.00284599357891605,-0.00310641275478251,0.00635));
#3492=CARTESIAN_POINT('',(0.00283769140218021,-0.0031175137842754,0.00635));
#3493=CARTESIAN_POINT('',(0.00282863558471316,-0.00312770805600781,0.00635));
#3494=CARTESIAN_POINT('',(0.00281873654819519,-0.0031370171480843,0.00635));
#3495=CARTESIAN_POINT('',(0.00280976964765782,-0.00314399879091875,0.00635));
#3496=CARTESIAN_POINT('',(0.00280219444764857,-0.00314914367442346,0.00635));
#3497=CARTESIAN_POINT('',(0.00279433337824262,-0.00315401098551717,0.00635));
#3498=CARTESIAN_POINT('',(0.00278424634914961,-0.0031594396066232,0.00635));
#3499=CARTESIAN_POINT('',(0.00276761543031692,-0.0031668860867569,0.00635));
#3500=CARTESIAN_POINT('',(0.00275034457089807,-0.00317266098919594,0.00635));
#3501=CARTESIAN_POINT('',(0.00273246700848718,-0.00317704725593764,0.00635));
#3502=CARTESIAN_POINT('',(0.0027144918614321,-0.00318051049883181,0.00635));
#3503=CARTESIAN_POINT('',(0.00269194386190822,-0.00318328032850287,0.00635));
#3504=CARTESIAN_POINT('',(0.00266475260307384,-0.00318450617559956,0.00635));
#3505=CARTESIAN_POINT('',(0.00263745606772758,-0.00318387486627626,0.00635));
#3506=CARTESIAN_POINT('',(0.00261003678660048,-0.00318150474892547,0.00635));
#3507=CARTESIAN_POINT('',(0.00258315512823951,-0.00317756908492792,0.00635));
#3508=CARTESIAN_POINT('',(0.00254781846060046,-0.00317049309753324,0.00635));
#3509=CARTESIAN_POINT('',(0.00250451756019482,-0.00315870118164252,0.00635));
#3510=CARTESIAN_POINT('',(0.00245347069445443,-0.00314140381038303,0.00635));
#3511=CARTESIAN_POINT('',(0.00240286603701651,-0.00312259870651629,0.00635));
#3512=CARTESIAN_POINT('',(0.0023522625335765,-0.00310377598083361,0.00635));
#3513=CARTESIAN_POINT('',(0.00228496019501888,-0.00307816334985313,0.00635));
#3514=CARTESIAN_POINT('',(0.00220156108460483,-0.00304461143343361,0.00635));
#3515=CARTESIAN_POINT('',(0.00210361375329529,-0.0029997054105707,0.00635));
#3516=CARTESIAN_POINT('',(0.00204041668323729,-0.0029652134638568,0.00635));
#3517=CARTESIAN_POINT('',(0.00200951736182345,-0.00294645013778977,0.00635));
#3518=CARTESIAN_POINT('',(0.00200951736182345,-0.00294645013778977,0.00635));
#3519=CARTESIAN_POINT('',(-8.15516354537725E-7,-8.02294243726874E-8,0.00635));
#3520=CARTESIAN_POINT('',(0.00154564923414701,-0.00321426452617225,0.00635));
#3521=CARTESIAN_POINT('',(0.00154564923414701,-0.00321426452617225,0.00635));
#3522=CARTESIAN_POINT('',(0.00154646076419166,-0.00325093322109488,0.00635));
#3523=CARTESIAN_POINT('',(0.00154465845144566,-0.00332383524172261,0.00635));
#3524=CARTESIAN_POINT('',(0.00153433980856722,-0.00343222053562931,0.00635));
#3525=CARTESIAN_POINT('',(0.00152148974157287,-0.00352200096216787,0.00635));
#3526=CARTESIAN_POINT('',(0.00150987376454162,-0.00359365627877191,0.00635));
#3527=CARTESIAN_POINT('',(0.00150079198089597,-0.00364734867632495,0.00635));
#3528=CARTESIAN_POINT('',(0.00149164566140604,-0.00370104084843282,0.00635));
#3529=CARTESIAN_POINT('',(0.00148074620473371,-0.00375448038737046,0.00635));
#3530=CARTESIAN_POINT('',(0.00146625198397662,-0.00380757433997386,0.00635));
#3531=CARTESIAN_POINT('',(0.00145008726859244,-0.00385016737584602,0.00635));
#3532=CARTESIAN_POINT('',(0.00143399850096161,-0.00388317517523736,0.00635));
#3533=CARTESIAN_POINT('',(0.00142045551322682,-0.00390694962020186,0.00635));
#3534=CARTESIAN_POINT('',(0.00140532160015551,-0.00392963445097447,0.00635));
#3535=CARTESIAN_POINT('',(0.00138838969586819,-0.00395107441621321,0.00635));
#3536=CARTESIAN_POINT('',(0.00137242591179181,-0.00396773169049221,0.00635));
#3537=CARTESIAN_POINT('',(0.00135870051461849,-0.0039797733393259,0.00635));
#3538=CARTESIAN_POINT('',(0.00134785982936916,-0.00398813638725118,0.00635));
#3539=CARTESIAN_POINT('',(0.00133641473778124,-0.0039957577727753,0.00635));
#3540=CARTESIAN_POINT('',(0.00132431512646504,-0.00400252226834793,0.00635));
#3541=CARTESIAN_POINT('',(0.00131189584168973,-0.00400815186618618,0.00635));
#3542=CARTESIAN_POINT('',(0.00129906627298243,-0.00401262984408444,0.00635));
#3543=CARTESIAN_POINT('',(0.00128803491175774,-0.00401536072515936,0.00635));
#3544=CARTESIAN_POINT('',(0.00127902200955284,-0.0040169796986928,0.00635));
#3545=CARTESIAN_POINT('',(0.00126986085152976,-0.00401822882365223,0.00635));
#3546=CARTESIAN_POINT('',(0.00125843787279553,-0.00401908535145301,0.00635));
#3547=CARTESIAN_POINT('',(0.00124021601610719,-0.00401912364545731,0.00635));
#3548=CARTESIAN_POINT('',(0.00122208943650338,-0.00401737458996576,0.00635));
#3549=CARTESIAN_POINT('',(0.00120397341515903,-0.00401411018430226,0.00635));
#3550=CARTESIAN_POINT('',(0.00118614367342747,-0.00400996286314497,0.00635));
#3551=CARTESIAN_POINT('',(0.00116441845966122,-0.00400332213082498,0.00635));
#3552=CARTESIAN_POINT('',(0.00113907941173244,-0.00399338231653263,0.00635));
#3553=CARTESIAN_POINT('',(0.00111439956249239,-0.00398170308561362,0.00635));
#3554=CARTESIAN_POINT('',(0.00109031481634186,-0.00396838544931254,0.00635));
#3555=CARTESIAN_POINT('',(0.00106735797821493,-0.00395385628586272,0.00635));
#3556=CARTESIAN_POINT('',(0.00103795438936441,-0.00393301933214698,0.00635));
#3557=CARTESIAN_POINT('',(0.00100319325277182,-0.00390463481807496,0.00635));
#3558=CARTESIAN_POINT('',(0.00096359509516792,-0.0038680702523209,0.00635));
#3559=CARTESIAN_POINT('',(0.000925014165049397,-0.00383030816661265,0.00635));
#3560=CARTESIAN_POINT('',(0.000886441456598679,-0.00379253045194773,0.00635));
#3561=CARTESIAN_POINT('',(0.000835375306465965,-0.00374175782200117,0.00635));
#3562=CARTESIAN_POINT('',(0.000772833221829001,-0.00367718514695561,0.00635));
#3563=CARTESIAN_POINT('',(0.000701618807216106,-0.00359632268501333,0.00635));
#3564=CARTESIAN_POINT('',(0.000657914549547872,-0.00353910815963996,0.00635));
#3565=CARTESIAN_POINT('',(0.00063731834708348,-0.00350939912207596,0.00635));
#3566=CARTESIAN_POINT('',(0.00063731834708348,-0.00350939912207596,0.00635));
#3567=CARTESIAN_POINT('',(-8.15516337493803E-7,-8.02294188725298E-8,0.00635));
#3568=CARTESIAN_POINT('',(0.000104623800801413,-0.00356538757499314,0.00635));
#3569=CARTESIAN_POINT('',(0.000104623800765848,-0.00356538757497084,0.00635));
#3570=CARTESIAN_POINT('',(9.0450668473066E-5,-0.0035992161736612,0.00635));
#3571=CARTESIAN_POINT('',(5.91522507071257E-5,-0.00366508241682254,0.00635));
#3572=CARTESIAN_POINT('',(5.64143077409936E-6,-0.00375990033958078,0.00635));
#3573=CARTESIAN_POINT('',(-4.26146788632014E-5,-0.00383669224731772,0.00635));
#3574=CARTESIAN_POINT('',(-8.23712448502388E-5,-0.00389742799281355,0.00635));
#3575=CARTESIAN_POINT('',(-0.000112506532586425,-0.0039427845445149,0.00635));
#3576=CARTESIAN_POINT('',(-0.000142700685053199,-0.00398811464116917,0.00635));
#3577=CARTESIAN_POINT('',(-0.000174393652862,-0.00403250088080592,0.00635));
#3578=CARTESIAN_POINT('',(-0.000209230038446239,-0.0040751092893403,0.00635));
#3579=CARTESIAN_POINT('',(-0.000241321389188595,-0.00410744518171688,0.00635));
#3580=CARTESIAN_POINT('',(-0.000269444691296566,-0.00413105541558022,0.00635));
#3581=CARTESIAN_POINT('',(-0.000291486764160443,-0.00414726602241706,0.00635));
#3582=CARTESIAN_POINT('',(-0.000314539033620283,-0.00416183412952752,0.00635));
#3583=CARTESIAN_POINT('',(-0.000338727517360079,-0.00417453368647269,0.00635));
#3584=CARTESIAN_POINT('',(-0.000360086283612874,-0.00418325780778096,0.00635));
#3585=CARTESIAN_POINT('',(-0.000377522837678615,-0.00418867577940435,0.00635));
#3586=CARTESIAN_POINT('',(-0.000390827854484882,-0.00419190649992157,0.00635));
#3587=CARTESIAN_POINT('',(-0.000404383362681003,-0.00419421384391592,0.00635));
#3588=CARTESIAN_POINT('',(-0.000418188275859467,-0.00419547216283025,0.00635));
#3589=CARTESIAN_POINT('',(-0.000431823620779714,-0.00419556367816483,0.00635));
#3590=CARTESIAN_POINT('',(-0.000445365372693895,-0.00419443625882509,0.00635));
#3591=CARTESIAN_POINT('',(-0.000456553772033371,-0.00419244418399336,0.00635));
#3592=CARTESIAN_POINT('',(-0.000465445963763057,-0.00419025731232367,0.00635));
#3593=CARTESIAN_POINT('',(-0.000474323162954569,-0.0041876722660954,0.00635));
#3594=CARTESIAN_POINT('',(-0.000485106954532357,-0.00418380859915285,0.00635));
#3595=CARTESIAN_POINT('',(-0.000501769024514566,-0.00417643208564651,0.00635));
#3596=CARTESIAN_POINT('',(-0.00051761707401504,-0.00416746149980854,0.00635));
#3597=CARTESIAN_POINT('',(-0.000532839129623514,-0.00415711086713526,0.00635));
#3598=CARTESIAN_POINT('',(-0.000547440541708048,-0.00414607009143183,0.00635));
#3599=CARTESIAN_POINT('',(-0.000564586482889123,-0.00413116704006809,0.00635));
#3600=CARTESIAN_POINT('',(-0.000583691968327378,-0.00411178024857821,0.00635));
#3601=CARTESIAN_POINT('',(-0.000601487761318222,-0.00409107254119187,0.00635));
#3602=CARTESIAN_POINT('',(-0.000618073501079712,-0.00406911012624389,0.00635));
#3603=CARTESIAN_POINT('',(-0.000633136073104115,-0.00404649968769558,0.00635));
#3604=CARTESIAN_POINT('',(-0.000651522435530633,-0.00401550466625401,0.00635));
#3605=CARTESIAN_POINT('',(-0.00067173329199829,-0.00397543549434895,0.00635));
#3606=CARTESIAN_POINT('',(-0.000693035860278019,-0.00392592607969786,0.00635));
#3607=CARTESIAN_POINT('',(-0.00071292206976291,-0.00387573641982483,0.00635));
#3608=CARTESIAN_POINT('',(-0.000732794411511148,-0.00382553582624299,0.00635));
#3609=CARTESIAN_POINT('',(-0.000758794571939583,-0.00375838224630296,0.00635));
#3610=CARTESIAN_POINT('',(-0.000789665536188717,-0.00367395401477105,0.00635));
#3611=CARTESIAN_POINT('',(-0.000821833414855753,-0.00357111696803161,0.00635));
#3612=CARTESIAN_POINT('',(-0.000838487996942679,-0.0035010727752135,0.00635));
#3613=CARTESIAN_POINT('',(-0.000845219809940925,-0.0034655549886455,0.00635));
#3614=CARTESIAN_POINT('',(-0.000845219809940925,-0.0034655549886455,0.00635));
#3615=CARTESIAN_POINT('',(-8.15516319677373E-7,-8.02294207605594E-8,0.00635));
#3616=CARTESIAN_POINT('',(-0.00135463304836287,-0.00330003659397124,0.00635));
#3617=CARTESIAN_POINT('',(-0.00135463304836287,-0.00330003659397124,0.00635));
#3618=CARTESIAN_POINT('',(-0.00138134017966079,-0.0033251758243926,0.00635));
#3619=CARTESIAN_POINT('',(-0.00143672292167771,-0.00337261741826894,0.00635));
#3620=CARTESIAN_POINT('',(-0.00152417341176837,-0.00343747308964004,0.00635));
#3621=CARTESIAN_POINT('',(-0.00159949164429934,-0.00348799846009506,0.00635));
#3622=CARTESIAN_POINT('',(-0.00166051452780594,-0.00352731287231951,0.00635));
#3623=CARTESIAN_POINT('',(-0.00170649265461259,-0.00355649101832869,0.00635));
#3624=CARTESIAN_POINT('',(-0.00175251379678944,-0.00358562105400683,0.00635));
#3625=CARTESIAN_POINT('',(-0.001799520273679,-0.00361327921027317,0.00635));
#3626=CARTESIAN_POINT('',(-0.00184867529654424,-0.0036380346938177,0.00635));
#3627=CARTESIAN_POINT('',(-0.00189114439656064,-0.00365452227314445,0.00635));
#3628=CARTESIAN_POINT('',(-0.0019264394587191,-0.00366465251755258,0.00635));
#3629=CARTESIAN_POINT('',(-0.00195316934206796,-0.00367049632507092,0.00635));
#3630=CARTESIAN_POINT('',(-0.00198015402110343,-0.00367442875045277,0.00635));
#3631=CARTESIAN_POINT('',(-0.0020074166757116,-0.00367619203033668,0.00635));
#3632=CARTESIAN_POINT('',(-0.0020304772994174,-0.00367547451884387,0.00635));
#3633=CARTESIAN_POINT('',(-0.00204861007177148,-0.00367333199674255,0.00635));
#3634=CARTESIAN_POINT('',(-0.0020620788618566,-0.00367087176892412,0.00635));
#3635=CARTESIAN_POINT('',(-0.00207540091614588,-0.00366746611065049,0.00635));
#3636=CARTESIAN_POINT('',(-0.00208852413628435,-0.0036630006781348,0.00635));
#3637=CARTESIAN_POINT('',(-0.00210101786633962,-0.00365753828713296,0.00635));
#3638=CARTESIAN_POINT('',(-0.00211293030953175,-0.00365100041160135,0.00635));
#3639=CARTESIAN_POINT('',(-0.00212234117109681,-0.00364462982869881,0.00635));
#3640=CARTESIAN_POINT('',(-0.00212957511161819,-0.00363901524180481,0.00635));
#3641=CARTESIAN_POINT('',(-0.0021366334035911,-0.0036330430023661,0.00635));
#3642=CARTESIAN_POINT('',(-0.00214491339248098,-0.00362512720379492,0.00635));
#3643=CARTESIAN_POINT('',(-0.00215713465248698,-0.0036116113489767,0.00635));
#3644=CARTESIAN_POINT('',(-0.00216796390015048,-0.00359697032857892,0.00635));
#3645=CARTESIAN_POINT('',(-0.00217765995832034,-0.00358132318731761,0.00635));
#3646=CARTESIAN_POINT('',(-0.00218650832395877,-0.00356529800748946,0.00635));
#3647=CARTESIAN_POINT('',(-0.00219611030355848,-0.00354470951005274,0.00635));
#3648=CARTESIAN_POINT('',(-0.00220567871450605,-0.00351922789373741,0.00635));
#3649=CARTESIAN_POINT('',(-0.00221351339696988,-0.00349307226061446,0.00635));
#3650=CARTESIAN_POINT('',(-0.00221973230526085,-0.00346626256808635,0.00635));
#3651=CARTESIAN_POINT('',(-0.00222429615564054,-0.00343948040467393,0.00635));
#3652=CARTESIAN_POINT('',(-0.00222848612254466,-0.00340368663629472,0.00635));
#3653=CARTESIAN_POINT('',(-0.00223065205819427,-0.00335886113039601,0.00635));
#3654=CARTESIAN_POINT('',(-0.00222997562956651,-0.00330496749441997,0.00635));
#3655=CARTESIAN_POINT('',(-0.00222772861213728,-0.00325102850853295,0.00635));
#3656=CARTESIAN_POINT('',(-0.00222546447876021,-0.00319708517472257,0.00635));
#3657=CARTESIAN_POINT('',(-0.00222190298554225,-0.00312516210883181,0.00635));
#3658=CARTESIAN_POINT('',(-0.00221576495923097,-0.00303547672905183,0.00635));
#3659=CARTESIAN_POINT('',(-0.00220332418349461,-0.00292844655714174,0.00635));
#3660=CARTESIAN_POINT('',(-0.00219004936145528,-0.00285768397414865,0.00635));
#3661=CARTESIAN_POINT('',(-0.00218175279336338,-0.00282249878654321,0.00635));
#3662=CARTESIAN_POINT('',(0.,0.,0.));
#3663=CARTESIAN_POINT('',(-2.8542164351867E-20,0.00630606098785293,0.));
#3664=CARTESIAN_POINT('',(-0.000809811622346366,0.00608907261762389,0.));
#3665=CARTESIAN_POINT('',(0.000809811622346288,0.0060890726176239,0.));
#3666=CARTESIAN_POINT('',(0.000983286330292369,0.00673648904150686,0.));
#3667=CARTESIAN_POINT('',(0.00115676103823845,0.00738390546538981,0.));
#3668=CARTESIAN_POINT('',(0.0016397239668378,0.00725449593869744,0.));
#3669=CARTESIAN_POINT('',(0.00174995751459151,0.00774219316131577,0.));
#3670=CARTESIAN_POINT('',(0.00205277321603479,0.00766105393865859,0.));
#3671=CARTESIAN_POINT('',(0.00235558891747806,0.0075799147160014,0.));
#3672=CARTESIAN_POINT('',(0.0022072053588729,0.00710243975798195,0.));
#3673=CARTESIAN_POINT('',(0.00269016828747225,0.00697303023128959,0.));
#3674=CARTESIAN_POINT('',(0.00251669357952617,0.00632561380740664,0.));
#3675=CARTESIAN_POINT('',(0.0023432188715801,0.00567819738352368,0.));
#3676=CARTESIAN_POINT('',(0.00315303049392647,0.00546120901329463,0.));
#3677=CARTESIAN_POINT('',(0.00374585374604373,0.00486838576117736,0.));
#3678=CARTESIAN_POINT('',(0.0042197954619806,0.00534232747711424,0.));
#3679=CARTESIAN_POINT('',(0.00469373717791747,0.00581626919305111,0.));
#3680=CARTESIAN_POINT('',(0.00504729057982445,0.00546271579114412,0.));
#3681=CARTESIAN_POINT('',(0.00538660424383761,0.00582995720140985,0.));
#3682=CARTESIAN_POINT('',(0.0056082807226237,0.00560828072262377,0.));
#3683=CARTESIAN_POINT('',(0.00582995720140979,0.00538660424383769,0.));
#3684=CARTESIAN_POINT('',(0.00546271579114406,0.00504729057982452,0.));
#3685=CARTESIAN_POINT('',(0.00581626919305104,0.00469373717791754,0.));
#3686=CARTESIAN_POINT('',(0.00534232747711418,0.00421979546198066,0.));
#3687=CARTESIAN_POINT('',(0.00486838576117731,0.00374585374604378,0.));
#3688=CARTESIAN_POINT('',(0.00546120901329463,0.00315303049392646,0.));
#3689=CARTESIAN_POINT('',(0.00567819738352365,0.00234321887158017,0.));
#3690=CARTESIAN_POINT('',(0.00632561380740661,0.00251669357952625,0.));
#3691=CARTESIAN_POINT('',(0.00697303023128956,0.00269016828747234,0.));
#3692=CARTESIAN_POINT('',(0.00710243975798192,0.00220720535887299,0.));
#3693=CARTESIAN_POINT('',(0.00757991471600137,0.00235558891747815,0.));
#3694=CARTESIAN_POINT('',(0.00766105393865856,0.00205277321603488,0.));
#3695=CARTESIAN_POINT('',(0.00774219316131575,0.00174995751459161,0.));
#3696=CARTESIAN_POINT('',(0.00725449593869742,0.00163972396683789,0.));
#3697=CARTESIAN_POINT('',(0.00738390546538979,0.00115676103823854,0.));
#3698=CARTESIAN_POINT('',(0.00673648904150684,0.000983286330292453,0.));
#3699=CARTESIAN_POINT('',(0.00608907261762389,0.000809811622346362,0.));
#3700=CARTESIAN_POINT('',(0.00630606098785293,-1.05997133825283E-18,0.));
#3701=CARTESIAN_POINT('',(0.0060890726176239,-0.000809811622346288,0.));
#3702=CARTESIAN_POINT('',(0.00673648904150686,-0.00098328633029237,0.));
#3703=CARTESIAN_POINT('',(0.00738390546538981,-0.00115676103823845,0.));
#3704=CARTESIAN_POINT('',(0.00725449593869744,-0.0016397239668378,0.));
#3705=CARTESIAN_POINT('',(0.00774219316131577,-0.00174995751459151,0.));
#3706=CARTESIAN_POINT('',(0.00766105393865858,-0.00205277321603479,0.));
#3707=CARTESIAN_POINT('',(0.0075799147160014,-0.00235558891747806,0.));
#3708=CARTESIAN_POINT('',(0.00710243975798195,-0.0022072053588729,0.));
#3709=CARTESIAN_POINT('',(0.00697303023128959,-0.00269016828747225,0.));
#3710=CARTESIAN_POINT('',(0.00632561380740664,-0.00251669357952617,0.));
#3711=CARTESIAN_POINT('',(0.00567819738352368,-0.0023432188715801,0.));
#3712=CARTESIAN_POINT('',(0.00546120901329463,-0.00315303049392647,0.));
#3713=CARTESIAN_POINT('',(0.00486838576117736,-0.00374585374604373,0.));
#3714=CARTESIAN_POINT('',(0.00534232747711423,-0.0042197954619806,0.));
#3715=CARTESIAN_POINT('',(0.00581626919305111,-0.00469373717791747,0.));
#3716=CARTESIAN_POINT('',(0.00546271579114412,-0.00504729057982445,0.));
#3717=CARTESIAN_POINT('',(0.00582995720140985,-0.00538660424383761,0.));
#3718=CARTESIAN_POINT('',(0.00560828072262377,-0.0056082807226237,0.));
#3719=CARTESIAN_POINT('',(0.00538660424383769,-0.00582995720140979,0.));
#3720=CARTESIAN_POINT('',(0.00504729057982452,-0.00546271579114406,0.));
#3721=CARTESIAN_POINT('',(0.00469373717791754,-0.00581626919305104,0.));
#3722=CARTESIAN_POINT('',(0.00421979546198066,-0.00534232747711418,0.));
#3723=CARTESIAN_POINT('',(0.00374585374604378,-0.00486838576117732,0.));
#3724=CARTESIAN_POINT('',(0.00315303049392647,-0.00546120901329463,0.));
#3725=CARTESIAN_POINT('',(0.00234321887158017,-0.00567819738352365,0.));
#3726=CARTESIAN_POINT('',(0.00251669357952626,-0.00632561380740661,0.));
#3727=CARTESIAN_POINT('',(0.00269016828747234,-0.00697303023128956,0.));
#3728=CARTESIAN_POINT('',(0.00220720535887299,-0.00710243975798192,0.));
#3729=CARTESIAN_POINT('',(0.00235558891747816,-0.00757991471600136,0.));
#3730=CARTESIAN_POINT('',(0.00205277321603488,-0.00766105393865856,0.));
#3731=CARTESIAN_POINT('',(0.00174995751459161,-0.00774219316131575,0.));
#3732=CARTESIAN_POINT('',(0.0016397239668379,-0.00725449593869742,0.));
#3733=CARTESIAN_POINT('',(0.00115676103823855,-0.00738390546538979,0.));
#3734=CARTESIAN_POINT('',(0.000983286330292456,-0.00673648904150684,0.));
#3735=CARTESIAN_POINT('',(0.000809811622346365,-0.00608907261762389,0.));
#3736=CARTESIAN_POINT('',(-7.33273576467445E-19,-0.00630606098785293,0.));
#3737=CARTESIAN_POINT('',(-0.000809811622346288,-0.0060890726176239,0.));
#3738=CARTESIAN_POINT('',(-0.00098328633029237,-0.00673648904150686,0.));
#3739=CARTESIAN_POINT('',(-0.00115676103823845,-0.00738390546538981,0.));
#3740=CARTESIAN_POINT('',(-0.0016397239668378,-0.00725449593869744,0.));
#3741=CARTESIAN_POINT('',(-0.00174995751459151,-0.00774219316131577,0.));
#3742=CARTESIAN_POINT('',(-0.00205277321603479,-0.00766105393865859,0.));
#3743=CARTESIAN_POINT('',(-0.00235558891747806,-0.0075799147160014,0.));
#3744=CARTESIAN_POINT('',(-0.0022072053588729,-0.00710243975798195,0.));
#3745=CARTESIAN_POINT('',(-0.00269016828747225,-0.00697303023128959,0.));
#3746=CARTESIAN_POINT('',(-0.00251669357952617,-0.00632561380740664,0.));
#3747=CARTESIAN_POINT('',(-0.0023432188715801,-0.00567819738352368,0.));
#3748=CARTESIAN_POINT('',(-0.00315303049392647,-0.00546120901329463,0.));
#3749=CARTESIAN_POINT('',(-0.00374585374604373,-0.00486838576117736,0.));
#3750=CARTESIAN_POINT('',(-0.0042197954619806,-0.00534232747711423,0.));
#3751=CARTESIAN_POINT('',(-0.00469373717791747,-0.00581626919305111,0.));
#3752=CARTESIAN_POINT('',(-0.00504729057982445,-0.00546271579114412,0.));
#3753=CARTESIAN_POINT('',(-0.00538660424383761,-0.00582995720140985,0.));
#3754=CARTESIAN_POINT('',(-0.0056082807226237,-0.00560828072262377,0.));
#3755=CARTESIAN_POINT('',(-0.00582995720140979,-0.00538660424383769,0.));
#3756=CARTESIAN_POINT('',(-0.00546271579114406,-0.00504729057982452,0.));
#3757=CARTESIAN_POINT('',(-0.00581626919305104,-0.00469373717791754,0.));
#3758=CARTESIAN_POINT('',(-0.00534232747711418,-0.00421979546198066,0.));
#3759=CARTESIAN_POINT('',(-0.00486838576117731,-0.00374585374604378,0.));
#3760=CARTESIAN_POINT('',(-0.00546120901329463,-0.00315303049392647,0.));
#3761=CARTESIAN_POINT('',(-0.00567819738352365,-0.00234321887158017,0.));
#3762=CARTESIAN_POINT('',(-0.00632561380740661,-0.00251669357952626,0.));
#3763=CARTESIAN_POINT('',(-0.00697303023128956,-0.00269016828747234,0.));
#3764=CARTESIAN_POINT('',(-0.00710243975798192,-0.00220720535887299,0.));
#3765=CARTESIAN_POINT('',(-0.00757991471600136,-0.00235558891747816,0.));
#3766=CARTESIAN_POINT('',(-0.00766105393865856,-0.00205277321603488,0.));
#3767=CARTESIAN_POINT('',(-0.00774219316131575,-0.00174995751459162,0.));
#3768=CARTESIAN_POINT('',(-0.00725449593869742,-0.0016397239668379,0.));
#3769=CARTESIAN_POINT('',(-0.00738390546538979,-0.00115676103823855,0.));
#3770=CARTESIAN_POINT('',(-0.00673648904150684,-0.000983286330292457,0.));
#3771=CARTESIAN_POINT('',(-0.00608907261762389,-0.000809811622346366,0.));
#3772=CARTESIAN_POINT('',(-0.00630606098785293,2.32181919997481E-19,0.));
#3773=CARTESIAN_POINT('',(-0.0060890726176239,0.000809811622346287,0.));
#3774=CARTESIAN_POINT('',(-0.00673648904150686,0.000983286330292369,0.));
#3775=CARTESIAN_POINT('',(-0.00738390546538981,0.00115676103823845,0.));
#3776=CARTESIAN_POINT('',(-0.00725449593869744,0.0016397239668378,0.));
#3777=CARTESIAN_POINT('',(-0.00774219316131577,0.00174995751459151,0.));
#3778=CARTESIAN_POINT('',(-0.00766105393865859,0.00205277321603479,0.));
#3779=CARTESIAN_POINT('',(-0.0075799147160014,0.00235558891747806,0.));
#3780=CARTESIAN_POINT('',(-0.00710243975798195,0.0022072053588729,0.));
#3781=CARTESIAN_POINT('',(-0.00697303023128959,0.00269016828747225,0.));
#3782=CARTESIAN_POINT('',(-0.00632561380740664,0.00251669357952617,0.));
#3783=CARTESIAN_POINT('',(-0.00567819738352368,0.0023432188715801,0.));
#3784=CARTESIAN_POINT('',(-0.00546120901329463,0.00315303049392647,0.));
#3785=CARTESIAN_POINT('',(-0.00486838576117736,0.00374585374604373,0.));
#3786=CARTESIAN_POINT('',(-0.00534232747711424,0.0042197954619806,0.));
#3787=CARTESIAN_POINT('',(-0.00581626919305111,0.00469373717791747,0.));
#3788=CARTESIAN_POINT('',(-0.00546271579114412,0.00504729057982445,0.));
#3789=CARTESIAN_POINT('',(-0.00582995720140985,0.00538660424383761,0.));
#3790=CARTESIAN_POINT('',(-0.00560828072262377,0.0056082807226237,0.));
#3791=CARTESIAN_POINT('',(-0.00538660424383769,0.00582995720140979,0.));
#3792=CARTESIAN_POINT('',(-0.00504729057982452,0.00546271579114406,0.));
#3793=CARTESIAN_POINT('',(-0.00469373717791754,0.00581626919305104,0.));
#3794=CARTESIAN_POINT('',(-0.00421979546198066,0.00534232747711418,0.));
#3795=CARTESIAN_POINT('',(-0.00374585374604378,0.00486838576117731,0.));
#3796=CARTESIAN_POINT('',(-0.00315303049392647,0.00546120901329463,0.));
#3797=CARTESIAN_POINT('',(-0.00234321887158017,0.00567819738352365,0.));
#3798=CARTESIAN_POINT('',(-0.00251669357952626,0.00632561380740661,0.));
#3799=CARTESIAN_POINT('',(-0.00269016828747234,0.00697303023128956,0.));
#3800=CARTESIAN_POINT('',(-0.00220720535887299,0.00710243975798192,0.));
#3801=CARTESIAN_POINT('',(-0.00235558891747816,0.00757991471600136,0.));
#3802=CARTESIAN_POINT('',(-0.00205277321603488,0.00766105393865856,0.));
#3803=CARTESIAN_POINT('',(-0.00174995751459161,0.00774219316131575,0.));
#3804=CARTESIAN_POINT('',(-0.0016397239668379,0.00725449593869742,0.));
#3805=CARTESIAN_POINT('',(-0.00115676103823855,0.00738390546538979,0.));
#3806=CARTESIAN_POINT('',(-0.000983286330292458,0.00673648904150684,0.));
#3807=CARTESIAN_POINT('',(-0.00257980254722858,-0.0024640931783408,-6.93889390390723E-18));
#3808=CARTESIAN_POINT('',(-0.00261442577190355,-0.00247619623917057,-6.93889390390723E-18));
#3809=CARTESIAN_POINT('',(-0.00268431665894033,-0.00249701010118731,-6.93889390390723E-18));
#3810=CARTESIAN_POINT('',(-0.00279058583498917,-0.00252068938639594,-6.93889390390723E-18));
#3811=CARTESIAN_POINT('',(-0.00287994298376455,-0.00253621192400878,-6.93889390390723E-18));
#3812=CARTESIAN_POINT('',(-0.00295168077385694,-0.00254730718392804,-6.93889390390723E-18));
#3813=CARTESIAN_POINT('',(-0.00300555170391101,-0.00255526175772489,-6.93889390390723E-18));
#3814=CARTESIAN_POINT('',(-0.0030594423622266,-0.00256315488462011,-6.93889390390723E-18));
#3815=CARTESIAN_POINT('',(-0.00311363450130227,-0.00256930261103111,-6.93889390390723E-18));
#3816=CARTESIAN_POINT('',(-0.00316860881143575,-0.00257192472158444,-6.93889390390723E-18));
#3817=CARTESIAN_POINT('',(-0.00321411236751372,-0.00256971313561078,-6.93889390390723E-18));
#3818=CARTESIAN_POINT('',(-0.00325047635282989,-0.00256461177927515,-6.93889390390723E-18));
#3819=CARTESIAN_POINT('',(-0.00327727220699934,-0.00255907834006575,-6.93889390390723E-18));
#3820=CARTESIAN_POINT('',(-0.00330352339945709,-0.00255169513164548,-6.93889390390723E-18));
#3821=CARTESIAN_POINT('',(-0.00332914626427846,-0.00254221724735732,-6.93889390390723E-18));
#3822=CARTESIAN_POINT('',(-0.00334992135409934,-0.00253218216731892,-6.93889390390723E-18));
#3823=CARTESIAN_POINT('',(-0.00336561502367067,-0.0025228496130284,-6.93889390390723E-18));
#3824=CARTESIAN_POINT('',(-0.0033769187108688,-0.0025151238326146,-6.93889390390723E-18));
#3825=CARTESIAN_POINT('',(-0.00338770380703756,-0.00250659404132794,-6.93889390390723E-18));
#3826=CARTESIAN_POINT('',(-0.00339787621015339,-0.00249717697123135,-6.93889390390723E-18));
#3827=CARTESIAN_POINT('',(-0.00340706804591513,-0.00248710517092158,-6.93889390390723E-18));
#3828=CARTESIAN_POINT('',(-0.00341529141073616,-0.00247628729727224,-6.93889390390723E-18));
#3829=CARTESIAN_POINT('',(-0.0034212975110672,-0.00246663973795767,-6.93889390390723E-18));
#3830=CARTESIAN_POINT('',(-0.00342562238634584,-0.00245856824892024,-6.93889390390723E-18));
#3831=CARTESIAN_POINT('',(-0.00342964132829546,-0.00245024147072613,-6.93889390390723E-18));
#3832=CARTESIAN_POINT('',(-0.00343398582919703,-0.00243964225401204,-6.93889390390723E-18));
#3833=CARTESIAN_POINT('',(-0.00343965311234511,-0.00242232407196771,-6.93889390390723E-18));
#3834=CARTESIAN_POINT('',(-0.00344359108286998,-0.00240454418244637,-6.93889390390723E-18));
#3835=CARTESIAN_POINT('',(-0.00344608460705775,-0.00238630606547093,-6.93889390390723E-18));
#3836=CARTESIAN_POINT('',(-0.00344764996344631,-0.00236806738069454,-6.93889390390723E-18));
#3837=CARTESIAN_POINT('',(-0.0034480477119606,-0.00234535337543226,-6.93889390390723E-18));
#3838=CARTESIAN_POINT('',(-0.00344642458323837,-0.00231818293724562,-6.93889390390723E-18));
#3839=CARTESIAN_POINT('',(-0.00344294346740131,-0.00229110192496948,-6.93889390390723E-18));
#3840=CARTESIAN_POINT('',(-0.00343772023848125,-0.00226408059425777,-6.93889390390723E-18));
#3841=CARTESIAN_POINT('',(-0.00343099623602431,-0.00223775758534357,-6.93889390390723E-18));
#3842=CARTESIAN_POINT('',(-0.00342026532406363,-0.00220335413775566,-6.93889390390723E-18));
#3843=CARTESIAN_POINT('',(-0.00340401182894446,-0.00216152303506012,-6.93889390390723E-18));
#3844=CARTESIAN_POINT('',(-0.0033814733640641,-0.0021125638770277,-6.93889390390723E-18));
#3845=CARTESIAN_POINT('',(-0.00335748164944779,-0.00206420210580686,-6.93889390390723E-18));
#3846=CARTESIAN_POINT('',(-0.00333347253017533,-0.00201584332424355,-6.93889390390723E-18));
#3847=CARTESIAN_POINT('',(-0.00330096519784351,-0.00195158692389512,-6.93889390390723E-18));
#3848=CARTESIAN_POINT('',(-0.00325887950148328,-0.00187215181279713,-6.93889390390723E-18));
#3849=CARTESIAN_POINT('',(-0.00320398119448926,-0.00177943500477823,-6.93889390390723E-18));
#3850=CARTESIAN_POINT('',(-0.00316307230565221,-0.00172018952506755,-6.93889390390723E-18));
#3851=CARTESIAN_POINT('',(-0.0031411819084652,-0.00169142077500905,-6.93889390390723E-18));
#3852=CARTESIAN_POINT('',(-0.00257980254719305,-0.00246409317836323,-6.93889390390723E-18));
#3853=CARTESIAN_POINT('',(-0.0031411819084652,-0.00169142077500905,0.));
#3854=CARTESIAN_POINT('',(-8.15516304194857E-7,-8.02294297897951E-8,0.));
#3855=CARTESIAN_POINT('',(-0.00218175279336338,-0.00282249878654321,-1.38777878078145E-17));
#3856=CARTESIAN_POINT('',(-0.00135463304836287,-0.00330003659397124,-6.93889390390723E-18));
#3857=CARTESIAN_POINT('',(-0.00138134017966079,-0.0033251758243926,-6.93889390390723E-18));
#3858=CARTESIAN_POINT('',(-0.00143672292167771,-0.00337261741826894,-6.93889390390723E-18));
#3859=CARTESIAN_POINT('',(-0.00152417341176837,-0.00343747308964004,-6.93889390390723E-18));
#3860=CARTESIAN_POINT('',(-0.00159949164429934,-0.00348799846009506,-6.93889390390723E-18));
#3861=CARTESIAN_POINT('',(-0.00166051452780594,-0.00352731287231951,-6.93889390390723E-18));
#3862=CARTESIAN_POINT('',(-0.00170649265461259,-0.00355649101832869,-6.93889390390723E-18));
#3863=CARTESIAN_POINT('',(-0.00175251379678944,-0.00358562105400683,-6.93889390390723E-18));
#3864=CARTESIAN_POINT('',(-0.001799520273679,-0.00361327921027317,-6.93889390390723E-18));
#3865=CARTESIAN_POINT('',(-0.00184867529654424,-0.0036380346938177,-6.93889390390723E-18));
#3866=CARTESIAN_POINT('',(-0.00189114439656064,-0.00365452227314445,-6.93889390390723E-18));
#3867=CARTESIAN_POINT('',(-0.0019264394587191,-0.00366465251755258,-6.93889390390723E-18));
#3868=CARTESIAN_POINT('',(-0.00195316934206796,-0.00367049632507092,-6.93889390390723E-18));
#3869=CARTESIAN_POINT('',(-0.00198015402110343,-0.00367442875045277,-6.93889390390723E-18));
#3870=CARTESIAN_POINT('',(-0.0020074166757116,-0.00367619203033668,-6.93889390390723E-18));
#3871=CARTESIAN_POINT('',(-0.0020304772994174,-0.00367547451884387,-6.93889390390723E-18));
#3872=CARTESIAN_POINT('',(-0.00204861007177148,-0.00367333199674255,-6.93889390390723E-18));
#3873=CARTESIAN_POINT('',(-0.0020620788618566,-0.00367087176892412,-6.93889390390723E-18));
#3874=CARTESIAN_POINT('',(-0.00207540091614588,-0.00366746611065049,-6.93889390390723E-18));
#3875=CARTESIAN_POINT('',(-0.00208852413628435,-0.0036630006781348,-6.93889390390723E-18));
#3876=CARTESIAN_POINT('',(-0.00210101786633962,-0.00365753828713296,-6.93889390390723E-18));
#3877=CARTESIAN_POINT('',(-0.00211293030953175,-0.00365100041160135,-6.93889390390723E-18));
#3878=CARTESIAN_POINT('',(-0.00212234117109681,-0.00364462982869881,-6.93889390390723E-18));
#3879=CARTESIAN_POINT('',(-0.00212957511161819,-0.00363901524180481,-6.93889390390723E-18));
#3880=CARTESIAN_POINT('',(-0.0021366334035911,-0.0036330430023661,-6.93889390390723E-18));
#3881=CARTESIAN_POINT('',(-0.00214491339248098,-0.00362512720379492,-6.93889390390723E-18));
#3882=CARTESIAN_POINT('',(-0.00215713465248698,-0.0036116113489767,-6.93889390390723E-18));
#3883=CARTESIAN_POINT('',(-0.00216796390015048,-0.00359697032857892,-6.93889390390723E-18));
#3884=CARTESIAN_POINT('',(-0.00217765995832034,-0.00358132318731761,-6.93889390390723E-18));
#3885=CARTESIAN_POINT('',(-0.00218650832395877,-0.00356529800748946,-6.93889390390723E-18));
#3886=CARTESIAN_POINT('',(-0.00219611030355848,-0.00354470951005274,-6.93889390390723E-18));
#3887=CARTESIAN_POINT('',(-0.00220567871450605,-0.00351922789373741,-6.93889390390723E-18));
#3888=CARTESIAN_POINT('',(-0.00221351339696988,-0.00349307226061446,-6.93889390390723E-18));
#3889=CARTESIAN_POINT('',(-0.00221973230526085,-0.00346626256808635,-6.93889390390723E-18));
#3890=CARTESIAN_POINT('',(-0.00222429615564054,-0.00343948040467393,-6.93889390390723E-18));
#3891=CARTESIAN_POINT('',(-0.00222848612254466,-0.00340368663629472,-6.93889390390723E-18));
#3892=CARTESIAN_POINT('',(-0.00223065205819427,-0.00335886113039601,-6.93889390390723E-18));
#3893=CARTESIAN_POINT('',(-0.00222997562956651,-0.00330496749441997,-6.93889390390723E-18));
#3894=CARTESIAN_POINT('',(-0.00222772861213728,-0.00325102850853295,-6.93889390390723E-18));
#3895=CARTESIAN_POINT('',(-0.00222546447876021,-0.00319708517472257,-6.93889390390723E-18));
#3896=CARTESIAN_POINT('',(-0.00222190298554225,-0.00312516210883181,-6.93889390390723E-18));
#3897=CARTESIAN_POINT('',(-0.00221576495923097,-0.00303547672905183,-6.93889390390723E-18));
#3898=CARTESIAN_POINT('',(-0.00220332418349461,-0.00292844655714174,-6.93889390390723E-18));
#3899=CARTESIAN_POINT('',(-0.00219004936145528,-0.00285768397414865,-6.93889390390723E-18));
#3900=CARTESIAN_POINT('',(-0.00218175279336338,-0.00282249878654321,-6.93889390390723E-18));
#3901=CARTESIAN_POINT('',(-0.00135463304836287,-0.00330003659397124,-6.93889390390723E-18));
#3902=CARTESIAN_POINT('',(-8.15516319677373E-7,-8.02294207605594E-8,0.));
#3903=CARTESIAN_POINT('',(-0.000845219809940925,-0.0034655549886455,-1.38777878078145E-17));
#3904=CARTESIAN_POINT('',(0.000104623800765848,-0.00356538757497084,-6.93889390390723E-18));
#3905=CARTESIAN_POINT('',(9.0450668473066E-5,-0.0035992161736612,-6.93889390390723E-18));
#3906=CARTESIAN_POINT('',(5.91522507071257E-5,-0.00366508241682254,-6.93889390390723E-18));
#3907=CARTESIAN_POINT('',(5.64143077409936E-6,-0.00375990033958078,-6.93889390390723E-18));
#3908=CARTESIAN_POINT('',(-4.26146788632014E-5,-0.00383669224731772,-6.93889390390723E-18));
#3909=CARTESIAN_POINT('',(-8.23712448502388E-5,-0.00389742799281355,-6.93889390390723E-18));
#3910=CARTESIAN_POINT('',(-0.000112506532586425,-0.0039427845445149,-6.93889390390723E-18));
#3911=CARTESIAN_POINT('',(-0.000142700685053199,-0.00398811464116917,-6.93889390390723E-18));
#3912=CARTESIAN_POINT('',(-0.000174393652862,-0.00403250088080592,-6.93889390390723E-18));
#3913=CARTESIAN_POINT('',(-0.000209230038446239,-0.0040751092893403,-6.93889390390723E-18));
#3914=CARTESIAN_POINT('',(-0.000241321389188595,-0.00410744518171688,-6.93889390390723E-18));
#3915=CARTESIAN_POINT('',(-0.000269444691296566,-0.00413105541558022,-6.93889390390723E-18));
#3916=CARTESIAN_POINT('',(-0.000291486764160443,-0.00414726602241706,-6.93889390390723E-18));
#3917=CARTESIAN_POINT('',(-0.000314539033620283,-0.00416183412952752,-6.93889390390723E-18));
#3918=CARTESIAN_POINT('',(-0.000338727517360079,-0.00417453368647269,-6.93889390390723E-18));
#3919=CARTESIAN_POINT('',(-0.000360086283612874,-0.00418325780778096,-6.93889390390723E-18));
#3920=CARTESIAN_POINT('',(-0.000377522837678615,-0.00418867577940435,-6.93889390390723E-18));
#3921=CARTESIAN_POINT('',(-0.000390827854484882,-0.00419190649992157,-6.93889390390723E-18));
#3922=CARTESIAN_POINT('',(-0.000404383362681003,-0.00419421384391592,-6.93889390390723E-18));
#3923=CARTESIAN_POINT('',(-0.000418188275859467,-0.00419547216283025,-6.93889390390723E-18));
#3924=CARTESIAN_POINT('',(-0.000431823620779714,-0.00419556367816483,-6.93889390390723E-18));
#3925=CARTESIAN_POINT('',(-0.000445365372693895,-0.00419443625882509,-6.93889390390723E-18));
#3926=CARTESIAN_POINT('',(-0.000456553772033371,-0.00419244418399336,-6.93889390390723E-18));
#3927=CARTESIAN_POINT('',(-0.000465445963763057,-0.00419025731232367,-6.93889390390723E-18));
#3928=CARTESIAN_POINT('',(-0.000474323162954569,-0.0041876722660954,-6.93889390390723E-18));
#3929=CARTESIAN_POINT('',(-0.000485106954532357,-0.00418380859915285,-6.93889390390723E-18));
#3930=CARTESIAN_POINT('',(-0.000501769024514566,-0.00417643208564651,-6.93889390390723E-18));
#3931=CARTESIAN_POINT('',(-0.00051761707401504,-0.00416746149980854,-6.93889390390723E-18));
#3932=CARTESIAN_POINT('',(-0.000532839129623514,-0.00415711086713526,-6.93889390390723E-18));
#3933=CARTESIAN_POINT('',(-0.000547440541708048,-0.00414607009143183,-6.93889390390723E-18));
#3934=CARTESIAN_POINT('',(-0.000564586482889123,-0.00413116704006809,-6.93889390390723E-18));
#3935=CARTESIAN_POINT('',(-0.000583691968327378,-0.00411178024857821,-6.93889390390723E-18));
#3936=CARTESIAN_POINT('',(-0.000601487761318222,-0.00409107254119187,-6.93889390390723E-18));
#3937=CARTESIAN_POINT('',(-0.000618073501079712,-0.00406911012624389,-6.93889390390723E-18));
#3938=CARTESIAN_POINT('',(-0.000633136073104115,-0.00404649968769558,-6.93889390390723E-18));
#3939=CARTESIAN_POINT('',(-0.000651522435530633,-0.00401550466625401,-6.93889390390723E-18));
#3940=CARTESIAN_POINT('',(-0.00067173329199829,-0.00397543549434895,-6.93889390390723E-18));
#3941=CARTESIAN_POINT('',(-0.000693035860278019,-0.00392592607969786,-6.93889390390723E-18));
#3942=CARTESIAN_POINT('',(-0.00071292206976291,-0.00387573641982483,-6.93889390390723E-18));
#3943=CARTESIAN_POINT('',(-0.000732794411511148,-0.00382553582624299,-6.93889390390723E-18));
#3944=CARTESIAN_POINT('',(-0.000758794571939583,-0.00375838224630296,-6.93889390390723E-18));
#3945=CARTESIAN_POINT('',(-0.000789665536188717,-0.00367395401477105,-6.93889390390723E-18));
#3946=CARTESIAN_POINT('',(-0.000821833414855753,-0.00357111696803161,-6.93889390390723E-18));
#3947=CARTESIAN_POINT('',(-0.000838487996942679,-0.0035010727752135,-6.93889390390723E-18));
#3948=CARTESIAN_POINT('',(-0.000845219809940925,-0.0034655549886455,-6.93889390390723E-18));
#3949=CARTESIAN_POINT('',(0.000104623800801413,-0.00356538757499314,-6.93889390390723E-18));
#3950=CARTESIAN_POINT('',(-8.15516337493803E-7,-8.02294188725298E-8,0.));
#3951=CARTESIAN_POINT('',(0.00063731834708348,-0.00350939912207596,-1.38777878078145E-17));
#3952=CARTESIAN_POINT('',(0.00154564923414701,-0.00321426452617225,-6.93889390390723E-18));
#3953=CARTESIAN_POINT('',(0.00154646076419166,-0.00325093322109488,-6.93889390390723E-18));
#3954=CARTESIAN_POINT('',(0.00154465845144566,-0.00332383524172261,-6.93889390390723E-18));
#3955=CARTESIAN_POINT('',(0.00153433980856722,-0.00343222053562931,-6.93889390390723E-18));
#3956=CARTESIAN_POINT('',(0.00152148974157287,-0.00352200096216787,-6.93889390390723E-18));
#3957=CARTESIAN_POINT('',(0.00150987376454162,-0.00359365627877191,-6.93889390390723E-18));
#3958=CARTESIAN_POINT('',(0.00150079198089597,-0.00364734867632495,-6.93889390390723E-18));
#3959=CARTESIAN_POINT('',(0.00149164566140604,-0.00370104084843282,-6.93889390390723E-18));
#3960=CARTESIAN_POINT('',(0.00148074620473371,-0.00375448038737046,-6.93889390390723E-18));
#3961=CARTESIAN_POINT('',(0.00146625198397662,-0.00380757433997386,-6.93889390390723E-18));
#3962=CARTESIAN_POINT('',(0.00145008726859244,-0.00385016737584602,-6.93889390390723E-18));
#3963=CARTESIAN_POINT('',(0.00143399850096161,-0.00388317517523736,-6.93889390390723E-18));
#3964=CARTESIAN_POINT('',(0.00142045551322682,-0.00390694962020186,-6.93889390390723E-18));
#3965=CARTESIAN_POINT('',(0.00140532160015551,-0.00392963445097447,-6.93889390390723E-18));
#3966=CARTESIAN_POINT('',(0.00138838969586819,-0.00395107441621321,-6.93889390390723E-18));
#3967=CARTESIAN_POINT('',(0.00137242591179181,-0.00396773169049221,-6.93889390390723E-18));
#3968=CARTESIAN_POINT('',(0.00135870051461849,-0.0039797733393259,-6.93889390390723E-18));
#3969=CARTESIAN_POINT('',(0.00134785982936916,-0.00398813638725118,-6.93889390390723E-18));
#3970=CARTESIAN_POINT('',(0.00133641473778124,-0.0039957577727753,-6.93889390390723E-18));
#3971=CARTESIAN_POINT('',(0.00132431512646504,-0.00400252226834793,-6.93889390390723E-18));
#3972=CARTESIAN_POINT('',(0.00131189584168973,-0.00400815186618618,-6.93889390390723E-18));
#3973=CARTESIAN_POINT('',(0.00129906627298243,-0.00401262984408444,-6.93889390390723E-18));
#3974=CARTESIAN_POINT('',(0.00128803491175774,-0.00401536072515936,-6.93889390390723E-18));
#3975=CARTESIAN_POINT('',(0.00127902200955284,-0.0040169796986928,-6.93889390390723E-18));
#3976=CARTESIAN_POINT('',(0.00126986085152976,-0.00401822882365223,-6.93889390390723E-18));
#3977=CARTESIAN_POINT('',(0.00125843787279553,-0.00401908535145301,-6.93889390390723E-18));
#3978=CARTESIAN_POINT('',(0.00124021601610719,-0.00401912364545731,-6.93889390390723E-18));
#3979=CARTESIAN_POINT('',(0.00122208943650338,-0.00401737458996576,-6.93889390390723E-18));
#3980=CARTESIAN_POINT('',(0.00120397341515903,-0.00401411018430226,-6.93889390390723E-18));
#3981=CARTESIAN_POINT('',(0.00118614367342747,-0.00400996286314497,-6.93889390390723E-18));
#3982=CARTESIAN_POINT('',(0.00116441845966122,-0.00400332213082498,-6.93889390390723E-18));
#3983=CARTESIAN_POINT('',(0.00113907941173244,-0.00399338231653263,-6.93889390390723E-18));
#3984=CARTESIAN_POINT('',(0.00111439956249239,-0.00398170308561362,-6.93889390390723E-18));
#3985=CARTESIAN_POINT('',(0.00109031481634186,-0.00396838544931254,-6.93889390390723E-18));
#3986=CARTESIAN_POINT('',(0.00106735797821493,-0.00395385628586272,-6.93889390390723E-18));
#3987=CARTESIAN_POINT('',(0.00103795438936441,-0.00393301933214698,-6.93889390390723E-18));
#3988=CARTESIAN_POINT('',(0.00100319325277182,-0.00390463481807496,-6.93889390390723E-18));
#3989=CARTESIAN_POINT('',(0.00096359509516792,-0.0038680702523209,-6.93889390390723E-18));
#3990=CARTESIAN_POINT('',(0.000925014165049397,-0.00383030816661265,-6.93889390390723E-18));
#3991=CARTESIAN_POINT('',(0.000886441456598679,-0.00379253045194773,-6.93889390390723E-18));
#3992=CARTESIAN_POINT('',(0.000835375306465965,-0.00374175782200117,-6.93889390390723E-18));
#3993=CARTESIAN_POINT('',(0.000772833221829001,-0.00367718514695561,-6.93889390390723E-18));
#3994=CARTESIAN_POINT('',(0.000701618807216106,-0.00359632268501333,-6.93889390390723E-18));
#3995=CARTESIAN_POINT('',(0.000657914549547872,-0.00353910815963996,-6.93889390390723E-18));
#3996=CARTESIAN_POINT('',(0.00063731834708348,-0.00350939912207596,-6.93889390390723E-18));
#3997=CARTESIAN_POINT('',(0.00154564923414701,-0.00321426452617225,-6.93889390390723E-18));
#3998=CARTESIAN_POINT('',(-8.15516354537725E-7,-8.02294243726874E-8,0.));
#3999=CARTESIAN_POINT('',(0.00200951736182345,-0.00294645013778977,-1.38777878078145E-17));
#4000=CARTESIAN_POINT('',(0.00271927686294341,-0.00230737981250246,-6.93889390390723E-18));
#4001=CARTESIAN_POINT('',(0.00273493273440822,-0.0023405482531806,-6.93889390390723E-18));
#4002=CARTESIAN_POINT('',(0.00276293816292941,-0.00240788062961412,-6.93889390390723E-18));
#4003=CARTESIAN_POINT('',(0.00279759588420116,-0.00251109249270331,-6.93889390390723E-18));
#4004=CARTESIAN_POINT('',(0.0028223737531723,-0.00259833758666541,-6.93889390390723E-18));
#4005=CARTESIAN_POINT('',(0.00284090687305338,-0.0026685226191687,-6.93889390390723E-18));
#4006=CARTESIAN_POINT('',(0.00285444891639604,-0.00272126695925639,-6.93889390390723E-18));
#4007=CARTESIAN_POINT('',(0.00286793191161447,-0.00277403734248233,-6.93889390390723E-18));
#4008=CARTESIAN_POINT('',(0.0028797105811557,-0.00282728999895559,-6.93889390390723E-18));
#4009=CARTESIAN_POINT('',(0.00288806470767052,-0.00288168906887944,-6.93889390390723E-18));
#4010=CARTESIAN_POINT('',(0.00289062165378627,-0.00292717452539931,-6.93889390390723E-18));
#4011=CARTESIAN_POINT('',(0.00288934931471781,-0.00296387254193744,-6.93889390390723E-18));
#4012=CARTESIAN_POINT('',(0.00288664711772564,-0.00299110000751119,-6.93889390390723E-18));
#4013=CARTESIAN_POINT('',(0.00288204835210017,-0.00301797914862012,-6.93889390390723E-18));
#4014=CARTESIAN_POINT('',(0.00287530070733812,-0.0030444523573867,-6.93889390390723E-18));
#4015=CARTESIAN_POINT('',(0.00286749218873139,-0.00306616259058699,-6.93889390390723E-18));
#4016=CARTESIAN_POINT('',(0.00285985119431308,-0.0030827458061527,-6.93889390390723E-18));
#4017=CARTESIAN_POINT('',(0.00285334929358483,-0.00309479513452384,-6.93889390390723E-18));
#4018=CARTESIAN_POINT('',(0.00284599357891605,-0.00310641275478251,-6.93889390390723E-18));
#4019=CARTESIAN_POINT('',(0.00283769140218021,-0.0031175137842754,-6.93889390390723E-18));
#4020=CARTESIAN_POINT('',(0.00282863558471316,-0.00312770805600781,-6.93889390390723E-18));
#4021=CARTESIAN_POINT('',(0.00281873654819519,-0.0031370171480843,-6.93889390390723E-18));
#4022=CARTESIAN_POINT('',(0.00280976964765782,-0.00314399879091875,-6.93889390390723E-18));
#4023=CARTESIAN_POINT('',(0.00280219444764857,-0.00314914367442346,-6.93889390390723E-18));
#4024=CARTESIAN_POINT('',(0.00279433337824262,-0.00315401098551717,-6.93889390390723E-18));
#4025=CARTESIAN_POINT('',(0.00278424634914961,-0.0031594396066232,-6.93889390390723E-18));
#4026=CARTESIAN_POINT('',(0.00276761543031692,-0.0031668860867569,-6.93889390390723E-18));
#4027=CARTESIAN_POINT('',(0.00275034457089807,-0.00317266098919594,-6.93889390390723E-18));
#4028=CARTESIAN_POINT('',(0.00273246700848718,-0.00317704725593764,-6.93889390390723E-18));
#4029=CARTESIAN_POINT('',(0.0027144918614321,-0.00318051049883181,-6.93889390390723E-18));
#4030=CARTESIAN_POINT('',(0.00269194386190822,-0.00318328032850287,-6.93889390390723E-18));
#4031=CARTESIAN_POINT('',(0.00266475260307384,-0.00318450617559956,-6.93889390390723E-18));
#4032=CARTESIAN_POINT('',(0.00263745606772758,-0.00318387486627626,-6.93889390390723E-18));
#4033=CARTESIAN_POINT('',(0.00261003678660048,-0.00318150474892547,-6.93889390390723E-18));
#4034=CARTESIAN_POINT('',(0.00258315512823951,-0.00317756908492792,-6.93889390390723E-18));
#4035=CARTESIAN_POINT('',(0.00254781846060046,-0.00317049309753324,-6.93889390390723E-18));
#4036=CARTESIAN_POINT('',(0.00250451756019482,-0.00315870118164252,-6.93889390390723E-18));
#4037=CARTESIAN_POINT('',(0.00245347069445443,-0.00314140381038303,-6.93889390390723E-18));
#4038=CARTESIAN_POINT('',(0.00240286603701651,-0.00312259870651629,-6.93889390390723E-18));
#4039=CARTESIAN_POINT('',(0.0023522625335765,-0.00310377598083361,-6.93889390390723E-18));
#4040=CARTESIAN_POINT('',(0.00228496019501888,-0.00307816334985313,-6.93889390390723E-18));
#4041=CARTESIAN_POINT('',(0.00220156108460483,-0.00304461143343361,-6.93889390390723E-18));
#4042=CARTESIAN_POINT('',(0.00210361375329529,-0.0029997054105707,-6.93889390390723E-18));
#4043=CARTESIAN_POINT('',(0.00204041668323729,-0.0029652134638568,-6.93889390390723E-18));
#4044=CARTESIAN_POINT('',(0.00200951736182345,-0.00294645013778977,-6.93889390390723E-18));
#4045=CARTESIAN_POINT('',(0.00271927686294341,-0.00230737981250246,-6.93889390390723E-18));
#4046=CARTESIAN_POINT('',(-8.15516367861811E-7,-8.02294363220048E-8,0.));
#4047=CARTESIAN_POINT('',(0.0030341115586293,-0.00187404702942335,-1.38777878078145E-17));
#4048=CARTESIAN_POINT('',(0.0034225758080994,-0.00100154203976627,-6.93889390390723E-18));
#4049=CARTESIAN_POINT('',(0.00345036897857901,-0.00102547510148084,-6.93889390390723E-18));
#4050=CARTESIAN_POINT('',(0.00350333975535477,-0.00107559545413934,-6.93889390390723E-18));
#4051=CARTESIAN_POINT('',(0.00357698120591333,-0.00115578761763257,-6.93889390390723E-18));
#4052=CARTESIAN_POINT('',(0.00363510269220495,-0.00122541190967537,-6.93889390390723E-18));
#4053=CARTESIAN_POINT('',(0.0036805803642028,-0.0012819910283471,-6.93889390390723E-18));
#4054=CARTESIAN_POINT('',(0.00371440469221419,-0.001324667335401,-6.93889390390723E-18));
#4055=CARTESIAN_POINT('',(0.00374818566977854,-0.00136739145108136,-6.93889390390723E-18));
#4056=CARTESIAN_POINT('',(0.00378060582656382,-0.00141124935700081,-6.93889390390723E-18));
#4057=CARTESIAN_POINT('',(0.00381036379598128,-0.00145754745085526,-6.93889390390723E-18));
#4058=CARTESIAN_POINT('',(0.00383120028438442,-0.00149806047936813,-6.93889390390723E-18));
#4059=CARTESIAN_POINT('',(0.0038449643728621,-0.0015321032926026,-6.93889390390723E-18));
#4060=CARTESIAN_POINT('',(0.00385357020102118,-0.00155807590263415,-6.93889390390723E-18));
#4061=CARTESIAN_POINT('',(0.00386030175119668,-0.00158450170639234,-6.93889390390723E-18));
#4062=CARTESIAN_POINT('',(0.00386490509503968,-0.00161143070038946,-6.93889390390723E-18));
#4063=CARTESIAN_POINT('',(0.00386660200570786,-0.00163443999595945,-6.93889390390723E-18));
#4064=CARTESIAN_POINT('',(0.00386636661139575,-0.00165269738963207,-6.93889390390723E-18));
#4065=CARTESIAN_POINT('',(0.0038653277328924,-0.00166634956010898,-6.93889390390723E-18));
#4066=CARTESIAN_POINT('',(0.00386333326503357,-0.00167995462301672,-6.93889390390723E-18));
#4067=CARTESIAN_POINT('',(0.00386026404465861,-0.00169347271758086,-6.93889390390723E-18));
#4068=CARTESIAN_POINT('',(0.00385613752760938,-0.00170646898101283,-6.93889390390723E-18));
#4069=CARTESIAN_POINT('',(0.00385088065662463,-0.00171899956067709,-6.93889390390723E-18));
#4070=CARTESIAN_POINT('',(0.00384552867533922,-0.00172902477579874,-6.93889390390723E-18));
#4071=CARTESIAN_POINT('',(0.00384070099842575,-0.00173680597217696,-6.93889390390723E-18));
#4072=CARTESIAN_POINT('',(0.0038354992679528,-0.00174444986709872,-6.93889390390723E-18));
#4073=CARTESIAN_POINT('',(0.00382849232746897,-0.00175351192360328,-6.93889390390723E-18));
#4074=CARTESIAN_POINT('',(0.00381632798344525,-0.00176707902580214,-6.93889390390723E-18));
#4075=CARTESIAN_POINT('',(0.00380289913270573,-0.00177937935307671,-6.93889390390723E-18));
#4076=CARTESIAN_POINT('',(0.00378835122218169,-0.00179065786685597,-6.93889390390723E-18));
#4077=CARTESIAN_POINT('',(0.00377333873602799,-0.00180113284764265,-6.93889390390723E-18));
#4078=CARTESIAN_POINT('',(0.00375386670470633,-0.00181283431059148,-6.93889390390723E-18));
#4079=CARTESIAN_POINT('',(0.00372952485064362,-0.00182501385897774,-6.93889390390723E-18));
#4080=CARTESIAN_POINT('',(0.00370433144813376,-0.00183553963036741,-6.93889390390723E-18));
#4081=CARTESIAN_POINT('',(0.00367831867483332,-0.00184452684678871,-6.93889390390723E-18));
#4082=CARTESIAN_POINT('',(0.00365216027918112,-0.00185186519430298,-6.93889390390723E-18));
#4083=CARTESIAN_POINT('',(0.00361700056361187,-0.00185977367573322,-6.93889390390723E-18));
#4084=CARTESIAN_POINT('',(0.00357264701844964,-0.0018666132874075,-6.93889390390723E-18));
#4085=CARTESIAN_POINT('',(0.00351897791140548,-0.00187157398327502,-6.93889390390723E-18));
#4086=CARTESIAN_POINT('',(0.00346509953164808,-0.00187497743454737,-6.93889390390723E-18));
#4087=CARTESIAN_POINT('',(0.00341121503868195,-0.00187836431811658,-6.93889390390723E-18));
#4088=CARTESIAN_POINT('',(0.00333931369745857,-0.00188234034268218,-6.93889390390723E-18));
#4089=CARTESIAN_POINT('',(0.00324947802511514,-0.00188561061604726,-6.93889390390723E-18));
#4090=CARTESIAN_POINT('',(0.00314173376051596,-0.00188442569157512,-6.93889390390723E-18));
#4091=CARTESIAN_POINT('',(0.00306997122560859,-0.00187862029445699,-6.93889390390723E-18));
#4092=CARTESIAN_POINT('',(0.0030341115586293,-0.00187404702942335,-6.93889390390723E-18));
#4093=CARTESIAN_POINT('',(0.0034225758080994,-0.00100154203976627,-6.93889390390723E-18));
#4094=CARTESIAN_POINT('',(-8.1551637506872E-7,-8.02294526878198E-8,0.));
#4095=CARTESIAN_POINT('',(0.00353393929272724,-0.000477618036889694,-1.38777878078145E-17));
#4096=CARTESIAN_POINT('',(0.0035339392927272,0.00047745757796647,-6.93889390390723E-18));
#4097=CARTESIAN_POINT('',(0.00356906407055264,0.000466898139010949,-6.93889390390723E-18));
#4098=CARTESIAN_POINT('',(0.00363784106705403,0.000442656074431218,-6.93889390390723E-18));
#4099=CARTESIAN_POINT('',(0.00373773297108623,0.000399349564124861,-6.93889390390723E-18));
#4100=CARTESIAN_POINT('',(0.00381914834170139,0.000359384746612409,-6.93889390390723E-18));
#4101=CARTESIAN_POINT('',(0.00388370706317591,0.000326194585395738,-6.93889390390723E-18));
#4102=CARTESIAN_POINT('',(0.00393196514225852,0.00030096543256734,-6.93889390390723E-18));
#4103=CARTESIAN_POINT('',(0.00398020306425736,0.000275674972170089,-6.93889390390723E-18));
#4104=CARTESIAN_POINT('',(0.00402765896865063,0.000248795247174496,-6.93889390390723E-18));
#4105=CARTESIAN_POINT('',(0.00407367535771578,0.000218603490421856,-6.93889390390723E-18));
#4106=CARTESIAN_POINT('',(0.00410918857026785,0.000190067960595156,-6.93889390390723E-18));
#4107=CARTESIAN_POINT('',(0.00413560915035107,0.000164566662341846,-6.93889390390723E-18));
#4108=CARTESIAN_POINT('',(0.0041540349777912,0.000144339808080712,-6.93889390390723E-18));
#4109=CARTESIAN_POINT('',(0.0041709328975881,0.000122936603213946,-6.93889390390723E-18));
#4110=CARTESIAN_POINT('',(0.00418609127006564,0.00010020809169062,-6.93889390390723E-18));
#4111=CARTESIAN_POINT('',(0.00419700019873826,7.98782499878768E-5,-6.93889390390723E-18));
#4112=CARTESIAN_POINT('',(0.00420421110634739,6.31035474375441E-5,-6.93889390390723E-18));
#4113=CARTESIAN_POINT('',(0.00420881488160009,5.02091191563843E-5,-6.93889390390723E-18));
#4114=CARTESIAN_POINT('',(0.00421252652216316,3.69690525744524E-5,-6.93889390390723E-18));
#4115=CARTESIAN_POINT('',(0.00421522095423493,2.33712942972329E-5,-6.93889390390723E-18));
#4116=CARTESIAN_POINT('',(0.00421673724988956,9.82021118043486E-6,-6.93889390390723E-18));
#4117=CARTESIAN_POINT('',(0.00421703150518847,-3.76520501090209E-6,-6.93889390390723E-18));
#4118=CARTESIAN_POINT('',(0.00421621984934049,-1.51005416490128E-5,-6.93889390390723E-18));
#4119=CARTESIAN_POINT('',(0.00421497444471921,-2.4172611356991E-5,-6.93889390390723E-18));
#4120=CARTESIAN_POINT('',(0.00421333147963426,-3.32713912322162E-5,-6.93889390390723E-18));
#4121=CARTESIAN_POINT('',(0.00421061619142531,-4.43999712394951E-5,-6.93889390390723E-18));
#4122=CARTESIAN_POINT('',(0.00420502174780187,-6.17418202800532E-5,-6.93889390390723E-18));
#4123=CARTESIAN_POINT('',(0.00419775687603181,-7.84407340594077E-5,-6.93889390390723E-18));
#4124=CARTESIAN_POINT('',(0.00418905408328785,-9.46613373817368E-5,-6.93889390390723E-18));
#4125=CARTESIAN_POINT('',(0.00417960005327567,-0.000110336836720662,-6.93889390390723E-18));
#4126=CARTESIAN_POINT('',(0.00416657088126957,-0.00012894664369899,-6.93889390390723E-18));
#4127=CARTESIAN_POINT('',(0.00414928735968479,-0.000149973938811101,-6.93889390390723E-18));
#4128=CARTESIAN_POINT('',(0.00413055325818017,-0.00016983678941683,-6.93889390390723E-18));
#4129=CARTESIAN_POINT('',(0.00411044483752866,-0.00018862736824467,-6.93889390390723E-18));
#4130=CARTESIAN_POINT('',(0.00408953272883504,-0.000205970860318768,-6.93889390390723E-18));
#4131=CARTESIAN_POINT('',(0.00406062939957352,-0.00022749636228835,-6.93889390390723E-18));
#4132=CARTESIAN_POINT('',(0.00402289234055256,-0.000251784870533226,-6.93889390390723E-18));
#4133=CARTESIAN_POINT('',(0.00397588086838112,-0.000278145884145754,-6.93889390390723E-18));
#4134=CARTESIAN_POINT('',(0.00392804482763398,-0.000303169402912812,-6.93889390390723E-18));
#4135=CARTESIAN_POINT('',(0.00388019646350083,-0.000328180272795908,-6.93889390390723E-18));
#4136=CARTESIAN_POINT('',(0.00381612851471239,-0.000361057462139125,-6.93889390390723E-18));
#4137=CARTESIAN_POINT('',(0.00373538968431924,-0.000400584465314455,-6.93889390390723E-18));
#4138=CARTESIAN_POINT('',(0.00363647844860551,-0.00044332552343903,-6.93889390390723E-18));
#4139=CARTESIAN_POINT('',(0.00356855884307642,-0.00046721048181879,-6.93889390390723E-18));
#4140=CARTESIAN_POINT('',(0.00353393929272724,-0.000477618036889694,-6.93889390390723E-18));
#4141=CARTESIAN_POINT('',(0.0035339392927272,0.00047745757796647,-6.93889390390723E-18));
#4142=CARTESIAN_POINT('',(-8.15516375278404E-7,-8.02294705747704E-8,0.));
#4143=CARTESIAN_POINT('',(0.00342257580809935,0.00100138158084309,-1.7347234759768E-17));
#4144=CARTESIAN_POINT('',(0.00303411155862919,0.00187388657050014,-1.04083408558608E-17));
#4145=CARTESIAN_POINT('',(0.00307049455061586,0.00187852657722857,-1.04083408558608E-17));
#4146=CARTESIAN_POINT('',(0.00314318559932839,0.00188435447392569,-1.04083408558608E-17));
#4147=CARTESIAN_POINT('',(0.00325205573913762,0.00188542170586547,-1.04083408558608E-17));
#4148=CARTESIAN_POINT('',(0.00334268753686154,0.00188202664290023,-1.04083408558608E-17));
#4149=CARTESIAN_POINT('',(0.00341516451837221,0.00187796431953613,-1.04083408558608E-17));
#4150=CARTESIAN_POINT('',(0.00346951208824175,0.00187454467065692,-1.04083408558608E-17));
#4151=CARTESIAN_POINT('',(0.00352386617973373,0.00187106081590208,-1.04083408558608E-17));
#4152=CARTESIAN_POINT('',(0.00357815227474203,0.00186580702047672,-1.04083408558608E-17));
#4153=CARTESIAN_POINT('',(0.00363247043173974,0.00185694202985193,-1.04083408558608E-17));
#4154=CARTESIAN_POINT('',(0.00367651981136308,0.00184531805105559,-1.04083408558608E-17));
#4155=CARTESIAN_POINT('',(0.00371102852473201,0.00183276767392345,-1.04083408558608E-17));
#4156=CARTESIAN_POINT('',(0.00373608835849541,0.00182178398228968,-1.04083408558608E-17));
#4157=CARTESIAN_POINT('',(0.00376023084406804,0.00180910418487781,-1.04083408558608E-17));
#4158=CARTESIAN_POINT('',(0.00378332322486926,0.0017945061219527,-1.04083408558608E-17));
#4159=CARTESIAN_POINT('',(0.00380155791867431,0.00178037094843842,-1.04083408558608E-17));
#4160=CARTESIAN_POINT('',(0.00381496829677002,0.00176797943547473,-1.04083408558608E-17));
#4161=CARTESIAN_POINT('',(0.0038244186912136,0.00175807231318133,-1.04083408558608E-17));
#4162=CARTESIAN_POINT('',(0.00383319466382603,0.00174748657071945,-1.04083408558608E-17));
#4163=CARTESIAN_POINT('',(0.00384118685656114,0.00173616032466704,-1.04083408558608E-17));
#4164=CARTESIAN_POINT('',(0.00384808378362584,0.00172439752724403,-1.04083408558608E-17));
#4165=CARTESIAN_POINT('',(0.003853878285794,0.00171210631640473,-1.04083408558608E-17));
#4166=CARTESIAN_POINT('',(0.00385774729805323,0.00170142084093319,-1.04083408558608E-17));
#4167=CARTESIAN_POINT('',(0.00386029950749731,0.00169262654116513,-1.04083408558608E-17));
#4168=CARTESIAN_POINT('',(0.00386249939138942,0.00168364613803668,-1.04083408558608E-17));
#4169=CARTESIAN_POINT('',(0.0038645452534543,0.00167237526710993,-1.04083408558608E-17));
#4170=CARTESIAN_POINT('',(0.00386648804035756,0.00165425723447253,-1.04083408558608E-17));
#4171=CARTESIAN_POINT('',(0.00386664330988528,0.0016360471280857,-1.04083408558608E-17));
#4172=CARTESIAN_POINT('',(0.00386529042684922,0.00161768912489431,-1.04083408558608E-17));
#4173=CARTESIAN_POINT('',(0.00386302954065483,0.00159952354324626,-1.04083408558608E-17));
#4174=CARTESIAN_POINT('',(0.00385869609017047,0.00157722319692978,-1.04083408558608E-17));
#4175=CARTESIAN_POINT('',(0.00385145937896149,0.00155098396544368,-1.04083408558608E-17));
#4176=CARTESIAN_POINT('',(0.00384242387480621,0.00152521850293995,-1.04083408558608E-17));
#4177=CARTESIAN_POINT('',(0.00383169673541354,0.00149987362349195,-1.04083408558608E-17));
#4178=CARTESIAN_POINT('',(0.0038196468072522,0.00147552383419833,-1.04083408558608E-17));
#4179=CARTESIAN_POINT('',(0.00380199751250621,0.00144410326653299,-1.04083408558608E-17));
#4180=CARTESIAN_POINT('',(0.00377740201996166,0.00140656556544723,-1.04083408558608E-17));
#4181=CARTESIAN_POINT('',(0.00374517689328719,0.00136336229282559,-1.04083408558608E-17));
#4182=CARTESIAN_POINT('',(0.00371165447757228,0.00132104550029018,-1.04083408558608E-17));
#4183=CARTESIAN_POINT('',(0.00367811565911948,0.0012787352507126,-1.04083408558608E-17));
#4184=CARTESIAN_POINT('',(0.00363295903315055,0.00122264166130909,-1.04083408558608E-17));
#4185=CARTESIAN_POINT('',(0.00357527752197188,0.00115369250626407,-1.04083408558608E-17));
#4186=CARTESIAN_POINT('',(0.00350230196637889,0.00107441578278285,-1.04083408558608E-17));
#4187=CARTESIAN_POINT('',(0.0034499692070543,0.0010249703951971,-1.04083408558608E-17));
#4188=CARTESIAN_POINT('',(0.00342257580809935,0.00100138158084309,-1.04083408558608E-17));
#4189=CARTESIAN_POINT('',(0.00303411155862919,0.00187388657050014,-6.93889390390723E-18));
#4190=CARTESIAN_POINT('',(-8.15516376016096E-7,-8.02294736570487E-8,0.));
#4191=CARTESIAN_POINT('',(0.00271927686292578,0.0023072193536035,-1.38777878078145E-17));
#4192=CARTESIAN_POINT('',(0.00200951736180574,0.00294628967889068,-6.93889390390723E-18));
#4193=CARTESIAN_POINT('',(0.00204086761811003,0.00296532683198658,-6.93889390390723E-18));
#4194=CARTESIAN_POINT('',(0.00210490377633387,0.00300021699367681,-6.93889390390723E-18));
#4195=CARTESIAN_POINT('',(0.00220392751569293,0.00304547343376486,-6.93889390390723E-18));
#4196=CARTESIAN_POINT('',(0.00228810467933509,0.00307923516257671,-6.93889390390723E-18));
#4197=CARTESIAN_POINT('',(0.00235596799234602,0.00310500308967988,-6.93889390390723E-18));
#4198=CARTESIAN_POINT('',(0.00240700786443987,0.00312398423310761,-6.93889390390723E-18));
#4199=CARTESIAN_POINT('',(0.0024580798092146,0.00314290937413213,-6.93889390390723E-18));
#4200=CARTESIAN_POINT('',(0.0025098095358373,0.00316018993723527,-6.93889390390723E-18));
#4201=CARTESIAN_POINT('',(0.0025630373579577,0.00317418455015326,-6.93889390390723E-18));
#4202=CARTESIAN_POINT('',(0.00260800636673938,0.0031814820139217,-6.93889390390723E-18));
#4203=CARTESIAN_POINT('',(0.00264463634335073,0.00318405263213348,-6.93889390390723E-18));
#4204=CARTESIAN_POINT('',(0.00267199711051825,0.00318421128319427,-6.93889390390723E-18));
#4205=CARTESIAN_POINT('',(0.00269920970678352,0.00318244734540215,-6.93889390390723E-18));
#4206=CARTESIAN_POINT('',(0.00272624321348019,0.00317850386877426,-6.93889390390723E-18));
#4207=CARTESIAN_POINT('',(0.0027486507282018,0.00317300746336308,-6.93889390390723E-18));
#4208=CARTESIAN_POINT('',(0.00276594180058188,0.00316714174515081,-6.93889390390723E-18));
#4209=CARTESIAN_POINT('',(0.0027786047551629,0.00316193496029309,-6.93889390390723E-18));
#4210=CARTESIAN_POINT('',(0.00279092761443279,0.00315583391299138,-6.93889390390723E-18));
#4211=CARTESIAN_POINT('',(0.00280283564510058,0.00314873759000195,-6.93889390390723E-18));
#4212=CARTESIAN_POINT('',(0.00281392066222924,0.00314079697280882,-6.93889390390723E-18));
#4213=CARTESIAN_POINT('',(0.00282421348920037,0.00313192522933783,-6.93889390390723E-18));
#4214=CARTESIAN_POINT('',(0.00283209418219831,0.0031237372308164,-6.93889390390723E-18));
#4215=CARTESIAN_POINT('',(0.00283800270550877,0.00311674131531184,-6.93889390390723E-18));
#4216=CARTESIAN_POINT('',(0.00284366505846768,0.00310943208221549,-6.93889390390723E-18));
#4217=CARTESIAN_POINT('',(0.00285011832266931,0.00309996775634514,-6.93889390390723E-18));
#4218=CARTESIAN_POINT('',(0.00285926241459403,0.00308420631255107,-6.93889390390723E-18));
#4219=CARTESIAN_POINT('',(0.00286681097790763,0.00306763370638468,-6.93889390390723E-18));
#4220=CARTESIAN_POINT('',(0.00287304193034696,0.00305031256885323,-6.93889390390723E-18));
#4221=CARTESIAN_POINT('',(0.00287836511573288,0.00303279789899215,-6.93889390390723E-18));
#4222=CARTESIAN_POINT('',(0.00288347667972716,0.00301066294580793,-6.93889390390723E-18));
#4223=CARTESIAN_POINT('',(0.00288753807200548,0.00298374877944772,-6.93889390390723E-18));
#4224=CARTESIAN_POINT('',(0.00288976348595298,0.00295653578758476,-6.93889390390723E-18));
#4225=CARTESIAN_POINT('',(0.00289027244767316,0.00292901896742417,-6.93889390390723E-18));
#4226=CARTESIAN_POINT('',(0.00288916824209334,0.00290187318069077,-6.93889390390723E-18));
#4227=CARTESIAN_POINT('',(0.00288582470526329,0.00286599044892592,-6.93889390390723E-18));
#4228=CARTESIAN_POINT('',(0.00287862356329913,0.00282169416453631,-6.93889390390723E-18));
#4229=CARTESIAN_POINT('',(0.00286675679927972,0.00276911887123125,-6.93889390390723E-18));
#4230=CARTESIAN_POINT('',(0.00285334433881575,0.00271682576279285,-6.93889390390723E-18));
#4231=CARTESIAN_POINT('',(0.00283991423244438,0.00266453196004932,-6.93889390390723E-18));
#4232=CARTESIAN_POINT('',(0.00282147692016006,0.00259492106178763,-6.93889390390723E-18));
#4233=CARTESIAN_POINT('',(0.00279682638549876,0.00250847169016362,-6.93889390390723E-18));
#4234=CARTESIAN_POINT('',(0.00276240464655065,0.00240636696702208,-6.93889390390723E-18));
#4235=CARTESIAN_POINT('',(0.00273470754294597,0.00233991070694116,-6.93889390390723E-18));
#4236=CARTESIAN_POINT('',(0.00271927686292578,0.00230721935360351,-6.93889390390723E-18));
#4237=CARTESIAN_POINT('',(0.00200951736180574,0.00294628967889068,-6.93889390390723E-18));
#4238=CARTESIAN_POINT('',(-8.15516398750622E-7,-8.02294908652888E-8,0.));
#4239=CARTESIAN_POINT('',(0.00154564923410271,0.00321410406725699,-1.38777878078145E-17));
#4240=CARTESIAN_POINT('',(0.000637318347065738,0.00350923866317677,-6.93889390390723E-18));
#4241=CARTESIAN_POINT('',(0.000658215123564513,0.00353938126592276,-6.93889390390723E-18));
#4242=CARTESIAN_POINT('',(0.000702523957792507,0.00359730086668274,-6.93889390390723E-18));
#4243=CARTESIAN_POINT('',(0.000774579192563793,0.00367892126528596,-6.93889390390723E-18));
#4244=CARTESIAN_POINT('',(0.000837746725804974,0.00374400207624765,-6.93889390390723E-18));
#4245=CARTESIAN_POINT('',(0.000889262186977724,0.0037951447451277,-6.93889390390723E-18));
#4246=CARTESIAN_POINT('',(0.00092816910372819,0.00383324466872542,-6.93889390390723E-18));
#4247=CARTESIAN_POINT('',(0.000967128098560077,0.00387130647671666,-6.93889390390723E-18));
#4248=CARTESIAN_POINT('',(0.00100735691711431,0.00390813343199878,-6.93889390390723E-18));
#4249=CARTESIAN_POINT('',(0.0010502908303532,0.00394256785274897,-6.93889390390723E-18));
#4250=CARTESIAN_POINT('',(0.00108840391814426,0.00396752496130124,-6.93889390390723E-18));
#4251=CARTESIAN_POINT('',(0.00112082150226902,0.0039847720916148,-6.93889390390723E-18));
#4252=CARTESIAN_POINT('',(0.00114575227763264,0.00399604565316043,-6.93889390390723E-18));
#4253=CARTESIAN_POINT('',(0.0011713296794776,0.00400550257585719,-6.93889390390723E-18));
#4254=CARTESIAN_POINT('',(0.00119762997317018,0.00401289554846083,-6.93889390390723E-18));
#4255=CARTESIAN_POINT('',(0.00122033584594709,0.00401698828958162,-6.93889390390723E-18));
#4256=CARTESIAN_POINT('',(0.00123851782911258,0.00401866260208805,-6.93889390390723E-18));
#4257=CARTESIAN_POINT('',(0.00125220380394464,0.00401905645507006,-6.93889390390723E-18));
#4258=CARTESIAN_POINT('',(0.00126594281555457,0.00401849502943325,-6.93889390390723E-18));
#4259=CARTESIAN_POINT('',(0.00127970767747149,0.00401685564821974,-6.93889390390723E-18));
#4260=CARTESIAN_POINT('',(0.00129306408449836,0.00401411021610744,-6.93889390390723E-18));
#4261=CARTESIAN_POINT('',(0.00130607551298176,0.00401019194504814,-6.93889390390723E-18));
#4262=CARTESIAN_POINT('',(0.00131660524330522,0.00400591720280679,-6.93889390390723E-18));
#4263=CARTESIAN_POINT('',(0.00132484844312444,0.00400192932891239,-6.93889390390723E-18));
#4264=CARTESIAN_POINT('',(0.00133299419288269,0.00399755509865278,-6.93889390390723E-18));
#4265=CARTESIAN_POINT('',(0.00134273903121453,0.00399153378576253,-6.93889390390723E-18));
#4266=CARTESIAN_POINT('',(0.00135750333159545,0.00398085422763199,-6.93889390390723E-18));
#4267=CARTESIAN_POINT('',(0.00137113997352145,0.00396878467584961,-6.93889390390723E-18));
#4268=CARTESIAN_POINT('',(0.00138387737315298,0.00395549538601488,-6.93889390390723E-18));
#4269=CARTESIAN_POINT('',(0.00139586420300636,0.00394166007347551,-6.93889390390723E-18));
#4270=CARTESIAN_POINT('',(0.00140953694562757,0.00392351784791884,-6.93889390390723E-18));
#4271=CARTESIAN_POINT('',(0.00142419418977166,0.00390058245055573,-6.93889390390723E-18));
#4272=CARTESIAN_POINT('',(0.00143729572753317,0.00387662730284892,-6.93889390390723E-18));
#4273=CARTESIAN_POINT('',(0.00144895278626099,0.00385169645016395,-6.93889390390723E-18));
#4274=CARTESIAN_POINT('',(0.00145898523043883,0.00382644841912872,-6.93889390390723E-18));
#4275=CARTESIAN_POINT('',(0.0014705255794177,0.00379230797357087,-6.93889390390723E-18));
#4276=CARTESIAN_POINT('',(0.00148196393089987,0.00374891233586748,-6.93889390390723E-18));
#4277=CARTESIAN_POINT('',(0.00149250740084065,0.00369605576772299,-6.93889390390723E-18));
#4278=CARTESIAN_POINT('',(0.00150152403189022,0.00364282829689857,-6.93889390390723E-18));
#4279=CARTESIAN_POINT('',(0.00151052482500055,0.00358959301455769,-6.93889390390723E-18));
#4280=CARTESIAN_POINT('',(0.00152199480519252,0.00351850116414245,-6.93889390390723E-18));
#4281=CARTESIAN_POINT('',(0.00153463754843459,0.0034294994576611,-6.93889390390723E-18));
#4282=CARTESIAN_POINT('',(0.00154472145750714,0.00332222156908269,-6.93889390390723E-18));
#4283=CARTESIAN_POINT('',(0.00154644909045592,0.00325024532761076,-6.93889390390723E-18));
#4284=CARTESIAN_POINT('',(0.0015456492341293,0.00321410406727317,-6.93889390390723E-18));
#4285=CARTESIAN_POINT('',(0.000637318347065738,0.00350923866317677,-6.93889390390723E-18));
#4286=CARTESIAN_POINT('',(-8.15516372926783E-7,-8.02294820411841E-8,0.));
#4287=CARTESIAN_POINT('',(0.000104623800765904,0.00356522711609205,-1.38777878078145E-17));
#4288=CARTESIAN_POINT('',(-0.000845219809923096,0.00346539452976858,-6.93889390390723E-18));
#4289=CARTESIAN_POINT('',(-0.000838389755727739,0.00350143065231291,-6.93889390390723E-18));
#4290=CARTESIAN_POINT('',(-0.000821469645466725,0.00357236486698817,-6.93889390390723E-18));
#4291=CARTESIAN_POINT('',(-0.000788841919976429,0.00367623631569003,-6.93889390390723E-18));
#4292=CARTESIAN_POINT('',(-0.000757606257492665,0.00376138314534567,-6.93889390390723E-18));
#4293=CARTESIAN_POINT('',(-0.000731346139398138,0.00382905752393666,-6.93889390390723E-18));
#4294=CARTESIAN_POINT('',(-0.000711299537355455,0.00387968840478742,-6.93889390390723E-18));
#4295=CARTESIAN_POINT('',(-0.000691189856604211,0.003930305647363,-6.93889390390723E-18));
#4296=CARTESIAN_POINT('',(-0.00066941787431382,0.00398031127969344,-6.93889390390723E-18));
#4297=CARTESIAN_POINT('',(-0.000644201533597797,0.00402923148410123,-6.93889390390723E-18));
#4298=CARTESIAN_POINT('',(-0.000619534465922975,0.00406753292664045,-6.93889390390723E-18));
#4299=CARTESIAN_POINT('',(-0.000596934569084483,0.00409647438353929,-6.93889390390723E-18));
#4300=CARTESIAN_POINT('',(-0.000578744543074112,0.00411691355436143,-6.93889390390723E-18));
#4301=CARTESIAN_POINT('',(-0.000559224900791851,0.00413595614969936,-6.93889390390723E-18));
#4302=CARTESIAN_POINT('',(-0.000538205379813488,0.0041534072594083,-6.93889390390723E-18));
#4303=CARTESIAN_POINT('',(-0.000519127200660787,0.0041663814749399,-6.93889390390723E-18));
#4304=CARTESIAN_POINT('',(-0.000503198136777337,0.00417530631432201,-6.93889390390723E-18));
#4305=CARTESIAN_POINT('',(-0.000490855571075862,0.00418123270438512,-6.93889390390723E-18));
#4306=CARTESIAN_POINT('',(-0.000478076007048259,0.0041863079760062,-6.93889390390723E-18));
#4307=CARTESIAN_POINT('',(-0.000464834383557476,0.00419040900047376,-6.93889390390723E-18));
#4308=CARTESIAN_POINT('',(-0.000451516030746505,0.00419333346359596,-6.93889390390723E-18));
#4309=CARTESIAN_POINT('',(-0.000438035794940733,0.00419504616961088,-6.93889390390723E-18));
#4310=CARTESIAN_POINT('',(-0.000426677713324269,0.00419542382541796,-6.93889390390723E-18));
#4311=CARTESIAN_POINT('',(-0.000417525161132169,0.00419513353275874,-6.93889390390723E-18));
#4312=CARTESIAN_POINT('',(-0.00040830448870959,0.0041944506494864,-6.93889390390723E-18));
#4313=CARTESIAN_POINT('',(-0.000396953047324181,0.00419291348927689,-6.93889390390723E-18));
#4314=CARTESIAN_POINT('',(-0.000379121420152381,0.0041891624094314,-6.93889390390723E-18));
#4315=CARTESIAN_POINT('',(-0.000361754598887982,0.00418368284718463,-6.93889390390723E-18));
#4316=CARTESIAN_POINT('',(-0.000344713164176182,0.00417672324398846,-6.93889390390723E-18));
#4317=CARTESIAN_POINT('',(-0.000328135321633928,0.00416895953999873,-6.93889390390723E-18));
#4318=CARTESIAN_POINT('',(-0.000308265541797955,0.0041579469976853,-6.93889390390723E-18));
#4319=CARTESIAN_POINT('',(-0.000285546816457479,0.00414295610788492,-6.93889390390723E-18));
#4320=CARTESIAN_POINT('',(-0.000263834529784674,0.00412640086699844,-6.93889390390723E-18));
#4321=CARTESIAN_POINT('',(-0.0002430449854043,0.00410836675270802,-6.93889390390723E-18));
#4322=CARTESIAN_POINT('',(-0.000223610592209036,0.00408938209130811,-6.93889390390723E-18));
#4323=CARTESIAN_POINT('',(-0.000199181788600467,0.00406288712515043,-6.93889390390723E-18));
#4324=CARTESIAN_POINT('',(-0.000171081738557401,0.00402789563412918,-6.93889390390723E-18));
#4325=CARTESIAN_POINT('',(-0.00013995109639361,0.00398389717196428,-6.93889390390723E-18));
#4326=CARTESIAN_POINT('',(-0.000110064431252505,0.00393893885201579,-6.93889390390723E-18));
#4327=CARTESIAN_POINT('',(-8.01890575588504E-5,0.00389396695402168,-6.93889390390723E-18));
#4328=CARTESIAN_POINT('',(-4.0795048667286E-5,0.00383368657823885,-6.93889390390723E-18));
#4329=CARTESIAN_POINT('',(6.95492731589615E-6,0.00375752174050593,-6.93889390390723E-18));
#4330=CARTESIAN_POINT('',(5.9800884921054E-5,0.00366362000801489,-6.93889390390723E-18));
#4331=CARTESIAN_POINT('',(9.06545309913879E-5,0.00359856913118608,-6.93889390390723E-18));
#4332=CARTESIAN_POINT('',(0.00010462380078367,0.00356522711609394,-6.93889390390723E-18));
#4333=CARTESIAN_POINT('',(-0.000845219809923096,0.00346539452976858,-6.93889390390723E-18));
#4334=CARTESIAN_POINT('',(-8.15516337407927E-7,-8.02294783663893E-8,0.));
#4335=CARTESIAN_POINT('',(-0.0013546330483806,0.00329987613507194,-1.04083408558608E-17));
#4336=CARTESIAN_POINT('',(-0.00218175279338106,0.00282233832764382,-3.46944695195361E-18));
#4337=CARTESIAN_POINT('',(-0.00219017043990858,0.0028580369970207,-3.46944695195361E-18));
#4338=CARTESIAN_POINT('',(-0.00220356469439304,0.00292972065547676,-3.46944695195361E-18));
#4339=CARTESIAN_POINT('',(-0.00221600610833458,0.00303788283715423,-3.46944695195361E-18));
#4340=CARTESIAN_POINT('',(-0.00222210324641877,0.00312837302512171,-3.46944695195361E-18));
#4341=CARTESIAN_POINT('',(-0.0022256390843867,0.00320087759856282,-3.46944695195361E-18));
#4342=CARTESIAN_POINT('',(-0.00222791903666265,0.00325528489740039,-3.46944695195361E-18));
#4343=CARTESIAN_POINT('',(-0.00223013581648466,0.00330970539347579,-3.46944695195361E-18));
#4344=CARTESIAN_POINT('',(-0.00223058524398837,0.00336424327473772,-3.46944695195361E-18));
#4345=CARTESIAN_POINT('',(-0.00222744661018828,0.00341919051503489,-3.46944695195361E-18));
#4346=CARTESIAN_POINT('',(-0.00222049072272395,0.00346421362418833,-3.46944695195361E-18));
#4347=CARTESIAN_POINT('',(-0.0022116162406487,0.00349984516684978,-3.46944695195361E-18));
#4348=CARTESIAN_POINT('',(-0.00220331218473998,0.00352591582862924,-3.46944695195361E-18));
#4349=CARTESIAN_POINT('',(-0.00219322542550141,0.00355125145887786,-3.46944695195361E-18));
#4350=CARTESIAN_POINT('',(-0.00218112114337077,0.00357574325028509,-3.46944695195361E-18));
#4351=CARTESIAN_POINT('',(-0.00216896944833759,0.00359535558049503,-3.46944695195361E-18));
#4352=CARTESIAN_POINT('',(-0.00215804758359264,0.00360998776094404,-3.46944695195361E-18));
#4353=CARTESIAN_POINT('',(-0.00214918256876023,0.00362042196140677,-3.46944695195361E-18));
#4354=CARTESIAN_POINT('',(-0.00213957215503401,0.00363025636971508,-3.46944695195361E-18));
#4355=CARTESIAN_POINT('',(-0.0021291433669673,0.00363938869547661,-3.46944695195361E-18));
#4356=CARTESIAN_POINT('',(-0.00211816593256668,0.00364747738759157,-3.46944695195361E-18));
#4357=CARTESIAN_POINT('',(-0.00210654774467346,0.00365452492825129,-3.46944695195361E-18));
#4358=CARTESIAN_POINT('',(-0.00209632522726041,0.00365948968198686,-3.46944695195361E-18));
#4359=CARTESIAN_POINT('',(-0.00208784588211776,0.00366294716480084,-3.46944695195361E-18));
#4360=CARTESIAN_POINT('',(-0.0020791446250599,0.00366607370523735,-3.46944695195361E-18));
#4361=CARTESIAN_POINT('',(-0.00206814934796107,0.00366928648667345,-3.46944695195361E-18));
#4362=CARTESIAN_POINT('',(-0.00205033364433164,0.00367311248089579,-3.46944695195361E-18));
#4363=CARTESIAN_POINT('',(-0.00203223952489808,0.00367517037427735,-3.46944695195361E-18));
#4364=CARTESIAN_POINT('',(-0.00201384067398425,0.00367574383633838,-3.46944695195361E-18));
#4365=CARTESIAN_POINT('',(-0.00199553827833364,0.00367539415584915,-3.46944695195361E-18));
#4366=CARTESIAN_POINT('',(-0.00197290712672783,0.00367341546539076,-3.46944695195361E-18));
#4367=CARTESIAN_POINT('',(-0.00194605519419548,0.00366896114418754,-3.46944695195361E-18));
#4368=CARTESIAN_POINT('',(-0.00191948641022704,0.00366266836167032,-3.46944695195361E-18));
#4369=CARTESIAN_POINT('',(-0.00189315908128455,0.00365464924797005,-3.46944695195361E-18));
#4370=CARTESIAN_POINT('',(-0.00186768312221125,0.00364521057663173,-3.46944695195361E-18));
#4371=CARTESIAN_POINT('',(-0.00183458982604562,0.0036309423102221,-3.46944695195361E-18));
#4372=CARTESIAN_POINT('',(-0.00179468683137505,0.00361040531256827,-3.46944695195361E-18));
#4373=CARTESIAN_POINT('',(-0.00174835178783137,0.00358287269020475,-3.46944695195361E-18));
#4374=CARTESIAN_POINT('',(-0.00170276276451345,0.00355395722308479,-3.46944695195361E-18));
#4375=CARTESIAN_POINT('',(-0.00165717853375737,0.0035250247591575,-3.46944695195361E-18));
#4376=CARTESIAN_POINT('',(-0.00159667207818689,0.00348597888260997,-3.46944695195361E-18));
#4377=CARTESIAN_POINT('',(-0.00152207127410501,0.00343582050600533,-3.46944695195361E-18));
#4378=CARTESIAN_POINT('',(-0.00143560081412763,0.00337153139221981,-3.46944695195361E-18));
#4379=CARTESIAN_POINT('',(-0.00138095603063788,0.00332465376760647,-3.46944695195361E-18));
#4380=CARTESIAN_POINT('',(-0.0013546330483806,0.00329987613507194,-3.46944695195361E-18));
#4381=CARTESIAN_POINT('',(-0.00218175279338106,0.00282233832764382,-6.93889390390723E-18));
#4382=CARTESIAN_POINT('',(-8.1551632188058E-7,-8.02294695258048E-8,0.));
#4383=CARTESIAN_POINT('',(-0.00257980254721072,0.00246393271946384,-1.7347234759768E-17));
#4384=CARTESIAN_POINT('',(-0.00314118190846519,0.00169126031613033,-1.04083408558608E-17));
#4385=CARTESIAN_POINT('',(-0.00316339176815908,0.00172044890809225,-1.04083408558608E-17));
#4386=CARTESIAN_POINT('',(-0.00320478439910567,0.00178048725455648,-1.04083408558608E-17));
#4387=CARTESIAN_POINT('',(-0.00326014371898187,0.00187423794537494,-1.04083408558608E-17));
#4388=CARTESIAN_POINT('',(-0.00330251940706848,0.00195442491607712,-1.04083408558608E-17));
#4389=CARTESIAN_POINT('',(-0.00333523982259212,0.00201922298493704,-1.04083408558608E-17));
#4390=CARTESIAN_POINT('',(-0.00335945210472546,0.00206799918551761,-1.04083408558608E-17));
#4391=CARTESIAN_POINT('',(-0.00338361204375067,0.00211681313692671,-1.04083408558608E-17));
#4392=CARTESIAN_POINT('',(-0.00340620517095016,0.00216645317198883,-1.04083408558608E-17));
#4393=CARTESIAN_POINT('',(-0.00342568694236364,0.00221792657114801,-1.04083408558608E-17));
#4394=CARTESIAN_POINT('',(-0.00343764497124462,0.00226188644232093,-1.04083408558608E-17));
#4395=CARTESIAN_POINT('',(-0.00344403038250559,0.00229804705331641,-1.04083408558608E-17));
#4396=CARTESIAN_POINT('',(-0.0034470481434051,0.00232524135178701,-1.04083408558608E-17));
#4397=CARTESIAN_POINT('',(-0.0034481383595179,0.00235248925630935,-1.04083408558608E-17));
#4398=CARTESIAN_POINT('',(-0.00344704225657931,0.00237978687617962,-1.04083408558608E-17));
#4399=CARTESIAN_POINT('',(-0.00344391818413158,0.00240264617100217,-1.04083408558608E-17));
#4400=CARTESIAN_POINT('',(-0.00343989200816154,0.00242045565558927,-1.04083408558608E-17));
#4401=CARTESIAN_POINT('',(-0.00343603738579886,0.00243359349839988,-1.04083408558608E-17));
#4402=CARTESIAN_POINT('',(-0.00343125785021517,0.0024464865848561,-1.04083408558608E-17));
#4403=CARTESIAN_POINT('',(-0.00342544512977181,0.00245907114982286,-1.04083408558608E-17));
#4404=CARTESIAN_POINT('',(-0.00341870671191627,0.00247092546258044,-1.04083408558608E-17));
#4405=CARTESIAN_POINT('',(-0.00341095946217024,0.00248208925408,-1.04083408558608E-17));
#4406=CARTESIAN_POINT('',(-0.00340364007508998,0.0024907826547198,-1.04083408558608E-17));
#4407=CARTESIAN_POINT('',(-0.00339730009280439,0.00249739008281819,-1.04083408558608E-17));
#4408=CARTESIAN_POINT('',(-0.00339062277750498,0.00250378543971836,-1.04083408558608E-17));
#4409=CARTESIAN_POINT('',(-0.00338188484799207,0.00251119264370256,-1.04083408558608E-17));
#4410=CARTESIAN_POINT('',(-0.00336716556491312,0.00252193416283362,-1.04083408558608E-17));
#4411=CARTESIAN_POINT('',(-0.00335147278494037,0.00253117368338248,-1.04083408558608E-17));
#4412=CARTESIAN_POINT('',(-0.00333489784629583,0.0025391810539006,-1.04083408558608E-17));
#4413=CARTESIAN_POINT('',(-0.00331803554801691,0.00254630585984521,-1.04083408558608E-17));
#4414=CARTESIAN_POINT('',(-0.00329655615635147,0.00255370315479794,-1.04083408558608E-17));
#4415=CARTESIAN_POINT('',(-0.00327021395970423,0.00256055559479417,-1.04083408558608E-17));
#4416=CARTESIAN_POINT('',(-0.00324338266255812,0.00256561334991156,-1.04083408558608E-17));
#4417=CARTESIAN_POINT('',(-0.00321606978340396,0.00256899581441157,-1.04083408558608E-17));
#4418=CARTESIAN_POINT('',(-0.00318895728321821,0.00257073516515688,-1.04083408558608E-17));
#4419=CARTESIAN_POINT('',(-0.00315292162604571,0.00257116071138065,-1.04083408558608E-17));
#4420=CARTESIAN_POINT('',(-0.00310811527703349,0.00256862924056135,-1.04083408558608E-17));
#4421=CARTESIAN_POINT('',(-0.00305458758207929,0.0025623230985319,-1.04083408558608E-17));
#4422=CARTESIAN_POINT('',(-0.0030011789568795,0.00255445023119428,-1.04083408558608E-17));
#4423=CARTESIAN_POINT('',(-0.00294776779667845,0.00254655988719002,-1.04083408558608E-17));
#4424=CARTESIAN_POINT('',(-0.00287661101028109,0.00253549989665351,-1.04083408558608E-17));
#4425=CARTESIAN_POINT('',(-0.00278805853485329,0.00252002082016662,-1.04083408558608E-17));
#4426=CARTESIAN_POINT('',(-0.00268291510059327,0.00249646049690841,-1.04083408558608E-17));
#4427=CARTESIAN_POINT('',(-0.00261392775918175,0.00247586169167605,-1.04083408558608E-17));
#4428=CARTESIAN_POINT('',(-0.00257980254722854,0.00246393271946205,-1.04083408558608E-17));
#4429=CARTESIAN_POINT('',(-0.00314118190846519,0.00169126031613033,-6.93889390390723E-18));
#4430=CARTESIAN_POINT('',(-8.15516329256624E-7,-8.02294568019333E-8,0.));
#4431=CARTESIAN_POINT('',(-0.00335904175906136,0.00120193908013404,-1.38777878078145E-17));
#4432=CARTESIAN_POINT('',(-0.00355761314500493,0.000267734158943117,-6.93889390390723E-18));
#4433=CARTESIAN_POINT('',(-0.00358977493135386,0.000285365700769842,-6.93889390390723E-18));
#4434=CARTESIAN_POINT('',(-0.00365200877683167,0.000323377559707326,-6.93889390390723E-18));
#4435=CARTESIAN_POINT('',(-0.00374071387331229,0.000386506413525977,-6.93889390390723E-18));
#4436=CARTESIAN_POINT('',(-0.00381204096996013,0.000442525111252696,-6.93889390390723E-18));
#4437=CARTESIAN_POINT('',(-0.00386828830593981,0.000488412500753551,-6.93889390390723E-18));
#4438=CARTESIAN_POINT('',(-0.00391024639438802,0.000523123754878873,-6.93889390390723E-18));
#4439=CARTESIAN_POINT('',(-0.00395217201967283,0.000557890785962212,-6.93889390390723E-18));
#4440=CARTESIAN_POINT('',(-0.0039930022896232,0.000594049761796726,-6.93889390390723E-18));
#4441=CARTESIAN_POINT('',(-0.0040317358909865,0.000633149101482122,-6.93889390390723E-18));
#4442=CARTESIAN_POINT('',(-0.00406054018438401,0.000668444673585851,-6.93889390390723E-18));
#4443=CARTESIAN_POINT('',(-0.00408108139336451,0.000698881854765412,-6.93889390390723E-18));
#4444=CARTESIAN_POINT('',(-0.00409489917279725,0.000722497648669128,-6.93889390390723E-18));
#4445=CARTESIAN_POINT('',(-0.00410697785599122,0.000746946417233845,-6.93889390390723E-18));
#4446=CARTESIAN_POINT('',(-0.00411707945840056,0.000772329859100489,-6.93889390390723E-18));
#4447=CARTESIAN_POINT('',(-0.00412352318904578,0.00079448353879066,-6.93889390390723E-18));
#4448=CARTESIAN_POINT('',(-0.00412708886425256,0.000812390905836635,-6.93889390390723E-18));
#4449=CARTESIAN_POINT('',(-0.00412891113358424,0.000825960738619622,-6.93889390390723E-18));
#4450=CARTESIAN_POINT('',(-0.00412978890126621,0.000839683171445468,-6.93889390390723E-18));
#4451=CARTESIAN_POINT('',(-0.00412959732061779,0.000853543990007523,-6.93889390390723E-18));
#4452=CARTESIAN_POINT('',(-0.00412826305297114,0.000867114205038896,-6.93889390390723E-18));
#4453=CARTESIAN_POINT('',(-0.00412572631123497,0.000880463926408153,-6.93889390390723E-18));
#4454=CARTESIAN_POINT('',(-0.00412257564300822,0.000891382806004511,-6.93889390390723E-18));
#4455=CARTESIAN_POINT('',(-0.00411947126411378,0.0008999976950425,-6.93889390390723E-18));
#4456=CARTESIAN_POINT('',(-0.0041159724590496,0.000908556053098289,-6.93889390390723E-18));
#4457=CARTESIAN_POINT('',(-0.00411100274451701,0.000918876906769402,-6.93889390390723E-18));
#4458=CARTESIAN_POINT('',(-0.00410192497975337,0.000934676644567779,-6.93889390390723E-18));
#4459=CARTESIAN_POINT('',(-0.00409134696346316,0.000949500195242625,-6.93889390390723E-18));
#4460=CARTESIAN_POINT('',(-0.00407946189455814,0.000963556927110579,-6.93889390390723E-18));
#4461=CARTESIAN_POINT('',(-0.00406695533821249,0.000976924275814382,-6.93889390390723E-18));
#4462=CARTESIAN_POINT('',(-0.00405034168844052,0.000992418496678606,-6.93889390390723E-18));
#4463=CARTESIAN_POINT('',(-0.00402906403279005,0.00100939284874646,-6.93889390390723E-18));
#4464=CARTESIAN_POINT('',(-0.0040066095974975,0.00102492660969041,-6.93889390390723E-18));
#4465=CARTESIAN_POINT('',(-0.00398303381306714,0.00103912579354993,-6.93889390390723E-18));
#4466=CARTESIAN_POINT('',(-0.00395897276936039,0.0010517424168335,-6.93889390390723E-18));
#4467=CARTESIAN_POINT('',(-0.00392622564367982,0.00106678819488261,-6.93889390390723E-18));
#4468=CARTESIAN_POINT('',(-0.00388426336512308,0.0010826999652002,-6.93889390390723E-18));
#4469=CARTESIAN_POINT('',(-0.00383279844349976,0.00109871069275121,-6.93889390390723E-18));
#4470=CARTESIAN_POINT('',(-0.00378080505291728,0.00111324171548136,-6.93889390390723E-18));
#4471=CARTESIAN_POINT('',(-0.00372880223809518,0.00112775780355999,-6.93889390390723E-18));
#4472=CARTESIAN_POINT('',(-0.00365929877567816,0.0011465960718751,-6.93889390390723E-18));
#4473=CARTESIAN_POINT('',(-0.00357210615637989,0.00116847276845357,-6.93889390390723E-18));
#4474=CARTESIAN_POINT('',(-0.00346647000281888,0.00118971502965283,-6.93889390390723E-18));
#4475=CARTESIAN_POINT('',(-0.00339506864154596,0.00119895676436038,-6.93889390390723E-18));
#4476=CARTESIAN_POINT('',(-0.00335904175906136,0.00120193908013404,-6.93889390390723E-18));
#4477=CARTESIAN_POINT('',(-0.00355761314500493,0.000267734158943117,-6.93889390390723E-18));
#4478=CARTESIAN_POINT('',(-8.15516290023034E-7,-8.02294618211389E-8,0.));
#4479=CARTESIAN_POINT('',(-0.00355761314496949,-0.000267894617844322,-1.38777878078145E-17));
#4480=CARTESIAN_POINT('',(-0.00335904175906138,-0.00120209953901277,-6.93889390390723E-18));
#4481=CARTESIAN_POINT('',(-0.00339559440702497,-0.00119907370108062,-6.93889390390723E-18));
#4482=CARTESIAN_POINT('',(-0.00346790866977416,-0.00118966092540708,-6.93889390390723E-18));
#4483=CARTESIAN_POINT('',(-0.00357462162581721,-0.00116806946092111,-6.93889390390723E-18));
#4484=CARTESIAN_POINT('',(-0.00366256702802951,-0.00114590517792069,-6.93889390390723E-18));
#4485=CARTESIAN_POINT('',(-0.00373261560908334,-0.00112686281429743,-6.93889390390723E-18));
#4486=CARTESIAN_POINT('',(-0.00378506456917645,-0.00111221839780747,-6.93889390390723E-18));
#4487=CARTESIAN_POINT('',(-0.00383750655922676,-0.00109750982257276,-6.93889390390723E-18));
#4488=CARTESIAN_POINT('',(-0.00388951404732223,-0.00108108412138162,-6.93889390390723E-18));
#4489=CARTESIAN_POINT('',(-0.00394080208707594,-0.00106111947220795,-6.93889390390723E-18));
#4490=CARTESIAN_POINT('',(-0.00398147212098275,-0.00104059112424036,-6.93889390390723E-18));
#4491=CARTESIAN_POINT('',(-0.00401261736603905,-0.00102114023801578,-6.93889390390723E-18));
#4492=CARTESIAN_POINT('',(-0.0040348459444105,-0.00100518633398765,-6.93889390390723E-18));
#4493=CARTESIAN_POINT('',(-0.00405582458063,-0.000987764115575486,-6.93889390390723E-18));
#4494=CARTESIAN_POINT('',(-0.00407537722956051,-0.000968683879412539,-6.93889390390723E-18));
#4495=CARTESIAN_POINT('',(-0.00409027458373068,-0.000951066387333038,-6.93889390390723E-18));
#4496=CARTESIAN_POINT('',(-0.00410081557247787,-0.00093615748427375,-6.93889390390723E-18));
#4497=CARTESIAN_POINT('',(-0.00410799964658168,-0.000924502008884631,-6.93889390390723E-18));
#4498=CARTESIAN_POINT('',(-0.00411438294352283,-0.000912322962989136,-6.93889390390723E-18));
#4499=CARTESIAN_POINT('',(-0.0041198456287039,-0.000899582552282746,-6.93889390390723E-18));
#4500=CARTESIAN_POINT('',(-0.00412414621826371,-0.00088664284843804,-6.93889390390723E-18));
#4501=CARTESIAN_POINT('',(-0.00412725861022914,-0.00087341548530224,-6.93889390390723E-18));
#4502=CARTESIAN_POINT('',(-0.00412882144001523,-0.000862159100226447,-6.93889390390723E-18));
#4503=CARTESIAN_POINT('',(-0.00412948943982519,-0.000853026342827336,-6.93889390390723E-18));
#4504=CARTESIAN_POINT('',(-0.00412977412017748,-0.000843784801474014,-6.93889390390723E-18));
#4505=CARTESIAN_POINT('',(-0.00412943192941632,-0.000832334867477737,-6.93889390390723E-18));
#4506=CARTESIAN_POINT('',(-0.00412756531096454,-0.000814208829213496,-6.93889390390723E-18));
#4507=CARTESIAN_POINT('',(-0.00412393109347169,-0.000796364374992072,-6.93889390390723E-18));
#4508=CARTESIAN_POINT('',(-0.00411879093069234,-0.000778688818415649,-6.93889390390723E-18));
#4509=CARTESIAN_POINT('',(-0.00411280261349063,-0.000761390262982099,-6.93889390390723E-18));
#4510=CARTESIAN_POINT('',(-0.00410392735658797,-0.000740478207754386,-6.93889390390723E-18));
#4511=CARTESIAN_POINT('',(-0.00409139334189767,-0.00071631696329458,-6.93889390390723E-18));
#4512=CARTESIAN_POINT('',(-0.0040771983443129,-0.000692993124911072,-6.93889390390723E-18));
#4513=CARTESIAN_POINT('',(-0.00406143612191362,-0.000670432389576896,-6.93889390390723E-18));
#4514=CARTESIAN_POINT('',(-0.00404458690773049,-0.000649120022539217,-6.93889390390723E-18));
#4515=CARTESIAN_POINT('',(-0.00402079058907031,-0.000622055564376059,-6.93889390390723E-18));
#4516=CARTESIAN_POINT('',(-0.00398892804014683,-0.000590451842563391,-6.93889390390723E-18));
#4517=CARTESIAN_POINT('',(-0.00394842464434722,-0.000554892645678393,-6.93889390390723E-18));
#4518=CARTESIAN_POINT('',(-0.00390683661795887,-0.000520470278720706,-6.93889390390723E-18));
#4519=CARTESIAN_POINT('',(-0.00386523390762922,-0.0004860577220625,-6.93889390390723E-18));
#4520=CARTESIAN_POINT('',(-0.00380940154926357,-0.000440578502627719,-6.93889390390723E-18));
#4521=CARTESIAN_POINT('',(-0.0037386451820916,-0.000385128712565875,-6.93889390390723E-18));
#4522=CARTESIAN_POINT('',(-0.00365078175985463,-0.000322756846850384,-6.93889390390723E-18));
#4523=CARTESIAN_POINT('',(-0.00358931232274539,-0.000285272552092384,-6.93889390390723E-18));
#4524=CARTESIAN_POINT('',(-0.00355761314500492,-0.000267894617821838,-6.93889390390723E-18));
#4525=CARTESIAN_POINT('',(-0.00335904175906138,-0.00120209953901277,-6.93889390390723E-18));
#4526=CARTESIAN_POINT('',(-8.15516329256841E-7,-8.022942185517E-8,0.));
#4527=CARTESIAN_POINT('',(-2.8542164351867E-20,0.00630606098785293,0.00635));
#4528=CARTESIAN_POINT('',(-0.000809811622346366,0.00608907261762389,0.00635));
#4529=CARTESIAN_POINT('',(0.000809811622346288,0.0060890726176239,0.00635));
#4530=CARTESIAN_POINT('',(-0.000983286330292458,0.00673648904150684,0.00635));
#4531=CARTESIAN_POINT('',(-0.00115676103823855,0.00738390546538979,0.00635));
#4532=CARTESIAN_POINT('',(-0.0016397239668379,0.00725449593869742,0.00635));
#4533=CARTESIAN_POINT('',(-0.00174995751459161,0.00774219316131575,0.00635));
#4534=CARTESIAN_POINT('',(-0.00205277321603488,0.00766105393865856,0.00635));
#4535=CARTESIAN_POINT('',(-0.00235558891747816,0.00757991471600136,0.00635));
#4536=CARTESIAN_POINT('',(-0.00220720535887299,0.00710243975798192,0.00635));
#4537=CARTESIAN_POINT('',(-0.00269016828747234,0.00697303023128956,0.00635));
#4538=CARTESIAN_POINT('',(-0.00251669357952626,0.00632561380740661,0.00635));
#4539=CARTESIAN_POINT('',(-0.00234321887158017,0.00567819738352365,0.00635));
#4540=CARTESIAN_POINT('',(-0.00315303049392647,0.00546120901329463,0.00635));
#4541=CARTESIAN_POINT('',(-0.00374585374604378,0.00486838576117731,0.00635));
#4542=CARTESIAN_POINT('',(-0.00421979546198066,0.00534232747711418,0.00635));
#4543=CARTESIAN_POINT('',(-0.00469373717791754,0.00581626919305104,0.00635));
#4544=CARTESIAN_POINT('',(-0.00504729057982452,0.00546271579114406,0.00635));
#4545=CARTESIAN_POINT('',(-0.00538660424383769,0.00582995720140979,0.00635));
#4546=CARTESIAN_POINT('',(-0.00560828072262377,0.0056082807226237,0.00635));
#4547=CARTESIAN_POINT('',(-0.00582995720140985,0.00538660424383761,0.00635));
#4548=CARTESIAN_POINT('',(-0.00546271579114412,0.00504729057982445,0.00635));
#4549=CARTESIAN_POINT('',(-0.00581626919305111,0.00469373717791747,0.00635));
#4550=CARTESIAN_POINT('',(-0.00534232747711424,0.0042197954619806,0.00635));
#4551=CARTESIAN_POINT('',(-0.00486838576117736,0.00374585374604373,0.00635));
#4552=CARTESIAN_POINT('',(-0.00546120901329463,0.00315303049392647,0.00635));
#4553=CARTESIAN_POINT('',(-0.00567819738352368,0.0023432188715801,0.00635));
#4554=CARTESIAN_POINT('',(-0.00632561380740664,0.00251669357952617,0.00635));
#4555=CARTESIAN_POINT('',(-0.00697303023128959,0.00269016828747225,0.00635));
#4556=CARTESIAN_POINT('',(-0.00710243975798195,0.0022072053588729,0.00635));
#4557=CARTESIAN_POINT('',(-0.0075799147160014,0.00235558891747806,0.00635));
#4558=CARTESIAN_POINT('',(-0.00766105393865859,0.00205277321603479,0.00635));
#4559=CARTESIAN_POINT('',(-0.00774219316131577,0.00174995751459151,0.00635));
#4560=CARTESIAN_POINT('',(-0.00725449593869744,0.0016397239668378,0.00635));
#4561=CARTESIAN_POINT('',(-0.00738390546538981,0.00115676103823845,0.00635));
#4562=CARTESIAN_POINT('',(-0.00673648904150686,0.000983286330292369,0.00635));
#4563=CARTESIAN_POINT('',(-0.0060890726176239,0.000809811622346287,0.00635));
#4564=CARTESIAN_POINT('',(-0.00630606098785293,2.32181919997481E-19,0.00635));
#4565=CARTESIAN_POINT('',(-0.00608907261762389,-0.000809811622346366,0.00635));
#4566=CARTESIAN_POINT('',(-0.00673648904150684,-0.000983286330292457,0.00635));
#4567=CARTESIAN_POINT('',(-0.00738390546538979,-0.00115676103823855,0.00635));
#4568=CARTESIAN_POINT('',(-0.00725449593869742,-0.0016397239668379,0.00635));
#4569=CARTESIAN_POINT('',(-0.00774219316131575,-0.00174995751459162,0.00635));
#4570=CARTESIAN_POINT('',(-0.00766105393865856,-0.00205277321603488,0.00635));
#4571=CARTESIAN_POINT('',(-0.00757991471600136,-0.00235558891747816,0.00635));
#4572=CARTESIAN_POINT('',(-0.00710243975798192,-0.00220720535887299,0.00635));
#4573=CARTESIAN_POINT('',(-0.00697303023128956,-0.00269016828747234,0.00635));
#4574=CARTESIAN_POINT('',(-0.00632561380740661,-0.00251669357952626,0.00635));
#4575=CARTESIAN_POINT('',(-0.00567819738352365,-0.00234321887158017,0.00635));
#4576=CARTESIAN_POINT('',(-0.00546120901329463,-0.00315303049392647,0.00635));
#4577=CARTESIAN_POINT('',(-0.00486838576117731,-0.00374585374604378,0.00635));
#4578=CARTESIAN_POINT('',(-0.00534232747711418,-0.00421979546198066,0.00635));
#4579=CARTESIAN_POINT('',(-0.00581626919305104,-0.00469373717791754,0.00635));
#4580=CARTESIAN_POINT('',(-0.00546271579114406,-0.00504729057982452,0.00635));
#4581=CARTESIAN_POINT('',(-0.00582995720140979,-0.00538660424383769,0.00635));
#4582=CARTESIAN_POINT('',(-0.0056082807226237,-0.00560828072262377,0.00635));
#4583=CARTESIAN_POINT('',(-0.00538660424383761,-0.00582995720140985,0.00635));
#4584=CARTESIAN_POINT('',(-0.00504729057982445,-0.00546271579114412,0.00635));
#4585=CARTESIAN_POINT('',(-0.00469373717791747,-0.00581626919305111,0.00635));
#4586=CARTESIAN_POINT('',(-0.0042197954619806,-0.00534232747711423,0.00635));
#4587=CARTESIAN_POINT('',(-0.00374585374604373,-0.00486838576117736,0.00635));
#4588=CARTESIAN_POINT('',(-0.00315303049392647,-0.00546120901329463,0.00635));
#4589=CARTESIAN_POINT('',(-0.0023432188715801,-0.00567819738352368,0.00635));
#4590=CARTESIAN_POINT('',(-0.00251669357952617,-0.00632561380740664,0.00635));
#4591=CARTESIAN_POINT('',(-0.00269016828747225,-0.00697303023128959,0.00635));
#4592=CARTESIAN_POINT('',(-0.0022072053588729,-0.00710243975798195,0.00635));
#4593=CARTESIAN_POINT('',(-0.00235558891747806,-0.0075799147160014,0.00635));
#4594=CARTESIAN_POINT('',(-0.00205277321603479,-0.00766105393865859,0.00635));
#4595=CARTESIAN_POINT('',(-0.00174995751459151,-0.00774219316131577,0.00635));
#4596=CARTESIAN_POINT('',(-0.0016397239668378,-0.00725449593869744,0.00635));
#4597=CARTESIAN_POINT('',(-0.00115676103823845,-0.00738390546538981,0.00635));
#4598=CARTESIAN_POINT('',(-0.00098328633029237,-0.00673648904150686,0.00635));
#4599=CARTESIAN_POINT('',(-0.000809811622346288,-0.0060890726176239,0.00635));
#4600=CARTESIAN_POINT('',(-7.33273576467445E-19,-0.00630606098785293,0.00635));
#4601=CARTESIAN_POINT('',(0.000809811622346365,-0.00608907261762389,0.00635));
#4602=CARTESIAN_POINT('',(0.000983286330292456,-0.00673648904150684,0.00635));
#4603=CARTESIAN_POINT('',(0.00115676103823855,-0.00738390546538979,0.00635));
#4604=CARTESIAN_POINT('',(0.0016397239668379,-0.00725449593869742,0.00635));
#4605=CARTESIAN_POINT('',(0.00174995751459161,-0.00774219316131575,0.00635));
#4606=CARTESIAN_POINT('',(0.00205277321603488,-0.00766105393865856,0.00635));
#4607=CARTESIAN_POINT('',(0.00235558891747816,-0.00757991471600136,0.00635));
#4608=CARTESIAN_POINT('',(0.00220720535887299,-0.00710243975798192,0.00635));
#4609=CARTESIAN_POINT('',(0.00269016828747234,-0.00697303023128956,0.00635));
#4610=CARTESIAN_POINT('',(0.00251669357952626,-0.00632561380740661,0.00635));
#4611=CARTESIAN_POINT('',(0.00234321887158017,-0.00567819738352365,0.00635));
#4612=CARTESIAN_POINT('',(0.00315303049392647,-0.00546120901329463,0.00635));
#4613=CARTESIAN_POINT('',(0.00374585374604378,-0.00486838576117732,0.00635));
#4614=CARTESIAN_POINT('',(0.00421979546198066,-0.00534232747711418,0.00635));
#4615=CARTESIAN_POINT('',(0.00469373717791754,-0.00581626919305104,0.00635));
#4616=CARTESIAN_POINT('',(0.00504729057982452,-0.00546271579114406,0.00635));
#4617=CARTESIAN_POINT('',(0.00538660424383769,-0.00582995720140979,0.00635));
#4618=CARTESIAN_POINT('',(0.00560828072262377,-0.0056082807226237,0.00635));
#4619=CARTESIAN_POINT('',(0.00582995720140985,-0.00538660424383761,0.00635));
#4620=CARTESIAN_POINT('',(0.00546271579114412,-0.00504729057982445,0.00635));
#4621=CARTESIAN_POINT('',(0.00581626919305111,-0.00469373717791747,0.00635));
#4622=CARTESIAN_POINT('',(0.00534232747711423,-0.0042197954619806,0.00635));
#4623=CARTESIAN_POINT('',(0.00486838576117736,-0.00374585374604373,0.00635));
#4624=CARTESIAN_POINT('',(0.00546120901329463,-0.00315303049392647,0.00635));
#4625=CARTESIAN_POINT('',(0.00567819738352368,-0.0023432188715801,0.00635));
#4626=CARTESIAN_POINT('',(0.00632561380740664,-0.00251669357952617,0.00635));
#4627=CARTESIAN_POINT('',(0.00697303023128959,-0.00269016828747225,0.00635));
#4628=CARTESIAN_POINT('',(0.00710243975798195,-0.0022072053588729,0.00635));
#4629=CARTESIAN_POINT('',(0.0075799147160014,-0.00235558891747806,0.00635));
#4630=CARTESIAN_POINT('',(0.00766105393865858,-0.00205277321603479,0.00635));
#4631=CARTESIAN_POINT('',(0.00774219316131577,-0.00174995751459151,0.00635));
#4632=CARTESIAN_POINT('',(0.00725449593869744,-0.0016397239668378,0.00635));
#4633=CARTESIAN_POINT('',(0.00738390546538981,-0.00115676103823845,0.00635));
#4634=CARTESIAN_POINT('',(0.00673648904150686,-0.00098328633029237,0.00635));
#4635=CARTESIAN_POINT('',(0.0060890726176239,-0.000809811622346288,0.00635));
#4636=CARTESIAN_POINT('',(0.00630606098785293,-1.05997133825283E-18,0.00635));
#4637=CARTESIAN_POINT('',(0.00608907261762389,0.000809811622346362,0.00635));
#4638=CARTESIAN_POINT('',(0.00673648904150684,0.000983286330292453,0.00635));
#4639=CARTESIAN_POINT('',(0.00738390546538979,0.00115676103823854,0.00635));
#4640=CARTESIAN_POINT('',(0.00725449593869742,0.00163972396683789,0.00635));
#4641=CARTESIAN_POINT('',(0.00774219316131575,0.00174995751459161,0.00635));
#4642=CARTESIAN_POINT('',(0.00766105393865856,0.00205277321603488,0.00635));
#4643=CARTESIAN_POINT('',(0.00757991471600137,0.00235558891747815,0.00635));
#4644=CARTESIAN_POINT('',(0.00710243975798192,0.00220720535887299,0.00635));
#4645=CARTESIAN_POINT('',(0.00697303023128956,0.00269016828747234,0.00635));
#4646=CARTESIAN_POINT('',(0.00632561380740661,0.00251669357952625,0.00635));
#4647=CARTESIAN_POINT('',(0.00567819738352365,0.00234321887158017,0.00635));
#4648=CARTESIAN_POINT('',(0.00546120901329463,0.00315303049392646,0.00635));
#4649=CARTESIAN_POINT('',(0.00486838576117731,0.00374585374604378,0.00635));
#4650=CARTESIAN_POINT('',(0.00534232747711418,0.00421979546198066,0.00635));
#4651=CARTESIAN_POINT('',(0.00581626919305104,0.00469373717791754,0.00635));
#4652=CARTESIAN_POINT('',(0.00546271579114406,0.00504729057982452,0.00635));
#4653=CARTESIAN_POINT('',(0.00582995720140979,0.00538660424383769,0.00635));
#4654=CARTESIAN_POINT('',(0.0056082807226237,0.00560828072262377,0.00635));
#4655=CARTESIAN_POINT('',(0.00538660424383761,0.00582995720140985,0.00635));
#4656=CARTESIAN_POINT('',(0.00504729057982445,0.00546271579114412,0.00635));
#4657=CARTESIAN_POINT('',(0.00469373717791747,0.00581626919305111,0.00635));
#4658=CARTESIAN_POINT('',(0.0042197954619806,0.00534232747711424,0.00635));
#4659=CARTESIAN_POINT('',(0.00374585374604373,0.00486838576117736,0.00635));
#4660=CARTESIAN_POINT('',(0.00315303049392647,0.00546120901329463,0.00635));
#4661=CARTESIAN_POINT('',(0.0023432188715801,0.00567819738352368,0.00635));
#4662=CARTESIAN_POINT('',(0.00251669357952617,0.00632561380740664,0.00635));
#4663=CARTESIAN_POINT('',(0.00269016828747225,0.00697303023128959,0.00635));
#4664=CARTESIAN_POINT('',(0.0022072053588729,0.00710243975798195,0.00635));
#4665=CARTESIAN_POINT('',(0.00235558891747806,0.0075799147160014,0.00635));
#4666=CARTESIAN_POINT('',(0.00205277321603479,0.00766105393865859,0.00635));
#4667=CARTESIAN_POINT('',(0.00174995751459151,0.00774219316131577,0.00635));
#4668=CARTESIAN_POINT('',(0.0016397239668378,0.00725449593869744,0.00635));
#4669=CARTESIAN_POINT('',(0.00115676103823845,0.00738390546538981,0.00635));
#4670=CARTESIAN_POINT('',(0.000983286330292369,0.00673648904150686,0.00635));
#4671=CARTESIAN_POINT('',(-0.00257980254722858,-0.0024640931783408,-1.38777878078145E-17));
#4672=CARTESIAN_POINT('',(-0.00257980254722858,-0.0024640931783408,0.00634999999999998));
#4673=CARTESIAN_POINT('',(-0.00271829544592844,-0.00251250542165987,-1.38777878078145E-17));
#4674=CARTESIAN_POINT('',(-0.00271829544592844,-0.00251250542165987,0.00634999999999998));
#4675=CARTESIAN_POINT('',(-0.00293449918489795,-0.00254446689994306,-1.38777878078145E-17));
#4676=CARTESIAN_POINT('',(-0.00293449918489795,-0.00254446689994306,0.00634999999999998));
#4677=CARTESIAN_POINT('',(-0.00321973451905771,-0.00258747457593213,-1.38777878078145E-17));
#4678=CARTESIAN_POINT('',(-0.00321973451905771,-0.00258747457593213,0.00634999999999998));
#4679=CARTESIAN_POINT('',(-0.00345445465861472,-0.00250384361271406,-1.38777878078145E-17));
#4680=CARTESIAN_POINT('',(-0.00345445465861472,-0.00250384361271406,0.00634999999999998));
#4681=CARTESIAN_POINT('',(-0.00345317926647658,-0.00225411555931693,-1.38777878078145E-17));
#4682=CARTESIAN_POINT('',(-0.00345317926647658,-0.00225411555931693,0.00634999999999998));
#4683=CARTESIAN_POINT('',(-0.00332580548828058,-0.00200179619671084,-1.38777878078145E-17));
#4684=CARTESIAN_POINT('',(-0.00332580548828058,-0.00200179619671084,0.00634999999999998));
#4685=CARTESIAN_POINT('',(-0.00322874349721325,-0.00180649577524304,-1.38777878078145E-17));
#4686=CARTESIAN_POINT('',(-0.00322874349721325,-0.00180649577524304,0.00634999999999998));
#4687=CARTESIAN_POINT('',(-0.0031411819084652,-0.00169142077500905,-1.38777878078145E-17));
#4688=CARTESIAN_POINT('',(-0.0031411819084652,-0.00169142077500905,0.00634999999999998));
#4689=CARTESIAN_POINT('',(-0.0031411819084652,-0.00169142077500905,-0.01905));
#4690=CARTESIAN_POINT('',(-0.00257980254719305,-0.00246409317836323,-0.01905));
#4691=CARTESIAN_POINT('',(-8.15516304194857E-7,-8.02294297897951E-8,-0.01905));
#4692=CARTESIAN_POINT('',(-0.00218175279336338,-0.00282249878654321,-0.01905));
#4693=CARTESIAN_POINT('',(-0.00135463304836287,-0.00330003659397124,-1.04083408558608E-17));
#4694=CARTESIAN_POINT('',(-0.00135463304836287,-0.00330003659397124,0.00634999999999999));
#4695=CARTESIAN_POINT('',(-0.00146146157355453,-0.00340059351565668,-1.04083408558608E-17));
#4696=CARTESIAN_POINT('',(-0.00146146157355453,-0.00340059351565668,0.00634999999999999));
#4697=CARTESIAN_POINT('',(-0.00164597361283081,-0.00351772976197075,-1.04083408558608E-17));
#4698=CARTESIAN_POINT('',(-0.00164597361283081,-0.00351772976197075,0.00634999999999999));
#4699=CARTESIAN_POINT('',(-0.00188905625895334,-0.00367303489131706,-1.04083408558608E-17));
#4700=CARTESIAN_POINT('',(-0.00188905625895334,-0.00367303489131706,0.00634999999999999));
#4701=CARTESIAN_POINT('',(-0.00213749955349939,-0.00369210348637667,-1.04083408558608E-17));
#4702=CARTESIAN_POINT('',(-0.00213749955349939,-0.00369210348637667,0.00634999999999999));
#4703=CARTESIAN_POINT('',(-0.00223790797492553,-0.00346344680883293,-1.04083408558608E-17));
#4704=CARTESIAN_POINT('',(-0.00223790797492553,-0.00346344680883293,0.00634999999999999));
#4705=CARTESIAN_POINT('',(-0.00222417376896124,-0.00318113401828955,-1.04083408558608E-17));
#4706=CARTESIAN_POINT('',(-0.00222417376896124,-0.00318113401828955,0.00634999999999999));
#4707=CARTESIAN_POINT('',(-0.00221493906573098,-0.00296323953696497,-1.04083408558608E-17));
#4708=CARTESIAN_POINT('',(-0.00221493906573098,-0.00296323953696497,0.00634999999999999));
#4709=CARTESIAN_POINT('',(-0.00218175279336338,-0.00282249878654321,-1.04083408558608E-17));
#4710=CARTESIAN_POINT('',(-0.00218175279336338,-0.00282249878654321,0.00634999999999999));
#4711=CARTESIAN_POINT('',(-0.00135463304836287,-0.00330003659397124,-0.01905));
#4712=CARTESIAN_POINT('',(-8.15516319677373E-7,-8.02294207605594E-8,-0.01905));
#4713=CARTESIAN_POINT('',(-0.000845219809940925,-0.0034655549886455,-0.01905));
#4714=CARTESIAN_POINT('',(0.000104623800765848,-0.00356538757497084,-1.73472347597681E-17));
#4715=CARTESIAN_POINT('',(0.000104623800765848,-0.00356538757497084,0.00634999999999999));
#4716=CARTESIAN_POINT('',(4.79312715947201E-5,-0.00370070196973228,-1.73472347597681E-17));
#4717=CARTESIAN_POINT('',(4.79312715947201E-5,-0.00370070196973228,0.00634999999999999));
#4718=CARTESIAN_POINT('',(-7.29852601582239E-5,-0.00388275906294012,-1.73472347597681E-17));
#4719=CARTESIAN_POINT('',(-7.29852601582239E-5,-0.00388275906294012,0.00634999999999999));
#4720=CARTESIAN_POINT('',(-0.000231884020392435,-0.00412350797787688,-1.73472347597681E-17));
#4721=CARTESIAN_POINT('',(-0.000231884020392435,-0.00412350797787688,0.00634999999999999));
#4722=CARTESIAN_POINT('',(-0.000451092367264046,-0.00424197899789554,-1.73472347597681E-17));
#4723=CARTESIAN_POINT('',(-0.000451092367264046,-0.00424197899789554,0.00634999999999999));
#4724=CARTESIAN_POINT('',(-0.000635823074007933,-0.00407393051303318,-1.73472347597681E-17));
#4725=CARTESIAN_POINT('',(-0.000635823074007933,-0.00407393051303318,0.00634999999999999));
#4726=CARTESIAN_POINT('',(-0.000738103209257893,-0.00381043874076865,-1.73472347597681E-17));
#4727=CARTESIAN_POINT('',(-0.000738103209257893,-0.00381043874076865,0.00634999999999999));
#4728=CARTESIAN_POINT('',(-0.00081829255794794,-0.00360762613491751,-1.73472347597681E-17));
#4729=CARTESIAN_POINT('',(-0.00081829255794794,-0.00360762613491751,0.00634999999999999));
#4730=CARTESIAN_POINT('',(-0.000845219809940925,-0.0034655549886455,-1.73472347597681E-17));
#4731=CARTESIAN_POINT('',(-0.000845219809940925,-0.0034655549886455,0.00634999999999999));
#4732=CARTESIAN_POINT('',(0.000104623800801413,-0.00356538757499314,-0.01905));
#4733=CARTESIAN_POINT('',(-8.15516337493803E-7,-8.02294188725298E-8,-0.01905));
#4734=CARTESIAN_POINT('',(0.00063731834708348,-0.00350939912207596,-0.01905));
#4735=CARTESIAN_POINT('',(0.00154564923414701,-0.00321426452617225,-1.73472347597681E-17));
#4736=CARTESIAN_POINT('',(0.00154564923414701,-0.00321426452617225,0.00634999999999999));
#4737=CARTESIAN_POINT('',(0.00154889535432559,-0.00336093930586277,-1.73472347597681E-17));
#4738=CARTESIAN_POINT('',(0.00154889535432559,-0.00336093930586277,0.00634999999999999));
#4739=CARTESIAN_POINT('',(0.00151248189692827,-0.00357643792061196,-1.73472347597681E-17));
#4740=CARTESIAN_POINT('',(0.00151248189692827,-0.00357643792061196,0.00634999999999999));
#4741=CARTESIAN_POINT('',(0.0014652420617768,-0.0038610029466114,-1.73472347597681E-17));
#4742=CARTESIAN_POINT('',(0.0014652420617768,-0.0038610029466114,0.00634999999999999));
#4743=CARTESIAN_POINT('',(0.00131317177719907,-0.00405839167595251,-1.73472347597681E-17));
#4744=CARTESIAN_POINT('',(0.00131317177719907,-0.00405839167595251,0.00634999999999999));
#4745=CARTESIAN_POINT('',(0.00107606040255918,-0.00398000849347684,-1.73472347597681E-17));
#4746=CARTESIAN_POINT('',(0.00107606040255918,-0.00398000849347684,0.00634999999999999));
#4747=CARTESIAN_POINT('',(0.000875451090665535,-0.00378089786066327,-1.73472347597681E-17));
#4748=CARTESIAN_POINT('',(0.000875451090665535,-0.00378089786066327,0.00634999999999999));
#4749=CARTESIAN_POINT('',(0.000719703156941049,-0.00362823527233196,-1.73472347597681E-17));
#4750=CARTESIAN_POINT('',(0.000719703156941049,-0.00362823527233196,0.00634999999999999));
#4751=CARTESIAN_POINT('',(0.00063731834708348,-0.00350939912207596,-1.73472347597681E-17));
#4752=CARTESIAN_POINT('',(0.00063731834708348,-0.00350939912207596,0.00634999999999999));
#4753=CARTESIAN_POINT('',(0.00154564923414701,-0.00321426452617225,-0.01905));
#4754=CARTESIAN_POINT('',(-8.15516354537725E-7,-8.02294243726874E-8,-0.01905));
#4755=CARTESIAN_POINT('',(0.00200951736182345,-0.00294645013778977,-0.01905));
#4756=CARTESIAN_POINT('',(0.00271927686294341,-0.00230737981250246,-6.93889390390723E-18));
#4757=CARTESIAN_POINT('',(0.00271927686294341,-0.00230737981250246,0.00635));
#4758=CARTESIAN_POINT('',(0.00278190034880265,-0.00244005357521504,-6.93889390390723E-18));
#4759=CARTESIAN_POINT('',(0.00278190034880265,-0.00244005357521504,0.00635));
#4760=CARTESIAN_POINT('',(0.00283628618335091,-0.00265173204327196,-6.93889390390723E-18));
#4761=CARTESIAN_POINT('',(0.00283628618335091,-0.00265173204327196,0.00635));
#4762=CARTESIAN_POINT('',(0.00290887346994027,-0.00293090930214668,-6.93889390390723E-18));
#4763=CARTESIAN_POINT('',(0.00290887346994027,-0.00293090930214668,0.00635));
#4764=CARTESIAN_POINT('',(0.00285023558137508,-0.00317308543628682,-6.93889390390723E-18));
#4765=CARTESIAN_POINT('',(0.00285023558137508,-0.00317308543628682,0.00635));
#4766=CARTESIAN_POINT('',(0.00260174224960367,-0.00319792072053672,-6.93889390390723E-18));
#4767=CARTESIAN_POINT('',(0.00260174224960367,-0.00319792072053672,0.00635));
#4768=CARTESIAN_POINT('',(0.00233749093357113,-0.00309761926445093,-6.93889390390723E-18));
#4769=CARTESIAN_POINT('',(0.00233749093357113,-0.00309761926445093,0.00635));
#4770=CARTESIAN_POINT('',(0.0021331146474788,-0.00302150344205789,-6.93889390390723E-18));
#4771=CARTESIAN_POINT('',(0.0021331146474788,-0.00302150344205789,0.00635));
#4772=CARTESIAN_POINT('',(0.00200951736182345,-0.00294645013778977,-6.93889390390723E-18));
#4773=CARTESIAN_POINT('',(0.00200951736182345,-0.00294645013778977,0.00635));
#4774=CARTESIAN_POINT('',(0.00271927686294341,-0.00230737981250246,-0.01905));
#4775=CARTESIAN_POINT('',(-8.15516367861811E-7,-8.02294363220048E-8,-0.01905));
#4776=CARTESIAN_POINT('',(0.0030341115586293,-0.00187404702942335,-0.01905));
#4777=CARTESIAN_POINT('',(0.0034225758080994,-0.00100154203976627,-3.81639164714898E-17));
#4778=CARTESIAN_POINT('',(0.0034225758080994,-0.00100154203976627,0.00634999999999997));
#4779=CARTESIAN_POINT('',(0.00353374849001784,-0.00109727428662455,-3.81639164714898E-17));
#4780=CARTESIAN_POINT('',(0.00353374849001784,-0.00109727428662455,0.00634999999999997));
#4781=CARTESIAN_POINT('',(0.00366952981163837,-0.00126853147782373,-3.81639164714897E-17));
#4782=CARTESIAN_POINT('',(0.00366952981163837,-0.00126853147782373,0.00634999999999997));
#4783=CARTESIAN_POINT('',(0.0038493932186825,-0.00149404868526849,-3.81639164714898E-17));
#4784=CARTESIAN_POINT('',(0.0038493932186825,-0.00149404868526849,0.00634999999999997));
#4785=CARTESIAN_POINT('',(0.00389432674977123,-0.00173913777051372,-3.81639164714898E-17));
#4786=CARTESIAN_POINT('',(0.00389432674977123,-0.00173913777051372,0.00634999999999997));
#4787=CARTESIAN_POINT('',(0.00367741821542262,-0.0018628972752209,-3.81639164714897E-17));
#4788=CARTESIAN_POINT('',(0.00367741821542262,-0.0018628972752209,0.00634999999999997));
#4789=CARTESIAN_POINT('',(0.00339521634844106,-0.0018787480288302,-3.81639164714897E-17));
#4790=CARTESIAN_POINT('',(0.00339521634844106,-0.0018787480288302,0.00634999999999997));
#4791=CARTESIAN_POINT('',(0.00317755022654644,-0.00189234008955791,-3.81639164714898E-17));
#4792=CARTESIAN_POINT('',(0.00317755022654644,-0.00189234008955791,0.00634999999999997));
#4793=CARTESIAN_POINT('',(0.0030341115586293,-0.00187404702942335,-3.81639164714898E-17));
#4794=CARTESIAN_POINT('',(0.0030341115586293,-0.00187404702942335,0.00634999999999997));
#4795=CARTESIAN_POINT('',(0.0034225758080994,-0.00100154203976627,-0.01905));
#4796=CARTESIAN_POINT('',(-8.1551637506872E-7,-8.02294526878198E-8,-0.01905));
#4797=CARTESIAN_POINT('',(0.00353393929272724,-0.000477618036889694,-0.01905));
#4798=CARTESIAN_POINT('',(0.0035339392927272,0.00047745757796647,-2.42861286636753E-17));
#4799=CARTESIAN_POINT('',(0.0035339392927272,0.00047745757796647,0.00634999999999997));
#4800=CARTESIAN_POINT('',(0.00367443840402897,0.000435219822144386,-2.42861286636753E-17));
#4801=CARTESIAN_POINT('',(0.00367443840402897,0.000435219822144386,0.00634999999999997));
#4802=CARTESIAN_POINT('',(0.00386813738867906,0.000333995831984089,-2.42861286636753E-17));
#4803=CARTESIAN_POINT('',(0.00386813738867906,0.000333995831984089,0.00634999999999997));
#4804=CARTESIAN_POINT('',(0.00412417689909225,0.000201132649895984,-2.42861286636753E-17));
#4805=CARTESIAN_POINT('',(0.00412417689909225,0.000201132649895984,0.00634999999999997));
#4806=CARTESIAN_POINT('',(0.00426491243410137,-4.49125705100046E-6,-2.42861286636753E-17));
#4807=CARTESIAN_POINT('',(0.00426491243410137,-4.49125705100046E-6,0.00634999999999997));
#4808=CARTESIAN_POINT('',(0.0041170941533166,-0.000205775839531784,-2.42861286636753E-17));
#4809=CARTESIAN_POINT('',(0.0041170941533166,-0.000205775839531784,0.00634999999999997));
#4810=CARTESIAN_POINT('',(0.00386573700191061,-0.000335038063537586,-2.42861286636753E-17));
#4811=CARTESIAN_POINT('',(0.00386573700191061,-0.000335038063537586,0.00634999999999997));
#4812=CARTESIAN_POINT('',(0.00367241749412398,-0.000435987816606078,-2.42861286636753E-17));
#4813=CARTESIAN_POINT('',(0.00367241749412398,-0.000435987816606078,0.00634999999999997));
#4814=CARTESIAN_POINT('',(0.00353393929272724,-0.000477618036889694,-2.42861286636753E-17));
#4815=CARTESIAN_POINT('',(0.00353393929272724,-0.000477618036889694,0.00634999999999997));
#4816=CARTESIAN_POINT('',(0.0035339392927272,0.00047745757796647,-0.01905));
#4817=CARTESIAN_POINT('',(-8.15516375278404E-7,-8.02294705747704E-8,-0.01905));
#4818=CARTESIAN_POINT('',(0.00342257580809935,0.00100138158084309,-0.01905));
#4819=CARTESIAN_POINT('',(0.00303411155862919,0.00187388657050014,-1.38777878078145E-17));
#4820=CARTESIAN_POINT('',(0.00303411155862919,0.00187388657050014,0.00634999999999999));
#4821=CARTESIAN_POINT('',(0.00317964352657588,0.00189244659741387,-1.38777878078145E-17));
#4822=CARTESIAN_POINT('',(0.00317964352657588,0.00189244659741387,0.00634999999999999));
#4823=CARTESIAN_POINT('',(0.00339776786010949,0.00187875835578222,-1.38777878078144E-17));
#4824=CARTESIAN_POINT('',(0.00339776786010949,0.00187875835578222,0.00634999999999999));
#4825=CARTESIAN_POINT('',(0.00368571191649537,0.00186152245025794,-1.38777878078145E-17));
#4826=CARTESIAN_POINT('',(0.00368571191649537,0.00186152245025794,0.00634999999999999));
#4827=CARTESIAN_POINT('',(0.00389791500287958,0.00173091796315486,-1.38777878078145E-17));
#4828=CARTESIAN_POINT('',(0.00389791500287958,0.00173091796315486,0.00634999999999999));
#4829=CARTESIAN_POINT('',(0.00384474609929324,0.00148691223582443,-1.38777878078145E-17));
#4830=CARTESIAN_POINT('',(0.00384474609929324,0.00148691223582443,0.00634999999999999));
#4831=CARTESIAN_POINT('',(0.00366769559844896,0.00126658915426318,-1.38777878078145E-17));
#4832=CARTESIAN_POINT('',(0.00366769559844896,0.00126658915426318,0.00634999999999999));
#4833=CARTESIAN_POINT('',(0.00353214940391917,0.00109573683825913,-1.38777878078145E-17));
#4834=CARTESIAN_POINT('',(0.00353214940391917,0.00109573683825913,0.00634999999999999));
#4835=CARTESIAN_POINT('',(0.00342257580809935,0.00100138158084309,-1.38777878078145E-17));
#4836=CARTESIAN_POINT('',(0.00342257580809935,0.00100138158084309,0.00634999999999999));
#4837=CARTESIAN_POINT('',(0.00303411155862919,0.00187388657050014,-0.01905));
#4838=CARTESIAN_POINT('',(-8.15516376016096E-7,-8.02294736570487E-8,-0.01905));
#4839=CARTESIAN_POINT('',(0.00271927686292578,0.0023072193536035,-0.01905));
#4840=CARTESIAN_POINT('',(0.00200951736180574,0.00294628967889068,-1.04083408558608E-17));
#4841=CARTESIAN_POINT('',(0.00200951736180574,0.00294628967889068,0.00634999999999998));
#4842=CARTESIAN_POINT('',(0.00213491838702292,0.00302243829127429,-1.04083408558608E-17));
#4843=CARTESIAN_POINT('',(0.00213491838702292,0.00302243829127429,0.00634999999999998));
#4844=CARTESIAN_POINT('',(0.00233975239057472,0.0030986526195032,-1.04083408558608E-17));
#4845=CARTESIAN_POINT('',(0.00233975239057472,0.0030986526195032,0.00634999999999998));
#4846=CARTESIAN_POINT('',(0.00260981284969453,0.00320002423519113,-1.04083408558608E-17));
#4847=CARTESIAN_POINT('',(0.00260981284969453,0.00320002423519113,0.00634999999999998));
#4848=CARTESIAN_POINT('',(0.00285679164601351,0.00316702187025666,-1.04083408558608E-17));
#4849=CARTESIAN_POINT('',(0.00285679164601351,0.00316702187025666,0.00634999999999998));
#4850=CARTESIAN_POINT('',(0.00290746550608009,0.00292248580505447,-1.04083408558608E-17));
#4851=CARTESIAN_POINT('',(0.00290746550608009,0.00292248580505447,0.00634999999999998));
#4852=CARTESIAN_POINT('',(0.00283533529584677,0.00264919772831209,-1.04083408558608E-17));
#4853=CARTESIAN_POINT('',(0.00283533529584677,0.00264919772831209,0.00634999999999998));
#4854=CARTESIAN_POINT('',(0.00278099958300658,0.00243798476695413,-1.04083408558608E-17));
#4855=CARTESIAN_POINT('',(0.00278099958300658,0.00243798476695413,0.00634999999999998));
#4856=CARTESIAN_POINT('',(0.00271927686292578,0.00230721935360351,-1.04083408558608E-17));
#4857=CARTESIAN_POINT('',(0.00271927686292578,0.00230721935360351,0.00634999999999998));
#4858=CARTESIAN_POINT('',(0.00200951736180574,0.00294628967889068,-0.01905));
#4859=CARTESIAN_POINT('',(-8.15516398750622E-7,-8.02294908652888E-8,-0.01905));
#4860=CARTESIAN_POINT('',(0.00154564923410271,0.00321410406725699,-0.01905));
#4861=CARTESIAN_POINT('',(0.000637318347065738,0.00350923866317677,-6.93889390390723E-18));
#4862=CARTESIAN_POINT('',(0.000637318347065738,0.00350923866317677,0.00635));
#4863=CARTESIAN_POINT('',(0.000720905453060838,0.00362980907416072,-6.93889390390723E-18));
#4864=CARTESIAN_POINT('',(0.000720905453060838,0.00362980907416072,0.00635));
#4865=CARTESIAN_POINT('',(0.000877031466558235,0.00378274782251398,-6.93889390390723E-18));
#4866=CARTESIAN_POINT('',(0.000877031466558235,0.00378274782251398,0.00635));
#4867=CARTESIAN_POINT('',(0.00108251242160794,0.00398519888612949,-6.93889390390723E-18));
#4868=CARTESIAN_POINT('',(0.00108251242160794,0.00398519888612949,0.00635));
#4869=CARTESIAN_POINT('',(0.00132156205024621,0.00405550505207783,-6.93889390390723E-18));
#4870=CARTESIAN_POINT('',(0.00132156205024621,0.00405550505207783,0.00635));
#4871=CARTESIAN_POINT('',(0.00146731670320253,0.0038527211562177,-6.93889390390723E-18));
#4872=CARTESIAN_POINT('',(0.00146731670320253,0.0038527211562177,0.00635));
#4873=CARTESIAN_POINT('',(0.00151257875221194,0.00357372207550715,-6.93889390390723E-18));
#4874=CARTESIAN_POINT('',(0.00151257875221194,0.00357372207550715,0.00635));
#4875=CARTESIAN_POINT('',(0.00154884865943579,0.00335866910862355,-6.93889390390723E-18));
#4876=CARTESIAN_POINT('',(0.00154884865943579,0.00335866910862355,0.00635));
#4877=CARTESIAN_POINT('',(0.00154564923412931,0.00321410406727317,-6.93889390390723E-18));
#4878=CARTESIAN_POINT('',(0.00154564923412931,0.00321410406727317,0.00635));
#4879=CARTESIAN_POINT('',(0.000637318347065738,0.00350923866317677,-0.01905));
#4880=CARTESIAN_POINT('',(-8.15516372926783E-7,-8.02294820411841E-8,-0.01905));
#4881=CARTESIAN_POINT('',(0.000104623800765904,0.00356522711609205,-0.01905));
#4882=CARTESIAN_POINT('',(-0.000845219809923096,0.00346539452976858,-1.04083408558608E-17));
#4883=CARTESIAN_POINT('',(-0.000845219809923096,0.00346539452976858,0.00634999999999999));
#4884=CARTESIAN_POINT('',(-0.000817899593141668,0.00360953901994593,-1.04083408558608E-17));
#4885=CARTESIAN_POINT('',(-0.000817899593141668,0.00360953901994593,0.00634999999999999));
#4886=CARTESIAN_POINT('',(-0.00073747717579268,0.00381275768942832,-1.04083408558608E-17));
#4887=CARTESIAN_POINT('',(-0.00073747717579268,0.00381275768942832,0.00634999999999999));
#4888=CARTESIAN_POINT('',(-0.000632105248677061,0.00408128257286214,-1.04083408558608E-17));
#4889=CARTESIAN_POINT('',(-0.000632105248677061,0.00408128257286214,0.00634999999999999));
#4890=CARTESIAN_POINT('',(-0.000442318640208772,0.00424274069488933,-1.04083408558608E-17));
#4891=CARTESIAN_POINT('',(-0.000442318640208772,0.00424274069488933,0.00634999999999999));
#4892=CARTESIAN_POINT('',(-0.000226685497998261,0.00411677214619938,-1.04083408558608E-17));
#4893=CARTESIAN_POINT('',(-0.000226685497998261,0.00411677214619938,0.00634999999999999));
#4894=CARTESIAN_POINT('',(-7.18574092126954E-5,0.00388030353720261,-1.04083408558609E-17));
#4895=CARTESIAN_POINT('',(-7.18574092126954E-5,0.00388030353720261,0.00634999999999999));
#4896=CARTESIAN_POINT('',(4.874672161454E-5,0.00369859517646247,-1.04083408558608E-17));
#4897=CARTESIAN_POINT('',(4.874672161454E-5,0.00369859517646247,0.00634999999999999));
#4898=CARTESIAN_POINT('',(0.00010462380078367,0.00356522711609395,-1.04083408558608E-17));
#4899=CARTESIAN_POINT('',(0.00010462380078367,0.00356522711609395,0.00634999999999999));
#4900=CARTESIAN_POINT('',(-0.000845219809923096,0.00346539452976858,-0.01905));
#4901=CARTESIAN_POINT('',(-8.15516337407927E-7,-8.02294783663893E-8,-0.01905));
#4902=CARTESIAN_POINT('',(-0.0013546330483806,0.00329987613507194,-0.01905));
#4903=CARTESIAN_POINT('',(-0.00218175279338106,0.00282233832764382,-2.42861286636753E-17));
#4904=CARTESIAN_POINT('',(-0.00218175279338106,0.00282233832764382,0.00634999999999998));
#4905=CARTESIAN_POINT('',(-0.00221542337949114,0.00296513300515134,-2.42861286636753E-17));
#4906=CARTESIAN_POINT('',(-0.00221542337949114,0.00296513300515134,0.00634999999999998));
#4907=CARTESIAN_POINT('',(-0.00222461032486498,0.00318349324162572,-2.42861286636753E-17));
#4908=CARTESIAN_POINT('',(-0.00222461032486498,0.00318349324162572,0.00634999999999998));
#4909=CARTESIAN_POINT('',(-0.00223756718915564,0.00347166155306012,-2.42861286636753E-17));
#4910=CARTESIAN_POINT('',(-0.00223756718915564,0.00347166155306012,0.00634999999999998));
#4911=CARTESIAN_POINT('',(-0.00212985942961871,0.00369635405506671,-2.42861286636753E-17));
#4912=CARTESIAN_POINT('',(-0.00212985942961871,0.00369635405506671,0.00634999999999998));
#4913=CARTESIAN_POINT('',(-0.00188163272740781,0.00366898196000374,-2.42861286636753E-17));
#4914=CARTESIAN_POINT('',(-0.00188163272740781,0.00366898196000374,0.00634999999999998));
#4915=CARTESIAN_POINT('',(-0.00164400978196613,0.00351593139346616,-2.42861286636753E-17));
#4916=CARTESIAN_POINT('',(-0.00164400978196613,0.00351593139346616,0.00634999999999998));
#4917=CARTESIAN_POINT('',(-0.00145992497740971,0.00339898666521008,-2.42861286636753E-17));
#4918=CARTESIAN_POINT('',(-0.00145992497740971,0.00339898666521008,0.00634999999999998));
#4919=CARTESIAN_POINT('',(-0.0013546330483806,0.00329987613507194,-2.42861286636753E-17));
#4920=CARTESIAN_POINT('',(-0.0013546330483806,0.00329987613507194,0.00634999999999998));
#4921=CARTESIAN_POINT('',(-0.00218175279338106,0.00282233832764382,-0.01905));
#4922=CARTESIAN_POINT('',(-8.1551632188058E-7,-8.02294695258048E-8,-0.01905));
#4923=CARTESIAN_POINT('',(-0.00257980254721072,0.00246393271946384,-0.01905));
#4924=CARTESIAN_POINT('',(-0.00314118190846519,0.00169126031613033,-1.38777878078145E-17));
#4925=CARTESIAN_POINT('',(-0.00314118190846519,0.00169126031613033,0.00634999999999999));
#4926=CARTESIAN_POINT('',(-0.00323002134724077,0.00180801468397803,-1.38777878078145E-17));
#4927=CARTESIAN_POINT('',(-0.00323002134724077,0.00180801468397803,0.00634999999999999));
#4928=CARTESIAN_POINT('',(-0.00332722914902139,0.00200376001881751,-1.38777878078145E-17));
#4929=CARTESIAN_POINT('',(-0.00332722914902139,0.00200376001881751,0.00634999999999999));
#4930=CARTESIAN_POINT('',(-0.00345627444517307,0.00226174483927857,-1.38777878078145E-17));
#4931=CARTESIAN_POINT('',(-0.00345627444517307,0.00226174483927857,0.00634999999999999));
#4932=CARTESIAN_POINT('',(-0.00344926918468567,0.00251082034640031,-1.38777878078145E-17));
#4933=CARTESIAN_POINT('',(-0.00344926918468567,0.00251082034640031,0.00634999999999999));
#4934=CARTESIAN_POINT('',(-0.00321136957435544,0.00258677758886838,-1.38777878078145E-17));
#4935=CARTESIAN_POINT('',(-0.00321136957435544,0.00258677758886838,0.00634999999999999));
#4936=CARTESIAN_POINT('',(-0.00293203893826119,0.00254360889816508,-1.38777878078145E-17));
#4937=CARTESIAN_POINT('',(-0.00293203893826119,0.00254360889816508,0.00634999999999999));
#4938=CARTESIAN_POINT('',(-0.00271630339504136,0.00251164860831803,-1.38777878078145E-17));
#4939=CARTESIAN_POINT('',(-0.00271630339504136,0.00251164860831803,0.00634999999999999));
#4940=CARTESIAN_POINT('',(-0.00257980254722854,0.00246393271946206,-1.38777878078145E-17));
#4941=CARTESIAN_POINT('',(-0.00257980254722854,0.00246393271946206,0.00634999999999999));
#4942=CARTESIAN_POINT('',(-0.00314118190846519,0.00169126031613033,-0.01905));
#4943=CARTESIAN_POINT('',(-8.15516329256624E-7,-8.02294568019333E-8,-0.01905));
#4944=CARTESIAN_POINT('',(-0.00335904175906136,0.00120193908013404,-0.01905));
#4945=CARTESIAN_POINT('',(-0.00355761314500493,0.000267734158943117,-3.46944695195361E-18));
#4946=CARTESIAN_POINT('',(-0.00355761314500493,0.000267734158943117,0.00635));
#4947=CARTESIAN_POINT('',(-0.00368626029040067,0.000338260326250018,-3.46944695195361E-18));
#4948=CARTESIAN_POINT('',(-0.00368626029040067,0.000338260326250018,0.00635));
#4949=CARTESIAN_POINT('',(-0.00385468083655516,0.000477544612770297,-3.46944695195361E-18));
#4950=CARTESIAN_POINT('',(-0.00385468083655516,0.000477544612770297,0.00635));
#4951=CARTESIAN_POINT('',(-0.00407750146052352,0.000660738023081794,-3.46944695195361E-18));
#4952=CARTESIAN_POINT('',(-0.00407750146052352,0.000660738023081794,0.00635));
#4953=CARTESIAN_POINT('',(-0.00417240997226475,0.000891129117357395,-3.46944695195362E-18));
#4954=CARTESIAN_POINT('',(-0.00417240997226475,0.000891129117357395,0.00635));
#4955=CARTESIAN_POINT('',(-0.00398597245769138,0.00105728200008392,-3.46944695195361E-18));
#4956=CARTESIAN_POINT('',(-0.00398597245769138,0.00105728200008392,0.00635));
#4957=CARTESIAN_POINT('',(-0.00371323293556443,0.00113145944401275,-3.46944695195362E-18));
#4958=CARTESIAN_POINT('',(-0.00371323293556443,0.00113145944401275,0.00635));
#4959=CARTESIAN_POINT('',(-0.00350314928899977,0.00119000981703942,-3.46944695195361E-18));
#4960=CARTESIAN_POINT('',(-0.00350314928899977,0.00119000981703942,0.00635));
#4961=CARTESIAN_POINT('',(-0.00335904175906136,0.00120193908013404,-3.46944695195361E-18));
#4962=CARTESIAN_POINT('',(-0.00335904175906136,0.00120193908013404,0.00635));
#4963=CARTESIAN_POINT('',(-0.00355761314500493,0.000267734158943117,-0.01905));
#4964=CARTESIAN_POINT('',(-8.15516290023034E-7,-8.02294618211389E-8,-0.01905));
#4965=CARTESIAN_POINT('',(-0.00355761314496949,-0.000267894617844322,-0.01905));
#4966=CARTESIAN_POINT('',(-0.00335904175906138,-0.00120209953901277,-3.46944695195361E-17));
#4967=CARTESIAN_POINT('',(-0.00335904175906138,-0.00120209953901277,0.00634999999999997));
#4968=CARTESIAN_POINT('',(-0.00350525235091576,-0.00118999618728417,-3.46944695195361E-17));
#4969=CARTESIAN_POINT('',(-0.00350525235091576,-0.00118999618728417,0.00634999999999997));
#4970=CARTESIAN_POINT('',(-0.00371576419896135,-0.00113125646758043,-3.46944695195361E-17));
#4971=CARTESIAN_POINT('',(-0.00371576419896135,-0.00113125646758043,0.00634999999999997));
#4972=CARTESIAN_POINT('',(-0.00399383244060045,-0.00105453027232125,-3.46944695195361E-17));
#4973=CARTESIAN_POINT('',(-0.00399383244060045,-0.00105453027232125,0.00634999999999997));
#4974=CARTESIAN_POINT('',(-0.00417424418067348,-0.000882660304129408,-3.46944695195362E-17));
#4975=CARTESIAN_POINT('',(-0.00417424418067348,-0.000882660304129408,0.00634999999999997));
#4976=CARTESIAN_POINT('',(-0.00407150550185836,-0.000655041124019403,-3.46944695195361E-17));
#4977=CARTESIAN_POINT('',(-0.00407150550185836,-0.000655041124019403,0.00634999999999997));
#4978=CARTESIAN_POINT('',(-0.0038525162348352,-0.000476343499394669,-3.46944695195362E-17));
#4979=CARTESIAN_POINT('',(-0.0038525162348352,-0.000476343499394669,0.00634999999999997));
#4980=CARTESIAN_POINT('',(-0.00368440985596682,-0.00033740635490402,-3.46944695195361E-17));
#4981=CARTESIAN_POINT('',(-0.00368440985596682,-0.00033740635490402,0.00634999999999997));
#4982=CARTESIAN_POINT('',(-0.00355761314500492,-0.000267894617821838,-3.46944695195361E-17));
#4983=CARTESIAN_POINT('',(-0.00355761314500492,-0.000267894617821838,0.00634999999999997));
#4984=CARTESIAN_POINT('',(-0.00335904175906138,-0.00120209953901277,-0.01905));
#4985=CARTESIAN_POINT('',(-8.15516329256841E-7,-8.022942185517E-8,-0.01905));
#4986=MECHANICAL_DESIGN_GEOMETRIC_PRESENTATION_REPRESENTATION('',(#2035),
#4987);
#4987=(
GEOMETRIC_REPRESENTATION_CONTEXT(3)
GLOBAL_UNCERTAINTY_ASSIGNED_CONTEXT((#4988))
GLOBAL_UNIT_ASSIGNED_CONTEXT((#4991,#4990,#4989))
REPRESENTATION_CONTEXT('TTB-0356','TOP_LEVEL_ASSEMBLY_PART')
);
#4988=UNCERTAINTY_MEASURE_WITH_UNIT(LENGTH_MEASURE(2.E-5),#4991,
'DISTANCE_ACCURACY_VALUE','Maximum Tolerance applied to model');
#4989=(
NAMED_UNIT(*)
SI_UNIT($,.STERADIAN.)
SOLID_ANGLE_UNIT()
);
#4990=(
NAMED_UNIT(*)
PLANE_ANGLE_UNIT()
SI_UNIT($,.RADIAN.)
);
#4991=(
LENGTH_UNIT()
NAMED_UNIT(*)
SI_UNIT($,.METRE.)
);
#4992=PRODUCT_DEFINITION_SHAPE('','',#4993);
#4993=PRODUCT_DEFINITION('','',#4995,#4994);
#4994=PRODUCT_DEFINITION_CONTEXT('',#5001,'design');
#4995=PRODUCT_DEFINITION_FORMATION_WITH_SPECIFIED_SOURCE('','',#4997,
 .NOT_KNOWN.);
#4996=PRODUCT_RELATED_PRODUCT_CATEGORY('','',(#4997));
#4997=PRODUCT('TTB-0356','TTB-0356','TTB-0356',(#4999));
#4998=PRODUCT_CATEGORY('','');
#4999=PRODUCT_CONTEXT('',#5001,'mechanical');
#5000=APPLICATION_PROTOCOL_DEFINITION('international standard',
'ap242_managed_model_based_3d_engineering',2020,#5001);
#5001=APPLICATION_CONTEXT('managed model based 3d engineering');
ENDSEC;
END-ISO-10303-21;
