ISO-10303-21;
HEADER;
/* Generated by software containing ST-Developer
 * from STEP Tools, Inc. (www.steptools.com) 
 */
/* OPTION: using custom renumber hook */

FILE_DESCRIPTION(
/* description */ ('STEP AP242',
'CAx-IF Rec.Pracs.---Representation and Presentation of Product Manufa
cturing Information (PMI)---4.0---2014-10-13',
'CAx-IF Rec.Pracs.---3D Tessellated Geometry---0.4---2014-09-14','2;1'),

/* implementation_level */ '2;1');

FILE_NAME(
/* name */ '6890166f90937617cea278f6',
/* time_stamp */ '2025-08-04T02:09:52Z',
/* author */ (''),
/* organization */ (''),
/* preprocessor_version */ 'ST-DEVELOPER v20',
/* originating_system */ 'ONSHAPE BY PTC INC, 1.201',
/* authorisation */ '  ');

FILE_SCHEMA (('AP242_MANAGED_MODEL_BASED_3D_ENGINEERING_MIM_LF { 1 0 10303 442 1 1 4 }'));
ENDSEC;

DATA;
#10=SHAPE_REPRESENTATION_RELATIONSHIP('','',#1369,#11);
#11=ADVANCED_BREP_SHAPE_REPRESENTATION('',(#1367),#2413);
#12=LINE('',#2335,#36);
#13=LINE('',#2338,#37);
#14=LINE('',#2340,#38);
#15=LINE('',#2342,#39);
#16=LINE('',#2346,#40);
#17=LINE('',#2349,#41);
#18=LINE('',#2351,#42);
#19=LINE('',#2353,#43);
#20=LINE('',#2355,#44);
#21=LINE('',#2357,#45);
#22=LINE('',#2358,#46);
#23=LINE('',#2360,#47);
#24=LINE('',#2362,#48);
#25=LINE('',#2364,#49);
#26=LINE('',#2368,#50);
#27=LINE('',#2370,#51);
#28=LINE('',#2372,#52);
#29=LINE('',#2373,#53);
#30=LINE('',#2375,#54);
#31=LINE('',#2377,#55);
#32=LINE('',#2379,#56);
#33=LINE('',#2380,#57);
#34=LINE('',#2382,#58);
#35=LINE('',#2383,#59);
#36=VECTOR('',#1963,1.);
#37=VECTOR('',#1964,1.);
#38=VECTOR('',#1965,1.);
#39=VECTOR('',#1966,1.);
#40=VECTOR('',#1971,1.);
#41=VECTOR('',#1972,1.);
#42=VECTOR('',#1973,1.);
#43=VECTOR('',#1974,1.);
#44=VECTOR('',#1975,1.);
#45=VECTOR('',#1976,1.);
#46=VECTOR('',#1977,1.);
#47=VECTOR('',#1980,1.);
#48=VECTOR('',#1981,1.);
#49=VECTOR('',#1982,1.);
#50=VECTOR('',#1987,1.);
#51=VECTOR('',#1988,1.);
#52=VECTOR('',#1989,1.);
#53=VECTOR('',#1990,1.);
#54=VECTOR('',#1991,1.);
#55=VECTOR('',#1992,1.);
#56=VECTOR('',#1995,1.);
#57=VECTOR('',#1996,1.);
#58=VECTOR('',#1999,1.);
#59=VECTOR('',#2000,1.);
#60=PLANE('',#1555);
#61=PLANE('',#1556);
#62=PLANE('',#1558);
#63=PLANE('',#1559);
#64=PLANE('',#1561);
#65=PLANE('',#1562);
#66=PLANE('',#1563);
#67=PLANE('',#1564);
#68=PLANE('',#1565);
#69=PLANE('',#1566);
#70=ELLIPSE('',#1373,0.00285572144649999,0.0020193);
#71=ELLIPSE('',#1374,0.00285572144649999,0.0020193);
#72=ELLIPSE('',#1377,0.00285572144649999,0.0020193);
#73=ELLIPSE('',#1378,0.00285572144649999,0.0020193);
#74=ELLIPSE('',#1381,0.00285572144649999,0.0020193);
#75=ELLIPSE('',#1382,0.00285572144649999,0.0020193);
#76=ELLIPSE('',#1385,0.00285572144649999,0.0020193);
#77=ELLIPSE('',#1386,0.00285572144649999,0.0020193);
#78=ELLIPSE('',#1389,0.00285572144649999,0.0020193);
#79=ELLIPSE('',#1390,0.00285572144649999,0.0020193);
#80=ELLIPSE('',#1393,0.00285572144649999,0.0020193);
#81=ELLIPSE('',#1394,0.00285572144649999,0.0020193);
#82=ELLIPSE('',#1397,0.00285572144649999,0.0020193);
#83=ELLIPSE('',#1398,0.00285572144649999,0.0020193);
#84=ELLIPSE('',#1401,0.00285572144649999,0.0020193);
#85=ELLIPSE('',#1402,0.00285572144649999,0.0020193);
#86=ELLIPSE('',#1405,0.00285572144649999,0.0020193);
#87=ELLIPSE('',#1406,0.00285572144649999,0.0020193);
#88=ELLIPSE('',#1409,0.00285572144649999,0.0020193);
#89=ELLIPSE('',#1410,0.00285572144649999,0.0020193);
#90=ELLIPSE('',#1413,0.00285572144649999,0.0020193);
#91=ELLIPSE('',#1414,0.00285572144649999,0.0020193);
#92=ELLIPSE('',#1417,0.00285572144649999,0.0020193);
#93=ELLIPSE('',#1418,0.00285572144649999,0.0020193);
#94=ELLIPSE('',#1421,0.00285572144649999,0.0020193);
#95=ELLIPSE('',#1422,0.00285572144649999,0.0020193);
#96=ELLIPSE('',#1425,0.00285572144649999,0.0020193);
#97=ELLIPSE('',#1426,0.00285572144649999,0.0020193);
#98=ELLIPSE('',#1429,0.00285572144649999,0.0020193);
#99=ELLIPSE('',#1430,0.00285572144649999,0.0020193);
#100=ELLIPSE('',#1433,0.00285572144649999,0.0020193);
#101=ELLIPSE('',#1434,0.00285572144649999,0.0020193);
#102=ELLIPSE('',#1437,0.00285572144649999,0.0020193);
#103=ELLIPSE('',#1438,0.00285572144649999,0.0020193);
#104=ELLIPSE('',#1441,0.00285572144649999,0.0020193);
#105=ELLIPSE('',#1442,0.00285572144649999,0.0020193);
#106=ELLIPSE('',#1445,0.00285572144649999,0.0020193);
#107=ELLIPSE('',#1446,0.00285572144649999,0.0020193);
#108=ELLIPSE('',#1449,0.00285572144649999,0.0020193);
#109=ELLIPSE('',#1450,0.00285572144649999,0.0020193);
#110=ELLIPSE('',#1453,0.00285572144649999,0.0020193);
#111=ELLIPSE('',#1454,0.00285572144649999,0.0020193);
#112=ELLIPSE('',#1457,0.00285572144649999,0.0020193);
#113=ELLIPSE('',#1458,0.00285572144649999,0.0020193);
#114=ELLIPSE('',#1461,0.00285572144649999,0.0020193);
#115=ELLIPSE('',#1462,0.00285572144649999,0.0020193);
#116=ELLIPSE('',#1465,0.00285572144649999,0.0020193);
#117=ELLIPSE('',#1466,0.00285572144649999,0.0020193);
#118=ELLIPSE('',#1469,0.00285572144649999,0.0020193);
#119=ELLIPSE('',#1470,0.00285572144649999,0.0020193);
#120=ELLIPSE('',#1473,0.00285572144649999,0.0020193);
#121=ELLIPSE('',#1474,0.00285572144649999,0.0020193);
#122=ELLIPSE('',#1477,0.00285572144649999,0.0020193);
#123=ELLIPSE('',#1478,0.00285572144649999,0.0020193);
#124=ELLIPSE('',#1481,0.00285572144649999,0.0020193);
#125=ELLIPSE('',#1482,0.00285572144649999,0.0020193);
#126=ELLIPSE('',#1485,0.00285572144649999,0.0020193);
#127=ELLIPSE('',#1486,0.00285572144649999,0.0020193);
#128=ELLIPSE('',#1489,0.00285572144649999,0.0020193);
#129=ELLIPSE('',#1490,0.00285572144649999,0.0020193);
#130=ELLIPSE('',#1493,0.00285572144649999,0.0020193);
#131=ELLIPSE('',#1494,0.00285572144649999,0.0020193);
#132=ELLIPSE('',#1497,0.00285572144649999,0.0020193);
#133=ELLIPSE('',#1498,0.00285572144649999,0.0020193);
#134=ELLIPSE('',#1501,0.00285572144649999,0.0020193);
#135=ELLIPSE('',#1502,0.00285572144649999,0.0020193);
#136=ELLIPSE('',#1505,0.00285572144649999,0.0020193);
#137=ELLIPSE('',#1506,0.00285572144649999,0.0020193);
#138=ELLIPSE('',#1509,0.00285572144649999,0.0020193);
#139=ELLIPSE('',#1510,0.00285572144649999,0.0020193);
#140=ELLIPSE('',#1513,0.00285572144649999,0.0020193);
#141=ELLIPSE('',#1514,0.00285572144649999,0.0020193);
#142=ELLIPSE('',#1517,0.00285572144649999,0.0020193);
#143=ELLIPSE('',#1518,0.00285572144649999,0.0020193);
#144=ELLIPSE('',#1521,0.00285572144649999,0.0020193);
#145=ELLIPSE('',#1522,0.00285572144649999,0.0020193);
#146=ELLIPSE('',#1525,0.00285572144649999,0.0020193);
#147=ELLIPSE('',#1526,0.00285572144649999,0.0020193);
#148=ELLIPSE('',#1529,0.00285572144649999,0.0020193);
#149=ELLIPSE('',#1530,0.00285572144649999,0.0020193);
#150=ELLIPSE('',#1533,0.00285572144649999,0.0020193);
#151=ELLIPSE('',#1534,0.00285572144649999,0.0020193);
#152=ELLIPSE('',#1537,0.00285572144649999,0.0020193);
#153=ELLIPSE('',#1538,0.00285572144649999,0.0020193);
#154=ELLIPSE('',#1541,0.00285572144649999,0.0020193);
#155=ELLIPSE('',#1542,0.00285572144649999,0.0020193);
#156=ELLIPSE('',#1545,0.00285572144649999,0.0020193);
#157=ELLIPSE('',#1546,0.00285572144649999,0.0020193);
#158=ELLIPSE('',#1549,0.00285572144649999,0.0020193);
#159=ELLIPSE('',#1550,0.00285572144649999,0.0020193);
#160=ELLIPSE('',#1553,0.00285572144649999,0.0020193);
#161=ELLIPSE('',#1554,0.00285572144649999,0.0020193);
#162=ORIENTED_EDGE('',*,*,#490,.T.);
#163=ORIENTED_EDGE('',*,*,#491,.T.);
#164=ORIENTED_EDGE('',*,*,#492,.T.);
#165=ORIENTED_EDGE('',*,*,#493,.F.);
#166=ORIENTED_EDGE('',*,*,#494,.T.);
#167=ORIENTED_EDGE('',*,*,#495,.T.);
#168=ORIENTED_EDGE('',*,*,#496,.T.);
#169=ORIENTED_EDGE('',*,*,#497,.T.);
#170=ORIENTED_EDGE('',*,*,#498,.T.);
#171=ORIENTED_EDGE('',*,*,#499,.F.);
#172=ORIENTED_EDGE('',*,*,#500,.T.);
#173=ORIENTED_EDGE('',*,*,#501,.T.);
#174=ORIENTED_EDGE('',*,*,#502,.T.);
#175=ORIENTED_EDGE('',*,*,#503,.T.);
#176=ORIENTED_EDGE('',*,*,#504,.T.);
#177=ORIENTED_EDGE('',*,*,#505,.F.);
#178=ORIENTED_EDGE('',*,*,#506,.T.);
#179=ORIENTED_EDGE('',*,*,#507,.T.);
#180=ORIENTED_EDGE('',*,*,#508,.T.);
#181=ORIENTED_EDGE('',*,*,#509,.T.);
#182=ORIENTED_EDGE('',*,*,#510,.T.);
#183=ORIENTED_EDGE('',*,*,#511,.F.);
#184=ORIENTED_EDGE('',*,*,#512,.T.);
#185=ORIENTED_EDGE('',*,*,#513,.T.);
#186=ORIENTED_EDGE('',*,*,#514,.T.);
#187=ORIENTED_EDGE('',*,*,#515,.T.);
#188=ORIENTED_EDGE('',*,*,#516,.T.);
#189=ORIENTED_EDGE('',*,*,#517,.F.);
#190=ORIENTED_EDGE('',*,*,#518,.T.);
#191=ORIENTED_EDGE('',*,*,#519,.T.);
#192=ORIENTED_EDGE('',*,*,#520,.T.);
#193=ORIENTED_EDGE('',*,*,#521,.T.);
#194=ORIENTED_EDGE('',*,*,#522,.T.);
#195=ORIENTED_EDGE('',*,*,#523,.F.);
#196=ORIENTED_EDGE('',*,*,#524,.T.);
#197=ORIENTED_EDGE('',*,*,#525,.T.);
#198=ORIENTED_EDGE('',*,*,#526,.T.);
#199=ORIENTED_EDGE('',*,*,#527,.T.);
#200=ORIENTED_EDGE('',*,*,#528,.T.);
#201=ORIENTED_EDGE('',*,*,#529,.F.);
#202=ORIENTED_EDGE('',*,*,#530,.T.);
#203=ORIENTED_EDGE('',*,*,#531,.T.);
#204=ORIENTED_EDGE('',*,*,#532,.T.);
#205=ORIENTED_EDGE('',*,*,#533,.T.);
#206=ORIENTED_EDGE('',*,*,#534,.T.);
#207=ORIENTED_EDGE('',*,*,#535,.F.);
#208=ORIENTED_EDGE('',*,*,#536,.T.);
#209=ORIENTED_EDGE('',*,*,#537,.T.);
#210=ORIENTED_EDGE('',*,*,#538,.T.);
#211=ORIENTED_EDGE('',*,*,#539,.T.);
#212=ORIENTED_EDGE('',*,*,#540,.T.);
#213=ORIENTED_EDGE('',*,*,#541,.F.);
#214=ORIENTED_EDGE('',*,*,#542,.T.);
#215=ORIENTED_EDGE('',*,*,#543,.T.);
#216=ORIENTED_EDGE('',*,*,#544,.T.);
#217=ORIENTED_EDGE('',*,*,#545,.T.);
#218=ORIENTED_EDGE('',*,*,#546,.T.);
#219=ORIENTED_EDGE('',*,*,#547,.F.);
#220=ORIENTED_EDGE('',*,*,#548,.T.);
#221=ORIENTED_EDGE('',*,*,#549,.T.);
#222=ORIENTED_EDGE('',*,*,#550,.T.);
#223=ORIENTED_EDGE('',*,*,#551,.T.);
#224=ORIENTED_EDGE('',*,*,#552,.T.);
#225=ORIENTED_EDGE('',*,*,#553,.F.);
#226=ORIENTED_EDGE('',*,*,#554,.T.);
#227=ORIENTED_EDGE('',*,*,#555,.T.);
#228=ORIENTED_EDGE('',*,*,#556,.T.);
#229=ORIENTED_EDGE('',*,*,#557,.T.);
#230=ORIENTED_EDGE('',*,*,#558,.T.);
#231=ORIENTED_EDGE('',*,*,#559,.F.);
#232=ORIENTED_EDGE('',*,*,#560,.T.);
#233=ORIENTED_EDGE('',*,*,#561,.T.);
#234=ORIENTED_EDGE('',*,*,#562,.T.);
#235=ORIENTED_EDGE('',*,*,#563,.T.);
#236=ORIENTED_EDGE('',*,*,#564,.T.);
#237=ORIENTED_EDGE('',*,*,#565,.F.);
#238=ORIENTED_EDGE('',*,*,#566,.T.);
#239=ORIENTED_EDGE('',*,*,#567,.T.);
#240=ORIENTED_EDGE('',*,*,#568,.T.);
#241=ORIENTED_EDGE('',*,*,#569,.T.);
#242=ORIENTED_EDGE('',*,*,#570,.T.);
#243=ORIENTED_EDGE('',*,*,#571,.F.);
#244=ORIENTED_EDGE('',*,*,#572,.T.);
#245=ORIENTED_EDGE('',*,*,#573,.T.);
#246=ORIENTED_EDGE('',*,*,#574,.T.);
#247=ORIENTED_EDGE('',*,*,#575,.T.);
#248=ORIENTED_EDGE('',*,*,#576,.T.);
#249=ORIENTED_EDGE('',*,*,#577,.F.);
#250=ORIENTED_EDGE('',*,*,#578,.T.);
#251=ORIENTED_EDGE('',*,*,#579,.T.);
#252=ORIENTED_EDGE('',*,*,#580,.T.);
#253=ORIENTED_EDGE('',*,*,#581,.T.);
#254=ORIENTED_EDGE('',*,*,#582,.T.);
#255=ORIENTED_EDGE('',*,*,#583,.F.);
#256=ORIENTED_EDGE('',*,*,#584,.T.);
#257=ORIENTED_EDGE('',*,*,#585,.T.);
#258=ORIENTED_EDGE('',*,*,#586,.T.);
#259=ORIENTED_EDGE('',*,*,#587,.T.);
#260=ORIENTED_EDGE('',*,*,#588,.T.);
#261=ORIENTED_EDGE('',*,*,#589,.F.);
#262=ORIENTED_EDGE('',*,*,#590,.T.);
#263=ORIENTED_EDGE('',*,*,#591,.T.);
#264=ORIENTED_EDGE('',*,*,#592,.T.);
#265=ORIENTED_EDGE('',*,*,#593,.T.);
#266=ORIENTED_EDGE('',*,*,#594,.T.);
#267=ORIENTED_EDGE('',*,*,#595,.F.);
#268=ORIENTED_EDGE('',*,*,#596,.T.);
#269=ORIENTED_EDGE('',*,*,#597,.T.);
#270=ORIENTED_EDGE('',*,*,#598,.T.);
#271=ORIENTED_EDGE('',*,*,#599,.T.);
#272=ORIENTED_EDGE('',*,*,#600,.T.);
#273=ORIENTED_EDGE('',*,*,#601,.F.);
#274=ORIENTED_EDGE('',*,*,#602,.T.);
#275=ORIENTED_EDGE('',*,*,#603,.T.);
#276=ORIENTED_EDGE('',*,*,#604,.T.);
#277=ORIENTED_EDGE('',*,*,#605,.T.);
#278=ORIENTED_EDGE('',*,*,#606,.T.);
#279=ORIENTED_EDGE('',*,*,#607,.F.);
#280=ORIENTED_EDGE('',*,*,#608,.T.);
#281=ORIENTED_EDGE('',*,*,#609,.T.);
#282=ORIENTED_EDGE('',*,*,#610,.T.);
#283=ORIENTED_EDGE('',*,*,#611,.T.);
#284=ORIENTED_EDGE('',*,*,#612,.T.);
#285=ORIENTED_EDGE('',*,*,#613,.F.);
#286=ORIENTED_EDGE('',*,*,#614,.T.);
#287=ORIENTED_EDGE('',*,*,#615,.T.);
#288=ORIENTED_EDGE('',*,*,#616,.T.);
#289=ORIENTED_EDGE('',*,*,#617,.T.);
#290=ORIENTED_EDGE('',*,*,#618,.T.);
#291=ORIENTED_EDGE('',*,*,#619,.F.);
#292=ORIENTED_EDGE('',*,*,#620,.T.);
#293=ORIENTED_EDGE('',*,*,#621,.T.);
#294=ORIENTED_EDGE('',*,*,#622,.T.);
#295=ORIENTED_EDGE('',*,*,#623,.T.);
#296=ORIENTED_EDGE('',*,*,#624,.T.);
#297=ORIENTED_EDGE('',*,*,#625,.F.);
#298=ORIENTED_EDGE('',*,*,#626,.T.);
#299=ORIENTED_EDGE('',*,*,#627,.T.);
#300=ORIENTED_EDGE('',*,*,#625,.T.);
#301=ORIENTED_EDGE('',*,*,#619,.T.);
#302=ORIENTED_EDGE('',*,*,#613,.T.);
#303=ORIENTED_EDGE('',*,*,#607,.T.);
#304=ORIENTED_EDGE('',*,*,#601,.T.);
#305=ORIENTED_EDGE('',*,*,#595,.T.);
#306=ORIENTED_EDGE('',*,*,#589,.T.);
#307=ORIENTED_EDGE('',*,*,#583,.T.);
#308=ORIENTED_EDGE('',*,*,#577,.T.);
#309=ORIENTED_EDGE('',*,*,#571,.T.);
#310=ORIENTED_EDGE('',*,*,#565,.T.);
#311=ORIENTED_EDGE('',*,*,#628,.T.);
#312=ORIENTED_EDGE('',*,*,#629,.T.);
#313=ORIENTED_EDGE('',*,*,#630,.F.);
#314=ORIENTED_EDGE('',*,*,#631,.T.);
#315=ORIENTED_EDGE('',*,*,#632,.F.);
#316=ORIENTED_EDGE('',*,*,#633,.T.);
#317=ORIENTED_EDGE('',*,*,#634,.T.);
#318=ORIENTED_EDGE('',*,*,#635,.F.);
#319=ORIENTED_EDGE('',*,*,#636,.T.);
#320=ORIENTED_EDGE('',*,*,#637,.F.);
#321=ORIENTED_EDGE('',*,*,#638,.T.);
#322=ORIENTED_EDGE('',*,*,#630,.T.);
#323=ORIENTED_EDGE('',*,*,#639,.T.);
#324=ORIENTED_EDGE('',*,*,#622,.F.);
#325=ORIENTED_EDGE('',*,*,#616,.F.);
#326=ORIENTED_EDGE('',*,*,#610,.F.);
#327=ORIENTED_EDGE('',*,*,#604,.F.);
#328=ORIENTED_EDGE('',*,*,#598,.F.);
#329=ORIENTED_EDGE('',*,*,#592,.F.);
#330=ORIENTED_EDGE('',*,*,#586,.F.);
#331=ORIENTED_EDGE('',*,*,#580,.F.);
#332=ORIENTED_EDGE('',*,*,#574,.F.);
#333=ORIENTED_EDGE('',*,*,#568,.F.);
#334=ORIENTED_EDGE('',*,*,#562,.F.);
#335=ORIENTED_EDGE('',*,*,#635,.T.);
#336=ORIENTED_EDGE('',*,*,#640,.T.);
#337=ORIENTED_EDGE('',*,*,#641,.F.);
#338=ORIENTED_EDGE('',*,*,#642,.T.);
#339=ORIENTED_EDGE('',*,*,#643,.T.);
#340=ORIENTED_EDGE('',*,*,#641,.T.);
#341=ORIENTED_EDGE('',*,*,#644,.T.);
#342=ORIENTED_EDGE('',*,*,#645,.F.);
#343=ORIENTED_EDGE('',*,*,#646,.T.);
#344=ORIENTED_EDGE('',*,*,#628,.F.);
#345=ORIENTED_EDGE('',*,*,#647,.T.);
#346=ORIENTED_EDGE('',*,*,#648,.T.);
#347=ORIENTED_EDGE('',*,*,#649,.T.);
#348=ORIENTED_EDGE('',*,*,#559,.T.);
#349=ORIENTED_EDGE('',*,*,#553,.T.);
#350=ORIENTED_EDGE('',*,*,#547,.T.);
#351=ORIENTED_EDGE('',*,*,#541,.T.);
#352=ORIENTED_EDGE('',*,*,#535,.T.);
#353=ORIENTED_EDGE('',*,*,#529,.T.);
#354=ORIENTED_EDGE('',*,*,#523,.T.);
#355=ORIENTED_EDGE('',*,*,#517,.T.);
#356=ORIENTED_EDGE('',*,*,#511,.T.);
#357=ORIENTED_EDGE('',*,*,#505,.T.);
#358=ORIENTED_EDGE('',*,*,#499,.T.);
#359=ORIENTED_EDGE('',*,*,#493,.T.);
#360=ORIENTED_EDGE('',*,*,#637,.T.);
#361=ORIENTED_EDGE('',*,*,#650,.T.);
#362=ORIENTED_EDGE('',*,*,#648,.F.);
#363=ORIENTED_EDGE('',*,*,#651,.T.);
#364=ORIENTED_EDGE('',*,*,#556,.F.);
#365=ORIENTED_EDGE('',*,*,#550,.F.);
#366=ORIENTED_EDGE('',*,*,#544,.F.);
#367=ORIENTED_EDGE('',*,*,#538,.F.);
#368=ORIENTED_EDGE('',*,*,#532,.F.);
#369=ORIENTED_EDGE('',*,*,#526,.F.);
#370=ORIENTED_EDGE('',*,*,#520,.F.);
#371=ORIENTED_EDGE('',*,*,#514,.F.);
#372=ORIENTED_EDGE('',*,*,#508,.F.);
#373=ORIENTED_EDGE('',*,*,#502,.F.);
#374=ORIENTED_EDGE('',*,*,#496,.F.);
#375=ORIENTED_EDGE('',*,*,#490,.F.);
#376=ORIENTED_EDGE('',*,*,#645,.T.);
#377=ORIENTED_EDGE('',*,*,#652,.T.);
#378=ORIENTED_EDGE('',*,*,#633,.F.);
#379=ORIENTED_EDGE('',*,*,#653,.T.);
#380=ORIENTED_EDGE('',*,*,#634,.F.);
#381=ORIENTED_EDGE('',*,*,#652,.F.);
#382=ORIENTED_EDGE('',*,*,#644,.F.);
#383=ORIENTED_EDGE('',*,*,#640,.F.);
#384=ORIENTED_EDGE('',*,*,#639,.F.);
#385=ORIENTED_EDGE('',*,*,#629,.F.);
#386=ORIENTED_EDGE('',*,*,#646,.F.);
#387=ORIENTED_EDGE('',*,*,#653,.F.);
#388=ORIENTED_EDGE('',*,*,#636,.F.);
#389=ORIENTED_EDGE('',*,*,#642,.F.);
#390=ORIENTED_EDGE('',*,*,#649,.F.);
#391=ORIENTED_EDGE('',*,*,#650,.F.);
#392=ORIENTED_EDGE('',*,*,#638,.F.);
#393=ORIENTED_EDGE('',*,*,#651,.F.);
#394=ORIENTED_EDGE('',*,*,#647,.F.);
#395=ORIENTED_EDGE('',*,*,#631,.F.);
#396=ORIENTED_EDGE('',*,*,#500,.F.);
#397=ORIENTED_EDGE('',*,*,#498,.F.);
#398=ORIENTED_EDGE('',*,*,#623,.F.);
#399=ORIENTED_EDGE('',*,*,#627,.F.);
#400=ORIENTED_EDGE('',*,*,#626,.F.);
#401=ORIENTED_EDGE('',*,*,#624,.F.);
#402=ORIENTED_EDGE('',*,*,#503,.F.);
#403=ORIENTED_EDGE('',*,*,#507,.F.);
#404=ORIENTED_EDGE('',*,*,#494,.F.);
#405=ORIENTED_EDGE('',*,*,#492,.F.);
#406=ORIENTED_EDGE('',*,*,#617,.F.);
#407=ORIENTED_EDGE('',*,*,#621,.F.);
#408=ORIENTED_EDGE('',*,*,#620,.F.);
#409=ORIENTED_EDGE('',*,*,#618,.F.);
#410=ORIENTED_EDGE('',*,*,#497,.F.);
#411=ORIENTED_EDGE('',*,*,#501,.F.);
#412=ORIENTED_EDGE('',*,*,#506,.F.);
#413=ORIENTED_EDGE('',*,*,#504,.F.);
#414=ORIENTED_EDGE('',*,*,#611,.F.);
#415=ORIENTED_EDGE('',*,*,#615,.F.);
#416=ORIENTED_EDGE('',*,*,#614,.F.);
#417=ORIENTED_EDGE('',*,*,#612,.F.);
#418=ORIENTED_EDGE('',*,*,#509,.F.);
#419=ORIENTED_EDGE('',*,*,#513,.F.);
#420=ORIENTED_EDGE('',*,*,#512,.F.);
#421=ORIENTED_EDGE('',*,*,#510,.F.);
#422=ORIENTED_EDGE('',*,*,#605,.F.);
#423=ORIENTED_EDGE('',*,*,#609,.F.);
#424=ORIENTED_EDGE('',*,*,#608,.F.);
#425=ORIENTED_EDGE('',*,*,#606,.F.);
#426=ORIENTED_EDGE('',*,*,#515,.F.);
#427=ORIENTED_EDGE('',*,*,#519,.F.);
#428=ORIENTED_EDGE('',*,*,#518,.F.);
#429=ORIENTED_EDGE('',*,*,#516,.F.);
#430=ORIENTED_EDGE('',*,*,#599,.F.);
#431=ORIENTED_EDGE('',*,*,#603,.F.);
#432=ORIENTED_EDGE('',*,*,#602,.F.);
#433=ORIENTED_EDGE('',*,*,#600,.F.);
#434=ORIENTED_EDGE('',*,*,#521,.F.);
#435=ORIENTED_EDGE('',*,*,#525,.F.);
#436=ORIENTED_EDGE('',*,*,#524,.F.);
#437=ORIENTED_EDGE('',*,*,#522,.F.);
#438=ORIENTED_EDGE('',*,*,#593,.F.);
#439=ORIENTED_EDGE('',*,*,#597,.F.);
#440=ORIENTED_EDGE('',*,*,#596,.F.);
#441=ORIENTED_EDGE('',*,*,#594,.F.);
#442=ORIENTED_EDGE('',*,*,#527,.F.);
#443=ORIENTED_EDGE('',*,*,#531,.F.);
#444=ORIENTED_EDGE('',*,*,#530,.F.);
#445=ORIENTED_EDGE('',*,*,#528,.F.);
#446=ORIENTED_EDGE('',*,*,#587,.F.);
#447=ORIENTED_EDGE('',*,*,#591,.F.);
#448=ORIENTED_EDGE('',*,*,#590,.F.);
#449=ORIENTED_EDGE('',*,*,#588,.F.);
#450=ORIENTED_EDGE('',*,*,#533,.F.);
#451=ORIENTED_EDGE('',*,*,#537,.F.);
#452=ORIENTED_EDGE('',*,*,#536,.F.);
#453=ORIENTED_EDGE('',*,*,#534,.F.);
#454=ORIENTED_EDGE('',*,*,#581,.F.);
#455=ORIENTED_EDGE('',*,*,#585,.F.);
#456=ORIENTED_EDGE('',*,*,#584,.F.);
#457=ORIENTED_EDGE('',*,*,#582,.F.);
#458=ORIENTED_EDGE('',*,*,#539,.F.);
#459=ORIENTED_EDGE('',*,*,#543,.F.);
#460=ORIENTED_EDGE('',*,*,#542,.F.);
#461=ORIENTED_EDGE('',*,*,#540,.F.);
#462=ORIENTED_EDGE('',*,*,#575,.F.);
#463=ORIENTED_EDGE('',*,*,#579,.F.);
#464=ORIENTED_EDGE('',*,*,#578,.F.);
#465=ORIENTED_EDGE('',*,*,#576,.F.);
#466=ORIENTED_EDGE('',*,*,#545,.F.);
#467=ORIENTED_EDGE('',*,*,#549,.F.);
#468=ORIENTED_EDGE('',*,*,#548,.F.);
#469=ORIENTED_EDGE('',*,*,#546,.F.);
#470=ORIENTED_EDGE('',*,*,#569,.F.);
#471=ORIENTED_EDGE('',*,*,#573,.F.);
#472=ORIENTED_EDGE('',*,*,#572,.F.);
#473=ORIENTED_EDGE('',*,*,#570,.F.);
#474=ORIENTED_EDGE('',*,*,#551,.F.);
#475=ORIENTED_EDGE('',*,*,#555,.F.);
#476=ORIENTED_EDGE('',*,*,#554,.F.);
#477=ORIENTED_EDGE('',*,*,#552,.F.);
#478=ORIENTED_EDGE('',*,*,#563,.F.);
#479=ORIENTED_EDGE('',*,*,#567,.F.);
#480=ORIENTED_EDGE('',*,*,#566,.F.);
#481=ORIENTED_EDGE('',*,*,#564,.F.);
#482=ORIENTED_EDGE('',*,*,#557,.F.);
#483=ORIENTED_EDGE('',*,*,#561,.F.);
#484=ORIENTED_EDGE('',*,*,#560,.F.);
#485=ORIENTED_EDGE('',*,*,#558,.F.);
#486=ORIENTED_EDGE('',*,*,#643,.F.);
#487=ORIENTED_EDGE('',*,*,#491,.F.);
#488=ORIENTED_EDGE('',*,*,#495,.F.);
#489=ORIENTED_EDGE('',*,*,#632,.T.);
#490=EDGE_CURVE('',#654,#654,#764,.F.);
#491=EDGE_CURVE('',#655,#656,#70,.F.);
#492=EDGE_CURVE('',#656,#655,#71,.F.);
#493=EDGE_CURVE('',#657,#657,#765,.T.);
#494=EDGE_CURVE('',#655,#656,#72,.T.);
#495=EDGE_CURVE('',#656,#655,#73,.T.);
#496=EDGE_CURVE('',#658,#658,#766,.F.);
#497=EDGE_CURVE('',#659,#660,#74,.F.);
#498=EDGE_CURVE('',#660,#659,#75,.F.);
#499=EDGE_CURVE('',#661,#661,#767,.T.);
#500=EDGE_CURVE('',#659,#660,#76,.T.);
#501=EDGE_CURVE('',#660,#659,#77,.T.);
#502=EDGE_CURVE('',#662,#662,#768,.F.);
#503=EDGE_CURVE('',#663,#664,#78,.F.);
#504=EDGE_CURVE('',#664,#663,#79,.F.);
#505=EDGE_CURVE('',#665,#665,#769,.T.);
#506=EDGE_CURVE('',#663,#664,#80,.T.);
#507=EDGE_CURVE('',#664,#663,#81,.T.);
#508=EDGE_CURVE('',#666,#666,#770,.F.);
#509=EDGE_CURVE('',#667,#668,#82,.F.);
#510=EDGE_CURVE('',#668,#667,#83,.F.);
#511=EDGE_CURVE('',#669,#669,#771,.T.);
#512=EDGE_CURVE('',#667,#668,#84,.T.);
#513=EDGE_CURVE('',#668,#667,#85,.T.);
#514=EDGE_CURVE('',#670,#670,#772,.F.);
#515=EDGE_CURVE('',#671,#672,#86,.F.);
#516=EDGE_CURVE('',#672,#671,#87,.F.);
#517=EDGE_CURVE('',#673,#673,#773,.T.);
#518=EDGE_CURVE('',#671,#672,#88,.T.);
#519=EDGE_CURVE('',#672,#671,#89,.T.);
#520=EDGE_CURVE('',#674,#674,#774,.F.);
#521=EDGE_CURVE('',#675,#676,#90,.F.);
#522=EDGE_CURVE('',#676,#675,#91,.F.);
#523=EDGE_CURVE('',#677,#677,#775,.T.);
#524=EDGE_CURVE('',#675,#676,#92,.T.);
#525=EDGE_CURVE('',#676,#675,#93,.T.);
#526=EDGE_CURVE('',#678,#678,#776,.F.);
#527=EDGE_CURVE('',#679,#680,#94,.F.);
#528=EDGE_CURVE('',#680,#679,#95,.F.);
#529=EDGE_CURVE('',#681,#681,#777,.T.);
#530=EDGE_CURVE('',#679,#680,#96,.T.);
#531=EDGE_CURVE('',#680,#679,#97,.T.);
#532=EDGE_CURVE('',#682,#682,#778,.F.);
#533=EDGE_CURVE('',#683,#684,#98,.F.);
#534=EDGE_CURVE('',#684,#683,#99,.F.);
#535=EDGE_CURVE('',#685,#685,#779,.T.);
#536=EDGE_CURVE('',#683,#684,#100,.T.);
#537=EDGE_CURVE('',#684,#683,#101,.T.);
#538=EDGE_CURVE('',#686,#686,#780,.F.);
#539=EDGE_CURVE('',#687,#688,#102,.F.);
#540=EDGE_CURVE('',#688,#687,#103,.F.);
#541=EDGE_CURVE('',#689,#689,#781,.T.);
#542=EDGE_CURVE('',#687,#688,#104,.T.);
#543=EDGE_CURVE('',#688,#687,#105,.T.);
#544=EDGE_CURVE('',#690,#690,#782,.F.);
#545=EDGE_CURVE('',#691,#692,#106,.F.);
#546=EDGE_CURVE('',#692,#691,#107,.F.);
#547=EDGE_CURVE('',#693,#693,#783,.T.);
#548=EDGE_CURVE('',#691,#692,#108,.T.);
#549=EDGE_CURVE('',#692,#691,#109,.T.);
#550=EDGE_CURVE('',#694,#694,#784,.F.);
#551=EDGE_CURVE('',#695,#696,#110,.F.);
#552=EDGE_CURVE('',#696,#695,#111,.F.);
#553=EDGE_CURVE('',#697,#697,#785,.T.);
#554=EDGE_CURVE('',#695,#696,#112,.T.);
#555=EDGE_CURVE('',#696,#695,#113,.T.);
#556=EDGE_CURVE('',#698,#698,#786,.F.);
#557=EDGE_CURVE('',#699,#700,#114,.F.);
#558=EDGE_CURVE('',#700,#699,#115,.F.);
#559=EDGE_CURVE('',#701,#701,#787,.T.);
#560=EDGE_CURVE('',#699,#700,#116,.T.);
#561=EDGE_CURVE('',#700,#699,#117,.T.);
#562=EDGE_CURVE('',#702,#702,#788,.F.);
#563=EDGE_CURVE('',#703,#704,#118,.F.);
#564=EDGE_CURVE('',#704,#703,#119,.F.);
#565=EDGE_CURVE('',#705,#705,#789,.T.);
#566=EDGE_CURVE('',#703,#704,#120,.T.);
#567=EDGE_CURVE('',#704,#703,#121,.T.);
#568=EDGE_CURVE('',#706,#706,#790,.F.);
#569=EDGE_CURVE('',#707,#708,#122,.F.);
#570=EDGE_CURVE('',#708,#707,#123,.F.);
#571=EDGE_CURVE('',#709,#709,#791,.T.);
#572=EDGE_CURVE('',#707,#708,#124,.T.);
#573=EDGE_CURVE('',#708,#707,#125,.T.);
#574=EDGE_CURVE('',#710,#710,#792,.F.);
#575=EDGE_CURVE('',#711,#712,#126,.F.);
#576=EDGE_CURVE('',#712,#711,#127,.F.);
#577=EDGE_CURVE('',#713,#713,#793,.T.);
#578=EDGE_CURVE('',#711,#712,#128,.T.);
#579=EDGE_CURVE('',#712,#711,#129,.T.);
#580=EDGE_CURVE('',#714,#714,#794,.F.);
#581=EDGE_CURVE('',#715,#716,#130,.F.);
#582=EDGE_CURVE('',#716,#715,#131,.F.);
#583=EDGE_CURVE('',#717,#717,#795,.T.);
#584=EDGE_CURVE('',#715,#716,#132,.T.);
#585=EDGE_CURVE('',#716,#715,#133,.T.);
#586=EDGE_CURVE('',#718,#718,#796,.F.);
#587=EDGE_CURVE('',#719,#720,#134,.F.);
#588=EDGE_CURVE('',#720,#719,#135,.F.);
#589=EDGE_CURVE('',#721,#721,#797,.T.);
#590=EDGE_CURVE('',#719,#720,#136,.T.);
#591=EDGE_CURVE('',#720,#719,#137,.T.);
#592=EDGE_CURVE('',#722,#722,#798,.F.);
#593=EDGE_CURVE('',#723,#724,#138,.F.);
#594=EDGE_CURVE('',#724,#723,#139,.F.);
#595=EDGE_CURVE('',#725,#725,#799,.T.);
#596=EDGE_CURVE('',#723,#724,#140,.T.);
#597=EDGE_CURVE('',#724,#723,#141,.T.);
#598=EDGE_CURVE('',#726,#726,#800,.F.);
#599=EDGE_CURVE('',#727,#728,#142,.F.);
#600=EDGE_CURVE('',#728,#727,#143,.F.);
#601=EDGE_CURVE('',#729,#729,#801,.T.);
#602=EDGE_CURVE('',#727,#728,#144,.T.);
#603=EDGE_CURVE('',#728,#727,#145,.T.);
#604=EDGE_CURVE('',#730,#730,#802,.F.);
#605=EDGE_CURVE('',#731,#732,#146,.F.);
#606=EDGE_CURVE('',#732,#731,#147,.F.);
#607=EDGE_CURVE('',#733,#733,#803,.T.);
#608=EDGE_CURVE('',#731,#732,#148,.T.);
#609=EDGE_CURVE('',#732,#731,#149,.T.);
#610=EDGE_CURVE('',#734,#734,#804,.F.);
#611=EDGE_CURVE('',#735,#736,#150,.F.);
#612=EDGE_CURVE('',#736,#735,#151,.F.);
#613=EDGE_CURVE('',#737,#737,#805,.T.);
#614=EDGE_CURVE('',#735,#736,#152,.T.);
#615=EDGE_CURVE('',#736,#735,#153,.T.);
#616=EDGE_CURVE('',#738,#738,#806,.F.);
#617=EDGE_CURVE('',#739,#740,#154,.F.);
#618=EDGE_CURVE('',#740,#739,#155,.F.);
#619=EDGE_CURVE('',#741,#741,#807,.T.);
#620=EDGE_CURVE('',#739,#740,#156,.T.);
#621=EDGE_CURVE('',#740,#739,#157,.T.);
#622=EDGE_CURVE('',#742,#742,#808,.F.);
#623=EDGE_CURVE('',#743,#744,#158,.F.);
#624=EDGE_CURVE('',#744,#743,#159,.F.);
#625=EDGE_CURVE('',#745,#745,#809,.T.);
#626=EDGE_CURVE('',#743,#744,#160,.T.);
#627=EDGE_CURVE('',#744,#743,#161,.T.);
#628=EDGE_CURVE('',#746,#747,#12,.T.);
#629=EDGE_CURVE('',#747,#748,#13,.T.);
#630=EDGE_CURVE('',#749,#748,#14,.T.);
#631=EDGE_CURVE('',#749,#746,#15,.T.);
#632=EDGE_CURVE('',#750,#750,#810,.F.);
#633=EDGE_CURVE('',#751,#752,#16,.T.);
#634=EDGE_CURVE('',#752,#753,#17,.F.);
#635=EDGE_CURVE('',#754,#753,#18,.T.);
#636=EDGE_CURVE('',#754,#755,#19,.T.);
#637=EDGE_CURVE('',#756,#755,#20,.T.);
#638=EDGE_CURVE('',#756,#749,#21,.F.);
#639=EDGE_CURVE('',#748,#751,#22,.T.);
#640=EDGE_CURVE('',#753,#757,#23,.T.);
#641=EDGE_CURVE('',#758,#757,#24,.T.);
#642=EDGE_CURVE('',#758,#754,#25,.T.);
#643=EDGE_CURVE('',#759,#759,#811,.T.);
#644=EDGE_CURVE('',#757,#760,#26,.F.);
#645=EDGE_CURVE('',#761,#760,#27,.T.);
#646=EDGE_CURVE('',#761,#747,#28,.T.);
#647=EDGE_CURVE('',#746,#762,#29,.F.);
#648=EDGE_CURVE('',#762,#763,#30,.T.);
#649=EDGE_CURVE('',#763,#758,#31,.T.);
#650=EDGE_CURVE('',#755,#763,#32,.T.);
#651=EDGE_CURVE('',#762,#756,#33,.T.);
#652=EDGE_CURVE('',#760,#752,#34,.T.);
#653=EDGE_CURVE('',#751,#761,#35,.T.);
#654=VERTEX_POINT('',#2060);
#655=VERTEX_POINT('',#2062);
#656=VERTEX_POINT('',#2063);
#657=VERTEX_POINT('',#2067);
#658=VERTEX_POINT('',#2072);
#659=VERTEX_POINT('',#2074);
#660=VERTEX_POINT('',#2075);
#661=VERTEX_POINT('',#2079);
#662=VERTEX_POINT('',#2084);
#663=VERTEX_POINT('',#2086);
#664=VERTEX_POINT('',#2087);
#665=VERTEX_POINT('',#2091);
#666=VERTEX_POINT('',#2096);
#667=VERTEX_POINT('',#2098);
#668=VERTEX_POINT('',#2099);
#669=VERTEX_POINT('',#2103);
#670=VERTEX_POINT('',#2108);
#671=VERTEX_POINT('',#2110);
#672=VERTEX_POINT('',#2111);
#673=VERTEX_POINT('',#2115);
#674=VERTEX_POINT('',#2120);
#675=VERTEX_POINT('',#2122);
#676=VERTEX_POINT('',#2123);
#677=VERTEX_POINT('',#2127);
#678=VERTEX_POINT('',#2132);
#679=VERTEX_POINT('',#2134);
#680=VERTEX_POINT('',#2135);
#681=VERTEX_POINT('',#2139);
#682=VERTEX_POINT('',#2144);
#683=VERTEX_POINT('',#2146);
#684=VERTEX_POINT('',#2147);
#685=VERTEX_POINT('',#2151);
#686=VERTEX_POINT('',#2156);
#687=VERTEX_POINT('',#2158);
#688=VERTEX_POINT('',#2159);
#689=VERTEX_POINT('',#2163);
#690=VERTEX_POINT('',#2168);
#691=VERTEX_POINT('',#2170);
#692=VERTEX_POINT('',#2171);
#693=VERTEX_POINT('',#2175);
#694=VERTEX_POINT('',#2180);
#695=VERTEX_POINT('',#2182);
#696=VERTEX_POINT('',#2183);
#697=VERTEX_POINT('',#2187);
#698=VERTEX_POINT('',#2192);
#699=VERTEX_POINT('',#2194);
#700=VERTEX_POINT('',#2195);
#701=VERTEX_POINT('',#2199);
#702=VERTEX_POINT('',#2204);
#703=VERTEX_POINT('',#2206);
#704=VERTEX_POINT('',#2207);
#705=VERTEX_POINT('',#2211);
#706=VERTEX_POINT('',#2216);
#707=VERTEX_POINT('',#2218);
#708=VERTEX_POINT('',#2219);
#709=VERTEX_POINT('',#2223);
#710=VERTEX_POINT('',#2228);
#711=VERTEX_POINT('',#2230);
#712=VERTEX_POINT('',#2231);
#713=VERTEX_POINT('',#2235);
#714=VERTEX_POINT('',#2240);
#715=VERTEX_POINT('',#2242);
#716=VERTEX_POINT('',#2243);
#717=VERTEX_POINT('',#2247);
#718=VERTEX_POINT('',#2252);
#719=VERTEX_POINT('',#2254);
#720=VERTEX_POINT('',#2255);
#721=VERTEX_POINT('',#2259);
#722=VERTEX_POINT('',#2264);
#723=VERTEX_POINT('',#2266);
#724=VERTEX_POINT('',#2267);
#725=VERTEX_POINT('',#2271);
#726=VERTEX_POINT('',#2276);
#727=VERTEX_POINT('',#2278);
#728=VERTEX_POINT('',#2279);
#729=VERTEX_POINT('',#2283);
#730=VERTEX_POINT('',#2288);
#731=VERTEX_POINT('',#2290);
#732=VERTEX_POINT('',#2291);
#733=VERTEX_POINT('',#2295);
#734=VERTEX_POINT('',#2300);
#735=VERTEX_POINT('',#2302);
#736=VERTEX_POINT('',#2303);
#737=VERTEX_POINT('',#2307);
#738=VERTEX_POINT('',#2312);
#739=VERTEX_POINT('',#2314);
#740=VERTEX_POINT('',#2315);
#741=VERTEX_POINT('',#2319);
#742=VERTEX_POINT('',#2324);
#743=VERTEX_POINT('',#2326);
#744=VERTEX_POINT('',#2327);
#745=VERTEX_POINT('',#2331);
#746=VERTEX_POINT('',#2336);
#747=VERTEX_POINT('',#2337);
#748=VERTEX_POINT('',#2339);
#749=VERTEX_POINT('',#2341);
#750=VERTEX_POINT('',#2345);
#751=VERTEX_POINT('',#2347);
#752=VERTEX_POINT('',#2348);
#753=VERTEX_POINT('',#2350);
#754=VERTEX_POINT('',#2352);
#755=VERTEX_POINT('',#2354);
#756=VERTEX_POINT('',#2356);
#757=VERTEX_POINT('',#2361);
#758=VERTEX_POINT('',#2363);
#759=VERTEX_POINT('',#2367);
#760=VERTEX_POINT('',#2369);
#761=VERTEX_POINT('',#2371);
#762=VERTEX_POINT('',#2374);
#763=VERTEX_POINT('',#2376);
#764=CIRCLE('',#1372,0.0020193);
#765=CIRCLE('',#1376,0.0020193);
#766=CIRCLE('',#1380,0.0020193);
#767=CIRCLE('',#1384,0.0020193);
#768=CIRCLE('',#1388,0.0020193);
#769=CIRCLE('',#1392,0.0020193);
#770=CIRCLE('',#1396,0.0020193);
#771=CIRCLE('',#1400,0.0020193);
#772=CIRCLE('',#1404,0.0020193);
#773=CIRCLE('',#1408,0.0020193);
#774=CIRCLE('',#1412,0.0020193);
#775=CIRCLE('',#1416,0.0020193);
#776=CIRCLE('',#1420,0.0020193);
#777=CIRCLE('',#1424,0.0020193);
#778=CIRCLE('',#1428,0.0020193);
#779=CIRCLE('',#1432,0.0020193);
#780=CIRCLE('',#1436,0.0020193);
#781=CIRCLE('',#1440,0.0020193);
#782=CIRCLE('',#1444,0.0020193);
#783=CIRCLE('',#1448,0.0020193);
#784=CIRCLE('',#1452,0.0020193);
#785=CIRCLE('',#1456,0.0020193);
#786=CIRCLE('',#1460,0.0020193);
#787=CIRCLE('',#1464,0.0020193);
#788=CIRCLE('',#1468,0.0020193);
#789=CIRCLE('',#1472,0.0020193);
#790=CIRCLE('',#1476,0.0020193);
#791=CIRCLE('',#1480,0.0020193);
#792=CIRCLE('',#1484,0.0020193);
#793=CIRCLE('',#1488,0.0020193);
#794=CIRCLE('',#1492,0.0020193);
#795=CIRCLE('',#1496,0.0020193);
#796=CIRCLE('',#1500,0.0020193);
#797=CIRCLE('',#1504,0.0020193);
#798=CIRCLE('',#1508,0.0020193);
#799=CIRCLE('',#1512,0.0020193);
#800=CIRCLE('',#1516,0.0020193);
#801=CIRCLE('',#1520,0.0020193);
#802=CIRCLE('',#1524,0.0020193);
#803=CIRCLE('',#1528,0.0020193);
#804=CIRCLE('',#1532,0.0020193);
#805=CIRCLE('',#1536,0.0020193);
#806=CIRCLE('',#1540,0.0020193);
#807=CIRCLE('',#1544,0.0020193);
#808=CIRCLE('',#1548,0.0020193);
#809=CIRCLE('',#1552,0.0020193);
#810=CIRCLE('',#1557,0.0020193);
#811=CIRCLE('',#1560,0.0020193);
#812=EDGE_LOOP('',(#162));
#813=EDGE_LOOP('',(#163,#164));
#814=EDGE_LOOP('',(#165));
#815=EDGE_LOOP('',(#166,#167));
#816=EDGE_LOOP('',(#168));
#817=EDGE_LOOP('',(#169,#170));
#818=EDGE_LOOP('',(#171));
#819=EDGE_LOOP('',(#172,#173));
#820=EDGE_LOOP('',(#174));
#821=EDGE_LOOP('',(#175,#176));
#822=EDGE_LOOP('',(#177));
#823=EDGE_LOOP('',(#178,#179));
#824=EDGE_LOOP('',(#180));
#825=EDGE_LOOP('',(#181,#182));
#826=EDGE_LOOP('',(#183));
#827=EDGE_LOOP('',(#184,#185));
#828=EDGE_LOOP('',(#186));
#829=EDGE_LOOP('',(#187,#188));
#830=EDGE_LOOP('',(#189));
#831=EDGE_LOOP('',(#190,#191));
#832=EDGE_LOOP('',(#192));
#833=EDGE_LOOP('',(#193,#194));
#834=EDGE_LOOP('',(#195));
#835=EDGE_LOOP('',(#196,#197));
#836=EDGE_LOOP('',(#198));
#837=EDGE_LOOP('',(#199,#200));
#838=EDGE_LOOP('',(#201));
#839=EDGE_LOOP('',(#202,#203));
#840=EDGE_LOOP('',(#204));
#841=EDGE_LOOP('',(#205,#206));
#842=EDGE_LOOP('',(#207));
#843=EDGE_LOOP('',(#208,#209));
#844=EDGE_LOOP('',(#210));
#845=EDGE_LOOP('',(#211,#212));
#846=EDGE_LOOP('',(#213));
#847=EDGE_LOOP('',(#214,#215));
#848=EDGE_LOOP('',(#216));
#849=EDGE_LOOP('',(#217,#218));
#850=EDGE_LOOP('',(#219));
#851=EDGE_LOOP('',(#220,#221));
#852=EDGE_LOOP('',(#222));
#853=EDGE_LOOP('',(#223,#224));
#854=EDGE_LOOP('',(#225));
#855=EDGE_LOOP('',(#226,#227));
#856=EDGE_LOOP('',(#228));
#857=EDGE_LOOP('',(#229,#230));
#858=EDGE_LOOP('',(#231));
#859=EDGE_LOOP('',(#232,#233));
#860=EDGE_LOOP('',(#234));
#861=EDGE_LOOP('',(#235,#236));
#862=EDGE_LOOP('',(#237));
#863=EDGE_LOOP('',(#238,#239));
#864=EDGE_LOOP('',(#240));
#865=EDGE_LOOP('',(#241,#242));
#866=EDGE_LOOP('',(#243));
#867=EDGE_LOOP('',(#244,#245));
#868=EDGE_LOOP('',(#246));
#869=EDGE_LOOP('',(#247,#248));
#870=EDGE_LOOP('',(#249));
#871=EDGE_LOOP('',(#250,#251));
#872=EDGE_LOOP('',(#252));
#873=EDGE_LOOP('',(#253,#254));
#874=EDGE_LOOP('',(#255));
#875=EDGE_LOOP('',(#256,#257));
#876=EDGE_LOOP('',(#258));
#877=EDGE_LOOP('',(#259,#260));
#878=EDGE_LOOP('',(#261));
#879=EDGE_LOOP('',(#262,#263));
#880=EDGE_LOOP('',(#264));
#881=EDGE_LOOP('',(#265,#266));
#882=EDGE_LOOP('',(#267));
#883=EDGE_LOOP('',(#268,#269));
#884=EDGE_LOOP('',(#270));
#885=EDGE_LOOP('',(#271,#272));
#886=EDGE_LOOP('',(#273));
#887=EDGE_LOOP('',(#274,#275));
#888=EDGE_LOOP('',(#276));
#889=EDGE_LOOP('',(#277,#278));
#890=EDGE_LOOP('',(#279));
#891=EDGE_LOOP('',(#280,#281));
#892=EDGE_LOOP('',(#282));
#893=EDGE_LOOP('',(#283,#284));
#894=EDGE_LOOP('',(#285));
#895=EDGE_LOOP('',(#286,#287));
#896=EDGE_LOOP('',(#288));
#897=EDGE_LOOP('',(#289,#290));
#898=EDGE_LOOP('',(#291));
#899=EDGE_LOOP('',(#292,#293));
#900=EDGE_LOOP('',(#294));
#901=EDGE_LOOP('',(#295,#296));
#902=EDGE_LOOP('',(#297));
#903=EDGE_LOOP('',(#298,#299));
#904=EDGE_LOOP('',(#300));
#905=EDGE_LOOP('',(#301));
#906=EDGE_LOOP('',(#302));
#907=EDGE_LOOP('',(#303));
#908=EDGE_LOOP('',(#304));
#909=EDGE_LOOP('',(#305));
#910=EDGE_LOOP('',(#306));
#911=EDGE_LOOP('',(#307));
#912=EDGE_LOOP('',(#308));
#913=EDGE_LOOP('',(#309));
#914=EDGE_LOOP('',(#310));
#915=EDGE_LOOP('',(#311,#312,#313,#314));
#916=EDGE_LOOP('',(#315));
#917=EDGE_LOOP('',(#316,#317,#318,#319,#320,#321,#322,#323));
#918=EDGE_LOOP('',(#324));
#919=EDGE_LOOP('',(#325));
#920=EDGE_LOOP('',(#326));
#921=EDGE_LOOP('',(#327));
#922=EDGE_LOOP('',(#328));
#923=EDGE_LOOP('',(#329));
#924=EDGE_LOOP('',(#330));
#925=EDGE_LOOP('',(#331));
#926=EDGE_LOOP('',(#332));
#927=EDGE_LOOP('',(#333));
#928=EDGE_LOOP('',(#334));
#929=EDGE_LOOP('',(#335,#336,#337,#338));
#930=EDGE_LOOP('',(#339));
#931=EDGE_LOOP('',(#340,#341,#342,#343,#344,#345,#346,#347));
#932=EDGE_LOOP('',(#348));
#933=EDGE_LOOP('',(#349));
#934=EDGE_LOOP('',(#350));
#935=EDGE_LOOP('',(#351));
#936=EDGE_LOOP('',(#352));
#937=EDGE_LOOP('',(#353));
#938=EDGE_LOOP('',(#354));
#939=EDGE_LOOP('',(#355));
#940=EDGE_LOOP('',(#356));
#941=EDGE_LOOP('',(#357));
#942=EDGE_LOOP('',(#358));
#943=EDGE_LOOP('',(#359));
#944=EDGE_LOOP('',(#360,#361,#362,#363));
#945=EDGE_LOOP('',(#364));
#946=EDGE_LOOP('',(#365));
#947=EDGE_LOOP('',(#366));
#948=EDGE_LOOP('',(#367));
#949=EDGE_LOOP('',(#368));
#950=EDGE_LOOP('',(#369));
#951=EDGE_LOOP('',(#370));
#952=EDGE_LOOP('',(#371));
#953=EDGE_LOOP('',(#372));
#954=EDGE_LOOP('',(#373));
#955=EDGE_LOOP('',(#374));
#956=EDGE_LOOP('',(#375));
#957=EDGE_LOOP('',(#376,#377,#378,#379));
#958=EDGE_LOOP('',(#380,#381,#382,#383));
#959=EDGE_LOOP('',(#384,#385,#386,#387));
#960=EDGE_LOOP('',(#388,#389,#390,#391));
#961=EDGE_LOOP('',(#392,#393,#394,#395));
#962=EDGE_LOOP('',(#396,#397));
#963=EDGE_LOOP('',(#398,#399));
#964=EDGE_LOOP('',(#400,#401));
#965=EDGE_LOOP('',(#402,#403));
#966=EDGE_LOOP('',(#404,#405));
#967=EDGE_LOOP('',(#406,#407));
#968=EDGE_LOOP('',(#408,#409));
#969=EDGE_LOOP('',(#410,#411));
#970=EDGE_LOOP('',(#412,#413));
#971=EDGE_LOOP('',(#414,#415));
#972=EDGE_LOOP('',(#416,#417));
#973=EDGE_LOOP('',(#418,#419));
#974=EDGE_LOOP('',(#420,#421));
#975=EDGE_LOOP('',(#422,#423));
#976=EDGE_LOOP('',(#424,#425));
#977=EDGE_LOOP('',(#426,#427));
#978=EDGE_LOOP('',(#428,#429));
#979=EDGE_LOOP('',(#430,#431));
#980=EDGE_LOOP('',(#432,#433));
#981=EDGE_LOOP('',(#434,#435));
#982=EDGE_LOOP('',(#436,#437));
#983=EDGE_LOOP('',(#438,#439));
#984=EDGE_LOOP('',(#440,#441));
#985=EDGE_LOOP('',(#442,#443));
#986=EDGE_LOOP('',(#444,#445));
#987=EDGE_LOOP('',(#446,#447));
#988=EDGE_LOOP('',(#448,#449));
#989=EDGE_LOOP('',(#450,#451));
#990=EDGE_LOOP('',(#452,#453));
#991=EDGE_LOOP('',(#454,#455));
#992=EDGE_LOOP('',(#456,#457));
#993=EDGE_LOOP('',(#458,#459));
#994=EDGE_LOOP('',(#460,#461));
#995=EDGE_LOOP('',(#462,#463));
#996=EDGE_LOOP('',(#464,#465));
#997=EDGE_LOOP('',(#466,#467));
#998=EDGE_LOOP('',(#468,#469));
#999=EDGE_LOOP('',(#470,#471));
#1000=EDGE_LOOP('',(#472,#473));
#1001=EDGE_LOOP('',(#474,#475));
#1002=EDGE_LOOP('',(#476,#477));
#1003=EDGE_LOOP('',(#478,#479));
#1004=EDGE_LOOP('',(#480,#481));
#1005=EDGE_LOOP('',(#482,#483));
#1006=EDGE_LOOP('',(#484,#485));
#1007=EDGE_LOOP('',(#486));
#1008=EDGE_LOOP('',(#487,#488));
#1009=EDGE_LOOP('',(#489));
#1010=FACE_BOUND('',#812,.T.);
#1011=FACE_BOUND('',#813,.T.);
#1012=FACE_BOUND('',#814,.T.);
#1013=FACE_BOUND('',#815,.T.);
#1014=FACE_BOUND('',#816,.T.);
#1015=FACE_BOUND('',#817,.T.);
#1016=FACE_BOUND('',#818,.T.);
#1017=FACE_BOUND('',#819,.T.);
#1018=FACE_BOUND('',#820,.T.);
#1019=FACE_BOUND('',#821,.T.);
#1020=FACE_BOUND('',#822,.T.);
#1021=FACE_BOUND('',#823,.T.);
#1022=FACE_BOUND('',#824,.T.);
#1023=FACE_BOUND('',#825,.T.);
#1024=FACE_BOUND('',#826,.T.);
#1025=FACE_BOUND('',#827,.T.);
#1026=FACE_BOUND('',#828,.T.);
#1027=FACE_BOUND('',#829,.T.);
#1028=FACE_BOUND('',#830,.T.);
#1029=FACE_BOUND('',#831,.T.);
#1030=FACE_BOUND('',#832,.T.);
#1031=FACE_BOUND('',#833,.T.);
#1032=FACE_BOUND('',#834,.T.);
#1033=FACE_BOUND('',#835,.T.);
#1034=FACE_BOUND('',#836,.T.);
#1035=FACE_BOUND('',#837,.T.);
#1036=FACE_BOUND('',#838,.T.);
#1037=FACE_BOUND('',#839,.T.);
#1038=FACE_BOUND('',#840,.T.);
#1039=FACE_BOUND('',#841,.T.);
#1040=FACE_BOUND('',#842,.T.);
#1041=FACE_BOUND('',#843,.T.);
#1042=FACE_BOUND('',#844,.T.);
#1043=FACE_BOUND('',#845,.T.);
#1044=FACE_BOUND('',#846,.T.);
#1045=FACE_BOUND('',#847,.T.);
#1046=FACE_BOUND('',#848,.T.);
#1047=FACE_BOUND('',#849,.T.);
#1048=FACE_BOUND('',#850,.T.);
#1049=FACE_BOUND('',#851,.T.);
#1050=FACE_BOUND('',#852,.T.);
#1051=FACE_BOUND('',#853,.T.);
#1052=FACE_BOUND('',#854,.T.);
#1053=FACE_BOUND('',#855,.T.);
#1054=FACE_BOUND('',#856,.T.);
#1055=FACE_BOUND('',#857,.T.);
#1056=FACE_BOUND('',#858,.T.);
#1057=FACE_BOUND('',#859,.T.);
#1058=FACE_BOUND('',#860,.T.);
#1059=FACE_BOUND('',#861,.T.);
#1060=FACE_BOUND('',#862,.T.);
#1061=FACE_BOUND('',#863,.T.);
#1062=FACE_BOUND('',#864,.T.);
#1063=FACE_BOUND('',#865,.T.);
#1064=FACE_BOUND('',#866,.T.);
#1065=FACE_BOUND('',#867,.T.);
#1066=FACE_BOUND('',#868,.T.);
#1067=FACE_BOUND('',#869,.T.);
#1068=FACE_BOUND('',#870,.T.);
#1069=FACE_BOUND('',#871,.T.);
#1070=FACE_BOUND('',#872,.T.);
#1071=FACE_BOUND('',#873,.T.);
#1072=FACE_BOUND('',#874,.T.);
#1073=FACE_BOUND('',#875,.T.);
#1074=FACE_BOUND('',#876,.T.);
#1075=FACE_BOUND('',#877,.T.);
#1076=FACE_BOUND('',#878,.T.);
#1077=FACE_BOUND('',#879,.T.);
#1078=FACE_BOUND('',#880,.T.);
#1079=FACE_BOUND('',#881,.T.);
#1080=FACE_BOUND('',#882,.T.);
#1081=FACE_BOUND('',#883,.T.);
#1082=FACE_BOUND('',#884,.T.);
#1083=FACE_BOUND('',#885,.T.);
#1084=FACE_BOUND('',#886,.T.);
#1085=FACE_BOUND('',#887,.T.);
#1086=FACE_BOUND('',#888,.T.);
#1087=FACE_BOUND('',#889,.T.);
#1088=FACE_BOUND('',#890,.T.);
#1089=FACE_BOUND('',#891,.T.);
#1090=FACE_BOUND('',#892,.T.);
#1091=FACE_BOUND('',#893,.T.);
#1092=FACE_BOUND('',#894,.T.);
#1093=FACE_BOUND('',#895,.T.);
#1094=FACE_BOUND('',#896,.T.);
#1095=FACE_BOUND('',#897,.T.);
#1096=FACE_BOUND('',#898,.T.);
#1097=FACE_BOUND('',#899,.T.);
#1098=FACE_BOUND('',#900,.T.);
#1099=FACE_BOUND('',#901,.T.);
#1100=FACE_BOUND('',#902,.T.);
#1101=FACE_BOUND('',#903,.T.);
#1102=FACE_BOUND('',#904,.T.);
#1103=FACE_BOUND('',#905,.T.);
#1104=FACE_BOUND('',#906,.T.);
#1105=FACE_BOUND('',#907,.T.);
#1106=FACE_BOUND('',#908,.T.);
#1107=FACE_BOUND('',#909,.T.);
#1108=FACE_BOUND('',#910,.T.);
#1109=FACE_BOUND('',#911,.T.);
#1110=FACE_BOUND('',#912,.T.);
#1111=FACE_BOUND('',#913,.T.);
#1112=FACE_BOUND('',#914,.T.);
#1113=FACE_BOUND('',#915,.T.);
#1114=FACE_BOUND('',#916,.T.);
#1115=FACE_BOUND('',#917,.T.);
#1116=FACE_BOUND('',#918,.T.);
#1117=FACE_BOUND('',#919,.T.);
#1118=FACE_BOUND('',#920,.T.);
#1119=FACE_BOUND('',#921,.T.);
#1120=FACE_BOUND('',#922,.T.);
#1121=FACE_BOUND('',#923,.T.);
#1122=FACE_BOUND('',#924,.T.);
#1123=FACE_BOUND('',#925,.T.);
#1124=FACE_BOUND('',#926,.T.);
#1125=FACE_BOUND('',#927,.T.);
#1126=FACE_BOUND('',#928,.T.);
#1127=FACE_BOUND('',#929,.T.);
#1128=FACE_BOUND('',#930,.T.);
#1129=FACE_BOUND('',#931,.T.);
#1130=FACE_BOUND('',#932,.T.);
#1131=FACE_BOUND('',#933,.T.);
#1132=FACE_BOUND('',#934,.T.);
#1133=FACE_BOUND('',#935,.T.);
#1134=FACE_BOUND('',#936,.T.);
#1135=FACE_BOUND('',#937,.T.);
#1136=FACE_BOUND('',#938,.T.);
#1137=FACE_BOUND('',#939,.T.);
#1138=FACE_BOUND('',#940,.T.);
#1139=FACE_BOUND('',#941,.T.);
#1140=FACE_BOUND('',#942,.T.);
#1141=FACE_BOUND('',#943,.T.);
#1142=FACE_BOUND('',#944,.T.);
#1143=FACE_BOUND('',#945,.T.);
#1144=FACE_BOUND('',#946,.T.);
#1145=FACE_BOUND('',#947,.T.);
#1146=FACE_BOUND('',#948,.T.);
#1147=FACE_BOUND('',#949,.T.);
#1148=FACE_BOUND('',#950,.T.);
#1149=FACE_BOUND('',#951,.T.);
#1150=FACE_BOUND('',#952,.T.);
#1151=FACE_BOUND('',#953,.T.);
#1152=FACE_BOUND('',#954,.T.);
#1153=FACE_BOUND('',#955,.T.);
#1154=FACE_BOUND('',#956,.T.);
#1155=FACE_BOUND('',#957,.T.);
#1156=FACE_BOUND('',#958,.T.);
#1157=FACE_BOUND('',#959,.T.);
#1158=FACE_BOUND('',#960,.T.);
#1159=FACE_BOUND('',#961,.T.);
#1160=FACE_BOUND('',#962,.T.);
#1161=FACE_BOUND('',#963,.T.);
#1162=FACE_BOUND('',#964,.T.);
#1163=FACE_BOUND('',#965,.T.);
#1164=FACE_BOUND('',#966,.T.);
#1165=FACE_BOUND('',#967,.T.);
#1166=FACE_BOUND('',#968,.T.);
#1167=FACE_BOUND('',#969,.T.);
#1168=FACE_BOUND('',#970,.T.);
#1169=FACE_BOUND('',#971,.T.);
#1170=FACE_BOUND('',#972,.T.);
#1171=FACE_BOUND('',#973,.T.);
#1172=FACE_BOUND('',#974,.T.);
#1173=FACE_BOUND('',#975,.T.);
#1174=FACE_BOUND('',#976,.T.);
#1175=FACE_BOUND('',#977,.T.);
#1176=FACE_BOUND('',#978,.T.);
#1177=FACE_BOUND('',#979,.T.);
#1178=FACE_BOUND('',#980,.T.);
#1179=FACE_BOUND('',#981,.T.);
#1180=FACE_BOUND('',#982,.T.);
#1181=FACE_BOUND('',#983,.T.);
#1182=FACE_BOUND('',#984,.T.);
#1183=FACE_BOUND('',#985,.T.);
#1184=FACE_BOUND('',#986,.T.);
#1185=FACE_BOUND('',#987,.T.);
#1186=FACE_BOUND('',#988,.T.);
#1187=FACE_BOUND('',#989,.T.);
#1188=FACE_BOUND('',#990,.T.);
#1189=FACE_BOUND('',#991,.T.);
#1190=FACE_BOUND('',#992,.T.);
#1191=FACE_BOUND('',#993,.T.);
#1192=FACE_BOUND('',#994,.T.);
#1193=FACE_BOUND('',#995,.T.);
#1194=FACE_BOUND('',#996,.T.);
#1195=FACE_BOUND('',#997,.T.);
#1196=FACE_BOUND('',#998,.T.);
#1197=FACE_BOUND('',#999,.T.);
#1198=FACE_BOUND('',#1000,.T.);
#1199=FACE_BOUND('',#1001,.T.);
#1200=FACE_BOUND('',#1002,.T.);
#1201=FACE_BOUND('',#1003,.T.);
#1202=FACE_BOUND('',#1004,.T.);
#1203=FACE_BOUND('',#1005,.T.);
#1204=FACE_BOUND('',#1006,.T.);
#1205=FACE_BOUND('',#1007,.T.);
#1206=FACE_BOUND('',#1008,.T.);
#1207=FACE_BOUND('',#1009,.T.);
#1208=CYLINDRICAL_SURFACE('',#1371,0.0020193);
#1209=CYLINDRICAL_SURFACE('',#1375,0.0020193);
#1210=CYLINDRICAL_SURFACE('',#1379,0.0020193);
#1211=CYLINDRICAL_SURFACE('',#1383,0.0020193);
#1212=CYLINDRICAL_SURFACE('',#1387,0.0020193);
#1213=CYLINDRICAL_SURFACE('',#1391,0.0020193);
#1214=CYLINDRICAL_SURFACE('',#1395,0.0020193);
#1215=CYLINDRICAL_SURFACE('',#1399,0.0020193);
#1216=CYLINDRICAL_SURFACE('',#1403,0.0020193);
#1217=CYLINDRICAL_SURFACE('',#1407,0.0020193);
#1218=CYLINDRICAL_SURFACE('',#1411,0.0020193);
#1219=CYLINDRICAL_SURFACE('',#1415,0.0020193);
#1220=CYLINDRICAL_SURFACE('',#1419,0.0020193);
#1221=CYLINDRICAL_SURFACE('',#1423,0.0020193);
#1222=CYLINDRICAL_SURFACE('',#1427,0.0020193);
#1223=CYLINDRICAL_SURFACE('',#1431,0.0020193);
#1224=CYLINDRICAL_SURFACE('',#1435,0.0020193);
#1225=CYLINDRICAL_SURFACE('',#1439,0.0020193);
#1226=CYLINDRICAL_SURFACE('',#1443,0.0020193);
#1227=CYLINDRICAL_SURFACE('',#1447,0.0020193);
#1228=CYLINDRICAL_SURFACE('',#1451,0.0020193);
#1229=CYLINDRICAL_SURFACE('',#1455,0.0020193);
#1230=CYLINDRICAL_SURFACE('',#1459,0.0020193);
#1231=CYLINDRICAL_SURFACE('',#1463,0.0020193);
#1232=CYLINDRICAL_SURFACE('',#1467,0.0020193);
#1233=CYLINDRICAL_SURFACE('',#1471,0.0020193);
#1234=CYLINDRICAL_SURFACE('',#1475,0.0020193);
#1235=CYLINDRICAL_SURFACE('',#1479,0.0020193);
#1236=CYLINDRICAL_SURFACE('',#1483,0.0020193);
#1237=CYLINDRICAL_SURFACE('',#1487,0.0020193);
#1238=CYLINDRICAL_SURFACE('',#1491,0.0020193);
#1239=CYLINDRICAL_SURFACE('',#1495,0.0020193);
#1240=CYLINDRICAL_SURFACE('',#1499,0.0020193);
#1241=CYLINDRICAL_SURFACE('',#1503,0.0020193);
#1242=CYLINDRICAL_SURFACE('',#1507,0.0020193);
#1243=CYLINDRICAL_SURFACE('',#1511,0.0020193);
#1244=CYLINDRICAL_SURFACE('',#1515,0.0020193);
#1245=CYLINDRICAL_SURFACE('',#1519,0.0020193);
#1246=CYLINDRICAL_SURFACE('',#1523,0.0020193);
#1247=CYLINDRICAL_SURFACE('',#1527,0.0020193);
#1248=CYLINDRICAL_SURFACE('',#1531,0.0020193);
#1249=CYLINDRICAL_SURFACE('',#1535,0.0020193);
#1250=CYLINDRICAL_SURFACE('',#1539,0.0020193);
#1251=CYLINDRICAL_SURFACE('',#1543,0.0020193);
#1252=CYLINDRICAL_SURFACE('',#1547,0.0020193);
#1253=CYLINDRICAL_SURFACE('',#1551,0.0020193);
#1254=CYLINDRICAL_SURFACE('',#1567,0.0020193);
#1255=CYLINDRICAL_SURFACE('',#1568,0.0020193);
#1256=CYLINDRICAL_SURFACE('',#1569,0.0020193);
#1257=CYLINDRICAL_SURFACE('',#1570,0.0020193);
#1258=CYLINDRICAL_SURFACE('',#1571,0.0020193);
#1259=CYLINDRICAL_SURFACE('',#1572,0.0020193);
#1260=CYLINDRICAL_SURFACE('',#1573,0.0020193);
#1261=CYLINDRICAL_SURFACE('',#1574,0.0020193);
#1262=CYLINDRICAL_SURFACE('',#1575,0.0020193);
#1263=CYLINDRICAL_SURFACE('',#1576,0.0020193);
#1264=CYLINDRICAL_SURFACE('',#1577,0.0020193);
#1265=CYLINDRICAL_SURFACE('',#1578,0.0020193);
#1266=CYLINDRICAL_SURFACE('',#1579,0.0020193);
#1267=CYLINDRICAL_SURFACE('',#1580,0.0020193);
#1268=CYLINDRICAL_SURFACE('',#1581,0.0020193);
#1269=CYLINDRICAL_SURFACE('',#1582,0.0020193);
#1270=CYLINDRICAL_SURFACE('',#1583,0.0020193);
#1271=CYLINDRICAL_SURFACE('',#1584,0.0020193);
#1272=CYLINDRICAL_SURFACE('',#1585,0.0020193);
#1273=CYLINDRICAL_SURFACE('',#1586,0.0020193);
#1274=CYLINDRICAL_SURFACE('',#1587,0.0020193);
#1275=CYLINDRICAL_SURFACE('',#1588,0.0020193);
#1276=CYLINDRICAL_SURFACE('',#1589,0.0020193);
#1277=CYLINDRICAL_SURFACE('',#1590,0.0020193);
#1278=ADVANCED_FACE('',(#1010,#1011),#1208,.F.);
#1279=ADVANCED_FACE('',(#1012,#1013),#1209,.F.);
#1280=ADVANCED_FACE('',(#1014,#1015),#1210,.F.);
#1281=ADVANCED_FACE('',(#1016,#1017),#1211,.F.);
#1282=ADVANCED_FACE('',(#1018,#1019),#1212,.F.);
#1283=ADVANCED_FACE('',(#1020,#1021),#1213,.F.);
#1284=ADVANCED_FACE('',(#1022,#1023),#1214,.F.);
#1285=ADVANCED_FACE('',(#1024,#1025),#1215,.F.);
#1286=ADVANCED_FACE('',(#1026,#1027),#1216,.F.);
#1287=ADVANCED_FACE('',(#1028,#1029),#1217,.F.);
#1288=ADVANCED_FACE('',(#1030,#1031),#1218,.F.);
#1289=ADVANCED_FACE('',(#1032,#1033),#1219,.F.);
#1290=ADVANCED_FACE('',(#1034,#1035),#1220,.F.);
#1291=ADVANCED_FACE('',(#1036,#1037),#1221,.F.);
#1292=ADVANCED_FACE('',(#1038,#1039),#1222,.F.);
#1293=ADVANCED_FACE('',(#1040,#1041),#1223,.F.);
#1294=ADVANCED_FACE('',(#1042,#1043),#1224,.F.);
#1295=ADVANCED_FACE('',(#1044,#1045),#1225,.F.);
#1296=ADVANCED_FACE('',(#1046,#1047),#1226,.F.);
#1297=ADVANCED_FACE('',(#1048,#1049),#1227,.F.);
#1298=ADVANCED_FACE('',(#1050,#1051),#1228,.F.);
#1299=ADVANCED_FACE('',(#1052,#1053),#1229,.F.);
#1300=ADVANCED_FACE('',(#1054,#1055),#1230,.F.);
#1301=ADVANCED_FACE('',(#1056,#1057),#1231,.F.);
#1302=ADVANCED_FACE('',(#1058,#1059),#1232,.F.);
#1303=ADVANCED_FACE('',(#1060,#1061),#1233,.F.);
#1304=ADVANCED_FACE('',(#1062,#1063),#1234,.F.);
#1305=ADVANCED_FACE('',(#1064,#1065),#1235,.F.);
#1306=ADVANCED_FACE('',(#1066,#1067),#1236,.F.);
#1307=ADVANCED_FACE('',(#1068,#1069),#1237,.F.);
#1308=ADVANCED_FACE('',(#1070,#1071),#1238,.F.);
#1309=ADVANCED_FACE('',(#1072,#1073),#1239,.F.);
#1310=ADVANCED_FACE('',(#1074,#1075),#1240,.F.);
#1311=ADVANCED_FACE('',(#1076,#1077),#1241,.F.);
#1312=ADVANCED_FACE('',(#1078,#1079),#1242,.F.);
#1313=ADVANCED_FACE('',(#1080,#1081),#1243,.F.);
#1314=ADVANCED_FACE('',(#1082,#1083),#1244,.F.);
#1315=ADVANCED_FACE('',(#1084,#1085),#1245,.F.);
#1316=ADVANCED_FACE('',(#1086,#1087),#1246,.F.);
#1317=ADVANCED_FACE('',(#1088,#1089),#1247,.F.);
#1318=ADVANCED_FACE('',(#1090,#1091),#1248,.F.);
#1319=ADVANCED_FACE('',(#1092,#1093),#1249,.F.);
#1320=ADVANCED_FACE('',(#1094,#1095),#1250,.F.);
#1321=ADVANCED_FACE('',(#1096,#1097),#1251,.F.);
#1322=ADVANCED_FACE('',(#1098,#1099),#1252,.F.);
#1323=ADVANCED_FACE('',(#1100,#1101),#1253,.F.);
#1324=ADVANCED_FACE('',(#1102,#1103,#1104,#1105,#1106,#1107,#1108,#1109,
#1110,#1111,#1112,#1113),#60,.T.);
#1325=ADVANCED_FACE('',(#1114,#1115),#61,.F.);
#1326=ADVANCED_FACE('',(#1116,#1117,#1118,#1119,#1120,#1121,#1122,#1123,
#1124,#1125,#1126,#1127),#62,.F.);
#1327=ADVANCED_FACE('',(#1128,#1129),#63,.T.);
#1328=ADVANCED_FACE('',(#1130,#1131,#1132,#1133,#1134,#1135,#1136,#1137,
#1138,#1139,#1140,#1141,#1142),#64,.T.);
#1329=ADVANCED_FACE('',(#1143,#1144,#1145,#1146,#1147,#1148,#1149,#1150,
#1151,#1152,#1153,#1154,#1155),#65,.F.);
#1330=ADVANCED_FACE('',(#1156),#66,.F.);
#1331=ADVANCED_FACE('',(#1157),#67,.T.);
#1332=ADVANCED_FACE('',(#1158),#68,.T.);
#1333=ADVANCED_FACE('',(#1159),#69,.F.);
#1334=ADVANCED_FACE('',(#1160,#1161),#1254,.F.);
#1335=ADVANCED_FACE('',(#1162,#1163),#1255,.F.);
#1336=ADVANCED_FACE('',(#1164,#1165),#1256,.F.);
#1337=ADVANCED_FACE('',(#1166,#1167),#1257,.F.);
#1338=ADVANCED_FACE('',(#1168,#1169),#1258,.F.);
#1339=ADVANCED_FACE('',(#1170,#1171),#1259,.F.);
#1340=ADVANCED_FACE('',(#1172,#1173),#1260,.F.);
#1341=ADVANCED_FACE('',(#1174,#1175),#1261,.F.);
#1342=ADVANCED_FACE('',(#1176,#1177),#1262,.F.);
#1343=ADVANCED_FACE('',(#1178,#1179),#1263,.F.);
#1344=ADVANCED_FACE('',(#1180,#1181),#1264,.F.);
#1345=ADVANCED_FACE('',(#1182,#1183),#1265,.F.);
#1346=ADVANCED_FACE('',(#1184,#1185),#1266,.F.);
#1347=ADVANCED_FACE('',(#1186,#1187),#1267,.F.);
#1348=ADVANCED_FACE('',(#1188,#1189),#1268,.F.);
#1349=ADVANCED_FACE('',(#1190,#1191),#1269,.F.);
#1350=ADVANCED_FACE('',(#1192,#1193),#1270,.F.);
#1351=ADVANCED_FACE('',(#1194,#1195),#1271,.F.);
#1352=ADVANCED_FACE('',(#1196,#1197),#1272,.F.);
#1353=ADVANCED_FACE('',(#1198,#1199),#1273,.F.);
#1354=ADVANCED_FACE('',(#1200,#1201),#1274,.F.);
#1355=ADVANCED_FACE('',(#1202,#1203),#1275,.F.);
#1356=ADVANCED_FACE('',(#1204,#1205),#1276,.F.);
#1357=ADVANCED_FACE('',(#1206,#1207),#1277,.F.);
#1358=CLOSED_SHELL('',(#1278,#1279,#1280,#1281,#1282,#1283,#1284,#1285,
#1286,#1287,#1288,#1289,#1290,#1291,#1292,#1293,#1294,#1295,#1296,#1297,
#1298,#1299,#1300,#1301,#1302,#1303,#1304,#1305,#1306,#1307,#1308,#1309,
#1310,#1311,#1312,#1313,#1314,#1315,#1316,#1317,#1318,#1319,#1320,#1321,
#1322,#1323,#1324,#1325,#1326,#1327,#1328,#1329,#1330,#1331,#1332,#1333,
#1334,#1335,#1336,#1337,#1338,#1339,#1340,#1341,#1342,#1343,#1344,#1345,
#1346,#1347,#1348,#1349,#1350,#1351,#1352,#1353,#1354,#1355,#1356,#1357));
#1359=STYLED_ITEM('',(#1360),#1367);
#1360=PRESENTATION_STYLE_ASSIGNMENT((#1361));
#1361=SURFACE_STYLE_USAGE(.BOTH.,#1362);
#1362=SURFACE_SIDE_STYLE('',(#1363));
#1363=SURFACE_STYLE_FILL_AREA(#1364);
#1364=FILL_AREA_STYLE('',(#1365));
#1365=FILL_AREA_STYLE_COLOUR('',#1366);
#1366=COLOUR_RGB('',0.8,0.8,0.8);
#1367=MANIFOLD_SOLID_BREP('#10-32 Nut Strip',#1358);
#1368=SHAPE_DEFINITION_REPRESENTATION(#2418,#1369);
#1369=SHAPE_REPRESENTATION('#10-32 Nut Strip',(#1370),#2413);
#1370=AXIS2_PLACEMENT_3D('',#2057,#1591,#1592);
#1371=AXIS2_PLACEMENT_3D('',#2058,#1593,#1594);
#1372=AXIS2_PLACEMENT_3D('',#2059,#1595,#1596);
#1373=AXIS2_PLACEMENT_3D('',#2061,#1597,#1598);
#1374=AXIS2_PLACEMENT_3D('',#2064,#1599,#1600);
#1375=AXIS2_PLACEMENT_3D('',#2065,#1601,#1602);
#1376=AXIS2_PLACEMENT_3D('',#2066,#1603,#1604);
#1377=AXIS2_PLACEMENT_3D('',#2068,#1605,#1606);
#1378=AXIS2_PLACEMENT_3D('',#2069,#1607,#1608);
#1379=AXIS2_PLACEMENT_3D('',#2070,#1609,#1610);
#1380=AXIS2_PLACEMENT_3D('',#2071,#1611,#1612);
#1381=AXIS2_PLACEMENT_3D('',#2073,#1613,#1614);
#1382=AXIS2_PLACEMENT_3D('',#2076,#1615,#1616);
#1383=AXIS2_PLACEMENT_3D('',#2077,#1617,#1618);
#1384=AXIS2_PLACEMENT_3D('',#2078,#1619,#1620);
#1385=AXIS2_PLACEMENT_3D('',#2080,#1621,#1622);
#1386=AXIS2_PLACEMENT_3D('',#2081,#1623,#1624);
#1387=AXIS2_PLACEMENT_3D('',#2082,#1625,#1626);
#1388=AXIS2_PLACEMENT_3D('',#2083,#1627,#1628);
#1389=AXIS2_PLACEMENT_3D('',#2085,#1629,#1630);
#1390=AXIS2_PLACEMENT_3D('',#2088,#1631,#1632);
#1391=AXIS2_PLACEMENT_3D('',#2089,#1633,#1634);
#1392=AXIS2_PLACEMENT_3D('',#2090,#1635,#1636);
#1393=AXIS2_PLACEMENT_3D('',#2092,#1637,#1638);
#1394=AXIS2_PLACEMENT_3D('',#2093,#1639,#1640);
#1395=AXIS2_PLACEMENT_3D('',#2094,#1641,#1642);
#1396=AXIS2_PLACEMENT_3D('',#2095,#1643,#1644);
#1397=AXIS2_PLACEMENT_3D('',#2097,#1645,#1646);
#1398=AXIS2_PLACEMENT_3D('',#2100,#1647,#1648);
#1399=AXIS2_PLACEMENT_3D('',#2101,#1649,#1650);
#1400=AXIS2_PLACEMENT_3D('',#2102,#1651,#1652);
#1401=AXIS2_PLACEMENT_3D('',#2104,#1653,#1654);
#1402=AXIS2_PLACEMENT_3D('',#2105,#1655,#1656);
#1403=AXIS2_PLACEMENT_3D('',#2106,#1657,#1658);
#1404=AXIS2_PLACEMENT_3D('',#2107,#1659,#1660);
#1405=AXIS2_PLACEMENT_3D('',#2109,#1661,#1662);
#1406=AXIS2_PLACEMENT_3D('',#2112,#1663,#1664);
#1407=AXIS2_PLACEMENT_3D('',#2113,#1665,#1666);
#1408=AXIS2_PLACEMENT_3D('',#2114,#1667,#1668);
#1409=AXIS2_PLACEMENT_3D('',#2116,#1669,#1670);
#1410=AXIS2_PLACEMENT_3D('',#2117,#1671,#1672);
#1411=AXIS2_PLACEMENT_3D('',#2118,#1673,#1674);
#1412=AXIS2_PLACEMENT_3D('',#2119,#1675,#1676);
#1413=AXIS2_PLACEMENT_3D('',#2121,#1677,#1678);
#1414=AXIS2_PLACEMENT_3D('',#2124,#1679,#1680);
#1415=AXIS2_PLACEMENT_3D('',#2125,#1681,#1682);
#1416=AXIS2_PLACEMENT_3D('',#2126,#1683,#1684);
#1417=AXIS2_PLACEMENT_3D('',#2128,#1685,#1686);
#1418=AXIS2_PLACEMENT_3D('',#2129,#1687,#1688);
#1419=AXIS2_PLACEMENT_3D('',#2130,#1689,#1690);
#1420=AXIS2_PLACEMENT_3D('',#2131,#1691,#1692);
#1421=AXIS2_PLACEMENT_3D('',#2133,#1693,#1694);
#1422=AXIS2_PLACEMENT_3D('',#2136,#1695,#1696);
#1423=AXIS2_PLACEMENT_3D('',#2137,#1697,#1698);
#1424=AXIS2_PLACEMENT_3D('',#2138,#1699,#1700);
#1425=AXIS2_PLACEMENT_3D('',#2140,#1701,#1702);
#1426=AXIS2_PLACEMENT_3D('',#2141,#1703,#1704);
#1427=AXIS2_PLACEMENT_3D('',#2142,#1705,#1706);
#1428=AXIS2_PLACEMENT_3D('',#2143,#1707,#1708);
#1429=AXIS2_PLACEMENT_3D('',#2145,#1709,#1710);
#1430=AXIS2_PLACEMENT_3D('',#2148,#1711,#1712);
#1431=AXIS2_PLACEMENT_3D('',#2149,#1713,#1714);
#1432=AXIS2_PLACEMENT_3D('',#2150,#1715,#1716);
#1433=AXIS2_PLACEMENT_3D('',#2152,#1717,#1718);
#1434=AXIS2_PLACEMENT_3D('',#2153,#1719,#1720);
#1435=AXIS2_PLACEMENT_3D('',#2154,#1721,#1722);
#1436=AXIS2_PLACEMENT_3D('',#2155,#1723,#1724);
#1437=AXIS2_PLACEMENT_3D('',#2157,#1725,#1726);
#1438=AXIS2_PLACEMENT_3D('',#2160,#1727,#1728);
#1439=AXIS2_PLACEMENT_3D('',#2161,#1729,#1730);
#1440=AXIS2_PLACEMENT_3D('',#2162,#1731,#1732);
#1441=AXIS2_PLACEMENT_3D('',#2164,#1733,#1734);
#1442=AXIS2_PLACEMENT_3D('',#2165,#1735,#1736);
#1443=AXIS2_PLACEMENT_3D('',#2166,#1737,#1738);
#1444=AXIS2_PLACEMENT_3D('',#2167,#1739,#1740);
#1445=AXIS2_PLACEMENT_3D('',#2169,#1741,#1742);
#1446=AXIS2_PLACEMENT_3D('',#2172,#1743,#1744);
#1447=AXIS2_PLACEMENT_3D('',#2173,#1745,#1746);
#1448=AXIS2_PLACEMENT_3D('',#2174,#1747,#1748);
#1449=AXIS2_PLACEMENT_3D('',#2176,#1749,#1750);
#1450=AXIS2_PLACEMENT_3D('',#2177,#1751,#1752);
#1451=AXIS2_PLACEMENT_3D('',#2178,#1753,#1754);
#1452=AXIS2_PLACEMENT_3D('',#2179,#1755,#1756);
#1453=AXIS2_PLACEMENT_3D('',#2181,#1757,#1758);
#1454=AXIS2_PLACEMENT_3D('',#2184,#1759,#1760);
#1455=AXIS2_PLACEMENT_3D('',#2185,#1761,#1762);
#1456=AXIS2_PLACEMENT_3D('',#2186,#1763,#1764);
#1457=AXIS2_PLACEMENT_3D('',#2188,#1765,#1766);
#1458=AXIS2_PLACEMENT_3D('',#2189,#1767,#1768);
#1459=AXIS2_PLACEMENT_3D('',#2190,#1769,#1770);
#1460=AXIS2_PLACEMENT_3D('',#2191,#1771,#1772);
#1461=AXIS2_PLACEMENT_3D('',#2193,#1773,#1774);
#1462=AXIS2_PLACEMENT_3D('',#2196,#1775,#1776);
#1463=AXIS2_PLACEMENT_3D('',#2197,#1777,#1778);
#1464=AXIS2_PLACEMENT_3D('',#2198,#1779,#1780);
#1465=AXIS2_PLACEMENT_3D('',#2200,#1781,#1782);
#1466=AXIS2_PLACEMENT_3D('',#2201,#1783,#1784);
#1467=AXIS2_PLACEMENT_3D('',#2202,#1785,#1786);
#1468=AXIS2_PLACEMENT_3D('',#2203,#1787,#1788);
#1469=AXIS2_PLACEMENT_3D('',#2205,#1789,#1790);
#1470=AXIS2_PLACEMENT_3D('',#2208,#1791,#1792);
#1471=AXIS2_PLACEMENT_3D('',#2209,#1793,#1794);
#1472=AXIS2_PLACEMENT_3D('',#2210,#1795,#1796);
#1473=AXIS2_PLACEMENT_3D('',#2212,#1797,#1798);
#1474=AXIS2_PLACEMENT_3D('',#2213,#1799,#1800);
#1475=AXIS2_PLACEMENT_3D('',#2214,#1801,#1802);
#1476=AXIS2_PLACEMENT_3D('',#2215,#1803,#1804);
#1477=AXIS2_PLACEMENT_3D('',#2217,#1805,#1806);
#1478=AXIS2_PLACEMENT_3D('',#2220,#1807,#1808);
#1479=AXIS2_PLACEMENT_3D('',#2221,#1809,#1810);
#1480=AXIS2_PLACEMENT_3D('',#2222,#1811,#1812);
#1481=AXIS2_PLACEMENT_3D('',#2224,#1813,#1814);
#1482=AXIS2_PLACEMENT_3D('',#2225,#1815,#1816);
#1483=AXIS2_PLACEMENT_3D('',#2226,#1817,#1818);
#1484=AXIS2_PLACEMENT_3D('',#2227,#1819,#1820);
#1485=AXIS2_PLACEMENT_3D('',#2229,#1821,#1822);
#1486=AXIS2_PLACEMENT_3D('',#2232,#1823,#1824);
#1487=AXIS2_PLACEMENT_3D('',#2233,#1825,#1826);
#1488=AXIS2_PLACEMENT_3D('',#2234,#1827,#1828);
#1489=AXIS2_PLACEMENT_3D('',#2236,#1829,#1830);
#1490=AXIS2_PLACEMENT_3D('',#2237,#1831,#1832);
#1491=AXIS2_PLACEMENT_3D('',#2238,#1833,#1834);
#1492=AXIS2_PLACEMENT_3D('',#2239,#1835,#1836);
#1493=AXIS2_PLACEMENT_3D('',#2241,#1837,#1838);
#1494=AXIS2_PLACEMENT_3D('',#2244,#1839,#1840);
#1495=AXIS2_PLACEMENT_3D('',#2245,#1841,#1842);
#1496=AXIS2_PLACEMENT_3D('',#2246,#1843,#1844);
#1497=AXIS2_PLACEMENT_3D('',#2248,#1845,#1846);
#1498=AXIS2_PLACEMENT_3D('',#2249,#1847,#1848);
#1499=AXIS2_PLACEMENT_3D('',#2250,#1849,#1850);
#1500=AXIS2_PLACEMENT_3D('',#2251,#1851,#1852);
#1501=AXIS2_PLACEMENT_3D('',#2253,#1853,#1854);
#1502=AXIS2_PLACEMENT_3D('',#2256,#1855,#1856);
#1503=AXIS2_PLACEMENT_3D('',#2257,#1857,#1858);
#1504=AXIS2_PLACEMENT_3D('',#2258,#1859,#1860);
#1505=AXIS2_PLACEMENT_3D('',#2260,#1861,#1862);
#1506=AXIS2_PLACEMENT_3D('',#2261,#1863,#1864);
#1507=AXIS2_PLACEMENT_3D('',#2262,#1865,#1866);
#1508=AXIS2_PLACEMENT_3D('',#2263,#1867,#1868);
#1509=AXIS2_PLACEMENT_3D('',#2265,#1869,#1870);
#1510=AXIS2_PLACEMENT_3D('',#2268,#1871,#1872);
#1511=AXIS2_PLACEMENT_3D('',#2269,#1873,#1874);
#1512=AXIS2_PLACEMENT_3D('',#2270,#1875,#1876);
#1513=AXIS2_PLACEMENT_3D('',#2272,#1877,#1878);
#1514=AXIS2_PLACEMENT_3D('',#2273,#1879,#1880);
#1515=AXIS2_PLACEMENT_3D('',#2274,#1881,#1882);
#1516=AXIS2_PLACEMENT_3D('',#2275,#1883,#1884);
#1517=AXIS2_PLACEMENT_3D('',#2277,#1885,#1886);
#1518=AXIS2_PLACEMENT_3D('',#2280,#1887,#1888);
#1519=AXIS2_PLACEMENT_3D('',#2281,#1889,#1890);
#1520=AXIS2_PLACEMENT_3D('',#2282,#1891,#1892);
#1521=AXIS2_PLACEMENT_3D('',#2284,#1893,#1894);
#1522=AXIS2_PLACEMENT_3D('',#2285,#1895,#1896);
#1523=AXIS2_PLACEMENT_3D('',#2286,#1897,#1898);
#1524=AXIS2_PLACEMENT_3D('',#2287,#1899,#1900);
#1525=AXIS2_PLACEMENT_3D('',#2289,#1901,#1902);
#1526=AXIS2_PLACEMENT_3D('',#2292,#1903,#1904);
#1527=AXIS2_PLACEMENT_3D('',#2293,#1905,#1906);
#1528=AXIS2_PLACEMENT_3D('',#2294,#1907,#1908);
#1529=AXIS2_PLACEMENT_3D('',#2296,#1909,#1910);
#1530=AXIS2_PLACEMENT_3D('',#2297,#1911,#1912);
#1531=AXIS2_PLACEMENT_3D('',#2298,#1913,#1914);
#1532=AXIS2_PLACEMENT_3D('',#2299,#1915,#1916);
#1533=AXIS2_PLACEMENT_3D('',#2301,#1917,#1918);
#1534=AXIS2_PLACEMENT_3D('',#2304,#1919,#1920);
#1535=AXIS2_PLACEMENT_3D('',#2305,#1921,#1922);
#1536=AXIS2_PLACEMENT_3D('',#2306,#1923,#1924);
#1537=AXIS2_PLACEMENT_3D('',#2308,#1925,#1926);
#1538=AXIS2_PLACEMENT_3D('',#2309,#1927,#1928);
#1539=AXIS2_PLACEMENT_3D('',#2310,#1929,#1930);
#1540=AXIS2_PLACEMENT_3D('',#2311,#1931,#1932);
#1541=AXIS2_PLACEMENT_3D('',#2313,#1933,#1934);
#1542=AXIS2_PLACEMENT_3D('',#2316,#1935,#1936);
#1543=AXIS2_PLACEMENT_3D('',#2317,#1937,#1938);
#1544=AXIS2_PLACEMENT_3D('',#2318,#1939,#1940);
#1545=AXIS2_PLACEMENT_3D('',#2320,#1941,#1942);
#1546=AXIS2_PLACEMENT_3D('',#2321,#1943,#1944);
#1547=AXIS2_PLACEMENT_3D('',#2322,#1945,#1946);
#1548=AXIS2_PLACEMENT_3D('',#2323,#1947,#1948);
#1549=AXIS2_PLACEMENT_3D('',#2325,#1949,#1950);
#1550=AXIS2_PLACEMENT_3D('',#2328,#1951,#1952);
#1551=AXIS2_PLACEMENT_3D('',#2329,#1953,#1954);
#1552=AXIS2_PLACEMENT_3D('',#2330,#1955,#1956);
#1553=AXIS2_PLACEMENT_3D('',#2332,#1957,#1958);
#1554=AXIS2_PLACEMENT_3D('',#2333,#1959,#1960);
#1555=AXIS2_PLACEMENT_3D('',#2334,#1961,#1962);
#1556=AXIS2_PLACEMENT_3D('',#2343,#1967,#1968);
#1557=AXIS2_PLACEMENT_3D('',#2344,#1969,#1970);
#1558=AXIS2_PLACEMENT_3D('',#2359,#1978,#1979);
#1559=AXIS2_PLACEMENT_3D('',#2365,#1983,#1984);
#1560=AXIS2_PLACEMENT_3D('',#2366,#1985,#1986);
#1561=AXIS2_PLACEMENT_3D('',#2378,#1993,#1994);
#1562=AXIS2_PLACEMENT_3D('',#2381,#1997,#1998);
#1563=AXIS2_PLACEMENT_3D('',#2384,#2001,#2002);
#1564=AXIS2_PLACEMENT_3D('',#2385,#2003,#2004);
#1565=AXIS2_PLACEMENT_3D('',#2386,#2005,#2006);
#1566=AXIS2_PLACEMENT_3D('',#2387,#2007,#2008);
#1567=AXIS2_PLACEMENT_3D('',#2388,#2009,#2010);
#1568=AXIS2_PLACEMENT_3D('',#2389,#2011,#2012);
#1569=AXIS2_PLACEMENT_3D('',#2390,#2013,#2014);
#1570=AXIS2_PLACEMENT_3D('',#2391,#2015,#2016);
#1571=AXIS2_PLACEMENT_3D('',#2392,#2017,#2018);
#1572=AXIS2_PLACEMENT_3D('',#2393,#2019,#2020);
#1573=AXIS2_PLACEMENT_3D('',#2394,#2021,#2022);
#1574=AXIS2_PLACEMENT_3D('',#2395,#2023,#2024);
#1575=AXIS2_PLACEMENT_3D('',#2396,#2025,#2026);
#1576=AXIS2_PLACEMENT_3D('',#2397,#2027,#2028);
#1577=AXIS2_PLACEMENT_3D('',#2398,#2029,#2030);
#1578=AXIS2_PLACEMENT_3D('',#2399,#2031,#2032);
#1579=AXIS2_PLACEMENT_3D('',#2400,#2033,#2034);
#1580=AXIS2_PLACEMENT_3D('',#2401,#2035,#2036);
#1581=AXIS2_PLACEMENT_3D('',#2402,#2037,#2038);
#1582=AXIS2_PLACEMENT_3D('',#2403,#2039,#2040);
#1583=AXIS2_PLACEMENT_3D('',#2404,#2041,#2042);
#1584=AXIS2_PLACEMENT_3D('',#2405,#2043,#2044);
#1585=AXIS2_PLACEMENT_3D('',#2406,#2045,#2046);
#1586=AXIS2_PLACEMENT_3D('',#2407,#2047,#2048);
#1587=AXIS2_PLACEMENT_3D('',#2408,#2049,#2050);
#1588=AXIS2_PLACEMENT_3D('',#2409,#2051,#2052);
#1589=AXIS2_PLACEMENT_3D('',#2410,#2053,#2054);
#1590=AXIS2_PLACEMENT_3D('',#2411,#2055,#2056);
#1591=DIRECTION('',(0.,0.,1.));
#1592=DIRECTION('',(1.,0.,0.));
#1593=DIRECTION('',(0.,0.,-1.));
#1594=DIRECTION('',(-1.,0.,0.));
#1595=DIRECTION('',(0.,0.,1.));
#1596=DIRECTION('',(1.,0.,0.));
#1597=DIRECTION('',(-0.707106781186548,0.,-0.707106781186548));
#1598=DIRECTION('',(0.707106781186548,0.,-0.707106781186548));
#1599=DIRECTION('',(0.707106781186548,0.,-0.707106781186548));
#1600=DIRECTION('',(-0.707106781186548,0.,-0.707106781186548));
#1601=DIRECTION('',(0.,0.,-1.));
#1602=DIRECTION('',(-1.,0.,0.));
#1603=DIRECTION('',(0.,0.,-1.));
#1604=DIRECTION('',(-1.,0.,0.));
#1605=DIRECTION('',(-0.707106781186548,0.,-0.707106781186548));
#1606=DIRECTION('',(0.707106781186548,0.,-0.707106781186548));
#1607=DIRECTION('',(0.707106781186548,0.,-0.707106781186548));
#1608=DIRECTION('',(-0.707106781186548,0.,-0.707106781186548));
#1609=DIRECTION('',(0.,0.,-1.));
#1610=DIRECTION('',(-1.,0.,0.));
#1611=DIRECTION('',(0.,0.,1.));
#1612=DIRECTION('',(1.,0.,0.));
#1613=DIRECTION('',(-0.707106781186548,0.,-0.707106781186548));
#1614=DIRECTION('',(0.707106781186548,0.,-0.707106781186548));
#1615=DIRECTION('',(0.707106781186548,0.,-0.707106781186548));
#1616=DIRECTION('',(-0.707106781186548,0.,-0.707106781186548));
#1617=DIRECTION('',(0.,0.,-1.));
#1618=DIRECTION('',(-1.,0.,0.));
#1619=DIRECTION('',(0.,0.,-1.));
#1620=DIRECTION('',(-1.,0.,0.));
#1621=DIRECTION('',(-0.707106781186548,0.,-0.707106781186548));
#1622=DIRECTION('',(0.707106781186548,0.,-0.707106781186548));
#1623=DIRECTION('',(0.707106781186548,0.,-0.707106781186548));
#1624=DIRECTION('',(-0.707106781186548,0.,-0.707106781186548));
#1625=DIRECTION('',(0.,0.,-1.));
#1626=DIRECTION('',(-1.,0.,0.));
#1627=DIRECTION('',(0.,0.,1.));
#1628=DIRECTION('',(1.,0.,0.));
#1629=DIRECTION('',(-0.707106781186548,0.,-0.707106781186548));
#1630=DIRECTION('',(0.707106781186548,0.,-0.707106781186548));
#1631=DIRECTION('',(0.707106781186548,0.,-0.707106781186548));
#1632=DIRECTION('',(-0.707106781186548,0.,-0.707106781186548));
#1633=DIRECTION('',(0.,0.,-1.));
#1634=DIRECTION('',(-1.,0.,0.));
#1635=DIRECTION('',(0.,0.,-1.));
#1636=DIRECTION('',(-1.,0.,0.));
#1637=DIRECTION('',(-0.707106781186548,0.,-0.707106781186548));
#1638=DIRECTION('',(0.707106781186548,0.,-0.707106781186548));
#1639=DIRECTION('',(0.707106781186548,0.,-0.707106781186548));
#1640=DIRECTION('',(-0.707106781186548,0.,-0.707106781186548));
#1641=DIRECTION('',(0.,0.,-1.));
#1642=DIRECTION('',(-1.,0.,0.));
#1643=DIRECTION('',(0.,0.,1.));
#1644=DIRECTION('',(1.,0.,0.));
#1645=DIRECTION('',(-0.707106781186548,0.,-0.707106781186548));
#1646=DIRECTION('',(0.707106781186548,0.,-0.707106781186548));
#1647=DIRECTION('',(0.707106781186548,0.,-0.707106781186548));
#1648=DIRECTION('',(-0.707106781186548,0.,-0.707106781186548));
#1649=DIRECTION('',(0.,0.,-1.));
#1650=DIRECTION('',(-1.,0.,0.));
#1651=DIRECTION('',(0.,0.,-1.));
#1652=DIRECTION('',(-1.,0.,0.));
#1653=DIRECTION('',(-0.707106781186548,0.,-0.707106781186548));
#1654=DIRECTION('',(0.707106781186548,0.,-0.707106781186548));
#1655=DIRECTION('',(0.707106781186548,0.,-0.707106781186548));
#1656=DIRECTION('',(-0.707106781186548,0.,-0.707106781186548));
#1657=DIRECTION('',(0.,0.,-1.));
#1658=DIRECTION('',(-1.,0.,0.));
#1659=DIRECTION('',(0.,0.,1.));
#1660=DIRECTION('',(1.,0.,0.));
#1661=DIRECTION('',(-0.707106781186548,0.,-0.707106781186548));
#1662=DIRECTION('',(0.707106781186548,0.,-0.707106781186548));
#1663=DIRECTION('',(0.707106781186548,0.,-0.707106781186548));
#1664=DIRECTION('',(-0.707106781186548,0.,-0.707106781186548));
#1665=DIRECTION('',(0.,0.,-1.));
#1666=DIRECTION('',(-1.,0.,0.));
#1667=DIRECTION('',(0.,0.,-1.));
#1668=DIRECTION('',(-1.,0.,0.));
#1669=DIRECTION('',(-0.707106781186548,0.,-0.707106781186548));
#1670=DIRECTION('',(0.707106781186548,0.,-0.707106781186548));
#1671=DIRECTION('',(0.707106781186548,0.,-0.707106781186548));
#1672=DIRECTION('',(-0.707106781186548,0.,-0.707106781186548));
#1673=DIRECTION('',(0.,0.,-1.));
#1674=DIRECTION('',(-1.,0.,0.));
#1675=DIRECTION('',(0.,0.,1.));
#1676=DIRECTION('',(1.,0.,0.));
#1677=DIRECTION('',(-0.707106781186548,0.,-0.707106781186548));
#1678=DIRECTION('',(0.707106781186548,0.,-0.707106781186548));
#1679=DIRECTION('',(0.707106781186548,0.,-0.707106781186548));
#1680=DIRECTION('',(-0.707106781186548,0.,-0.707106781186548));
#1681=DIRECTION('',(0.,0.,-1.));
#1682=DIRECTION('',(-1.,0.,0.));
#1683=DIRECTION('',(0.,0.,-1.));
#1684=DIRECTION('',(-1.,0.,0.));
#1685=DIRECTION('',(-0.707106781186548,0.,-0.707106781186548));
#1686=DIRECTION('',(0.707106781186548,0.,-0.707106781186548));
#1687=DIRECTION('',(0.707106781186548,0.,-0.707106781186548));
#1688=DIRECTION('',(-0.707106781186548,0.,-0.707106781186548));
#1689=DIRECTION('',(0.,0.,-1.));
#1690=DIRECTION('',(-1.,0.,0.));
#1691=DIRECTION('',(0.,0.,1.));
#1692=DIRECTION('',(1.,0.,0.));
#1693=DIRECTION('',(-0.707106781186548,0.,-0.707106781186548));
#1694=DIRECTION('',(0.707106781186548,0.,-0.707106781186548));
#1695=DIRECTION('',(0.707106781186548,0.,-0.707106781186548));
#1696=DIRECTION('',(-0.707106781186548,0.,-0.707106781186548));
#1697=DIRECTION('',(0.,0.,-1.));
#1698=DIRECTION('',(-1.,0.,0.));
#1699=DIRECTION('',(0.,0.,-1.));
#1700=DIRECTION('',(-1.,0.,0.));
#1701=DIRECTION('',(-0.707106781186548,0.,-0.707106781186548));
#1702=DIRECTION('',(0.707106781186548,0.,-0.707106781186548));
#1703=DIRECTION('',(0.707106781186548,0.,-0.707106781186548));
#1704=DIRECTION('',(-0.707106781186548,0.,-0.707106781186548));
#1705=DIRECTION('',(0.,0.,-1.));
#1706=DIRECTION('',(-1.,0.,0.));
#1707=DIRECTION('',(0.,0.,1.));
#1708=DIRECTION('',(1.,0.,0.));
#1709=DIRECTION('',(-0.707106781186548,0.,-0.707106781186548));
#1710=DIRECTION('',(0.707106781186548,0.,-0.707106781186548));
#1711=DIRECTION('',(0.707106781186548,0.,-0.707106781186548));
#1712=DIRECTION('',(-0.707106781186548,0.,-0.707106781186548));
#1713=DIRECTION('',(0.,0.,-1.));
#1714=DIRECTION('',(-1.,0.,0.));
#1715=DIRECTION('',(0.,0.,-1.));
#1716=DIRECTION('',(-1.,0.,0.));
#1717=DIRECTION('',(-0.707106781186548,0.,-0.707106781186548));
#1718=DIRECTION('',(0.707106781186548,0.,-0.707106781186548));
#1719=DIRECTION('',(0.707106781186548,0.,-0.707106781186548));
#1720=DIRECTION('',(-0.707106781186548,0.,-0.707106781186548));
#1721=DIRECTION('',(0.,0.,-1.));
#1722=DIRECTION('',(-1.,0.,0.));
#1723=DIRECTION('',(0.,0.,1.));
#1724=DIRECTION('',(1.,0.,0.));
#1725=DIRECTION('',(-0.707106781186548,0.,-0.707106781186548));
#1726=DIRECTION('',(0.707106781186548,0.,-0.707106781186548));
#1727=DIRECTION('',(0.707106781186548,0.,-0.707106781186548));
#1728=DIRECTION('',(-0.707106781186548,0.,-0.707106781186548));
#1729=DIRECTION('',(0.,0.,-1.));
#1730=DIRECTION('',(-1.,0.,0.));
#1731=DIRECTION('',(0.,0.,-1.));
#1732=DIRECTION('',(-1.,0.,0.));
#1733=DIRECTION('',(-0.707106781186548,0.,-0.707106781186548));
#1734=DIRECTION('',(0.707106781186548,0.,-0.707106781186548));
#1735=DIRECTION('',(0.707106781186548,0.,-0.707106781186548));
#1736=DIRECTION('',(-0.707106781186548,0.,-0.707106781186548));
#1737=DIRECTION('',(0.,0.,-1.));
#1738=DIRECTION('',(-1.,0.,0.));
#1739=DIRECTION('',(0.,0.,1.));
#1740=DIRECTION('',(1.,0.,0.));
#1741=DIRECTION('',(-0.707106781186548,0.,-0.707106781186548));
#1742=DIRECTION('',(0.707106781186548,0.,-0.707106781186548));
#1743=DIRECTION('',(0.707106781186548,0.,-0.707106781186548));
#1744=DIRECTION('',(-0.707106781186548,0.,-0.707106781186548));
#1745=DIRECTION('',(0.,0.,-1.));
#1746=DIRECTION('',(-1.,0.,0.));
#1747=DIRECTION('',(0.,0.,-1.));
#1748=DIRECTION('',(-1.,0.,0.));
#1749=DIRECTION('',(-0.707106781186548,0.,-0.707106781186548));
#1750=DIRECTION('',(0.707106781186548,0.,-0.707106781186548));
#1751=DIRECTION('',(0.707106781186548,0.,-0.707106781186548));
#1752=DIRECTION('',(-0.707106781186548,0.,-0.707106781186548));
#1753=DIRECTION('',(0.,0.,-1.));
#1754=DIRECTION('',(-1.,0.,0.));
#1755=DIRECTION('',(0.,0.,1.));
#1756=DIRECTION('',(1.,0.,0.));
#1757=DIRECTION('',(-0.707106781186548,0.,-0.707106781186548));
#1758=DIRECTION('',(0.707106781186548,0.,-0.707106781186548));
#1759=DIRECTION('',(0.707106781186548,0.,-0.707106781186548));
#1760=DIRECTION('',(-0.707106781186548,0.,-0.707106781186548));
#1761=DIRECTION('',(0.,0.,-1.));
#1762=DIRECTION('',(-1.,0.,0.));
#1763=DIRECTION('',(0.,0.,-1.));
#1764=DIRECTION('',(-1.,0.,0.));
#1765=DIRECTION('',(-0.707106781186548,0.,-0.707106781186548));
#1766=DIRECTION('',(0.707106781186548,0.,-0.707106781186548));
#1767=DIRECTION('',(0.707106781186548,0.,-0.707106781186548));
#1768=DIRECTION('',(-0.707106781186548,0.,-0.707106781186548));
#1769=DIRECTION('',(0.,0.,-1.));
#1770=DIRECTION('',(-1.,0.,0.));
#1771=DIRECTION('',(0.,0.,1.));
#1772=DIRECTION('',(1.,0.,0.));
#1773=DIRECTION('',(-0.707106781186548,0.,-0.707106781186548));
#1774=DIRECTION('',(0.707106781186548,0.,-0.707106781186548));
#1775=DIRECTION('',(0.707106781186548,0.,-0.707106781186548));
#1776=DIRECTION('',(-0.707106781186548,0.,-0.707106781186548));
#1777=DIRECTION('',(0.,0.,-1.));
#1778=DIRECTION('',(-1.,0.,0.));
#1779=DIRECTION('',(0.,0.,-1.));
#1780=DIRECTION('',(-1.,0.,0.));
#1781=DIRECTION('',(-0.707106781186548,0.,-0.707106781186548));
#1782=DIRECTION('',(0.707106781186548,0.,-0.707106781186548));
#1783=DIRECTION('',(0.707106781186548,0.,-0.707106781186548));
#1784=DIRECTION('',(-0.707106781186548,0.,-0.707106781186548));
#1785=DIRECTION('',(-1.25209699709612E-16,1.,0.));
#1786=DIRECTION('',(-1.,-1.25209699709612E-16,0.));
#1787=DIRECTION('',(1.25209699709612E-16,-1.,0.));
#1788=DIRECTION('',(1.,1.25209699709612E-16,0.));
#1789=DIRECTION('',(-0.707106781186548,0.707106781186548,0.));
#1790=DIRECTION('',(0.707106781186548,0.707106781186548,0.));
#1791=DIRECTION('',(0.707106781186548,0.707106781186548,0.));
#1792=DIRECTION('',(-0.707106781186548,0.707106781186548,0.));
#1793=DIRECTION('',(-1.25209699709612E-16,1.,0.));
#1794=DIRECTION('',(-1.,-1.25209699709612E-16,0.));
#1795=DIRECTION('',(-1.25209699709612E-16,1.,0.));
#1796=DIRECTION('',(-1.,-1.25209699709612E-16,0.));
#1797=DIRECTION('',(-0.707106781186548,0.707106781186548,0.));
#1798=DIRECTION('',(0.707106781186548,0.707106781186548,0.));
#1799=DIRECTION('',(0.707106781186548,0.707106781186548,0.));
#1800=DIRECTION('',(-0.707106781186548,0.707106781186548,0.));
#1801=DIRECTION('',(-1.25209699709612E-16,1.,0.));
#1802=DIRECTION('',(-1.,-1.25209699709612E-16,0.));
#1803=DIRECTION('',(1.25209699709612E-16,-1.,0.));
#1804=DIRECTION('',(1.,1.25209699709612E-16,0.));
#1805=DIRECTION('',(-0.707106781186548,0.707106781186548,0.));
#1806=DIRECTION('',(0.707106781186548,0.707106781186548,0.));
#1807=DIRECTION('',(0.707106781186548,0.707106781186548,0.));
#1808=DIRECTION('',(-0.707106781186548,0.707106781186548,0.));
#1809=DIRECTION('',(-1.25209699709612E-16,1.,0.));
#1810=DIRECTION('',(-1.,-1.25209699709612E-16,0.));
#1811=DIRECTION('',(-1.25209699709612E-16,1.,0.));
#1812=DIRECTION('',(-1.,-1.25209699709612E-16,0.));
#1813=DIRECTION('',(-0.707106781186548,0.707106781186548,0.));
#1814=DIRECTION('',(0.707106781186548,0.707106781186548,0.));
#1815=DIRECTION('',(0.707106781186548,0.707106781186548,0.));
#1816=DIRECTION('',(-0.707106781186548,0.707106781186548,0.));
#1817=DIRECTION('',(-1.25209699709612E-16,1.,0.));
#1818=DIRECTION('',(-1.,-1.25209699709612E-16,0.));
#1819=DIRECTION('',(1.25209699709612E-16,-1.,0.));
#1820=DIRECTION('',(1.,1.25209699709612E-16,0.));
#1821=DIRECTION('',(-0.707106781186548,0.707106781186548,0.));
#1822=DIRECTION('',(0.707106781186548,0.707106781186548,0.));
#1823=DIRECTION('',(0.707106781186548,0.707106781186548,0.));
#1824=DIRECTION('',(-0.707106781186548,0.707106781186548,0.));
#1825=DIRECTION('',(-1.25209699709612E-16,1.,0.));
#1826=DIRECTION('',(-1.,-1.25209699709612E-16,0.));
#1827=DIRECTION('',(-1.25209699709612E-16,1.,0.));
#1828=DIRECTION('',(-1.,-1.25209699709612E-16,0.));
#1829=DIRECTION('',(-0.707106781186548,0.707106781186548,0.));
#1830=DIRECTION('',(0.707106781186548,0.707106781186548,0.));
#1831=DIRECTION('',(0.707106781186548,0.707106781186548,0.));
#1832=DIRECTION('',(-0.707106781186548,0.707106781186548,0.));
#1833=DIRECTION('',(-1.25209699709612E-16,1.,0.));
#1834=DIRECTION('',(-1.,-1.25209699709612E-16,0.));
#1835=DIRECTION('',(1.25209699709612E-16,-1.,0.));
#1836=DIRECTION('',(1.,1.25209699709612E-16,0.));
#1837=DIRECTION('',(-0.707106781186548,0.707106781186548,0.));
#1838=DIRECTION('',(0.707106781186548,0.707106781186548,0.));
#1839=DIRECTION('',(0.707106781186548,0.707106781186548,0.));
#1840=DIRECTION('',(-0.707106781186548,0.707106781186548,0.));
#1841=DIRECTION('',(-1.25209699709612E-16,1.,0.));
#1842=DIRECTION('',(-1.,-1.25209699709612E-16,0.));
#1843=DIRECTION('',(-1.25209699709612E-16,1.,0.));
#1844=DIRECTION('',(-1.,-1.25209699709612E-16,0.));
#1845=DIRECTION('',(-0.707106781186548,0.707106781186548,0.));
#1846=DIRECTION('',(0.707106781186548,0.707106781186548,0.));
#1847=DIRECTION('',(0.707106781186548,0.707106781186548,0.));
#1848=DIRECTION('',(-0.707106781186548,0.707106781186548,0.));
#1849=DIRECTION('',(-1.25209699709612E-16,1.,0.));
#1850=DIRECTION('',(-1.,-1.25209699709612E-16,0.));
#1851=DIRECTION('',(1.25209699709612E-16,-1.,0.));
#1852=DIRECTION('',(1.,1.25209699709612E-16,0.));
#1853=DIRECTION('',(-0.707106781186548,0.707106781186548,0.));
#1854=DIRECTION('',(0.707106781186548,0.707106781186548,0.));
#1855=DIRECTION('',(0.707106781186548,0.707106781186548,0.));
#1856=DIRECTION('',(-0.707106781186548,0.707106781186548,0.));
#1857=DIRECTION('',(-1.25209699709612E-16,1.,0.));
#1858=DIRECTION('',(-1.,-1.25209699709612E-16,0.));
#1859=DIRECTION('',(-1.25209699709612E-16,1.,0.));
#1860=DIRECTION('',(-1.,-1.25209699709612E-16,0.));
#1861=DIRECTION('',(-0.707106781186548,0.707106781186548,0.));
#1862=DIRECTION('',(0.707106781186548,0.707106781186548,0.));
#1863=DIRECTION('',(0.707106781186548,0.707106781186548,0.));
#1864=DIRECTION('',(-0.707106781186548,0.707106781186548,0.));
#1865=DIRECTION('',(-1.25209699709612E-16,1.,0.));
#1866=DIRECTION('',(-1.,-1.25209699709612E-16,0.));
#1867=DIRECTION('',(1.25209699709612E-16,-1.,0.));
#1868=DIRECTION('',(1.,1.25209699709612E-16,0.));
#1869=DIRECTION('',(-0.707106781186548,0.707106781186548,0.));
#1870=DIRECTION('',(0.707106781186548,0.707106781186548,0.));
#1871=DIRECTION('',(0.707106781186548,0.707106781186548,0.));
#1872=DIRECTION('',(-0.707106781186548,0.707106781186548,0.));
#1873=DIRECTION('',(-1.25209699709612E-16,1.,0.));
#1874=DIRECTION('',(-1.,-1.25209699709612E-16,0.));
#1875=DIRECTION('',(-1.25209699709612E-16,1.,0.));
#1876=DIRECTION('',(-1.,-1.25209699709612E-16,0.));
#1877=DIRECTION('',(-0.707106781186548,0.707106781186548,0.));
#1878=DIRECTION('',(0.707106781186548,0.707106781186548,0.));
#1879=DIRECTION('',(0.707106781186548,0.707106781186548,0.));
#1880=DIRECTION('',(-0.707106781186548,0.707106781186548,0.));
#1881=DIRECTION('',(-1.25209699709612E-16,1.,0.));
#1882=DIRECTION('',(-1.,-1.25209699709612E-16,0.));
#1883=DIRECTION('',(1.25209699709612E-16,-1.,0.));
#1884=DIRECTION('',(1.,1.25209699709612E-16,0.));
#1885=DIRECTION('',(-0.707106781186548,0.707106781186548,0.));
#1886=DIRECTION('',(0.707106781186548,0.707106781186548,0.));
#1887=DIRECTION('',(0.707106781186548,0.707106781186548,0.));
#1888=DIRECTION('',(-0.707106781186548,0.707106781186548,0.));
#1889=DIRECTION('',(-1.25209699709612E-16,1.,0.));
#1890=DIRECTION('',(-1.,-1.25209699709612E-16,0.));
#1891=DIRECTION('',(-1.25209699709612E-16,1.,0.));
#1892=DIRECTION('',(-1.,-1.25209699709612E-16,0.));
#1893=DIRECTION('',(-0.707106781186548,0.707106781186548,0.));
#1894=DIRECTION('',(0.707106781186548,0.707106781186548,0.));
#1895=DIRECTION('',(0.707106781186548,0.707106781186548,0.));
#1896=DIRECTION('',(-0.707106781186548,0.707106781186548,0.));
#1897=DIRECTION('',(-1.25209699709612E-16,1.,0.));
#1898=DIRECTION('',(-1.,-1.25209699709612E-16,0.));
#1899=DIRECTION('',(1.25209699709612E-16,-1.,0.));
#1900=DIRECTION('',(1.,1.25209699709612E-16,0.));
#1901=DIRECTION('',(-0.707106781186548,0.707106781186548,0.));
#1902=DIRECTION('',(0.707106781186548,0.707106781186548,0.));
#1903=DIRECTION('',(0.707106781186548,0.707106781186548,0.));
#1904=DIRECTION('',(-0.707106781186548,0.707106781186548,0.));
#1905=DIRECTION('',(-1.25209699709612E-16,1.,0.));
#1906=DIRECTION('',(-1.,-1.25209699709612E-16,0.));
#1907=DIRECTION('',(-1.25209699709612E-16,1.,0.));
#1908=DIRECTION('',(-1.,-1.25209699709612E-16,0.));
#1909=DIRECTION('',(-0.707106781186548,0.707106781186548,0.));
#1910=DIRECTION('',(0.707106781186548,0.707106781186548,0.));
#1911=DIRECTION('',(0.707106781186548,0.707106781186548,0.));
#1912=DIRECTION('',(-0.707106781186548,0.707106781186548,0.));
#1913=DIRECTION('',(-1.25209699709612E-16,1.,0.));
#1914=DIRECTION('',(-1.,-1.25209699709612E-16,0.));
#1915=DIRECTION('',(1.25209699709612E-16,-1.,0.));
#1916=DIRECTION('',(1.,1.25209699709612E-16,0.));
#1917=DIRECTION('',(-0.707106781186548,0.707106781186548,0.));
#1918=DIRECTION('',(0.707106781186548,0.707106781186548,0.));
#1919=DIRECTION('',(0.707106781186548,0.707106781186548,0.));
#1920=DIRECTION('',(-0.707106781186548,0.707106781186548,0.));
#1921=DIRECTION('',(-1.25209699709612E-16,1.,0.));
#1922=DIRECTION('',(-1.,-1.25209699709612E-16,0.));
#1923=DIRECTION('',(-1.25209699709612E-16,1.,0.));
#1924=DIRECTION('',(-1.,-1.25209699709612E-16,0.));
#1925=DIRECTION('',(-0.707106781186548,0.707106781186548,0.));
#1926=DIRECTION('',(0.707106781186548,0.707106781186548,0.));
#1927=DIRECTION('',(0.707106781186548,0.707106781186548,0.));
#1928=DIRECTION('',(-0.707106781186548,0.707106781186548,0.));
#1929=DIRECTION('',(-1.25209699709612E-16,1.,0.));
#1930=DIRECTION('',(-1.,-1.25209699709612E-16,0.));
#1931=DIRECTION('',(1.25209699709612E-16,-1.,0.));
#1932=DIRECTION('',(1.,1.25209699709612E-16,0.));
#1933=DIRECTION('',(-0.707106781186548,0.707106781186548,0.));
#1934=DIRECTION('',(0.707106781186548,0.707106781186548,0.));
#1935=DIRECTION('',(0.707106781186548,0.707106781186548,0.));
#1936=DIRECTION('',(-0.707106781186548,0.707106781186548,0.));
#1937=DIRECTION('',(-1.25209699709612E-16,1.,0.));
#1938=DIRECTION('',(-1.,-1.25209699709612E-16,0.));
#1939=DIRECTION('',(-1.25209699709612E-16,1.,0.));
#1940=DIRECTION('',(-1.,-1.25209699709612E-16,0.));
#1941=DIRECTION('',(-0.707106781186548,0.707106781186548,0.));
#1942=DIRECTION('',(0.707106781186548,0.707106781186548,0.));
#1943=DIRECTION('',(0.707106781186548,0.707106781186548,0.));
#1944=DIRECTION('',(-0.707106781186548,0.707106781186548,0.));
#1945=DIRECTION('',(-1.25209699709612E-16,1.,0.));
#1946=DIRECTION('',(-1.,-1.25209699709612E-16,0.));
#1947=DIRECTION('',(1.25209699709612E-16,-1.,0.));
#1948=DIRECTION('',(1.,1.25209699709612E-16,0.));
#1949=DIRECTION('',(-0.707106781186548,0.707106781186548,0.));
#1950=DIRECTION('',(0.707106781186548,0.707106781186548,0.));
#1951=DIRECTION('',(0.707106781186548,0.707106781186548,0.));
#1952=DIRECTION('',(-0.707106781186548,0.707106781186548,0.));
#1953=DIRECTION('',(-1.25209699709612E-16,1.,0.));
#1954=DIRECTION('',(-1.,-1.25209699709612E-16,0.));
#1955=DIRECTION('',(-1.25209699709612E-16,1.,0.));
#1956=DIRECTION('',(-1.,-1.25209699709612E-16,0.));
#1957=DIRECTION('',(-0.707106781186548,0.707106781186548,0.));
#1958=DIRECTION('',(0.707106781186548,0.707106781186548,0.));
#1959=DIRECTION('',(0.707106781186548,0.707106781186548,0.));
#1960=DIRECTION('',(-0.707106781186548,0.707106781186548,0.));
#1961=DIRECTION('',(1.25209699709612E-16,-1.,0.));
#1962=DIRECTION('',(1.,1.25209699709612E-16,0.));
#1963=DIRECTION('',(0.,0.,-1.));
#1964=DIRECTION('',(1.,1.25209699709612E-16,0.));
#1965=DIRECTION('',(0.,0.,-1.));
#1966=DIRECTION('',(-1.,-1.25209699709612E-16,0.));
#1967=DIRECTION('',(-1.,0.,0.));
#1968=DIRECTION('',(0.,0.,1.));
#1969=DIRECTION('',(-1.,0.,0.));
#1970=DIRECTION('',(0.,0.,1.));
#1971=DIRECTION('',(0.,1.,0.));
#1972=DIRECTION('',(0.,-0.707106781186548,-0.707106781186548));
#1973=DIRECTION('',(0.,0.,-1.));
#1974=DIRECTION('',(0.,-0.707106781186548,0.707106781186548));
#1975=DIRECTION('',(0.,1.,0.));
#1976=DIRECTION('',(0.,0.707106781186547,0.707106781186548));
#1977=DIRECTION('',(0.,0.707106781186547,-0.707106781186548));
#1978=DIRECTION('',(1.25209699709612E-16,-1.,0.));
#1979=DIRECTION('',(1.,1.25209699709612E-16,0.));
#1980=DIRECTION('',(-1.,-1.25209699709612E-16,0.));
#1981=DIRECTION('',(0.,0.,-1.));
#1982=DIRECTION('',(1.,1.25209699709612E-16,0.));
#1983=DIRECTION('',(-1.,0.,0.));
#1984=DIRECTION('',(0.,0.,1.));
#1985=DIRECTION('',(1.,0.,0.));
#1986=DIRECTION('',(0.,0.,-1.));
#1987=DIRECTION('',(0.,0.707106781186548,0.707106781186548));
#1988=DIRECTION('',(0.,1.,0.));
#1989=DIRECTION('',(0.,-0.707106781186547,0.707106781186548));
#1990=DIRECTION('',(0.,-0.707106781186547,-0.707106781186548));
#1991=DIRECTION('',(0.,1.,0.));
#1992=DIRECTION('',(0.,0.707106781186548,-0.707106781186548));
#1993=DIRECTION('',(0.,0.,1.));
#1994=DIRECTION('',(1.,0.,0.));
#1995=DIRECTION('',(-1.,-1.25209699709612E-16,0.));
#1996=DIRECTION('',(1.,1.25209699709612E-16,0.));
#1997=DIRECTION('',(0.,0.,1.));
#1998=DIRECTION('',(1.,0.,0.));
#1999=DIRECTION('',(1.,1.25209699709612E-16,0.));
#2000=DIRECTION('',(-1.,-1.25209699709612E-16,0.));
#2001=DIRECTION('',(8.8536627734998E-17,-0.707106781186548,0.707106781186548));
#2002=DIRECTION('',(-1.,-1.25209699709612E-16,0.));
#2003=DIRECTION('',(8.8536627734998E-17,-0.707106781186548,-0.707106781186547));
#2004=DIRECTION('',(1.,1.25209699709612E-16,0.));
#2005=DIRECTION('',(-8.8536627734998E-17,0.707106781186548,0.707106781186548));
#2006=DIRECTION('',(1.,1.25209699709612E-16,0.));
#2007=DIRECTION('',(-8.8536627734998E-17,0.707106781186548,-0.707106781186547));
#2008=DIRECTION('',(-1.,-1.25209699709612E-16,0.));
#2009=DIRECTION('',(1.,0.,0.));
#2010=DIRECTION('',(0.,0.,-1.));
#2011=DIRECTION('',(1.,0.,0.));
#2012=DIRECTION('',(0.,0.,-1.));
#2013=DIRECTION('',(1.,0.,0.));
#2014=DIRECTION('',(0.,0.,-1.));
#2015=DIRECTION('',(1.,0.,0.));
#2016=DIRECTION('',(0.,0.,-1.));
#2017=DIRECTION('',(1.,0.,0.));
#2018=DIRECTION('',(0.,0.,-1.));
#2019=DIRECTION('',(1.,0.,0.));
#2020=DIRECTION('',(0.,0.,-1.));
#2021=DIRECTION('',(1.,0.,0.));
#2022=DIRECTION('',(0.,0.,-1.));
#2023=DIRECTION('',(1.,0.,0.));
#2024=DIRECTION('',(0.,0.,-1.));
#2025=DIRECTION('',(1.,0.,0.));
#2026=DIRECTION('',(0.,0.,-1.));
#2027=DIRECTION('',(1.,0.,0.));
#2028=DIRECTION('',(0.,0.,-1.));
#2029=DIRECTION('',(1.,0.,0.));
#2030=DIRECTION('',(0.,0.,-1.));
#2031=DIRECTION('',(1.,0.,0.));
#2032=DIRECTION('',(0.,0.,-1.));
#2033=DIRECTION('',(1.,0.,0.));
#2034=DIRECTION('',(0.,0.,-1.));
#2035=DIRECTION('',(1.,0.,0.));
#2036=DIRECTION('',(0.,0.,-1.));
#2037=DIRECTION('',(1.,0.,0.));
#2038=DIRECTION('',(0.,0.,-1.));
#2039=DIRECTION('',(1.,0.,0.));
#2040=DIRECTION('',(0.,0.,-1.));
#2041=DIRECTION('',(1.,0.,0.));
#2042=DIRECTION('',(0.,0.,-1.));
#2043=DIRECTION('',(1.,0.,0.));
#2044=DIRECTION('',(0.,0.,-1.));
#2045=DIRECTION('',(1.,0.,0.));
#2046=DIRECTION('',(0.,0.,-1.));
#2047=DIRECTION('',(1.,0.,0.));
#2048=DIRECTION('',(0.,0.,-1.));
#2049=DIRECTION('',(1.,0.,0.));
#2050=DIRECTION('',(0.,0.,-1.));
#2051=DIRECTION('',(1.,0.,0.));
#2052=DIRECTION('',(0.,0.,-1.));
#2053=DIRECTION('',(1.,0.,0.));
#2054=DIRECTION('',(0.,0.,-1.));
#2055=DIRECTION('',(1.,0.,0.));
#2056=DIRECTION('',(0.,0.,-1.));
#2057=CARTESIAN_POINT('',(0.,0.,0.));
#2058=CARTESIAN_POINT('',(0.06985,0.,0.00635));
#2059=CARTESIAN_POINT('',(0.06985,0.,-0.00635));
#2060=CARTESIAN_POINT('',(0.0718693,0.,-0.00635));
#2061=CARTESIAN_POINT('',(0.06985,0.,3.88825358729284E-20));
#2062=CARTESIAN_POINT('',(0.06985,-0.0020193,3.88825358729284E-20));
#2063=CARTESIAN_POINT('',(0.06985,0.0020193,3.88825358729284E-20));
#2064=CARTESIAN_POINT('',(0.06985,0.,3.88825358729284E-20));
#2065=CARTESIAN_POINT('',(0.06985,0.,0.00635));
#2066=CARTESIAN_POINT('',(0.06985,0.,0.00635));
#2067=CARTESIAN_POINT('',(0.0678307,0.,0.00635));
#2068=CARTESIAN_POINT('',(0.06985,0.,3.88825358729284E-20));
#2069=CARTESIAN_POINT('',(0.06985,0.,3.88825358729284E-20));
#2070=CARTESIAN_POINT('',(0.05715,0.,0.00635));
#2071=CARTESIAN_POINT('',(0.05715,0.,-0.00635));
#2072=CARTESIAN_POINT('',(0.0591693,0.,-0.00635));
#2073=CARTESIAN_POINT('',(0.05715,0.,3.88825358729284E-20));
#2074=CARTESIAN_POINT('',(0.05715,-0.0020193,3.88825358729284E-20));
#2075=CARTESIAN_POINT('',(0.05715,0.0020193,3.88825358729284E-20));
#2076=CARTESIAN_POINT('',(0.05715,0.,3.88825358729284E-20));
#2077=CARTESIAN_POINT('',(0.05715,0.,0.00635));
#2078=CARTESIAN_POINT('',(0.05715,0.,0.00635));
#2079=CARTESIAN_POINT('',(0.0551307,0.,0.00635));
#2080=CARTESIAN_POINT('',(0.05715,0.,3.88825358729284E-20));
#2081=CARTESIAN_POINT('',(0.05715,0.,3.88825358729284E-20));
#2082=CARTESIAN_POINT('',(0.04445,0.,0.00635));
#2083=CARTESIAN_POINT('',(0.04445,0.,-0.00635));
#2084=CARTESIAN_POINT('',(0.0464693,0.,-0.00635));
#2085=CARTESIAN_POINT('',(0.04445,0.,3.88825358729284E-20));
#2086=CARTESIAN_POINT('',(0.04445,-0.0020193,3.88825358729284E-20));
#2087=CARTESIAN_POINT('',(0.04445,0.0020193,3.88825358729284E-20));
#2088=CARTESIAN_POINT('',(0.04445,0.,3.88825358729284E-20));
#2089=CARTESIAN_POINT('',(0.04445,0.,0.00635));
#2090=CARTESIAN_POINT('',(0.04445,0.,0.00635));
#2091=CARTESIAN_POINT('',(0.0424307,0.,0.00635));
#2092=CARTESIAN_POINT('',(0.04445,0.,3.88825358729284E-20));
#2093=CARTESIAN_POINT('',(0.04445,0.,3.88825358729284E-20));
#2094=CARTESIAN_POINT('',(0.03175,0.,0.00635));
#2095=CARTESIAN_POINT('',(0.03175,0.,-0.00635));
#2096=CARTESIAN_POINT('',(0.0337693,0.,-0.00635));
#2097=CARTESIAN_POINT('',(0.03175,0.,3.88825358729284E-20));
#2098=CARTESIAN_POINT('',(0.03175,-0.0020193,3.88825358729284E-20));
#2099=CARTESIAN_POINT('',(0.03175,0.0020193,3.88825358729284E-20));
#2100=CARTESIAN_POINT('',(0.03175,0.,3.88825358729284E-20));
#2101=CARTESIAN_POINT('',(0.03175,0.,0.00635));
#2102=CARTESIAN_POINT('',(0.03175,0.,0.00635));
#2103=CARTESIAN_POINT('',(0.0297307,0.,0.00635));
#2104=CARTESIAN_POINT('',(0.03175,0.,3.88825358729284E-20));
#2105=CARTESIAN_POINT('',(0.03175,0.,3.88825358729284E-20));
#2106=CARTESIAN_POINT('',(0.01905,0.,0.00635));
#2107=CARTESIAN_POINT('',(0.01905,0.,-0.00635));
#2108=CARTESIAN_POINT('',(0.0210693,0.,-0.00635));
#2109=CARTESIAN_POINT('',(0.01905,0.,3.88825358729284E-20));
#2110=CARTESIAN_POINT('',(0.01905,-0.0020193,3.88825358729284E-20));
#2111=CARTESIAN_POINT('',(0.01905,0.0020193,3.88825358729284E-20));
#2112=CARTESIAN_POINT('',(0.01905,0.,3.88825358729284E-20));
#2113=CARTESIAN_POINT('',(0.01905,0.,0.00635));
#2114=CARTESIAN_POINT('',(0.01905,0.,0.00635));
#2115=CARTESIAN_POINT('',(0.0170307,0.,0.00635));
#2116=CARTESIAN_POINT('',(0.01905,0.,3.88825358729284E-20));
#2117=CARTESIAN_POINT('',(0.01905,0.,3.88825358729284E-20));
#2118=CARTESIAN_POINT('',(0.00635,0.,0.00635));
#2119=CARTESIAN_POINT('',(0.00635,0.,-0.00635));
#2120=CARTESIAN_POINT('',(0.0083693,0.,-0.00635));
#2121=CARTESIAN_POINT('',(0.00635,0.,3.88825358729284E-20));
#2122=CARTESIAN_POINT('',(0.00635,-0.0020193,3.88825358729284E-20));
#2123=CARTESIAN_POINT('',(0.00635,0.0020193,3.88825358729284E-20));
#2124=CARTESIAN_POINT('',(0.00635,0.,3.88825358729284E-20));
#2125=CARTESIAN_POINT('',(0.00635,0.,0.00635));
#2126=CARTESIAN_POINT('',(0.00635,0.,0.00635));
#2127=CARTESIAN_POINT('',(0.0043307,0.,0.00635));
#2128=CARTESIAN_POINT('',(0.00635,0.,3.88825358729284E-20));
#2129=CARTESIAN_POINT('',(0.00635,0.,3.88825358729284E-20));
#2130=CARTESIAN_POINT('',(-0.00635,0.,0.00635));
#2131=CARTESIAN_POINT('',(-0.00635,0.,-0.00635));
#2132=CARTESIAN_POINT('',(-0.0043307,0.,-0.00635));
#2133=CARTESIAN_POINT('',(-0.00635,0.,3.88825358729284E-20));
#2134=CARTESIAN_POINT('',(-0.00635,-0.0020193,3.88825358729284E-20));
#2135=CARTESIAN_POINT('',(-0.00635,0.0020193,3.88825358729284E-20));
#2136=CARTESIAN_POINT('',(-0.00635,0.,3.88825358729284E-20));
#2137=CARTESIAN_POINT('',(-0.00635,0.,0.00635));
#2138=CARTESIAN_POINT('',(-0.00635,0.,0.00635));
#2139=CARTESIAN_POINT('',(-0.0083693,0.,0.00635));
#2140=CARTESIAN_POINT('',(-0.00635,0.,3.88825358729284E-20));
#2141=CARTESIAN_POINT('',(-0.00635,0.,3.88825358729284E-20));
#2142=CARTESIAN_POINT('',(-0.01905,0.,0.00635));
#2143=CARTESIAN_POINT('',(-0.01905,0.,-0.00635));
#2144=CARTESIAN_POINT('',(-0.0170307,0.,-0.00635));
#2145=CARTESIAN_POINT('',(-0.01905,0.,3.88825358729284E-20));
#2146=CARTESIAN_POINT('',(-0.01905,-0.0020193,3.88825358729284E-20));
#2147=CARTESIAN_POINT('',(-0.01905,0.0020193,3.88825358729284E-20));
#2148=CARTESIAN_POINT('',(-0.01905,0.,3.88825358729284E-20));
#2149=CARTESIAN_POINT('',(-0.01905,0.,0.00635));
#2150=CARTESIAN_POINT('',(-0.01905,0.,0.00635));
#2151=CARTESIAN_POINT('',(-0.0210693,0.,0.00635));
#2152=CARTESIAN_POINT('',(-0.01905,0.,3.88825358729284E-20));
#2153=CARTESIAN_POINT('',(-0.01905,0.,3.88825358729284E-20));
#2154=CARTESIAN_POINT('',(-0.03175,0.,0.00635));
#2155=CARTESIAN_POINT('',(-0.03175,0.,-0.00635));
#2156=CARTESIAN_POINT('',(-0.0297307,0.,-0.00635));
#2157=CARTESIAN_POINT('',(-0.03175,0.,3.88825358729284E-20));
#2158=CARTESIAN_POINT('',(-0.03175,-0.0020193,3.88825358729284E-20));
#2159=CARTESIAN_POINT('',(-0.03175,0.0020193,3.88825358729284E-20));
#2160=CARTESIAN_POINT('',(-0.03175,0.,3.88825358729284E-20));
#2161=CARTESIAN_POINT('',(-0.03175,0.,0.00635));
#2162=CARTESIAN_POINT('',(-0.03175,0.,0.00635));
#2163=CARTESIAN_POINT('',(-0.0337693,0.,0.00635));
#2164=CARTESIAN_POINT('',(-0.03175,0.,3.88825358729284E-20));
#2165=CARTESIAN_POINT('',(-0.03175,0.,3.88825358729284E-20));
#2166=CARTESIAN_POINT('',(-0.04445,0.,0.00635));
#2167=CARTESIAN_POINT('',(-0.04445,0.,-0.00635));
#2168=CARTESIAN_POINT('',(-0.0424307,0.,-0.00635));
#2169=CARTESIAN_POINT('',(-0.04445,0.,3.88825358729284E-20));
#2170=CARTESIAN_POINT('',(-0.04445,-0.0020193,3.88825358729284E-20));
#2171=CARTESIAN_POINT('',(-0.04445,0.0020193,3.88825358729284E-20));
#2172=CARTESIAN_POINT('',(-0.04445,0.,3.88825358729284E-20));
#2173=CARTESIAN_POINT('',(-0.04445,0.,0.00635));
#2174=CARTESIAN_POINT('',(-0.04445,0.,0.00635));
#2175=CARTESIAN_POINT('',(-0.0464693,0.,0.00635));
#2176=CARTESIAN_POINT('',(-0.04445,0.,3.88825358729284E-20));
#2177=CARTESIAN_POINT('',(-0.04445,0.,3.88825358729284E-20));
#2178=CARTESIAN_POINT('',(-0.05715,0.,0.00635));
#2179=CARTESIAN_POINT('',(-0.05715,0.,-0.00635));
#2180=CARTESIAN_POINT('',(-0.0551307,0.,-0.00635));
#2181=CARTESIAN_POINT('',(-0.05715,0.,3.88825358729284E-20));
#2182=CARTESIAN_POINT('',(-0.05715,-0.0020193,3.88825358729284E-20));
#2183=CARTESIAN_POINT('',(-0.05715,0.0020193,3.88825358729284E-20));
#2184=CARTESIAN_POINT('',(-0.05715,0.,3.88825358729284E-20));
#2185=CARTESIAN_POINT('',(-0.05715,0.,0.00635));
#2186=CARTESIAN_POINT('',(-0.05715,0.,0.00635));
#2187=CARTESIAN_POINT('',(-0.0591693,0.,0.00635));
#2188=CARTESIAN_POINT('',(-0.05715,0.,3.88825358729284E-20));
#2189=CARTESIAN_POINT('',(-0.05715,0.,3.88825358729284E-20));
#2190=CARTESIAN_POINT('',(-0.06985,0.,0.00635));
#2191=CARTESIAN_POINT('',(-0.06985,0.,-0.00635));
#2192=CARTESIAN_POINT('',(-0.0678307,0.,-0.00635));
#2193=CARTESIAN_POINT('',(-0.06985,0.,3.88825358729284E-20));
#2194=CARTESIAN_POINT('',(-0.06985,-0.0020193,3.88825358729284E-20));
#2195=CARTESIAN_POINT('',(-0.06985,0.0020193,3.88825358729284E-20));
#2196=CARTESIAN_POINT('',(-0.06985,0.,3.88825358729284E-20));
#2197=CARTESIAN_POINT('',(-0.06985,0.,0.00635));
#2198=CARTESIAN_POINT('',(-0.06985,0.,0.00635));
#2199=CARTESIAN_POINT('',(-0.0718693,0.,0.00635));
#2200=CARTESIAN_POINT('',(-0.06985,0.,3.88825358729284E-20));
#2201=CARTESIAN_POINT('',(-0.06985,0.,3.88825358729284E-20));
#2202=CARTESIAN_POINT('',(-0.0635,-0.00635,0.));
#2203=CARTESIAN_POINT('',(-0.0635,0.00635,0.));
#2204=CARTESIAN_POINT('',(-0.0614807,0.00635,0.));
#2205=CARTESIAN_POINT('',(-0.0635,0.,3.88825358729284E-20));
#2206=CARTESIAN_POINT('',(-0.0635,0.,-0.0020193));
#2207=CARTESIAN_POINT('',(-0.0635,0.,0.0020193));
#2208=CARTESIAN_POINT('',(-0.0635,0.,3.88825358729284E-20));
#2209=CARTESIAN_POINT('',(-0.0635,-0.00635,0.));
#2210=CARTESIAN_POINT('',(-0.0635,-0.00635,0.));
#2211=CARTESIAN_POINT('',(-0.0655193,-0.00635,0.));
#2212=CARTESIAN_POINT('',(-0.0635,0.,3.88825358729284E-20));
#2213=CARTESIAN_POINT('',(-0.0635,0.,3.88825358729284E-20));
#2214=CARTESIAN_POINT('',(-0.0508,-0.00635,0.));
#2215=CARTESIAN_POINT('',(-0.0508,0.00635,0.));
#2216=CARTESIAN_POINT('',(-0.0487807,0.00635,0.));
#2217=CARTESIAN_POINT('',(-0.0508,0.,3.88825358729284E-20));
#2218=CARTESIAN_POINT('',(-0.0508,0.,-0.0020193));
#2219=CARTESIAN_POINT('',(-0.0508,0.,0.0020193));
#2220=CARTESIAN_POINT('',(-0.0508,0.,3.88825358729284E-20));
#2221=CARTESIAN_POINT('',(-0.0508,-0.00635,0.));
#2222=CARTESIAN_POINT('',(-0.0508,-0.00635,0.));
#2223=CARTESIAN_POINT('',(-0.0528193,-0.00635,0.));
#2224=CARTESIAN_POINT('',(-0.0508,0.,3.88825358729284E-20));
#2225=CARTESIAN_POINT('',(-0.0508,0.,3.88825358729284E-20));
#2226=CARTESIAN_POINT('',(-0.0381,-0.00635,0.));
#2227=CARTESIAN_POINT('',(-0.0381,0.00635,0.));
#2228=CARTESIAN_POINT('',(-0.0360807,0.00635,0.));
#2229=CARTESIAN_POINT('',(-0.0381,0.,3.88825358729284E-20));
#2230=CARTESIAN_POINT('',(-0.0381,0.,-0.0020193));
#2231=CARTESIAN_POINT('',(-0.0381,0.,0.0020193));
#2232=CARTESIAN_POINT('',(-0.0381,0.,3.88825358729284E-20));
#2233=CARTESIAN_POINT('',(-0.0381,-0.00635,0.));
#2234=CARTESIAN_POINT('',(-0.0381,-0.00635,0.));
#2235=CARTESIAN_POINT('',(-0.0401193,-0.00635,0.));
#2236=CARTESIAN_POINT('',(-0.0381,0.,3.88825358729284E-20));
#2237=CARTESIAN_POINT('',(-0.0381,0.,3.88825358729284E-20));
#2238=CARTESIAN_POINT('',(-0.0254,-0.00635,0.));
#2239=CARTESIAN_POINT('',(-0.0254,0.00635,0.));
#2240=CARTESIAN_POINT('',(-0.0233807,0.00635,0.));
#2241=CARTESIAN_POINT('',(-0.0254,0.,3.88825358729284E-20));
#2242=CARTESIAN_POINT('',(-0.0254,0.,-0.0020193));
#2243=CARTESIAN_POINT('',(-0.0254,0.,0.0020193));
#2244=CARTESIAN_POINT('',(-0.0254,0.,3.88825358729284E-20));
#2245=CARTESIAN_POINT('',(-0.0254,-0.00635,0.));
#2246=CARTESIAN_POINT('',(-0.0254,-0.00635,0.));
#2247=CARTESIAN_POINT('',(-0.0274193,-0.00635,0.));
#2248=CARTESIAN_POINT('',(-0.0254,0.,3.88825358729284E-20));
#2249=CARTESIAN_POINT('',(-0.0254,0.,3.88825358729284E-20));
#2250=CARTESIAN_POINT('',(-0.0127,-0.00635,0.));
#2251=CARTESIAN_POINT('',(-0.0127,0.00635,0.));
#2252=CARTESIAN_POINT('',(-0.0106807,0.00635,0.));
#2253=CARTESIAN_POINT('',(-0.0127,0.,3.88825358729284E-20));
#2254=CARTESIAN_POINT('',(-0.0127,0.,-0.0020193));
#2255=CARTESIAN_POINT('',(-0.0127,0.,0.0020193));
#2256=CARTESIAN_POINT('',(-0.0127,0.,3.88825358729284E-20));
#2257=CARTESIAN_POINT('',(-0.0127,-0.00635,0.));
#2258=CARTESIAN_POINT('',(-0.0127,-0.00635,0.));
#2259=CARTESIAN_POINT('',(-0.0147193,-0.00635,0.));
#2260=CARTESIAN_POINT('',(-0.0127,0.,3.88825358729284E-20));
#2261=CARTESIAN_POINT('',(-0.0127,0.,3.88825358729284E-20));
#2262=CARTESIAN_POINT('',(1.38777878078145E-17,-0.00635,0.));
#2263=CARTESIAN_POINT('',(1.22876246215024E-17,0.00635,0.));
#2264=CARTESIAN_POINT('',(0.00201930000000001,0.00635,0.));
#2265=CARTESIAN_POINT('',(1.34802470112364E-17,0.,3.88825358729284E-20));
#2266=CARTESIAN_POINT('',(1.34802470112364E-17,0.,-0.0020193));
#2267=CARTESIAN_POINT('',(1.34802470112364E-17,0.,0.0020193));
#2268=CARTESIAN_POINT('',(1.34802470112364E-17,0.,3.88825358729284E-20));
#2269=CARTESIAN_POINT('',(1.38777878078145E-17,-0.00635,0.));
#2270=CARTESIAN_POINT('',(1.38777878078145E-17,-0.00635,0.));
#2271=CARTESIAN_POINT('',(-0.00201929999999999,-0.00635,0.));
#2272=CARTESIAN_POINT('',(1.34802470112364E-17,0.,3.88825358729284E-20));
#2273=CARTESIAN_POINT('',(1.34802470112364E-17,0.,3.88825358729284E-20));
#2274=CARTESIAN_POINT('',(0.0127,-0.00635,0.));
#2275=CARTESIAN_POINT('',(0.0127,0.00635,0.));
#2276=CARTESIAN_POINT('',(0.0147193,0.00635,0.));
#2277=CARTESIAN_POINT('',(0.0127,0.,3.88825358729284E-20));
#2278=CARTESIAN_POINT('',(0.0127,0.,-0.0020193));
#2279=CARTESIAN_POINT('',(0.0127,0.,0.0020193));
#2280=CARTESIAN_POINT('',(0.0127,0.,3.88825358729284E-20));
#2281=CARTESIAN_POINT('',(0.0127,-0.00635,0.));
#2282=CARTESIAN_POINT('',(0.0127,-0.00635,0.));
#2283=CARTESIAN_POINT('',(0.0106807,-0.00635,0.));
#2284=CARTESIAN_POINT('',(0.0127,0.,3.88825358729284E-20));
#2285=CARTESIAN_POINT('',(0.0127,0.,3.88825358729284E-20));
#2286=CARTESIAN_POINT('',(0.0254,-0.00635,0.));
#2287=CARTESIAN_POINT('',(0.0254,0.00635,0.));
#2288=CARTESIAN_POINT('',(0.0274193,0.00635,0.));
#2289=CARTESIAN_POINT('',(0.0254,0.,3.88825358729284E-20));
#2290=CARTESIAN_POINT('',(0.0254,0.,-0.0020193));
#2291=CARTESIAN_POINT('',(0.0254,0.,0.0020193));
#2292=CARTESIAN_POINT('',(0.0254,0.,3.88825358729284E-20));
#2293=CARTESIAN_POINT('',(0.0254,-0.00635,0.));
#2294=CARTESIAN_POINT('',(0.0254,-0.00635,0.));
#2295=CARTESIAN_POINT('',(0.0233807,-0.00635,0.));
#2296=CARTESIAN_POINT('',(0.0254,0.,3.88825358729284E-20));
#2297=CARTESIAN_POINT('',(0.0254,0.,3.88825358729284E-20));
#2298=CARTESIAN_POINT('',(0.0381,-0.00635,0.));
#2299=CARTESIAN_POINT('',(0.0381,0.00635,0.));
#2300=CARTESIAN_POINT('',(0.0401193,0.00635,0.));
#2301=CARTESIAN_POINT('',(0.0381,0.,3.88825358729284E-20));
#2302=CARTESIAN_POINT('',(0.0381,0.,-0.0020193));
#2303=CARTESIAN_POINT('',(0.0381,0.,0.0020193));
#2304=CARTESIAN_POINT('',(0.0381,0.,3.88825358729284E-20));
#2305=CARTESIAN_POINT('',(0.0381,-0.00635,0.));
#2306=CARTESIAN_POINT('',(0.0381,-0.00635,0.));
#2307=CARTESIAN_POINT('',(0.0360807,-0.00635,0.));
#2308=CARTESIAN_POINT('',(0.0381,0.,3.88825358729284E-20));
#2309=CARTESIAN_POINT('',(0.0381,0.,3.88825358729284E-20));
#2310=CARTESIAN_POINT('',(0.0635,-0.00635,0.));
#2311=CARTESIAN_POINT('',(0.0635,0.00635,0.));
#2312=CARTESIAN_POINT('',(0.0655193,0.00635,0.));
#2313=CARTESIAN_POINT('',(0.0635,0.,3.88825358729284E-20));
#2314=CARTESIAN_POINT('',(0.0635,0.,-0.0020193));
#2315=CARTESIAN_POINT('',(0.0635,0.,0.0020193));
#2316=CARTESIAN_POINT('',(0.0635,0.,3.88825358729284E-20));
#2317=CARTESIAN_POINT('',(0.0635,-0.00635,0.));
#2318=CARTESIAN_POINT('',(0.0635,-0.00635,0.));
#2319=CARTESIAN_POINT('',(0.0614807,-0.00635,0.));
#2320=CARTESIAN_POINT('',(0.0635,0.,3.88825358729284E-20));
#2321=CARTESIAN_POINT('',(0.0635,0.,3.88825358729284E-20));
#2322=CARTESIAN_POINT('',(0.0508,-0.00635,0.));
#2323=CARTESIAN_POINT('',(0.0508,0.00635,0.));
#2324=CARTESIAN_POINT('',(0.0528193,0.00635,0.));
#2325=CARTESIAN_POINT('',(0.0508,0.,3.88825358729284E-20));
#2326=CARTESIAN_POINT('',(0.0508,0.,-0.0020193));
#2327=CARTESIAN_POINT('',(0.0508,0.,0.0020193));
#2328=CARTESIAN_POINT('',(0.0508,0.,3.88825358729284E-20));
#2329=CARTESIAN_POINT('',(0.0508,-0.00635,0.));
#2330=CARTESIAN_POINT('',(0.0508,-0.00635,0.));
#2331=CARTESIAN_POINT('',(0.0487807,-0.00635,0.));
#2332=CARTESIAN_POINT('',(0.0508,0.,3.88825358729284E-20));
#2333=CARTESIAN_POINT('',(0.0508,0.,3.88825358729284E-20));
#2334=CARTESIAN_POINT('',(0.,-0.00635,0.00635));
#2335=CARTESIAN_POINT('',(-0.0762,-0.00635,0.00635));
#2336=CARTESIAN_POINT('',(-0.0762,-0.00635,0.0047625));
#2337=CARTESIAN_POINT('',(-0.0762,-0.00635,-0.0047625));
#2338=CARTESIAN_POINT('',(0.0762,-0.00635,-0.0047625));
#2339=CARTESIAN_POINT('',(0.0762,-0.00635,-0.0047625));
#2340=CARTESIAN_POINT('',(0.0762,-0.00635,0.00635));
#2341=CARTESIAN_POINT('',(0.0762,-0.00635,0.0047625));
#2342=CARTESIAN_POINT('',(0.,-0.00635,0.0047625));
#2343=CARTESIAN_POINT('',(0.0762,1.04083408558608E-17,0.00635));
#2344=CARTESIAN_POINT('',(0.0762,0.,7.77650717458569E-20));
#2345=CARTESIAN_POINT('',(0.0762,0.,0.0020193));
#2346=CARTESIAN_POINT('',(0.0762,1.04083408558608E-17,-0.00635));
#2347=CARTESIAN_POINT('',(0.0762,-0.0047625,-0.00635));
#2348=CARTESIAN_POINT('',(0.0762,0.0047625,-0.00635));
#2349=CARTESIAN_POINT('',(0.0762,0.00635,-0.0047625));
#2350=CARTESIAN_POINT('',(0.0762,0.00635,-0.0047625));
#2351=CARTESIAN_POINT('',(0.0762,0.00635,0.00635));
#2352=CARTESIAN_POINT('',(0.0762,0.00635,0.0047625));
#2353=CARTESIAN_POINT('',(0.0762,0.0047625,0.00635));
#2354=CARTESIAN_POINT('',(0.0762,0.0047625,0.00635));
#2355=CARTESIAN_POINT('',(0.0762,1.04083408558608E-17,0.00635));
#2356=CARTESIAN_POINT('',(0.0762,-0.0047625,0.00635));
#2357=CARTESIAN_POINT('',(0.0762,-0.00635,0.0047625));
#2358=CARTESIAN_POINT('',(0.0762,-0.0047625,-0.00635));
#2359=CARTESIAN_POINT('',(0.,0.00635,0.00635));
#2360=CARTESIAN_POINT('',(0.,0.00635,-0.0047625));
#2361=CARTESIAN_POINT('',(-0.0762,0.00635,-0.0047625));
#2362=CARTESIAN_POINT('',(-0.0762,0.00635,0.00635));
#2363=CARTESIAN_POINT('',(-0.0762,0.00635,0.0047625));
#2364=CARTESIAN_POINT('',(0.0762,0.00635,0.0047625));
#2365=CARTESIAN_POINT('',(-0.0762,-7.80625564189563E-18,0.00635));
#2366=CARTESIAN_POINT('',(-0.0762,0.,7.77650717458569E-20));
#2367=CARTESIAN_POINT('',(-0.0762,0.,-0.0020193));
#2368=CARTESIAN_POINT('',(-0.0762,0.00873125,-0.00238125));
#2369=CARTESIAN_POINT('',(-0.0762,0.0047625,-0.00635));
#2370=CARTESIAN_POINT('',(-0.0762,-7.80625564189563E-18,-0.00635));
#2371=CARTESIAN_POINT('',(-0.0762,-0.0047625,-0.00635));
#2372=CARTESIAN_POINT('',(-0.0762,-0.00873125,-0.00238125));
#2373=CARTESIAN_POINT('',(-0.0762,-0.00238125,0.00873125));
#2374=CARTESIAN_POINT('',(-0.0762,-0.0047625,0.00635));
#2375=CARTESIAN_POINT('',(-0.0762,-7.80625564189563E-18,0.00635));
#2376=CARTESIAN_POINT('',(-0.0762,0.0047625,0.00635));
#2377=CARTESIAN_POINT('',(-0.0762,0.00238125,0.00873125));
#2378=CARTESIAN_POINT('',(0.,0.,0.00635));
#2379=CARTESIAN_POINT('',(-0.0762,0.0047625,0.00635));
#2380=CARTESIAN_POINT('',(5.96311194867028E-19,-0.0047625,0.00635));
#2381=CARTESIAN_POINT('',(0.,0.,-0.00635));
#2382=CARTESIAN_POINT('',(-5.96311194867028E-19,0.0047625,-0.00635));
#2383=CARTESIAN_POINT('',(-0.0762,-0.0047625,-0.00635));
#2384=CARTESIAN_POINT('',(0.,0.00635,-0.0047625));
#2385=CARTESIAN_POINT('',(5.96311194867028E-19,-0.0047625,-0.00635));
#2386=CARTESIAN_POINT('',(-5.96311194867028E-19,0.0047625,0.00635));
#2387=CARTESIAN_POINT('',(0.,-0.00635,0.0047625));
#2388=CARTESIAN_POINT('',(-0.0762,0.,7.77650717458569E-20));
#2389=CARTESIAN_POINT('',(-0.0762,0.,7.77650717458569E-20));
#2390=CARTESIAN_POINT('',(-0.0762,0.,7.77650717458569E-20));
#2391=CARTESIAN_POINT('',(-0.0762,0.,7.77650717458569E-20));
#2392=CARTESIAN_POINT('',(-0.0762,0.,7.77650717458569E-20));
#2393=CARTESIAN_POINT('',(-0.0762,0.,7.77650717458569E-20));
#2394=CARTESIAN_POINT('',(-0.0762,0.,7.77650717458569E-20));
#2395=CARTESIAN_POINT('',(-0.0762,0.,7.77650717458569E-20));
#2396=CARTESIAN_POINT('',(-0.0762,0.,7.77650717458569E-20));
#2397=CARTESIAN_POINT('',(-0.0762,0.,7.77650717458569E-20));
#2398=CARTESIAN_POINT('',(-0.0762,0.,7.77650717458569E-20));
#2399=CARTESIAN_POINT('',(-0.0762,0.,7.77650717458569E-20));
#2400=CARTESIAN_POINT('',(-0.0762,0.,7.77650717458569E-20));
#2401=CARTESIAN_POINT('',(-0.0762,0.,7.77650717458569E-20));
#2402=CARTESIAN_POINT('',(-0.0762,0.,7.77650717458569E-20));
#2403=CARTESIAN_POINT('',(-0.0762,0.,7.77650717458569E-20));
#2404=CARTESIAN_POINT('',(-0.0762,0.,7.77650717458569E-20));
#2405=CARTESIAN_POINT('',(-0.0762,0.,7.77650717458569E-20));
#2406=CARTESIAN_POINT('',(-0.0762,0.,7.77650717458569E-20));
#2407=CARTESIAN_POINT('',(-0.0762,0.,7.77650717458569E-20));
#2408=CARTESIAN_POINT('',(-0.0762,0.,7.77650717458569E-20));
#2409=CARTESIAN_POINT('',(-0.0762,0.,7.77650717458569E-20));
#2410=CARTESIAN_POINT('',(-0.0762,0.,7.77650717458569E-20));
#2411=CARTESIAN_POINT('',(-0.0762,0.,7.77650717458569E-20));
#2412=MECHANICAL_DESIGN_GEOMETRIC_PRESENTATION_REPRESENTATION('',(#1359),
#2413);
#2413=(
GEOMETRIC_REPRESENTATION_CONTEXT(3)
GLOBAL_UNCERTAINTY_ASSIGNED_CONTEXT((#2414))
GLOBAL_UNIT_ASSIGNED_CONTEXT((#2417,#2416,#2415))
REPRESENTATION_CONTEXT('#10-32 Nut Strip','TOP_LEVEL_ASSEMBLY_PART')
);
#2414=UNCERTAINTY_MEASURE_WITH_UNIT(LENGTH_MEASURE(1.E-8),#2417,
'DISTANCE_ACCURACY_VALUE','Maximum Tolerance applied to model');
#2415=(
NAMED_UNIT(*)
SI_UNIT($,.STERADIAN.)
SOLID_ANGLE_UNIT()
);
#2416=(
NAMED_UNIT(*)
PLANE_ANGLE_UNIT()
SI_UNIT($,.RADIAN.)
);
#2417=(
LENGTH_UNIT()
NAMED_UNIT(*)
SI_UNIT($,.METRE.)
);
#2418=PRODUCT_DEFINITION_SHAPE('','',#2419);
#2419=PRODUCT_DEFINITION('','',#2421,#2420);
#2420=PRODUCT_DEFINITION_CONTEXT('',#2427,'design');
#2421=PRODUCT_DEFINITION_FORMATION_WITH_SPECIFIED_SOURCE('','',#2423,
 .NOT_KNOWN.);
#2422=PRODUCT_RELATED_PRODUCT_CATEGORY('','',(#2423));
#2423=PRODUCT('#10-32 Nut Strip','#10-32 Nut Strip','#10-32 Nut Strip',
(#2425));
#2424=PRODUCT_CATEGORY('','');
#2425=PRODUCT_CONTEXT('',#2427,'mechanical');
#2426=APPLICATION_PROTOCOL_DEFINITION('international standard',
'ap242_managed_model_based_3d_engineering',2011,#2427);
#2427=APPLICATION_CONTEXT('managed model based 3d engineering');
ENDSEC;
END-ISO-10303-21;
