ISO-10303-21;
HEADER;
FILE_DESCRIPTION (( 'STEP AP203' ),
    '1' );
FILE_NAME ('REV-21-3420_RevA.STEP',
    '2023-09-21T16:22:29',
    ( '' ),
    ( '' ),
    'SwSTEP 2.0',
    'SolidWorks 2022',
    '' );
FILE_SCHEMA (( 'CONFIG_CONTROL_DESIGN' ));
ENDSEC;

DATA;
#1 = EDGE_CURVE ( 'NONE', #762, #579, #1508, .T. ) ;
#2 = ORIENTED_EDGE ( 'NONE', *, *, #385, .T. ) ;
#3 = FACE_OUTER_BOUND ( 'NONE', #1618, .T. ) ;
#4 =( BOUNDED_CURVE ( )  B_SPLINE_CURVE ( 3, ( #1659, #302, #1244, #309 ),
 .UNSPECIFIED., .F., .F. ) 
 B_SPLINE_CURVE_WITH_KNOTS ( ( 4, 4 ),
 ( 0.000000000000000000, 0.7853981633974493892 ),
 .UNSPECIFIED. ) 
 CURVE ( )  GEOMETRIC_REPRESENTATION_ITEM ( )  RATIONAL_B_SPLINE_CURVE ( ( 1.000000000000000000, 0.9492530216741910110, 0.9492530216741910110, 1.000000000000000000 ) ) 
 REPRESENTATION_ITEM ( '' )  );
#5 = CARTESIAN_POINT ( 'NONE',  ( 12.69999999999999929, 2.019299999999992323, 2.019299999999992767 ) ) ;
#6 = CARTESIAN_POINT ( 'NONE',  ( 11.65589269832556241, -1.811614144825543615, 1.811614144825543615 ) ) ;
#7 = ORIENTED_EDGE ( 'NONE', *, *, #1425, .F. ) ;
#8 = AXIS2_PLACEMENT_3D ( 'NONE', #648, #95, #1181 ) ;
#9 = CARTESIAN_POINT ( 'NONE',  ( 11.27213927675001948, -1.427860723249991581, -1.427860723249991581 ) ) ;
#10 = COORDINATED_UNIVERSAL_TIME_OFFSET ( 6, 0, .BEHIND. ) ;
#11 = ORIENTED_EDGE ( 'NONE', *, *, #822, .T. ) ;
#12 = EDGE_CURVE ( 'NONE', #1193, #482, #1489, .T. ) ;
#13 = EDGE_CURVE ( 'NONE', #1146, #1705, #1678, .T. ) ;
#14 = CC_DESIGN_APPROVAL ( #359, ( #71 ) ) ;
#15 = CARTESIAN_POINT ( 'NONE',  ( 0.000000000000000000, -4.762500000000000178, 1.758165685111628668E-15 ) ) ;
#16 = ORIENTED_EDGE ( 'NONE', *, *, #1315, .T. ) ;
#17 = DIRECTION ( 'NONE',  ( 0.000000000000000000, 0.000000000000000000, 1.000000000000000000 ) ) ;
#18 = VERTEX_POINT ( 'NONE', #872 ) ;
#19 = EDGE_LOOP ( 'NONE', ( #139, #265, #1015, #671, #642, #1577, #1719 ) ) ;
#20 = CARTESIAN_POINT ( 'NONE',  ( 12.69999999999999929, 0.000000000000000000, 4.762500000000001954 ) ) ;
#21 = DIRECTION ( 'NONE',  ( 0.000000000000000000, 0.000000000000000000, -1.000000000000000000 ) ) ;
#22 = VERTEX_POINT ( 'NONE', #209 ) ;
#23 = EDGE_CURVE ( 'NONE', #862, #1510, #1341, .T. ) ;
#24 = CARTESIAN_POINT ( 'NONE',  ( 14.71929999999999161, 2.472929281518241663E-16, -2.019300000000006534 ) ) ;
#25 = ORIENTED_EDGE ( 'NONE', *, *, #1454, .F. ) ;
#26 = VERTEX_POINT ( 'NONE', #1692 ) ;
#27 = CARTESIAN_POINT ( 'NONE',  ( 11.27213927675001948, 1.427860723249991581, -1.427860723249991581 ) ) ;
#28 = CARTESIAN_POINT ( 'NONE',  ( -2.019299999999980777, 0.5427092933992262447, -2.019299999999986994 ) ) ;
#29 = ORIENTED_EDGE ( 'NONE', *, *, #242, .F. ) ;
#30 = VECTOR ( 'NONE', #991, 1000.000000000000000 ) ;
#31 = CARTESIAN_POINT ( 'NONE',  ( 14.71929999999998095, 0.5427092933992226920, 2.019299999999969675 ) ) ;
#32 =( BOUNDED_CURVE ( )  B_SPLINE_CURVE ( 3, ( #1517, #308, #732, #973 ),
 .UNSPECIFIED., .F., .F. ) 
 B_SPLINE_CURVE_WITH_KNOTS ( ( 4, 4 ),
 ( 0.000000000000000000, 0.7853981633974459475 ),
 .UNSPECIFIED. ) 
 CURVE ( )  GEOMETRIC_REPRESENTATION_ITEM ( )  RATIONAL_B_SPLINE_CURVE ( ( 1.000000000000000000, 0.9492530216741914550, 0.9492530216741914550, 1.000000000000000000 ) ) 
 REPRESENTATION_ITEM ( '' )  );
#33 = CARTESIAN_POINT ( 'NONE',  ( 2.019299999999992767, 2.472929281518241663E-16, -4.762500000000000178 ) ) ;
#34 = ADVANCED_FACE ( 'NONE', ( #199 ), #324, .F. ) ;
#35 = DIRECTION ( 'NONE',  ( 0.000000000000000000, 0.000000000000000000, -1.000000000000000000 ) ) ;
#36 = VECTOR ( 'NONE', #731, 1000.000000000000000 ) ;
#37 = ORIENTED_EDGE ( 'NONE', *, *, #500, .F. ) ;
#38 = CYLINDRICAL_SURFACE ( 'NONE', #826, 2.019299999999992323 ) ;
#39 = CARTESIAN_POINT ( 'NONE',  ( -18.79599999999999937, 0.000000000000000000, 0.000000000000000000 ) ) ;
#40 = ORIENTED_EDGE ( 'NONE', *, *, #1723, .T. ) ;
#41 = CARTESIAN_POINT ( 'NONE',  ( 12.69999999999999929, 4.762500000000000178, 0.000000000000000000 ) ) ;
#42 = EDGE_CURVE ( 'NONE', #1493, #1532, #1142, .T. ) ;
#43 = AXIS2_PLACEMENT_3D ( 'NONE', #868, #696, #212 ) ;
#44 = CARTESIAN_POINT ( 'NONE',  ( -13.74410730167443973, 1.811614144825543171, 1.811614144825546280 ) ) ;
#45 = VERTEX_POINT ( 'NONE', #341 ) ;
#46 = ORIENTED_EDGE ( 'NONE', *, *, #665, .T. ) ;
#47 = CARTESIAN_POINT ( 'NONE',  ( -11.27213927675001415, 1.427860723249985142, 1.427860723249988473 ) ) ;
#48 = VERTEX_POINT ( 'NONE', #225 ) ;
#49 = EDGE_LOOP ( 'NONE', ( #1654, #1413 ) ) ;
#50 = VERTEX_POINT ( 'NONE', #768 ) ;
#51 = CARTESIAN_POINT ( 'NONE',  ( -14.51161414482553269, 1.044107301674428223, 1.811614144825532735 ) ) ;
#52 = EDGE_CURVE ( 'NONE', #1740, #862, #1150, .T. ) ;
#53 = CARTESIAN_POINT ( 'NONE',  ( -10.68070000000001762, -0.5427092933992255785, -2.019299999999984330 ) ) ;
#54 = EDGE_LOOP ( 'NONE', ( #1406, #1697, #46, #525, #858, #874 ) ) ;
#55 = ORIENTED_EDGE ( 'NONE', *, *, #1389, .F. ) ;
#56 = EDGE_CURVE ( 'NONE', #838, #1193, #1206, .T. ) ;
#57 = DIRECTION ( 'NONE',  ( 0.000000000000000000, 0.000000000000000000, 1.000000000000000000 ) ) ;
#58 = CARTESIAN_POINT ( 'NONE',  ( -18.79599999999999937, 0.000000000000000000, 0.000000000000000000 ) ) ;
#59 = FACE_OUTER_BOUND ( 'NONE', #1547, .T. ) ;
#60 = DIRECTION ( 'NONE',  ( -0.000000000000000000, -0.000000000000000000, -1.000000000000000000 ) ) ;
#61 = VERTEX_POINT ( 'NONE', #470 ) ;
#62 = VECTOR ( 'NONE', #1450, 1000.000000000000000 ) ;
#63 = PRODUCT_DEFINITION ( 'UNKNOWN', '', #865, #248 ) ;
#64 = ORIENTED_EDGE ( 'NONE', *, *, #128, .F. ) ;
#65 = EDGE_CURVE ( 'NONE', #764, #863, #459, .T. ) ;
#66 = EDGE_CURVE ( 'NONE', #482, #1190, #1141, .T. ) ;
#67 = DIRECTION ( 'NONE',  ( -1.000000000000000000, -0.000000000000000000, 3.642463991552350465E-16 ) ) ;
#68 = CARTESIAN_POINT ( 'NONE',  ( -2.019299999999992767, 0.000000000000000000, 2.019299999999986106 ) ) ;
#69 = CC_DESIGN_SECURITY_CLASSIFICATION ( #71, ( #865 ) ) ;
#70 = CARTESIAN_POINT ( 'NONE',  ( -12.69999999999999929, 0.000000000000000000, -4.762499999999998401 ) ) ;
#71 = SECURITY_CLASSIFICATION ( '', '', #1503 ) ;
#72 = ORIENTED_EDGE ( 'NONE', *, *, #96, .F. ) ;
#73 = ORIENTED_EDGE ( 'NONE', *, *, #1579, .F. ) ;
#74 = CARTESIAN_POINT ( 'NONE',  ( -12.69999999999999929, 0.000000000000000000, -4.762499999999998401 ) ) ;
#75 = ADVANCED_FACE ( 'NONE', ( #1163 ), #1033, .F. ) ;
#76 = DIRECTION ( 'NONE',  ( -0.000000000000000000, -0.000000000000000000, -1.000000000000000000 ) ) ;
#77 = CARTESIAN_POINT ( 'NONE',  ( -14.71929999999998095, -0.5427092933992235801, 2.019299999999979001 ) ) ;
#78 = CARTESIAN_POINT ( 'NONE',  ( -1.427860723249987140, -1.427860723249986696, -1.427860723249985142 ) ) ;
#79 = FACE_OUTER_BOUND ( 'NONE', #1125, .T. ) ;
#80 = ORIENTED_EDGE ( 'NONE', *, *, #361, .F. ) ;
#81 = VERTEX_POINT ( 'NONE', #1580 ) ;
#82 = DIRECTION ( 'NONE',  ( -1.000000000000000000, 0.000000000000000000, 0.000000000000000000 ) ) ;
#83 = CARTESIAN_POINT ( 'NONE',  ( 12.69999999999999929, -4.762500000000000178, 2.019299999999992767 ) ) ;
#84 = CARTESIAN_POINT ( 'NONE',  ( -11.27213927675001059, -1.427860723249982922, 1.427860723249986252 ) ) ;
#85 = CIRCLE ( 'NONE', #933, 6.344999999999999751 ) ;
#86 = CARTESIAN_POINT ( 'NONE',  ( -1.427860723249987140, -1.427860723249986696, -1.427860723249985142 ) ) ;
#87 = ADVANCED_FACE ( 'NONE', ( #520, #124, #1613, #1208 ), #1589, .F. ) ;
#88 = DIRECTION ( 'NONE',  ( -0.000000000000000000, -1.000000000000000000, -0.000000000000000000 ) ) ;
#89 = EDGE_LOOP ( 'NONE', ( #1274, #344, #1120, #7, #921, #1650 ) ) ;
#90 = DIRECTION ( 'NONE',  ( -1.000000000000000000, 0.000000000000000000, 1.384382429221754876E-16 ) ) ;
#91 = VECTOR ( 'NONE', #721, 1000.000000000000000 ) ;
#92 = CARTESIAN_POINT ( 'NONE',  ( -2.019299999999992767, 0.000000000000000000, 2.019299999999986106 ) ) ;
#93 = CARTESIAN_POINT ( 'NONE',  ( -18.79599999999999937, 0.000000000000000000, 0.000000000000000000 ) ) ;
#94 = VERTEX_POINT ( 'NONE', #1722 ) ;
#95 = DIRECTION ( 'NONE',  ( 0.000000000000000000, -1.000000000000000000, 0.000000000000000000 ) ) ;
#96 = EDGE_CURVE ( 'NONE', #1705, #1539, #918, .T. ) ;
#97 = DIRECTION ( 'NONE',  ( -0.000000000000000000, -0.000000000000000000, -1.000000000000000000 ) ) ;
#98 = VERTEX_POINT ( 'NONE', #1326 ) ;
#99 = CARTESIAN_POINT ( 'NONE',  ( 10.43571783025003263, -2.264282169749966211, -0.5914392767500046277 ) ) ;
#100 = CC_DESIGN_APPROVAL ( #1296, ( #865 ) ) ;
#101 = CARTESIAN_POINT ( 'NONE',  ( 0.000000000000000000, 4.762500000000000178, -2.019299999999995432 ) ) ;
#102 = CARTESIAN_POINT ( 'NONE',  ( 11.65589269832556774, -1.811614144825545392, -1.811614144825545392 ) ) ;
#103 = ORIENTED_EDGE ( 'NONE', *, *, #325, .T. ) ;
#104 = DIRECTION ( 'NONE',  ( 0.000000000000000000, 0.000000000000000000, -1.000000000000000000 ) ) ;
#105 = ORIENTED_EDGE ( 'NONE', *, *, #1569, .T. ) ;
#106 = CARTESIAN_POINT ( 'NONE',  ( 1.811614144825534289, 1.044107301674428667, 1.811614144825526074 ) ) ;
#107 = EDGE_CURVE ( 'NONE', #256, #433, #1378, .T. ) ;
#108 =( BOUNDED_CURVE ( )  B_SPLINE_CURVE ( 3, ( #996, #44, #1127, #330 ),
 .UNSPECIFIED., .F., .F. ) 
 B_SPLINE_CURVE_WITH_KNOTS ( ( 4, 4 ),
 ( 2.356194490192343949, 3.141592653589793116 ),
 .UNSPECIFIED. ) 
 CURVE ( )  GEOMETRIC_REPRESENTATION_ITEM ( )  RATIONAL_B_SPLINE_CURVE ( ( 1.000000000000000000, 0.9492530216741910110, 0.9492530216741910110, 1.000000000000000000 ) ) 
 REPRESENTATION_ITEM ( '' )  );
#109 = DIRECTION ( 'NONE',  ( -0.000000000000000000, -1.000000000000000000, -0.000000000000000000 ) ) ;
#110 = LINE ( 'NONE', #1197, #346 ) ;
#111 = CARTESIAN_POINT ( 'NONE',  ( 12.15729070660077227, 2.019299999999992323, 2.019299999999992323 ) ) ;
#112 = CIRCLE ( 'NONE', #848, 6.344999999999999751 ) ;
#113 = ORIENTED_EDGE ( 'NONE', *, *, #1434, .F. ) ;
#114 = DATE_AND_TIME ( #1184, #357 ) ;
#115 = ORIENTED_EDGE ( 'NONE', *, *, #374, .F. ) ;
#116 = ADVANCED_FACE ( 'NONE', ( #1056, #1736 ), #253, .F. ) ;
#117 = CARTESIAN_POINT ( 'NONE',  ( -18.79599999999999937, 0.000000000000000000, 2.019299999999969675 ) ) ;
#118 = DIRECTION ( 'NONE',  ( 1.000000000000000000, -0.000000000000000000, -0.000000000000000000 ) ) ;
#119 = AXIS2_PLACEMENT_3D ( 'NONE', #674, #1623, #1225 ) ;
#120 = CARTESIAN_POINT ( 'NONE',  ( -18.79599999999999937, 0.000000000000000000, 0.000000000000000000 ) ) ;
#121 = ORIENTED_EDGE ( 'NONE', *, *, #532, .T. ) ;
#122 =( LENGTH_UNIT ( ) NAMED_UNIT ( * ) SI_UNIT ( .MILLI., .METRE. ) );
#123 = ORIENTED_EDGE ( 'NONE', *, *, #607, .F. ) ;
#124 = FACE_BOUND ( 'NONE', #231, .T. ) ;
#125 = EDGE_CURVE ( 'NONE', #48, #131, #1699, .T. ) ;
#126 =( BOUNDED_CURVE ( )  B_SPLINE_CURVE ( 3, ( #1048, #102, #1180, #1452 ),
 .UNSPECIFIED., .F., .F. ) 
 B_SPLINE_CURVE_WITH_KNOTS ( ( 4, 4 ),
 ( 5.497787143782142394, 6.283185307179586232 ),
 .UNSPECIFIED. ) 
 CURVE ( )  GEOMETRIC_REPRESENTATION_ITEM ( )  RATIONAL_B_SPLINE_CURVE ( ( 1.000000000000000000, 0.9492530216741916771, 0.9492530216741916771, 1.000000000000000000 ) ) 
 REPRESENTATION_ITEM ( '' )  );
#127 = CARTESIAN_POINT ( 'NONE',  ( -12.69999999999999929, 0.000000000000000000, -4.762500000000000178 ) ) ;
#128 = EDGE_CURVE ( 'NONE', #1116, #378, #126, .T. ) ;
#129 = CARTESIAN_POINT ( 'NONE',  ( -18.79599999999999937, 0.000000000000000000, 2.019299999999969675 ) ) ;
#130 = ORIENTED_EDGE ( 'NONE', *, *, #448, .T. ) ;
#131 = VERTEX_POINT ( 'NONE', #534 ) ;
#132 = CARTESIAN_POINT ( 'NONE',  ( -0.5427092933992274659, -2.019299999999992323, -2.019299999999990991 ) ) ;
#133 = CARTESIAN_POINT ( 'NONE',  ( 11.65589269832556241, 1.811614144825543615, 1.811614144825543615 ) ) ;
#134 = CARTESIAN_POINT ( 'NONE',  ( -14.71929999999998806, 0.000000000000000000, -4.762500000000000178 ) ) ;
#135 = ORIENTED_EDGE ( 'NONE', *, *, #385, .F. ) ;
#136 = ADVANCED_FACE ( 'NONE', ( #246 ), #1596, .F. ) ;
#137 = EDGE_CURVE ( 'NONE', #1661, #301, #852, .T. ) ;
#138 = CARTESIAN_POINT ( 'NONE',  ( 1.044107301674436661, 1.811614144825543615, 1.811614144825545170 ) ) ;
#139 = ORIENTED_EDGE ( 'NONE', *, *, #620, .T. ) ;
#140 = CARTESIAN_POINT ( 'NONE',  ( -12.69999999999999929, -2.019299999999992323, 2.019299999999996320 ) ) ;
#141 = VECTOR ( 'NONE', #1091, 1000.000000000000000 ) ;
#142 = DIRECTION ( 'NONE',  ( -1.000000000000000000, -0.000000000000000000, 3.642463991552350465E-16 ) ) ;
#143 = EDGE_LOOP ( 'NONE', ( #837, #466, #588, #789, #573, #928, #870 ) ) ;
#144 = EDGE_LOOP ( 'NONE', ( #495, #115, #701, #73, #422, #969 ) ) ;
#145 = CARTESIAN_POINT ( 'NONE',  ( -18.79599999999999937, 4.192567083542016348, -4.762499999999996625 ) ) ;
#146 = ADVANCED_FACE ( 'NONE', ( #1604 ), #786, .F. ) ;
#147 = PERSON_AND_ORGANIZATION ( #616, #1009 ) ;
#148 = DIRECTION ( 'NONE',  ( 0.000000000000000000, 0.000000000000000000, -1.000000000000000000 ) ) ;
#149 = ORIENTED_EDGE ( 'NONE', *, *, #1476, .T. ) ;
#150 = APPROVAL_PERSON_ORGANIZATION ( #977, #359, #293 ) ;
#151 = CARTESIAN_POINT ( 'NONE',  ( 1.427860723249981145, -1.427860723249990693, -1.427860723249988917 ) ) ;
#152 = CARTESIAN_POINT ( 'NONE',  ( -1.044107301674440436, 1.811614144825542061, 1.811614144825543615 ) ) ;
#153 = ORIENTED_EDGE ( 'NONE', *, *, #854, .F. ) ;
#154 = ORIENTED_EDGE ( 'NONE', *, *, #448, .F. ) ;
#155 = DIRECTION ( 'NONE',  ( -1.000000000000000000, 0.000000000000000000, 0.000000000000000000 ) ) ;
#156 = DIRECTION ( 'NONE',  ( -0.000000000000000000, -0.000000000000000000, -1.000000000000000000 ) ) ;
#157 = ORIENTED_EDGE ( 'NONE', *, *, #572, .F. ) ;
#158 = CARTESIAN_POINT ( 'NONE',  ( -18.79599999999999937, 2.472929281518224407E-16, -2.019299999999979889 ) ) ;
#159 = EDGE_CURVE ( 'NONE', #730, #290, #110, .T. ) ;
#160 = CARTESIAN_POINT ( 'NONE',  ( 18.79599999999999937, 4.762500000000000178, -4.192567083542014572 ) ) ;
#161 = VERTEX_POINT ( 'NONE', #405 ) ;
#162 = ORIENTED_EDGE ( 'NONE', *, *, #184, .F. ) ;
#163 = CARTESIAN_POINT ( 'NONE',  ( 1.811614144825531403, -1.044107301674434662, -1.811614144825539396 ) ) ;
#164 = CARTESIAN_POINT ( 'NONE',  ( -14.96428216974996417, 2.264282169749964879, 0.5914392767500004089 ) ) ;
#165 = ORIENTED_EDGE ( 'NONE', *, *, #512, .F. ) ;
#166 = CIRCLE ( 'NONE', #1523, 2.019299999999969675 ) ;
#167 = CARTESIAN_POINT ( 'NONE',  ( -10.68070000000001230, 2.472929281518237226E-16, -4.762500000000000178 ) ) ;
#168 = AXIS2_PLACEMENT_3D ( 'NONE', #58, #873, #1151 ) ;
#169 = EDGE_CURVE ( 'NONE', #259, #762, #362, .T. ) ;
#170 = CARTESIAN_POINT ( 'NONE',  ( 14.12786072324998976, -1.427860723249979813, 1.427860723249979813 ) ) ;
#171 = AXIS2_PLACEMENT_3D ( 'NONE', #689, #1376, #1487 ) ;
#172 = EDGE_LOOP ( 'NONE', ( #614, #472, #692, #454, #1575, #962 ) ) ;
#173 = CARTESIAN_POINT ( 'NONE',  ( 12.69999999999999929, 4.762500000000000178, 2.019299999999998096 ) ) ;
#174 = DIRECTION ( 'NONE',  ( 1.000000000000000000, -0.000000000000000000, -0.000000000000000000 ) ) ;
#175 = CALENDAR_DATE ( 2023, 21, 9 ) ;
#176 = CARTESIAN_POINT ( 'NONE',  ( -18.79599999999999937, 0.000000000000000000, 0.000000000000000000 ) ) ;
#177 = ORIENTED_EDGE ( 'NONE', *, *, #761, .T. ) ;
#178 = FACE_OUTER_BOUND ( 'NONE', #331, .T. ) ;
#179 = CYLINDRICAL_SURFACE ( 'NONE', #793, 2.019299999999992767 ) ;
#180 = EDGE_CURVE ( 'NONE', #762, #1624, #1566, .T. ) ;
#181 = EDGE_LOOP ( 'NONE', ( #554, #596, #688, #476, #1641, #416 ) ) ;
#182 = ORIENTED_EDGE ( 'NONE', *, *, #412, .T. ) ;
#183 = CARTESIAN_POINT ( 'NONE',  ( -14.51161414482553269, -1.044107301674432220, -1.811614144825534289 ) ) ;
#184 = EDGE_CURVE ( 'NONE', #1106, #45, #1444, .T. ) ;
#185 = CALENDAR_DATE ( 2023, 21, 9 ) ;
#186 = DIRECTION ( 'NONE',  ( -0.000000000000000000, -1.000000000000000000, -0.000000000000000000 ) ) ;
#187 = ORIENTED_EDGE ( 'NONE', *, *, #412, .F. ) ;
#188 =( BOUNDED_CURVE ( )  B_SPLINE_CURVE ( 3, ( #1536, #1393, #51, #594 ),
 .UNSPECIFIED., .F., .F. ) 
 B_SPLINE_CURVE_WITH_KNOTS ( ( 4, 4 ),
 ( 3.141592653589793116, 3.926990816987239619 ),
 .UNSPECIFIED. ) 
 CURVE ( )  GEOMETRIC_REPRESENTATION_ITEM ( )  RATIONAL_B_SPLINE_CURVE ( ( 1.000000000000000000, 0.9492530216741912330, 0.9492530216741912330, 1.000000000000000000 ) ) 
 REPRESENTATION_ITEM ( '' )  );
#189 = ORIENTED_EDGE ( 'NONE', *, *, #23, .F. ) ;
#190 = CARTESIAN_POINT ( 'NONE',  ( 2.019299999999992767, 2.472929281518241663E-16, -4.762500000000000178 ) ) ;
#191 = CARTESIAN_POINT ( 'NONE',  ( 10.88838585517446411, -1.044107301674428667, 1.811614144825523409 ) ) ;
#192 = CARTESIAN_POINT ( 'NONE',  ( -1.427860723249990249, 1.427860723249981811, 1.427860723249983810 ) ) ;
#193 = DIRECTION ( 'NONE',  ( 0.000000000000000000, 0.000000000000000000, -1.000000000000000000 ) ) ;
#194 = EDGE_CURVE ( 'NONE', #533, #1134, #1629, .T. ) ;
#195 = CARTESIAN_POINT ( 'NONE',  ( 11.27213927675001415, 1.427860723249984920, 1.427860723249985142 ) ) ;
#196 = VERTEX_POINT ( 'NONE', #1352 ) ;
#197 = ORIENTED_EDGE ( 'NONE', *, *, #251, .T. ) ;
#198 = CARTESIAN_POINT ( 'NONE',  ( 12.69999999999999929, -2.019299999999992323, -2.019299999999992767 ) ) ;
#199 = FACE_OUTER_BOUND ( 'NONE', #1605, .T. ) ;
#200 = DIRECTION ( 'NONE',  ( -0.000000000000000000, -1.000000000000000000, -0.000000000000000000 ) ) ;
#201 = CIRCLE ( 'NONE', #1187, 2.019299999999987882 ) ;
#202 = LINE ( 'NONE', #1703, #690 ) ;
#203 = AXIS2_PLACEMENT_3D ( 'NONE', #1189, #842, #815 ) ;
#204 = DIRECTION ( 'NONE',  ( 0.000000000000000000, 0.000000000000000000, -1.000000000000000000 ) ) ;
#205 = ORIENTED_EDGE ( 'NONE', *, *, #808, .F. ) ;
#206 = ORIENTED_EDGE ( 'NONE', *, *, #773, .T. ) ;
#207 = ADVANCED_FACE ( 'NONE', ( #561 ), #971, .F. ) ;
#208 = CARTESIAN_POINT ( 'NONE',  ( 2.019299999999992767, 2.472929281518241663E-16, 2.019299999999985218 ) ) ;
#209 = CARTESIAN_POINT ( 'NONE',  ( 18.79599999999999937, -4.192567083542019901, 4.762499999999995737 ) ) ;
#210 = CYLINDRICAL_SURFACE ( 'NONE', #343, 2.019299999999969675 ) ;
#211 = CARTESIAN_POINT ( 'NONE',  ( -1.811614144825532069, -1.044107301674432220, -1.811614144825538730 ) ) ;
#212 = DIRECTION ( 'NONE',  ( 0.000000000000000000, 0.000000000000000000, -1.000000000000000000 ) ) ;
#213 = CIRCLE ( 'NONE', #441, 2.019299999999998096 ) ;
#214 =( BOUNDED_CURVE ( )  B_SPLINE_CURVE ( 3, ( #1237, #164, #1101, #1537 ),
 .UNSPECIFIED., .F., .F. ) 
 B_SPLINE_CURVE_WITH_KNOTS ( ( 4, 4 ),
 ( 2.356194490192344837, 3.926990816987241395 ),
 .UNSPECIFIED. ) 
 CURVE ( )  GEOMETRIC_REPRESENTATION_ITEM ( )  RATIONAL_B_SPLINE_CURVE ( ( 1.000000000000000000, 0.8047378541243649375, 0.8047378541243649375, 1.000000000000000000 ) ) 
 REPRESENTATION_ITEM ( '' )  );
#215 = ORIENTED_EDGE ( 'NONE', *, *, #500, .T. ) ;
#216 = VERTEX_POINT ( 'NONE', #440 ) ;
#217 = CARTESIAN_POINT ( 'NONE',  ( -12.69999999999999929, -2.019299999999992323, 2.019299999999996320 ) ) ;
#218 = EDGE_CURVE ( 'NONE', #863, #983, #1531, .T. ) ;
#219 = DIRECTION ( 'NONE',  ( -1.000000000000000000, -0.000000000000000000, 3.642463991552350465E-16 ) ) ;
#220 = DIRECTION ( 'NONE',  ( -1.000000000000000000, 0.000000000000000000, 0.000000000000000000 ) ) ;
#221 = CARTESIAN_POINT ( 'NONE',  ( -12.69999999999999929, -4.762500000000000178, 3.516331370223257336E-15 ) ) ;
#222 = ORIENTED_EDGE ( 'NONE', *, *, #1094, .F. ) ;
#223 = CARTESIAN_POINT ( 'NONE',  ( -10.68070000000000697, 2.472929281518241663E-16, -4.762499999999998401 ) ) ;
#224 = CYLINDRICAL_SURFACE ( 'NONE', #543, 2.019299999999992767 ) ;
#225 = CARTESIAN_POINT ( 'NONE',  ( 14.12786072324998621, -1.427860723249987585, -1.427860723249987585 ) ) ;
#226 = CARTESIAN_POINT ( 'NONE',  ( -2.019299999999980777, 0.5427092933992219148, 2.019299999999974560 ) ) ;
#227 = ADVANCED_FACE ( 'NONE', ( #3 ), #1648, .F. ) ;
#228 = ORIENTED_EDGE ( 'NONE', *, *, #481, .F. ) ;
#229 = CARTESIAN_POINT ( 'NONE',  ( -11.65589269832556596, -1.811614144825544281, -1.811614144825540951 ) ) ;
#230 = CARTESIAN_POINT ( 'NONE',  ( 10.43571783025003086, 2.264282169749965323, 0.5914392767499971892 ) ) ;
#231 = EDGE_LOOP ( 'NONE', ( #850, #634 ) ) ;
#232 = AXIS2_PLACEMENT_3D ( 'NONE', #806, #1075, #237 ) ;
#233 = AXIS2_PLACEMENT_3D ( 'NONE', #390, #664, #932 ) ;
#234 = CARTESIAN_POINT ( 'NONE',  ( -12.69999999999999929, -4.762500000000000178, 2.019299999999996320 ) ) ;
#235 =( BOUNDED_CURVE ( )  B_SPLINE_CURVE ( 3, ( #685, #1324, #1045, #1741 ),
 .UNSPECIFIED., .F., .F. ) 
 B_SPLINE_CURVE_WITH_KNOTS ( ( 4, 4 ),
 ( 3.141592653589793116, 3.926990816987236954 ),
 .UNSPECIFIED. ) 
 CURVE ( )  GEOMETRIC_REPRESENTATION_ITEM ( )  RATIONAL_B_SPLINE_CURVE ( ( 1.000000000000000000, 0.9492530216741916771, 0.9492530216741916771, 1.000000000000000000 ) ) 
 REPRESENTATION_ITEM ( '' )  );
#236 = DIRECTION ( 'NONE',  ( -0.000000000000000000, -0.000000000000000000, -1.000000000000000000 ) ) ;
#237 = DIRECTION ( 'NONE',  ( 0.000000000000000000, 0.000000000000000000, -1.000000000000000000 ) ) ;
#238 = CYLINDRICAL_SURFACE ( 'NONE', #766, 2.019299999999969675 ) ;
#239 = CARTESIAN_POINT ( 'NONE',  ( -11.27213927675001592, -1.427860723249988917, -1.427860723249985586 ) ) ;
#240 = LINE ( 'NONE', #129, #950 ) ;
#241 = EDGE_LOOP ( 'NONE', ( #1284, #197, #697, #1419, #105, #508, #881 ) ) ;
#242 = EDGE_CURVE ( 'NONE', #305, #1532, #1086, .T. ) ;
#243 = CARTESIAN_POINT ( 'NONE',  ( 10.43571783025003263, -2.264282169749965767, 0.5914392767499963011 ) ) ;
#244 = APPROVAL_PERSON_ORGANIZATION ( #274, #745, #788 ) ;
#245 = CARTESIAN_POINT ( 'NONE',  ( 0.000000000000000000, 0.000000000000000000, 4.762500000000003730 ) ) ;
#246 = FACE_OUTER_BOUND ( 'NONE', #181, .T. ) ;
#247 = LINE ( 'NONE', #1191, #1582 ) ;
#248 = DESIGN_CONTEXT ( 'detailed design', #814, 'design' ) ;
#249 = CARTESIAN_POINT ( 'NONE',  ( 14.12786072324998621, 1.427860723249987585, -1.427860723249987585 ) ) ;
#250 = VERTEX_POINT ( 'NONE', #140 ) ;
#251 = EDGE_CURVE ( 'NONE', #131, #1261, #1224, .T. ) ;
#252 = ORIENTED_EDGE ( 'NONE', *, *, #728, .F. ) ;
#253 = PLANE ( 'NONE',  #970 ) ;
#254 = DIRECTION ( 'NONE',  ( -0.000000000000000000, -0.000000000000000000, -1.000000000000000000 ) ) ;
#255 = CARTESIAN_POINT ( 'NONE',  ( 11.65589269832556774, 1.811614144825545392, -1.811614144825545392 ) ) ;
#256 = VERTEX_POINT ( 'NONE', #1620 ) ;
#257 = CIRCLE ( 'NONE', #1637, 2.019299999999998096 ) ;
#258 = DIRECTION ( 'NONE',  ( 1.000000000000000000, 0.000000000000000000, 0.000000000000000000 ) ) ;
#259 = VERTEX_POINT ( 'NONE', #1636 ) ;
#260 = ADVANCED_FACE ( 'NONE', ( #428 ), #1507, .F. ) ;
#261 = CARTESIAN_POINT ( 'NONE',  ( 14.51161414482552736, -1.044107301674433330, -1.811614144825543615 ) ) ;
#262 = ADVANCED_FACE ( 'NONE', ( #413 ), #38, .F. ) ;
#263 = CARTESIAN_POINT ( 'NONE',  ( 2.472929281518241170E-16, -2.019299999999992323, 2.019299999999994100 ) ) ;
#264 = VECTOR ( 'NONE', #1461, 1000.000000000000000 ) ;
#265 = ORIENTED_EDGE ( 'NONE', *, *, #404, .T. ) ;
#266 = VERTEX_POINT ( 'NONE', #1364 ) ;
#267 = AXIS2_PLACEMENT_3D ( 'NONE', #1145, #356, #1557 ) ;
#268 = DIRECTION ( 'NONE',  ( 1.384382429221754876E-16, -0.000000000000000000, 1.000000000000000000 ) ) ;
#269 = EDGE_CURVE ( 'NONE', #517, #1177, #537, .T. ) ;
#270 = DIRECTION ( 'NONE',  ( -0.000000000000000000, -0.000000000000000000, -1.000000000000000000 ) ) ;
#271 = CARTESIAN_POINT ( 'NONE',  ( 12.15729070660077582, 2.019299999999992323, -2.019299999999992323 ) ) ;
#272 = ORIENTED_EDGE ( 'NONE', *, *, #511, .F. ) ;
#273 = CARTESIAN_POINT ( 'NONE',  ( 2.019299999999980777, 0.5427092933992233581, 2.019299999999973672 ) ) ;
#274 = PERSON_AND_ORGANIZATION ( #616, #1009 ) ;
#275 = EDGE_LOOP ( 'NONE', ( #1458, #1305, #103, #951, #813, #1029 ) ) ;
#276 = DIRECTION ( 'NONE',  ( -0.000000000000000000, -0.000000000000000000, -1.000000000000000000 ) ) ;
#277 = CC_DESIGN_PERSON_AND_ORGANIZATION_ASSIGNMENT ( #147, #958, ( #865 ) ) ;
#278 = CARTESIAN_POINT ( 'NONE',  ( -1.427860723249984698, -1.427860723249985142, 1.427860723249986918 ) ) ;
#279 = EDGE_CURVE ( 'NONE', #475, #1499, #1369, .T. ) ;
#280 = EDGE_LOOP ( 'NONE', ( #1285, #1061, #574, #1527, #1384, #80, #1363, #165 ) ) ;
#281 = ORIENTED_EDGE ( 'NONE', *, *, #772, .T. ) ;
#282 = CARTESIAN_POINT ( 'NONE',  ( 12.69999999999999929, 4.762500000000000178, -2.019299999999998096 ) ) ;
#283 = VERTEX_POINT ( 'NONE', #158 ) ;
#284 = VECTOR ( 'NONE', #1395, 1000.000000000000000 ) ;
#285 = CARTESIAN_POINT ( 'NONE',  ( 12.69999999999999929, 0.000000000000000000, -4.762500000000001954 ) ) ;
#286 = VECTOR ( 'NONE', #1469, 1000.000000000000000 ) ;
#287 = VECTOR ( 'NONE', #1714, 1000.000000000000000 ) ;
#288 = CYLINDRICAL_SURFACE ( 'NONE', #536, 2.019299999999969675 ) ;
#289 =( BOUNDED_CURVE ( )  B_SPLINE_CURVE ( 3, ( #920, #707, #1115, #1500 ),
 .UNSPECIFIED., .F., .F. ) 
 B_SPLINE_CURVE_WITH_KNOTS ( ( 4, 4 ),
 ( 2.356194490192347502, 3.926990816987243171 ),
 .UNSPECIFIED. ) 
 CURVE ( )  GEOMETRIC_REPRESENTATION_ITEM ( )  RATIONAL_B_SPLINE_CURVE ( ( 1.000000000000000000, 0.8047378541243652705, 0.8047378541243652705, 1.000000000000000000 ) ) 
 REPRESENTATION_ITEM ( '' )  );
#290 = VERTEX_POINT ( 'NONE', #167 ) ;
#291 = ORIENTED_EDGE ( 'NONE', *, *, #65, .T. ) ;
#292 = DIRECTION ( 'NONE',  ( -0.000000000000000000, -0.000000000000000000, -1.000000000000000000 ) ) ;
#293 = APPROVAL_ROLE ( '' ) ;
#294 = EDGE_CURVE ( 'NONE', #1510, #50, #1082, .T. ) ;
#295 = CARTESIAN_POINT ( 'NONE',  ( -1.427860723249981811, 1.427860723249989805, -1.427860723249988251 ) ) ;
#296 = ORIENTED_EDGE ( 'NONE', *, *, #945, .T. ) ;
#297 = DIRECTION ( 'NONE',  ( -0.000000000000000000, -1.000000000000000000, -0.000000000000000000 ) ) ;
#298 =( GEOMETRIC_REPRESENTATION_CONTEXT ( 3 ) GLOBAL_UNCERTAINTY_ASSIGNED_CONTEXT ( ( #1218 ) ) GLOBAL_UNIT_ASSIGNED_CONTEXT ( ( #122, #380, #916 ) ) REPRESENTATION_CONTEXT ( 'NONE', 'WORKASPACE' ) );
#299 = CARTESIAN_POINT ( 'NONE',  ( -11.65589269832555885, -1.811614144825542727, 1.811614144825546058 ) ) ;
#300 = ORIENTED_EDGE ( 'NONE', *, *, #487, .F. ) ;
#301 = VERTEX_POINT ( 'NONE', #705 ) ;
#302 = CARTESIAN_POINT ( 'NONE',  ( -10.68070000000001762, 0.5427092933992252455, -2.019299999999984330 ) ) ;
#303 = DATE_TIME_ROLE ( 'classification_date' ) ;
#304 = CARTESIAN_POINT ( 'NONE',  ( 18.79599999999999937, 0.000000000000000000, 0.000000000000000000 ) ) ;
#305 = VERTEX_POINT ( 'NONE', #569 ) ;
#306 = ADVANCED_FACE ( 'NONE', ( #449 ), #1112, .F. ) ;
#307 = DIRECTION ( 'NONE',  ( 1.000000000000000000, -0.000000000000000000, -0.000000000000000000 ) ) ;
#308 = CARTESIAN_POINT ( 'NONE',  ( -0.5427092933992259116, 2.019299999999992323, -2.019299999999990991 ) ) ;
#309 = CARTESIAN_POINT ( 'NONE',  ( -11.27213927675001237, 1.427860723249987140, -1.427860723249983588 ) ) ;
#310 = ORIENTED_EDGE ( 'NONE', *, *, #1140, .T. ) ;
#311 =( BOUNDED_CURVE ( )  B_SPLINE_CURVE ( 3, ( #208, #1139, #1691, #323 ),
 .UNSPECIFIED., .F., .F. ) 
 B_SPLINE_CURVE_WITH_KNOTS ( ( 4, 4 ),
 ( 3.141592653589793116, 3.926990816987237842 ),
 .UNSPECIFIED. ) 
 CURVE ( )  GEOMETRIC_REPRESENTATION_ITEM ( )  RATIONAL_B_SPLINE_CURVE ( ( 1.000000000000000000, 0.9492530216741915661, 0.9492530216741915661, 1.000000000000000000 ) ) 
 REPRESENTATION_ITEM ( '' )  );
#312 = ADVANCED_FACE ( 'NONE', ( #178 ), #1399, .F. ) ;
#313 = CARTESIAN_POINT ( 'NONE',  ( 14.71929999999999161, 2.472929281518241663E-16, 2.019299999999982553 ) ) ;
#314 = EDGE_CURVE ( 'NONE', #923, #48, #1737, .T. ) ;
#315 = AXIS2_PLACEMENT_3D ( 'NONE', #176, #587, #148 ) ;
#316 = DIRECTION ( 'NONE',  ( 1.000000000000000000, -0.000000000000000000, -0.000000000000000000 ) ) ;
#317 = ORIENTED_EDGE ( 'NONE', *, *, #351, .T. ) ;
#318 = VERTEX_POINT ( 'NONE', #600 ) ;
#319 = CARTESIAN_POINT ( 'NONE',  ( -14.71929999999998095, -0.5427092933992253565, -2.019299999999982553 ) ) ;
#320 = CARTESIAN_POINT ( 'NONE',  ( 12.69999999999999929, -2.019299999999992323, 2.019299999999992767 ) ) ;
#321 = EDGE_LOOP ( 'NONE', ( #1599, #1273, #1357, #613 ) ) ;
#322 = ORIENTED_EDGE ( 'NONE', *, *, #1149, .T. ) ;
#323 = CARTESIAN_POINT ( 'NONE',  ( 1.427860723249990693, -1.427860723249981145, 1.427860723249983144 ) ) ;
#324 = CYLINDRICAL_SURFACE ( 'NONE', #1310, 2.019299999999992767 ) ;
#325 = EDGE_CURVE ( 'NONE', #1226, #1624, #796, .T. ) ;
#326 = ADVANCED_FACE ( 'NONE', ( #1673 ), #756, .F. ) ;
#327 = ORIENTED_EDGE ( 'NONE', *, *, #487, .T. ) ;
#328 = DIRECTION ( 'NONE',  ( -0.000000000000000000, -1.000000000000000000, -0.000000000000000000 ) ) ;
#329 = CIRCLE ( 'NONE', #43, 2.019299999999987882 ) ;
#330 = CARTESIAN_POINT ( 'NONE',  ( -12.69999999999999929, 2.019299999999992323, 2.019299999999996320 ) ) ;
#331 = EDGE_LOOP ( 'NONE', ( #358, #1063, #1114, #704, #1223, #693, #1734 ) ) ;
#332 = ORIENTED_EDGE ( 'NONE', *, *, #1454, .T. ) ;
#333 = CC_DESIGN_DATE_AND_TIME_ASSIGNMENT ( #114, #1054, ( #63 ) ) ;
#334 = DIRECTION ( 'NONE',  ( -1.000000000000000000, -0.000000000000000000, 3.642463991552350465E-16 ) ) ;
#335 = CARTESIAN_POINT ( 'NONE',  ( -2.019299999999992767, 0.000000000000000000, -4.762500000000000178 ) ) ;
#336 = EDGE_CURVE ( 'NONE', #18, #283, #1024, .T. ) ;
#337 = LINE ( 'NONE', #633, #1035 ) ;
#338 = ORIENTED_EDGE ( 'NONE', *, *, #910, .T. ) ;
#339 = ORIENTED_EDGE ( 'NONE', *, *, #1130, .F. ) ;
#340 = CARTESIAN_POINT ( 'NONE',  ( 14.96428216974996239, -2.264282169749964879, -0.5914392767500010750 ) ) ;
#341 = CARTESIAN_POINT ( 'NONE',  ( 18.79599999999999937, 0.000000000000000000, 2.019299999999955464 ) ) ;
#342 = CARTESIAN_POINT ( 'NONE',  ( 12.69999999999999929, 0.000000000000000000, -4.762500000000003730 ) ) ;
#343 = AXIS2_PLACEMENT_3D ( 'NONE', #1428, #219, #750 ) ;
#344 = ORIENTED_EDGE ( 'NONE', *, *, #1476, .F. ) ;
#345 = DIRECTION ( 'NONE',  ( -0.000000000000000000, -1.000000000000000000, -0.000000000000000000 ) ) ;
#346 = VECTOR ( 'NONE', #799, 1000.000000000000000 ) ;
#347 = CARTESIAN_POINT ( 'NONE',  ( -11.27213927675001059, -1.427860723249982922, 1.427860723249986252 ) ) ;
#348 = ORIENTED_EDGE ( 'NONE', *, *, #978, .F. ) ;
#349 = CIRCLE ( 'NONE', #1359, 2.019299999999997208 ) ;
#350 = EDGE_LOOP ( 'NONE', ( #310, #597 ) ) ;
#351 = EDGE_CURVE ( 'NONE', #1740, #447, #1247, .T. ) ;
#352 =( BOUNDED_CURVE ( )  B_SPLINE_CURVE ( 3, ( #1509, #299, #1242, #571 ),
 .UNSPECIFIED., .F., .F. ) 
 B_SPLINE_CURVE_WITH_KNOTS ( ( 4, 4 ),
 ( 2.356194490192343061, 3.141592653589793116 ),
 .UNSPECIFIED. ) 
 CURVE ( )  GEOMETRIC_REPRESENTATION_ITEM ( )  RATIONAL_B_SPLINE_CURVE ( ( 1.000000000000000000, 0.9492530216741910110, 0.9492530216741910110, 1.000000000000000000 ) ) 
 REPRESENTATION_ITEM ( '' )  );
#353 = CARTESIAN_POINT ( 'NONE',  ( 12.69999999999999929, 0.000000000000000000, 4.762500000000001954 ) ) ;
#354 = CARTESIAN_POINT ( 'NONE',  ( -12.15729070660077404, -2.019299999999992323, -2.019299999999989215 ) ) ;
#355 = MANIFOLD_SOLID_BREP ( 'Cut-Extrude1', #659 ) ;
#356 = DIRECTION ( 'NONE',  ( 1.000000000000000000, 0.000000000000000000, 0.000000000000000000 ) ) ;
#357 = LOCAL_TIME ( 11, 22, 29.00000000000000000, #10 ) ;
#358 = ORIENTED_EDGE ( 'NONE', *, *, #435, .F. ) ;
#359 = APPROVAL ( #1229, 'UNSPECIFIED' ) ;
#360 = LINE ( 'NONE', #190, #36 ) ;
#361 = EDGE_CURVE ( 'NONE', #433, #482, #1214, .T. ) ;
#362 =( BOUNDED_CURVE ( )  B_SPLINE_CURVE ( 3, ( #944, #1477, #132, #654 ),
 .UNSPECIFIED., .F., .F. ) 
 B_SPLINE_CURVE_WITH_KNOTS ( ( 4, 4 ),
 ( 5.497787143782137953, 6.283185307179586232 ),
 .UNSPECIFIED. ) 
 CURVE ( )  GEOMETRIC_REPRESENTATION_ITEM ( )  RATIONAL_B_SPLINE_CURVE ( ( 1.000000000000000000, 0.9492530216741911220, 0.9492530216741911220, 1.000000000000000000 ) ) 
 REPRESENTATION_ITEM ( '' )  );
#363 = DIRECTION ( 'NONE',  ( -0.000000000000000000, -0.000000000000000000, -1.000000000000000000 ) ) ;
#364 = CARTESIAN_POINT ( 'NONE',  ( 10.68070000000000697, 0.000000000000000000, 2.019299999999980777 ) ) ;
#365 = LINE ( 'NONE', #1172, #1271 ) ;
#366 = CARTESIAN_POINT ( 'NONE',  ( -18.79599999999999937, 0.000000000000000000, 2.019299999999969675 ) ) ;
#367 = CARTESIAN_POINT ( 'NONE',  ( -18.79599999999999937, -4.192567083542012796, 4.762500000000000178 ) ) ;
#368 = EDGE_LOOP ( 'NONE', ( #829, #1558, #589, #1152 ) ) ;
#369 = EDGE_CURVE ( 'NONE', #1539, #1226, #311, .T. ) ;
#370 = FACE_OUTER_BOUND ( 'NONE', #545, .T. ) ;
#371 = CARTESIAN_POINT ( 'NONE',  ( -12.15729070660077227, 2.019299999999992323, 2.019299999999995876 ) ) ;
#372 = CARTESIAN_POINT ( 'NONE',  ( 1.427860723249986696, 1.427860723249987140, -1.427860723249985808 ) ) ;
#373 =( BOUNDED_CURVE ( )  B_SPLINE_CURVE ( 3, ( #1643, #702, #976, #1144 ),
 .UNSPECIFIED., .F., .F. ) 
 B_SPLINE_CURVE_WITH_KNOTS ( ( 4, 4 ),
 ( 5.497787143782138841, 7.068583470577035399 ),
 .UNSPECIFIED. ) 
 CURVE ( )  GEOMETRIC_REPRESENTATION_ITEM ( )  RATIONAL_B_SPLINE_CURVE ( ( 1.000000000000000000, 0.8047378541243649375, 0.8047378541243649375, 1.000000000000000000 ) ) 
 REPRESENTATION_ITEM ( '' )  );
#374 = EDGE_CURVE ( 'NONE', #923, #1422, #724, .T. ) ;
#375 = AXIS2_PLACEMENT_3D ( 'NONE', #389, #1701, #1570 ) ;
#376 = LINE ( 'NONE', #913, #1416 ) ;
#377 = DIRECTION ( 'NONE',  ( -1.000000000000000000, -0.000000000000000000, 3.642463991552350465E-16 ) ) ;
#378 = VERTEX_POINT ( 'NONE', #198 ) ;
#379 = VECTOR ( 'NONE', #954, 1000.000000000000000 ) ;
#380 =( NAMED_UNIT ( * ) PLANE_ANGLE_UNIT ( ) SI_UNIT ( $, .RADIAN. ) );
#381 = FACE_OUTER_BOUND ( 'NONE', #915, .T. ) ;
#382 = CARTESIAN_POINT ( 'NONE',  ( -1.044107301674436217, -1.811614144825543615, 1.811614144825545836 ) ) ;
#383 = CARTESIAN_POINT ( 'NONE',  ( 12.69999999999999929, -4.762500000000001954, -2.019299999999987882 ) ) ;
#384 = ADVANCED_FACE ( 'NONE', ( #1541 ), #1286, .F. ) ;
#385 = EDGE_CURVE ( 'NONE', #1320, #1690, #349, .T. ) ;
#386 = FACE_BOUND ( 'NONE', #531, .T. ) ;
#387 = ORIENTED_EDGE ( 'NONE', *, *, #1202, .T. ) ;
#388 = CARTESIAN_POINT ( 'NONE',  ( 0.5427092933992272439, 2.019299999999992323, 2.019299999999994100 ) ) ;
#389 = CARTESIAN_POINT ( 'NONE',  ( 0.000000000000000000, 0.000000000000000000, -4.762500000000000178 ) ) ;
#390 = CARTESIAN_POINT ( 'NONE',  ( -12.69999999999999929, -4.762500000000000178, 3.516331370223257336E-15 ) ) ;
#391 = ORIENTED_EDGE ( 'NONE', *, *, #577, .F. ) ;
#392 = CARTESIAN_POINT ( 'NONE',  ( -18.79599999999999937, -4.762500000000000178, 4.192567083542011908 ) ) ;
#393 = EDGE_CURVE ( 'NONE', #250, #564, #494, .T. ) ;
#394 = DIRECTION ( 'NONE',  ( 0.000000000000000000, -1.000000000000000000, 0.000000000000000000 ) ) ;
#395 = ORIENTED_EDGE ( 'NONE', *, *, #1696, .F. ) ;
#396 = CARTESIAN_POINT ( 'NONE',  ( 2.472929281518241170E-16, -4.762500000000000178, 2.019299999999994100 ) ) ;
#397 = CARTESIAN_POINT ( 'NONE',  ( -11.27213927675001415, 1.427860723249985142, 1.427860723249988473 ) ) ;
#398 = LINE ( 'NONE', #1200, #943 ) ;
#399 = CARTESIAN_POINT ( 'NONE',  ( -23.20400000000002194, 0.000000000000000000, 0.000000000000000000 ) ) ;
#400 = ORIENTED_EDGE ( 'NONE', *, *, #369, .T. ) ;
#401 = AXIS2_PLACEMENT_3D ( 'NONE', #245, #236, #1047 ) ;
#402 = VERTEX_POINT ( 'NONE', #888 ) ;
#403 = EDGE_CURVE ( 'NONE', #1079, #266, #677, .T. ) ;
#404 = EDGE_CURVE ( 'NONE', #1482, #61, #360, .T. ) ;
#405 = CARTESIAN_POINT ( 'NONE',  ( 1.427860723249986696, 1.427860723249987140, -1.427860723249985808 ) ) ;
#406 = AXIS2_PLACEMENT_3D ( 'NONE', #1228, #1307, #90 ) ;
#407 = DIRECTION ( 'NONE',  ( 0.000000000000000000, 0.000000000000000000, 1.000000000000000000 ) ) ;
#408 = CARTESIAN_POINT ( 'NONE',  ( -10.43571783025003263, 2.264282169749965767, -0.5914392767499964121 ) ) ;
#409 = ORIENTED_EDGE ( 'NONE', *, *, #719, .F. ) ;
#410 = CARTESIAN_POINT ( 'NONE',  ( 11.27213927675001415, -1.427860723249984920, 1.427860723249985142 ) ) ;
#411 = EDGE_LOOP ( 'NONE', ( #1301, #833 ) ) ;
#412 = EDGE_CURVE ( 'NONE', #1116, #1146, #1622, .T. ) ;
#413 = FACE_OUTER_BOUND ( 'NONE', #541, .T. ) ;
#414 = FACE_BOUND ( 'NONE', #411, .T. ) ;
#415 = ORIENTED_EDGE ( 'NONE', *, *, #572, .T. ) ;
#416 = ORIENTED_EDGE ( 'NONE', *, *, #458, .F. ) ;
#417 = CARTESIAN_POINT ( 'NONE',  ( -12.69999999999999929, 2.019299999999992323, -2.019299999999989659 ) ) ;
#418 = ORIENTED_EDGE ( 'NONE', *, *, #1264, .T. ) ;
#419 = CARTESIAN_POINT ( 'NONE',  ( 11.27213927675001948, 1.427860723249991581, -1.427860723249991581 ) ) ;
#420 = CARTESIAN_POINT ( 'NONE',  ( -12.69999999999999929, -4.762500000000001954, 2.019299999999991435 ) ) ;
#421 = EDGE_CURVE ( 'NONE', #50, #923, #235, .T. ) ;
#422 = ORIENTED_EDGE ( 'NONE', *, *, #808, .T. ) ;
#423 = CARTESIAN_POINT ( 'NONE',  ( -14.12786072324998621, -1.427860723249986252, -1.427860723249983144 ) ) ;
#424 = PERSON_AND_ORGANIZATION ( #616, #1009 ) ;
#425 = DIRECTION ( 'NONE',  ( -0.000000000000000000, -0.000000000000000000, -1.000000000000000000 ) ) ;
#426 = ORIENTED_EDGE ( 'NONE', *, *, #1535, .F. ) ;
#427 = AXIS2_PLACEMENT_3D ( 'NONE', #1668, #861, #566 ) ;
#428 = FACE_OUTER_BOUND ( 'NONE', #1610, .T. ) ;
#429 = AXIS2_PLACEMENT_3D ( 'NONE', #990, #1515, #547 ) ;
#430 = CC_DESIGN_PERSON_AND_ORGANIZATION_ASSIGNMENT ( #424, #437, ( #865 ) ) ;
#431 = CARTESIAN_POINT ( 'NONE',  ( -0.5427092933992296864, 2.019299999999992323, 2.019299999999994100 ) ) ;
#432 = AXIS2_PLACEMENT_3D ( 'NONE', #1677, #1175, #1429 ) ;
#433 = VERTEX_POINT ( 'NONE', #1220 ) ;
#434 = EDGE_LOOP ( 'NONE', ( #974, #1374, #25, #16, #228, #153 ) ) ;
#435 = EDGE_CURVE ( 'NONE', #1199, #1231, #855, .T. ) ;
#436 = EDGE_CURVE ( 'NONE', #501, #775, #542, .T. ) ;
#437 = PERSON_AND_ORGANIZATION_ROLE ( 'design_supplier' ) ;
#438 = CARTESIAN_POINT ( 'NONE',  ( -10.68070000000000697, 2.472929281518241663E-16, -2.019299999999996320 ) ) ;
#439 = ORIENTED_EDGE ( 'NONE', *, *, #1, .F. ) ;
#440 = CARTESIAN_POINT ( 'NONE',  ( 2.019299999999998096, 2.472929281518248566E-16, 4.762500000000003730 ) ) ;
#441 = AXIS2_PLACEMENT_3D ( 'NONE', #903, #1292, #1153 ) ;
#442 = CARTESIAN_POINT ( 'NONE',  ( 14.71929999999997740, 0.5427092933992256896, -2.019299999999992767 ) ) ;
#443 = ORIENTED_EDGE ( 'NONE', *, *, #393, .T. ) ;
#444 = CARTESIAN_POINT ( 'NONE',  ( 1.811614144825531847, 1.044107301674433108, -1.811614144825539396 ) ) ;
#445 = EDGE_CURVE ( 'NONE', #196, #764, #853, .T. ) ;
#446 = CARTESIAN_POINT ( 'NONE',  ( -23.20400000000002194, 4.762500000000000178, -4.192567083542014572 ) ) ;
#447 = VERTEX_POINT ( 'NONE', #282 ) ;
#448 = EDGE_CURVE ( 'NONE', #1680, #290, #462, .T. ) ;
#449 = FACE_OUTER_BOUND ( 'NONE', #523, .T. ) ;
#450 = LINE ( 'NONE', #33, #30 ) ;
#451 = ORIENTED_EDGE ( 'NONE', *, *, #1733, .F. ) ;
#452 = CARTESIAN_POINT ( 'NONE',  ( -14.71929999999999161, 0.000000000000000000, -2.019299999999994544 ) ) ;
#453 = DIRECTION ( 'NONE',  ( -1.000000000000000000, 0.000000000000000000, 0.000000000000000000 ) ) ;
#454 = ORIENTED_EDGE ( 'NONE', *, *, #1706, .F. ) ;
#455 = ORIENTED_EDGE ( 'NONE', *, *, #1591, .F. ) ;
#456 = AXIS2_PLACEMENT_3D ( 'NONE', #127, #270, #800 ) ;
#457 = CARTESIAN_POINT ( 'NONE',  ( 0.000000000000000000, 4.762500000000000178, 1.758165685111628668E-15 ) ) ;
#458 = EDGE_CURVE ( 'NONE', #447, #878, #1169, .T. ) ;
#459 = LINE ( 'NONE', #638, #632 ) ;
#460 = AXIS2_PLACEMENT_3D ( 'NONE', #1040, #268, #779 ) ;
#461 = CARTESIAN_POINT ( 'NONE',  ( 14.71929999999999161, 2.472929281518241663E-16, -4.762500000000001954 ) ) ;
#462 = CIRCLE ( 'NONE', #1026, 2.019299999999987882 ) ;
#463 = CARTESIAN_POINT ( 'NONE',  ( 1.427860723249981145, -1.427860723249990693, -1.427860723249988917 ) ) ;
#464 = LINE ( 'NONE', #711, #1525 ) ;
#465 =( BOUNDED_CURVE ( )  B_SPLINE_CURVE ( 3, ( #1344, #271, #255, #914 ),
 .UNSPECIFIED., .F., .F. ) 
 B_SPLINE_CURVE_WITH_KNOTS ( ( 4, 4 ),
 ( 0.000000000000000000, 0.7853981633974439491 ),
 .UNSPECIFIED. ) 
 CURVE ( )  GEOMETRIC_REPRESENTATION_ITEM ( )  RATIONAL_B_SPLINE_CURVE ( ( 1.000000000000000000, 0.9492530216741916771, 0.9492530216741916771, 1.000000000000000000 ) ) 
 REPRESENTATION_ITEM ( '' )  );
#466 = ORIENTED_EDGE ( 'NONE', *, *, #1140, .F. ) ;
#467 = ORIENTED_EDGE ( 'NONE', *, *, #1600, .T. ) ;
#468 = CARTESIAN_POINT ( 'NONE',  ( 2.264282169749963991, -2.264282169749964879, -0.5914392767500021852 ) ) ;
#469 = EDGE_CURVE ( 'NONE', #1705, #980, #1036, .T. ) ;
#470 = CARTESIAN_POINT ( 'NONE',  ( 2.019299999999987882, 2.472929281518238212E-16, -4.762500000000001954 ) ) ;
#471 = CARTESIAN_POINT ( 'NONE',  ( 14.12786072324998621, 1.427860723249987585, -1.427860723249987585 ) ) ;
#472 = ORIENTED_EDGE ( 'NONE', *, *, #1130, .T. ) ;
#473 = DIRECTION ( 'NONE',  ( -0.000000000000000000, -1.000000000000000000, -0.000000000000000000 ) ) ;
#474 = DIRECTION ( 'NONE',  ( -0.000000000000000000, -1.000000000000000000, -0.000000000000000000 ) ) ;
#475 = VERTEX_POINT ( 'NONE', #784 ) ;
#476 = ORIENTED_EDGE ( 'NONE', *, *, #1567, .T. ) ;
#477 =( BOUNDED_CURVE ( )  B_SPLINE_CURVE ( 3, ( #729, #1373, #1136, #831 ),
 .UNSPECIFIED., .F., .F. ) 
 B_SPLINE_CURVE_WITH_KNOTS ( ( 4, 4 ),
 ( 5.497787143782137953, 6.283185307179586232 ),
 .UNSPECIFIED. ) 
 CURVE ( )  GEOMETRIC_REPRESENTATION_ITEM ( )  RATIONAL_B_SPLINE_CURVE ( ( 1.000000000000000000, 0.9492530216741911220, 0.9492530216741911220, 1.000000000000000000 ) ) 
 REPRESENTATION_ITEM ( '' )  );
#478 = CARTESIAN_POINT ( 'NONE',  ( -18.79599999999999937, 0.000000000000000000, 1.352922374641292555E-63 ) ) ;
#479 = CARTESIAN_POINT ( 'NONE',  ( -1.427860723249990249, 1.427860723249981811, 1.427860723249983810 ) ) ;
#480 = DIRECTION ( 'NONE',  ( 0.000000000000000000, 0.000000000000000000, 1.000000000000000000 ) ) ;
#481 = EDGE_CURVE ( 'NONE', #1465, #1079, #1390, .T. ) ;
#482 = VERTEX_POINT ( 'NONE', #644 ) ;
#483 = ORIENTED_EDGE ( 'NONE', *, *, #1414, .F. ) ;
#484 = DIRECTION ( 'NONE',  ( -0.000000000000000000, -0.000000000000000000, -1.000000000000000000 ) ) ;
#485 = CARTESIAN_POINT ( 'NONE',  ( 18.79599999999999937, 2.472929281518214053E-16, -2.019299999999983442 ) ) ;
#486 = CARTESIAN_POINT ( 'NONE',  ( 0.000000000000000000, -2.019299999999992323, -2.019299999999990991 ) ) ;
#487 = EDGE_CURVE ( 'NONE', #301, #482, #1617, .T. ) ;
#488 = DIRECTION ( 'NONE',  ( -1.000000000000000000, -0.000000000000000000, 3.642463991552350465E-16 ) ) ;
#489 = EDGE_LOOP ( 'NONE', ( #941, #1345, #841, #1713 ) ) ;
#490 = AXIS2_PLACEMENT_3D ( 'NONE', #74, #739, #82 ) ;
#491 = CARTESIAN_POINT ( 'NONE',  ( -13.74410730167443973, -1.811614144825543615, 1.811614144825547390 ) ) ;
#492 = CARTESIAN_POINT ( 'NONE',  ( -0.5427092933992269108, -2.019299999999992323, 2.019299999999994100 ) ) ;
#493 = CARTESIAN_POINT ( 'NONE',  ( -11.27213927675001059, -1.427860723249982922, 1.427860723249986252 ) ) ;
#494 =( BOUNDED_CURVE ( )  B_SPLINE_CURVE ( 3, ( #217, #897, #491, #1031 ),
 .UNSPECIFIED., .F., .F. ) 
 B_SPLINE_CURVE_WITH_KNOTS ( ( 4, 4 ),
 ( 3.141592653589793116, 3.926990816987241395 ),
 .UNSPECIFIED. ) 
 CURVE ( )  GEOMETRIC_REPRESENTATION_ITEM ( )  RATIONAL_B_SPLINE_CURVE ( ( 1.000000000000000000, 0.9492530216741911220, 0.9492530216741911220, 1.000000000000000000 ) ) 
 REPRESENTATION_ITEM ( '' )  );
#495 = ORIENTED_EDGE ( 'NONE', *, *, #698, .F. ) ;
#496 = DIRECTION ( 'NONE',  ( -0.000000000000000000, -1.000000000000000000, -0.000000000000000000 ) ) ;
#497 = CARTESIAN_POINT ( 'NONE',  ( 12.69999999999999929, -4.762500000000001954, 0.000000000000000000 ) ) ;
#498 = AXIS2_PLACEMENT_3D ( 'NONE', #668, #948, #1725 ) ;
#499 = EDGE_LOOP ( 'NONE', ( #322, #483, #735, #1602 ) ) ;
#500 = EDGE_CURVE ( 'NONE', #1449, #1539, #1576, .T. ) ;
#501 = VERTEX_POINT ( 'NONE', #145 ) ;
#502 = DIRECTION ( 'NONE',  ( -1.000000000000000000, 0.000000000000000000, 0.000000000000000000 ) ) ;
#503 = ADVANCED_FACE ( 'NONE', ( #1483, #509, #765, #381 ), #811, .F. ) ;
#504 = CARTESIAN_POINT ( 'NONE',  ( -14.71929999999999161, 0.000000000000000000, -4.762499999999998401 ) ) ;
#505 = CARTESIAN_POINT ( 'NONE',  ( 1.044107301674432220, -1.811614144825546058, -1.811614144825544059 ) ) ;
#506 = CARTESIAN_POINT ( 'NONE',  ( -12.69999999999999929, 0.000000000000000000, 4.762500000000005507 ) ) ;
#507 = CARTESIAN_POINT ( 'NONE',  ( 0.000000000000000000, 0.000000000000000000, -4.762500000000001954 ) ) ;
#508 = ORIENTED_EDGE ( 'NONE', *, *, #128, .T. ) ;
#509 = FACE_BOUND ( 'NONE', #350, .T. ) ;
#510 = CARTESIAN_POINT ( 'NONE',  ( 0.5427092933992274659, 2.019299999999992323, -2.019299999999990991 ) ) ;
#511 = EDGE_CURVE ( 'NONE', #250, #983, #1578, .T. ) ;
#512 = EDGE_CURVE ( 'NONE', #730, #1658, #4, .T. ) ;
#513 = DIRECTION ( 'NONE',  ( -0.000000000000000000, -0.000000000000000000, -1.000000000000000000 ) ) ;
#514 = VECTOR ( 'NONE', #1646, 1000.000000000000000 ) ;
#515 = DIRECTION ( 'NONE',  ( -0.000000000000000000, -1.000000000000000000, -0.000000000000000000 ) ) ;
#516 = CARTESIAN_POINT ( 'NONE',  ( -18.79599999999999937, 4.192567083542012796, 4.762500000000000178 ) ) ;
#517 = VERTEX_POINT ( 'NONE', #27 ) ;
#518 = AXIS2_PLACEMENT_3D ( 'NONE', #1295, #590, #1017 ) ;
#519 =( BOUNDED_CURVE ( )  B_SPLINE_CURVE ( 3, ( #1718, #1448, #6, #1078 ),
 .UNSPECIFIED., .F., .F. ) 
 B_SPLINE_CURVE_WITH_KNOTS ( ( 4, 4 ),
 ( 3.141592653589793116, 3.926990816987241395 ),
 .UNSPECIFIED. ) 
 CURVE ( )  GEOMETRIC_REPRESENTATION_ITEM ( )  RATIONAL_B_SPLINE_CURVE ( ( 1.000000000000000000, 0.9492530216741911220, 0.9492530216741911220, 1.000000000000000000 ) ) 
 REPRESENTATION_ITEM ( '' )  );
#520 = FACE_BOUND ( 'NONE', #1565, .T. ) ;
#521 = DIRECTION ( 'NONE',  ( -1.000000000000000000, 0.000000000000000000, 0.000000000000000000 ) ) ;
#522 = DIRECTION ( 'NONE',  ( 0.000000000000000000, 0.000000000000000000, 1.000000000000000000 ) ) ;
#523 = EDGE_LOOP ( 'NONE', ( #989, #135, #661, #1314, #770, #451 ) ) ;
#524 = AXIS2_PLACEMENT_3D ( 'NONE', #722, #1529, #595 ) ;
#525 = ORIENTED_EDGE ( 'NONE', *, *, #294, .F. ) ;
#526 = CARTESIAN_POINT ( 'NONE',  ( 18.79599999999999937, 4.192567083542019901, 4.762499999999995737 ) ) ;
#527 = DIRECTION ( 'NONE',  ( 0.000000000000000000, 0.000000000000000000, 1.000000000000000000 ) ) ;
#528 =( BOUNDED_CURVE ( )  B_SPLINE_CURVE ( 3, ( #463, #163, #1402, #1528 ),
 .UNSPECIFIED., .F., .F. ) 
 B_SPLINE_CURVE_WITH_KNOTS ( ( 4, 4 ),
 ( 5.497787143782135288, 6.283185307179586232 ),
 .UNSPECIFIED. ) 
 CURVE ( )  GEOMETRIC_REPRESENTATION_ITEM ( )  RATIONAL_B_SPLINE_CURVE ( ( 1.000000000000000000, 0.9492530216741907889, 0.9492530216741907889, 1.000000000000000000 ) ) 
 REPRESENTATION_ITEM ( '' )  );
#529 = CARTESIAN_POINT ( 'NONE',  ( 0.5427092933992301305, -2.019299999999992323, 2.019299999999994100 ) ) ;
#530 = CARTESIAN_POINT ( 'NONE',  ( -11.27213927675001237, 1.427860723249987140, -1.427860723249983588 ) ) ;
#531 = EDGE_LOOP ( 'NONE', ( #426, #1473 ) ) ;
#532 = EDGE_CURVE ( 'NONE', #1020, #501, #565, .T. ) ;
#533 = VERTEX_POINT ( 'NONE', #1254 ) ;
#534 = CARTESIAN_POINT ( 'NONE',  ( 14.71929999999999161, 2.472929281518241663E-16, -2.019300000000006534 ) ) ;
#535 = CARTESIAN_POINT ( 'NONE',  ( 0.000000000000000000, 0.000000000000000000, -4.762500000000000178 ) ) ;
#536 = AXIS2_PLACEMENT_3D ( 'NONE', #39, #582, #17 ) ;
#537 =( BOUNDED_CURVE ( )  B_SPLINE_CURVE ( 3, ( #419, #960, #851, #1655 ),
 .UNSPECIFIED., .F., .F. ) 
 B_SPLINE_CURVE_WITH_KNOTS ( ( 4, 4 ),
 ( 5.497787143782133512, 6.283185307179586232 ),
 .UNSPECIFIED. ) 
 CURVE ( )  GEOMETRIC_REPRESENTATION_ITEM ( )  RATIONAL_B_SPLINE_CURVE ( ( 1.000000000000000000, 0.9492530216741906779, 0.9492530216741906779, 1.000000000000000000 ) ) 
 REPRESENTATION_ITEM ( '' )  );
#538 = PRODUCT_RELATED_PRODUCT_CATEGORY ( 'detail', '', ( #1504 ) ) ;
#539 = VECTOR ( 'NONE', #1370, 1000.000000000000000 ) ;
#540 = CARTESIAN_POINT ( 'NONE',  ( 0.000000000000000000, -4.762500000000000178, 0.000000000000000000 ) ) ;
#541 = EDGE_LOOP ( 'NONE', ( #957, #1552, #869, #439, #992, #1423 ) ) ;
#542 = LINE ( 'NONE', #966, #1561 ) ;
#543 = AXIS2_PLACEMENT_3D ( 'NONE', #1170, #1708, #778 ) ;
#544 = EDGE_CURVE ( 'NONE', #447, #1740, #1670, .T. ) ;
#545 = EDGE_LOOP ( 'NONE', ( #252, #886, #1161, #885, #1543, #1037, #1066, #1346 ) ) ;
#546 = CIRCLE ( 'NONE', #524, 2.019299999999987882 ) ;
#547 = DIRECTION ( 'NONE',  ( 0.000000000000000000, 0.000000000000000000, -1.000000000000000000 ) ) ;
#548 = AXIS2_PLACEMENT_3D ( 'NONE', #1372, #328, #1666 ) ;
#549 = FACE_OUTER_BOUND ( 'NONE', #1681, .T. ) ;
#550 = DIRECTION ( 'NONE',  ( -1.000000000000000000, -0.000000000000000000, 3.642463991552350465E-16 ) ) ;
#551 = ORIENTED_EDGE ( 'NONE', *, *, #1117, .T. ) ;
#552 = CARTESIAN_POINT ( 'NONE',  ( -12.69999999999999929, 0.000000000000000000, -4.762500000000000178 ) ) ;
#553 =( BOUNDED_CURVE ( )  B_SPLINE_CURVE ( 3, ( #452, #319, #183, #994 ),
 .UNSPECIFIED., .F., .F. ) 
 B_SPLINE_CURVE_WITH_KNOTS ( ( 4, 4 ),
 ( 0.000000000000000000, 0.7853981633974495002 ),
 .UNSPECIFIED. ) 
 CURVE ( )  GEOMETRIC_REPRESENTATION_ITEM ( )  RATIONAL_B_SPLINE_CURVE ( ( 1.000000000000000000, 0.9492530216741910110, 0.9492530216741910110, 1.000000000000000000 ) ) 
 REPRESENTATION_ITEM ( '' )  );
#554 = ORIENTED_EDGE ( 'NONE', *, *, #351, .F. ) ;
#555 = EDGE_CURVE ( 'NONE', #94, #1193, #584, .T. ) ;
#556 = DIRECTION ( 'NONE',  ( 1.000000000000000000, 0.000000000000000000, 0.000000000000000000 ) ) ;
#557 = VERTEX_POINT ( 'NONE', #847 ) ;
#558 = CARTESIAN_POINT ( 'NONE',  ( 1.427860723249985142, 1.427860723249984698, 1.427860723249986252 ) ) ;
#559 = DIRECTION ( 'NONE',  ( 1.000000000000000000, 0.000000000000000000, 0.000000000000000000 ) ) ;
#560 = ORIENTED_EDGE ( 'NONE', *, *, #1073, .T. ) ;
#561 = FACE_OUTER_BOUND ( 'NONE', #669, .T. ) ;
#562 = ADVANCED_FACE ( 'NONE', ( #830 ), #1108, .T. ) ;
#563 = CARTESIAN_POINT ( 'NONE',  ( 2.472929281518241170E-16, 2.019299999999992323, 2.019299999999994100 ) ) ;
#564 = VERTEX_POINT ( 'NONE', #602 ) ;
#565 = LINE ( 'NONE', #1651, #91 ) ;
#566 = DIRECTION ( 'NONE',  ( -1.000000000000000000, 0.000000000000000000, 0.000000000000000000 ) ) ;
#567 = ORIENTED_EDGE ( 'NONE', *, *, #1466, .T. ) ;
#568 = VECTOR ( 'NONE', #109, 1000.000000000000000 ) ;
#569 = CARTESIAN_POINT ( 'NONE',  ( -18.79599999999999937, -4.762500000000000178, -4.192567083542014572 ) ) ;
#570 = AXIS2_PLACEMENT_3D ( 'NONE', #647, #513, #1334 ) ;
#571 = CARTESIAN_POINT ( 'NONE',  ( -12.69999999999999929, -2.019299999999992323, 2.019299999999996320 ) ) ;
#572 = EDGE_CURVE ( 'NONE', #98, #904, #188, .T. ) ;
#573 = ORIENTED_EDGE ( 'NONE', *, *, #844, .T. ) ;
#574 = ORIENTED_EDGE ( 'NONE', *, *, #1105, .F. ) ;
#575 = CARTESIAN_POINT ( 'NONE',  ( 2.019299999999980777, 0.5427092933992256896, -2.019299999999988771 ) ) ;
#576 =( BOUNDED_CURVE ( )  B_SPLINE_CURVE ( 3, ( #347, #1679, #1404, #1441 ),
 .UNSPECIFIED., .F., .F. ) 
 B_SPLINE_CURVE_WITH_KNOTS ( ( 4, 4 ),
 ( 5.497787143782137953, 7.068583470577035399 ),
 .UNSPECIFIED. ) 
 CURVE ( )  GEOMETRIC_REPRESENTATION_ITEM ( )  RATIONAL_B_SPLINE_CURVE ( ( 1.000000000000000000, 0.8047378541243648264, 0.8047378541243648264, 1.000000000000000000 ) ) 
 REPRESENTATION_ITEM ( '' )  );
#577 = EDGE_CURVE ( 'NONE', #266, #1680, #1382, .T. ) ;
#578 = CARTESIAN_POINT ( 'NONE',  ( 0.000000000000000000, 0.000000000000000000, -4.762500000000001954 ) ) ;
#579 = VERTEX_POINT ( 'NONE', #1135 ) ;
#580 = DIRECTION ( 'NONE',  ( -0.000000000000000000, -1.000000000000000000, -0.000000000000000000 ) ) ;
#581 = AXIS2_PLACEMENT_3D ( 'NONE', #1583, #97, #1176 ) ;
#582 = DIRECTION ( 'NONE',  ( -1.000000000000000000, -0.000000000000000000, 3.642463991552350465E-16 ) ) ;
#583 = ORIENTED_EDGE ( 'NONE', *, *, #137, .F. ) ;
#584 = LINE ( 'NONE', #859, #1081 ) ;
#585 = PERSON_AND_ORGANIZATION_ROLE ( 'classification_officer' ) ;
#586 = EDGE_CURVE ( 'NONE', #196, #564, #373, .T. ) ;
#587 = DIRECTION ( 'NONE',  ( 1.000000000000000000, 0.000000000000000000, 0.000000000000000000 ) ) ;
#588 = ORIENTED_EDGE ( 'NONE', *, *, #748, .T. ) ;
#589 = ORIENTED_EDGE ( 'NONE', *, *, #1555, .F. ) ;
#590 = DIRECTION ( 'NONE',  ( -0.000000000000000000, -1.000000000000000000, -0.000000000000000000 ) ) ;
#591 = CARTESIAN_POINT ( 'NONE',  ( 14.51161414482552736, 1.044107301674433330, -1.811614144825543615 ) ) ;
#592 = EDGE_LOOP ( 'NONE', ( #1626, #1594, #1007, #1102, #783, #72, #1195, #187 ) ) ;
#593 = ORIENTED_EDGE ( 'NONE', *, *, #184, .T. ) ;
#594 = CARTESIAN_POINT ( 'NONE',  ( -14.12786072324998621, 1.427860723249983810, 1.427860723249987140 ) ) ;
#595 = DIRECTION ( 'NONE',  ( 0.000000000000000000, 0.000000000000000000, -1.000000000000000000 ) ) ;
#596 = ORIENTED_EDGE ( 'NONE', *, *, #52, .T. ) ;
#597 = ORIENTED_EDGE ( 'NONE', *, *, #435, .T. ) ;
#598 = CIRCLE ( 'NONE', #626, 2.019299999999987882 ) ;
#599 = EDGE_CURVE ( 'NONE', #579, #1499, #717, .T. ) ;
#600 = CARTESIAN_POINT ( 'NONE',  ( -1.427860723249990249, 1.427860723249981811, 1.427860723249983810 ) ) ;
#601 = VECTOR ( 'NONE', #1496, 1000.000000000000000 ) ;
#602 = CARTESIAN_POINT ( 'NONE',  ( -14.12786072324998443, -1.427860723249985808, 1.427860723249989139 ) ) ;
#603 = CARTESIAN_POINT ( 'NONE',  ( 2.264282169749963103, 2.264282169749963103, 0.5914392767499985215 ) ) ;
#604 = ORIENTED_EDGE ( 'NONE', *, *, #1619, .F. ) ;
#605 = ORIENTED_EDGE ( 'NONE', *, *, #1198, .T. ) ;
#606 = CARTESIAN_POINT ( 'NONE',  ( 1.427860723249981145, -1.427860723249990693, -1.427860723249988917 ) ) ;
#607 = EDGE_CURVE ( 'NONE', #930, #1134, #1366, .T. ) ;
#608 = DIRECTION ( 'NONE',  ( -0.000000000000000000, -0.000000000000000000, -1.000000000000000000 ) ) ;
#609 = CARTESIAN_POINT ( 'NONE',  ( -1.811614144825535400, 1.044107301674426669, 1.811614144825528960 ) ) ;
#610 = EDGE_LOOP ( 'NONE', ( #222, #327, #1243, #797, #443, #551, #1238 ) ) ;
#611 = LINE ( 'NONE', #1687, #1002 ) ;
#612 = CARTESIAN_POINT ( 'NONE',  ( 2.472929281518237719E-16, -4.762500000000001954, 2.019299999999989659 ) ) ;
#613 = ORIENTED_EDGE ( 'NONE', *, *, #1555, .T. ) ;
#614 = ORIENTED_EDGE ( 'NONE', *, *, #619, .F. ) ;
#615 = DIRECTION ( 'NONE',  ( -0.000000000000000000, -1.000000000000000000, -0.000000000000000000 ) ) ;
#616 = PERSON ( 'UNSPECIFIED', 'UNSPECIFIED', 'UNSPECIFIED', ('UNSPECIFIED'), ('UNSPECIFIED'), ('UNSPECIFIED') ) ;
#617 = CARTESIAN_POINT ( 'NONE',  ( 13.24270929339922631, 2.019299999999992323, 2.019299999999992323 ) ) ;
#618 = FACE_OUTER_BOUND ( 'NONE', #280, .T. ) ;
#619 = EDGE_CURVE ( 'NONE', #266, #196, #553, .T. ) ;
#620 = EDGE_CURVE ( 'NONE', #1624, #1482, #528, .T. ) ;
#621 = FACE_BOUND ( 'NONE', #1538, .T. ) ;
#622 = CARTESIAN_POINT ( 'NONE',  ( 18.79599999999999937, -4.762500000000000178, -4.192567083542014572 ) ) ;
#623 = ORIENTED_EDGE ( 'NONE', *, *, #52, .F. ) ;
#624 = ORIENTED_EDGE ( 'NONE', *, *, #929, .F. ) ;
#625 = DIRECTION ( 'NONE',  ( 0.000000000000000000, 0.000000000000000000, -1.000000000000000000 ) ) ;
#626 = AXIS2_PLACEMENT_3D ( 'NONE', #718, #836, #1113 ) ;
#627 = DIRECTION ( 'NONE',  ( -0.000000000000000000, -1.000000000000000000, -0.000000000000000000 ) ) ;
#628 = CARTESIAN_POINT ( 'NONE',  ( -14.12786072324998266, 1.427860723249988251, -1.427860723249985142 ) ) ;
#629 = VECTOR ( 'NONE', #363, 1000.000000000000000 ) ;
#630 = CARTESIAN_POINT ( 'NONE',  ( -1.427860723249984698, -1.427860723249985142, 1.427860723249986918 ) ) ;
#631 = EDGE_CURVE ( 'NONE', #1482, #161, #757, .T. ) ;
#632 = VECTOR ( 'NONE', #627, 1000.000000000000000 ) ;
#633 = CARTESIAN_POINT ( 'NONE',  ( -18.79599999999999937, 2.472929281518213067E-16, -2.019299999999969675 ) ) ;
#634 = ORIENTED_EDGE ( 'NONE', *, *, #1085, .F. ) ;
#635 = EDGE_CURVE ( 'NONE', #1020, #946, #1415, .T. ) ;
#636 = AXIS2_PLACEMENT_3D ( 'NONE', #709, #727, #193 ) ;
#637 = LINE ( 'NONE', #504, #1022 ) ;
#638 = CARTESIAN_POINT ( 'NONE',  ( -12.69999999999999929, -4.762500000000000178, -2.019299999999989659 ) ) ;
#639 = CYLINDRICAL_SURFACE ( 'NONE', #168, 2.019299999999969675 ) ;
#640 = DIRECTION ( 'NONE',  ( -1.000000000000000000, -0.000000000000000000, 3.642463991552350465E-16 ) ) ;
#641 = CARTESIAN_POINT ( 'NONE',  ( 2.264282169749964435, 2.264282169749965323, -0.5914392767499987436 ) ) ;
#642 = ORIENTED_EDGE ( 'NONE', *, *, #728, .T. ) ;
#643 = ADVANCED_FACE ( 'NONE', ( #59 ), #1263, .F. ) ;
#644 = CARTESIAN_POINT ( 'NONE',  ( -10.68070000000000697, 2.472929281518241663E-16, 2.019299999999989659 ) ) ;
#645 = CARTESIAN_POINT ( 'NONE',  ( 18.79599999999999937, 4.762500000000000178, -4.762500000000003730 ) ) ;
#646 =( BOUNDED_CURVE ( )  B_SPLINE_CURVE ( 3, ( #86, #902, #1439, #630 ),
 .UNSPECIFIED., .F., .F. ) 
 B_SPLINE_CURVE_WITH_KNOTS ( ( 4, 4 ),
 ( 5.497787143782138841, 7.068583470577035399 ),
 .UNSPECIFIED. ) 
 CURVE ( )  GEOMETRIC_REPRESENTATION_ITEM ( )  RATIONAL_B_SPLINE_CURVE ( ( 1.000000000000000000, 0.8047378541243649375, 0.8047378541243649375, 1.000000000000000000 ) ) 
 REPRESENTATION_ITEM ( '' )  );
#647 = CARTESIAN_POINT ( 'NONE',  ( -12.69999999999999929, 0.000000000000000000, 4.762500000000005507 ) ) ;
#648 = CARTESIAN_POINT ( 'NONE',  ( 0.000000000000000000, 4.762500000000000178, 0.000000000000000000 ) ) ;
#649 = CARTESIAN_POINT ( 'NONE',  ( 1.427860723249981145, -1.427860723249990693, -1.427860723249988917 ) ) ;
#650 = ORIENTED_EDGE ( 'NONE', *, *, #1255, .F. ) ;
#651 = CARTESIAN_POINT ( 'NONE',  ( 1.427860723249985142, 1.427860723249984698, 1.427860723249986252 ) ) ;
#652 = EDGE_CURVE ( 'NONE', #1128, #256, #202, .T. ) ;
#653 = CYLINDRICAL_SURFACE ( 'NONE', #375, 2.019299999999992767 ) ;
#654 = CARTESIAN_POINT ( 'NONE',  ( 0.000000000000000000, -2.019299999999992323, -2.019299999999990991 ) ) ;
#655 =( BOUNDED_CURVE ( )  B_SPLINE_CURVE ( 3, ( #774, #1304, #1421, #1712 ),
 .UNSPECIFIED., .F., .F. ) 
 B_SPLINE_CURVE_WITH_KNOTS ( ( 4, 4 ),
 ( 0.000000000000000000, 0.7853981633974530530 ),
 .UNSPECIFIED. ) 
 CURVE ( )  GEOMETRIC_REPRESENTATION_ITEM ( )  RATIONAL_B_SPLINE_CURVE ( ( 1.000000000000000000, 0.9492530216741905669, 0.9492530216741905669, 1.000000000000000000 ) ) 
 REPRESENTATION_ITEM ( '' )  );
#656 = DIRECTION ( 'NONE',  ( 1.000000000000000000, 0.000000000000000000, 0.000000000000000000 ) ) ;
#657 = CARTESIAN_POINT ( 'NONE',  ( 13.24270929339922809, 2.019299999999992323, -2.019299999999992323 ) ) ;
#658 = ORIENTED_EDGE ( 'NONE', *, *, #1105, .T. ) ;
#659 = CLOSED_SHELL ( 'NONE', ( #820, #1621, #1275, #1212, #687, #146, #1179, #262, #136, #643, #790, #312, #682, #1313, #1241, #260, #887, #503, #116, #87, #737, #1674, #384, #843, #207, #326, #1321, #34, #1049, #227, #1652, #306, #1491, #75, #1118, #1166, #1084, #999, #781, #562, #1012, #1698 ) ) ;
#660 = APPROVAL_STATUS ( 'not_yet_approved' ) ;
#661 = ORIENTED_EDGE ( 'NONE', *, *, #1389, .T. ) ;
#662 = AXIS2_PLACEMENT_3D ( 'NONE', #1563, #496, #104 ) ;
#663 = DIRECTION ( 'NONE',  ( 0.000000000000000000, 0.000000000000000000, 1.000000000000000000 ) ) ;
#664 = DIRECTION ( 'NONE',  ( -0.000000000000000000, -1.000000000000000000, -0.000000000000000000 ) ) ;
#665 = EDGE_CURVE ( 'NONE', #45, #50, #882, .T. ) ;
#666 = ORIENTED_EDGE ( 'NONE', *, *, #635, .T. ) ;
#667 = CARTESIAN_POINT ( 'NONE',  ( 10.68070000000001230, 0.000000000000000000, -4.762500000000003730 ) ) ;
#668 = CARTESIAN_POINT ( 'NONE',  ( 0.000000000000000000, -4.762500000000000178, 1.758165685111628668E-15 ) ) ;
#669 = EDGE_LOOP ( 'NONE', ( #1632, #560, #1412, #1635, #1392, #817, #1111 ) ) ;
#670 = VECTOR ( 'NONE', #683, 1000.000000000000000 ) ;
#671 = ORIENTED_EDGE ( 'NONE', *, *, #761, .F. ) ;
#672 = DIRECTION ( 'NONE',  ( 0.000000000000000000, 0.000000000000000000, -1.000000000000000000 ) ) ;
#673 = CC_DESIGN_PERSON_AND_ORGANIZATION_ASSIGNMENT ( #967, #585, ( #71 ) ) ;
#674 = CARTESIAN_POINT ( 'NONE',  ( -23.20400000000002194, 0.000000000000000000, 0.000000000000000000 ) ) ;
#675 = DIRECTION ( 'NONE',  ( -1.000000000000000000, -0.000000000000000000, 3.642463991552350465E-16 ) ) ;
#676 = ORIENTED_EDGE ( 'NONE', *, *, #1639, .T. ) ;
#677 =( BOUNDED_CURVE ( )  B_SPLINE_CURVE ( 3, ( #1534, #1259, #1131, #1664 ),
 .UNSPECIFIED., .F., .F. ) 
 B_SPLINE_CURVE_WITH_KNOTS ( ( 4, 4 ),
 ( 5.497787143782136177, 6.283185307179586232 ),
 .UNSPECIFIED. ) 
 CURVE ( )  GEOMETRIC_REPRESENTATION_ITEM ( )  RATIONAL_B_SPLINE_CURVE ( ( 1.000000000000000000, 0.9492530216741910110, 0.9492530216741910110, 1.000000000000000000 ) ) 
 REPRESENTATION_ITEM ( '' )  );
#678 = ORIENTED_EDGE ( 'NONE', *, *, #1288, .T. ) ;
#679 = CARTESIAN_POINT ( 'NONE',  ( 0.000000000000000000, -2.019299999999992323, -2.019299999999990991 ) ) ;
#680 = CARTESIAN_POINT ( 'NONE',  ( -18.79599999999999937, 0.000000000000000000, 0.000000000000000000 ) ) ;
#681 = CIRCLE ( 'NONE', #906, 2.019299999999987882 ) ;
#682 = ADVANCED_FACE ( 'NONE', ( #1312 ), #1318, .F. ) ;
#683 = DIRECTION ( 'NONE',  ( -1.000000000000000000, -0.000000000000000000, 3.642463991552350465E-16 ) ) ;
#684 = VERTEX_POINT ( 'NONE', #752 ) ;
#685 = CARTESIAN_POINT ( 'NONE',  ( 14.71929999999999161, 2.472929281518241663E-16, 2.019299999999982553 ) ) ;
#686 = APPROVAL_DATE_TIME ( #812, #745 ) ;
#687 = ADVANCED_FACE ( 'NONE', ( #1581 ), #1711, .F. ) ;
#688 = ORIENTED_EDGE ( 'NONE', *, *, #844, .F. ) ;
#689 = CARTESIAN_POINT ( 'NONE',  ( 12.69999999999999929, -4.762500000000000178, 0.000000000000000000 ) ) ;
#690 = VECTOR ( 'NONE', #1420, 1000.000000000000000 ) ;
#691 = CARTESIAN_POINT ( 'NONE',  ( -18.79599999999999937, 4.762500000000000178, -4.762499999999998401 ) ) ;
#692 = ORIENTED_EDGE ( 'NONE', *, *, #1488, .T. ) ;
#693 = ORIENTED_EDGE ( 'NONE', *, *, #13, .T. ) ;
#694 = CARTESIAN_POINT ( 'NONE',  ( -13.24270929339922453, 2.019299999999992323, -2.019299999999989215 ) ) ;
#695 = APPROVAL_DATE_TIME ( #1109, #359 ) ;
#696 = DIRECTION ( 'NONE',  ( -0.000000000000000000, -1.000000000000000000, -0.000000000000000000 ) ) ;
#697 = ORIENTED_EDGE ( 'NONE', *, *, #1085, .T. ) ;
#698 = EDGE_CURVE ( 'NONE', #1422, #81, #376, .T. ) ;
#699 = CARTESIAN_POINT ( 'NONE',  ( 2.472929281518241170E-16, -4.762500000000000178, 2.019299999999994100 ) ) ;
#700 = CARTESIAN_POINT ( 'NONE',  ( 12.69999999999999929, -4.762500000000000178, 0.000000000000000000 ) ) ;
#701 = ORIENTED_EDGE ( 'NONE', *, *, #314, .T. ) ;
#702 = CARTESIAN_POINT ( 'NONE',  ( -14.96428216974996417, -2.264282169749965323, -0.5914392767499960790 ) ) ;
#703 = CARTESIAN_POINT ( 'NONE',  ( -23.20400000000002194, -4.192567083542012796, 4.762500000000001066 ) ) ;
#704 = ORIENTED_EDGE ( 'NONE', *, *, #374, .T. ) ;
#705 = CARTESIAN_POINT ( 'NONE',  ( -10.68070000000000164, 2.472929281518248566E-16, 4.762500000000005507 ) ) ;
#706 = DIRECTION ( 'NONE',  ( -0.000000000000000000, -1.000000000000000000, -0.000000000000000000 ) ) ;
#707 = CARTESIAN_POINT ( 'NONE',  ( 14.96428216974996239, 2.264282169749965767, -0.5914392767500000758 ) ) ;
#708 = ORIENTED_EDGE ( 'NONE', *, *, #404, .F. ) ;
#709 = CARTESIAN_POINT ( 'NONE',  ( 18.79599999999999937, 0.000000000000000000, 0.000000000000000000 ) ) ;
#710 = AXIS2_PLACEMENT_3D ( 'NONE', #1453, #142, #407 ) ;
#711 = CARTESIAN_POINT ( 'NONE',  ( 18.79599999999999937, 4.762500000000000178, -4.762500000000003730 ) ) ;
#712 =( BOUNDED_CURVE ( )  B_SPLINE_CURVE ( 3, ( #479, #909, #1572, #1409 ),
 .UNSPECIFIED., .F., .F. ) 
 B_SPLINE_CURVE_WITH_KNOTS ( ( 4, 4 ),
 ( 2.356194490192344837, 3.926990816987241395 ),
 .UNSPECIFIED. ) 
 CURVE ( )  GEOMETRIC_REPRESENTATION_ITEM ( )  RATIONAL_B_SPLINE_CURVE ( ( 1.000000000000000000, 0.8047378541243649375, 0.8047378541243649375, 1.000000000000000000 ) ) 
 REPRESENTATION_ITEM ( '' )  );
#713 = ORIENTED_EDGE ( 'NONE', *, *, #544, .F. ) ;
#714 = AXIS2_PLACEMENT_3D ( 'NONE', #353, #1542, #1446 ) ;
#715 = CARTESIAN_POINT ( 'NONE',  ( 14.12786072324998266, 1.427860723249984254, 1.427860723249984254 ) ) ;
#716 = AXIS2_PLACEMENT_3D ( 'NONE', #1682, #484, #1148 ) ;
#717 = CIRCLE ( 'NONE', #548, 2.019299999999987882 ) ;
#718 = CARTESIAN_POINT ( 'NONE',  ( 12.69999999999999929, 0.000000000000000000, -4.762500000000003730 ) ) ;
#719 = EDGE_CURVE ( 'NONE', #1690, #1320, #1672, .T. ) ;
#720 = CIRCLE ( 'NONE', #456, 2.019299999999987882 ) ;
#721 = DIRECTION ( 'NONE',  ( -1.000000000000000000, 0.000000000000000000, 0.000000000000000000 ) ) ;
#722 = CARTESIAN_POINT ( 'NONE',  ( 12.69999999999999929, -4.762500000000001954, 0.000000000000000000 ) ) ;
#723 = ORIENTED_EDGE ( 'NONE', *, *, #1299, .T. ) ;
#724 =( BOUNDED_CURVE ( )  B_SPLINE_CURVE ( 3, ( #1407, #1156, #1700, #747 ),
 .UNSPECIFIED., .F., .F. ) 
 B_SPLINE_CURVE_WITH_KNOTS ( ( 4, 4 ),
 ( 2.356194490192341284, 3.141592653589793116 ),
 .UNSPECIFIED. ) 
 CURVE ( )  GEOMETRIC_REPRESENTATION_ITEM ( )  RATIONAL_B_SPLINE_CURVE ( ( 1.000000000000000000, 0.9492530216741906779, 0.9492530216741906779, 1.000000000000000000 ) ) 
 REPRESENTATION_ITEM ( '' )  );
#725 = AXIS2_PLACEMENT_3D ( 'NONE', #497, #474, #204 ) ;
#726 = EDGE_LOOP ( 'NONE', ( #986, #418, #746, #1356, #825, #650, #666, #1518 ) ) ;
#727 = DIRECTION ( 'NONE',  ( 1.000000000000000000, 0.000000000000000000, 0.000000000000000000 ) ) ;
#728 = EDGE_CURVE ( 'NONE', #1397, #259, #1418, .T. ) ;
#729 = CARTESIAN_POINT ( 'NONE',  ( -11.27213927675001237, 1.427860723249987140, -1.427860723249983588 ) ) ;
#730 = VERTEX_POINT ( 'NONE', #1544 ) ;
#731 = DIRECTION ( 'NONE',  ( -0.000000000000000000, -0.000000000000000000, -1.000000000000000000 ) ) ;
#732 = CARTESIAN_POINT ( 'NONE',  ( -1.044107301674433552, 1.811614144825544948, -1.811614144825543393 ) ) ;
#733 = CARTESIAN_POINT ( 'NONE',  ( 2.019299999999992767, 2.472929281518241663E-16, -2.019300000000000317 ) ) ;
#734 = CARTESIAN_POINT ( 'NONE',  ( 12.69999999999999929, -2.019299999999992323, -2.019299999999992767 ) ) ;
#735 = ORIENTED_EDGE ( 'NONE', *, *, #607, .T. ) ;
#736 = ORIENTED_EDGE ( 'NONE', *, *, #1221, .T. ) ;
#737 = ADVANCED_FACE ( 'NONE', ( #1302, #621, #875, #1573 ), #1159, .F. ) ;
#738 = CIRCLE ( 'NONE', #1720, 6.344999999999999751 ) ;
#739 = DIRECTION ( 'NONE',  ( -0.000000000000000000, -0.000000000000000000, -1.000000000000000000 ) ) ;
#740 = CARTESIAN_POINT ( 'NONE',  ( -1.811614144825534289, -1.044107301674428667, 1.811614144825527628 ) ) ;
#741 = DIRECTION ( 'NONE',  ( -1.000000000000000000, 0.000000000000000000, 0.000000000000000000 ) ) ;
#742 = CARTESIAN_POINT ( 'NONE',  ( -12.69999999999999929, -2.019299999999992323, -2.019299999999989659 ) ) ;
#743 = LINE ( 'NONE', #1431, #892 ) ;
#744 = ORIENTED_EDGE ( 'NONE', *, *, #929, .T. ) ;
#745 = APPROVAL ( #1595, 'UNSPECIFIED' ) ;
#746 = ORIENTED_EDGE ( 'NONE', *, *, #942, .T. ) ;
#747 = CARTESIAN_POINT ( 'NONE',  ( 12.69999999999999929, -2.019299999999992323, 2.019299999999992767 ) ) ;
#748 = EDGE_CURVE ( 'NONE', #1231, #1705, #1695, .T. ) ;
#749 = EDGE_CURVE ( 'NONE', #259, #838, #646, .T. ) ;
#750 = DIRECTION ( 'NONE',  ( 0.000000000000000000, 0.000000000000000000, 1.000000000000000000 ) ) ;
#751 = AXIS2_PLACEMENT_3D ( 'NONE', #221, #88, #1564 ) ;
#752 = CARTESIAN_POINT ( 'NONE',  ( -11.27213927675001592, -1.427860723249988917, -1.427860723249985586 ) ) ;
#753 = DIRECTION ( 'NONE',  ( 0.000000000000000000, 0.000000000000000000, 1.000000000000000000 ) ) ;
#754 = ORIENTED_EDGE ( 'NONE', *, *, #512, .T. ) ;
#755 = ORIENTED_EDGE ( 'NONE', *, *, #945, .F. ) ;
#756 = CYLINDRICAL_SURFACE ( 'NONE', #716, 2.019299999999992767 ) ;
#757 =( BOUNDED_CURVE ( )  B_SPLINE_CURVE ( 3, ( #733, #575, #444, #987 ),
 .UNSPECIFIED., .F., .F. ) 
 B_SPLINE_CURVE_WITH_KNOTS ( ( 4, 4 ),
 ( 0.000000000000000000, 0.7853981633974502774 ),
 .UNSPECIFIED. ) 
 CURVE ( )  GEOMETRIC_REPRESENTATION_ITEM ( )  RATIONAL_B_SPLINE_CURVE ( ( 1.000000000000000000, 0.9492530216741910110, 0.9492530216741910110, 1.000000000000000000 ) ) 
 REPRESENTATION_ITEM ( '' )  );
#758 = EDGE_CURVE ( 'NONE', #764, #684, #823, .T. ) ;
#759 = DIRECTION ( 'NONE',  ( -1.000000000000000000, 0.000000000000000000, 0.000000000000000000 ) ) ;
#760 = CARTESIAN_POINT ( 'NONE',  ( 0.000000000000000000, -4.762500000000000178, 1.758165685111628668E-15 ) ) ;
#761 = EDGE_CURVE ( 'NONE', #1397, #1329, #780, .T. ) ;
#762 = VERTEX_POINT ( 'NONE', #486 ) ;
#763 = DIRECTION ( 'NONE',  ( 0.000000000000000000, 0.000000000000000000, -1.000000000000000000 ) ) ;
#764 = VERTEX_POINT ( 'NONE', #742 ) ;
#765 = FACE_BOUND ( 'NONE', #49, .T. ) ;
#766 = AXIS2_PLACEMENT_3D ( 'NONE', #93, #334, #1158 ) ;
#767 = LINE ( 'NONE', #396, #1612 ) ;
#768 = CARTESIAN_POINT ( 'NONE',  ( 14.71929999999999161, 2.472929281518241663E-16, 2.019299999999982553 ) ) ;
#769 = CARTESIAN_POINT ( 'NONE',  ( -12.69999999999999929, 4.762500000000000178, 2.019300000000001649 ) ) ;
#770 = ORIENTED_EDGE ( 'NONE', *, *, #1501, .T. ) ;
#771 = CARTESIAN_POINT ( 'NONE',  ( 10.68070000000000697, 0.000000000000000000, -4.762500000000001954 ) ) ;
#772 = EDGE_CURVE ( 'NONE', #305, #802, #611, .T. ) ;
#773 = EDGE_CURVE ( 'NONE', #1226, #475, #1601, .T. ) ;
#774 = CARTESIAN_POINT ( 'NONE',  ( 10.68070000000000697, 0.000000000000000000, -2.019300000000002093 ) ) ;
#775 = VERTEX_POINT ( 'NONE', #894 ) ;
#776 = VECTOR ( 'NONE', #640, 1000.000000000000000 ) ;
#777 = CARTESIAN_POINT ( 'NONE',  ( -13.74410730167443973, -1.811614144825543171, -1.811614144825539618 ) ) ;
#778 = DIRECTION ( 'NONE',  ( -1.000000000000000000, 0.000000000000000000, 0.000000000000000000 ) ) ;
#779 = DIRECTION ( 'NONE',  ( 1.000000000000000000, 0.000000000000000000, -1.384382429221754876E-16 ) ) ;
#780 = LINE ( 'NONE', #335, #883 ) ;
#781 = ADVANCED_FACE ( 'NONE', ( #1077 ), #1067, .T. ) ;
#782 = CARTESIAN_POINT ( 'NONE',  ( 13.74410730167443973, 1.811614144825543171, -1.811614144825543171 ) ) ;
#783 = ORIENTED_EDGE ( 'NONE', *, *, #369, .F. ) ;
#784 = CARTESIAN_POINT ( 'NONE',  ( 2.472929281518241170E-16, -2.019299999999992323, 2.019299999999994100 ) ) ;
#785 = LINE ( 'NONE', #1721, #629 ) ;
#786 = CYLINDRICAL_SURFACE ( 'NONE', #233, 2.019299999999992767 ) ;
#787 = CARTESIAN_POINT ( 'NONE',  ( 1.044107301674440880, -1.811614144825541839, 1.811614144825543615 ) ) ;
#788 = APPROVAL_ROLE ( '' ) ;
#789 = ORIENTED_EDGE ( 'NONE', *, *, #469, .T. ) ;
#790 = ADVANCED_FACE ( 'NONE', ( #1327 ), #1209, .F. ) ;
#791 = DIRECTION ( 'NONE',  ( -1.000000000000000000, -0.000000000000000000, 3.642463991552350465E-16 ) ) ;
#792 = DIRECTION ( 'NONE',  ( -1.000000000000000000, 0.000000000000000000, 0.000000000000000000 ) ) ;
#793 = AXIS2_PLACEMENT_3D ( 'NONE', #700, #1657, #1234 ) ;
#794 = CARTESIAN_POINT ( 'NONE',  ( -18.79599999999999937, 2.472929281518213067E-16, -2.019299999999969675 ) ) ;
#795 = AXIS2_PLACEMENT_3D ( 'NONE', #1248, #580, #1386 ) ;
#796 =( BOUNDED_CURVE ( )  B_SPLINE_CURVE ( 3, ( #879, #1268, #468, #606 ),
 .UNSPECIFIED., .F., .F. ) 
 B_SPLINE_CURVE_WITH_KNOTS ( ( 4, 4 ),
 ( 5.497787143782137953, 7.068583470577034511 ),
 .UNSPECIFIED. ) 
 CURVE ( )  GEOMETRIC_REPRESENTATION_ITEM ( )  RATIONAL_B_SPLINE_CURVE ( ( 1.000000000000000000, 0.8047378541243649375, 0.8047378541243649375, 1.000000000000000000 ) ) 
 REPRESENTATION_ITEM ( '' )  );
#797 = ORIENTED_EDGE ( 'NONE', *, *, #1068, .T. ) ;
#798 = EDGE_CURVE ( 'NONE', #1397, #730, #398, .T. ) ;
#799 = DIRECTION ( 'NONE',  ( -0.000000000000000000, -0.000000000000000000, -1.000000000000000000 ) ) ;
#800 = DIRECTION ( 'NONE',  ( -1.000000000000000000, 0.000000000000000000, 0.000000000000000000 ) ) ;
#801 = CARTESIAN_POINT ( 'NONE',  ( -10.43571783025003263, 2.264282169749963991, 0.5914392767500015191 ) ) ;
#802 = VERTEX_POINT ( 'NONE', #392 ) ;
#803 = CC_DESIGN_APPROVAL ( #745, ( #63 ) ) ;
#804 = PERSON_AND_ORGANIZATION_ROLE ( 'design_owner' ) ;
#805 = VERTEX_POINT ( 'NONE', #383 ) ;
#806 = CARTESIAN_POINT ( 'NONE',  ( 12.69999999999999929, -4.762500000000000178, 0.000000000000000000 ) ) ;
#807 = CARTESIAN_POINT ( 'NONE',  ( -12.69999999999999929, -4.762500000000000178, -2.019299999999989659 ) ) ;
#808 = EDGE_CURVE ( 'NONE', #378, #805, #1051, .T. ) ;
#809 = CARTESIAN_POINT ( 'NONE',  ( -18.79599999999999937, 0.000000000000000000, 0.000000000000000000 ) ) ;
#810 = EDGE_LOOP ( 'NONE', ( #162, #1257, #1053, #1371, #1396, #1098 ) ) ;
#811 = PLANE ( 'NONE',  #406 ) ;
#812 = DATE_AND_TIME ( #1484, #1121 ) ;
#813 = ORIENTED_EDGE ( 'NONE', *, *, #1, .T. ) ;
#814 = APPLICATION_CONTEXT ( 'configuration controlled 3d designs of mechanical parts and assemblies' ) ;
#815 = DIRECTION ( 'NONE',  ( 0.000000000000000000, 0.000000000000000000, 1.000000000000000000 ) ) ;
#816 = PLANE ( 'NONE',  #1306 ) ;
#817 = ORIENTED_EDGE ( 'NONE', *, *, #1252, .T. ) ;
#818 = CIRCLE ( 'NONE', #401, 2.019299999999998096 ) ;
#819 = ORIENTED_EDGE ( 'NONE', *, *, #1322, .T. ) ;
#820 = ADVANCED_FACE ( 'NONE', ( #1738 ), #1470, .F. ) ;
#821 = CARTESIAN_POINT ( 'NONE',  ( -13.74410730167443440, 1.811614144825544281, -1.811614144825540951 ) ) ;
#822 = EDGE_CURVE ( 'NONE', #290, #1680, #720, .T. ) ;
#823 =( BOUNDED_CURVE ( )  B_SPLINE_CURVE ( 3, ( #1447, #354, #229, #239 ),
 .UNSPECIFIED., .F., .F. ) 
 B_SPLINE_CURVE_WITH_KNOTS ( ( 4, 4 ),
 ( 0.000000000000000000, 0.7853981633974467247 ),
 .UNSPECIFIED. ) 
 CURVE ( )  GEOMETRIC_REPRESENTATION_ITEM ( )  RATIONAL_B_SPLINE_CURVE ( ( 1.000000000000000000, 0.9492530216741912330, 0.9492530216741912330, 1.000000000000000000 ) ) 
 REPRESENTATION_ITEM ( '' )  );
#824 = CYLINDRICAL_SURFACE ( 'NONE', #935, 2.019299999999969675 ) ;
#825 = ORIENTED_EDGE ( 'NONE', *, *, #899, .T. ) ;
#826 = AXIS2_PLACEMENT_3D ( 'NONE', #15, #297, #835 ) ;
#827 = CARTESIAN_POINT ( 'NONE',  ( 14.71929999999999161, 2.472929281518241663E-16, -4.762500000000001954 ) ) ;
#828 = FACE_OUTER_BOUND ( 'NONE', #499, .T. ) ;
#829 = ORIENTED_EDGE ( 'NONE', *, *, #1361, .T. ) ;
#830 = FACE_OUTER_BOUND ( 'NONE', #1070, .T. ) ;
#831 = CARTESIAN_POINT ( 'NONE',  ( -12.69999999999999929, 2.019299999999992323, -2.019299999999989659 ) ) ;
#832 =( BOUNDED_CURVE ( )  B_SPLINE_CURVE ( 3, ( #734, #884, #1043, #1014 ),
 .UNSPECIFIED., .F., .F. ) 
 B_SPLINE_CURVE_WITH_KNOTS ( ( 4, 4 ),
 ( 0.000000000000000000, 0.7853981633974486121 ),
 .UNSPECIFIED. ) 
 CURVE ( )  GEOMETRIC_REPRESENTATION_ITEM ( )  RATIONAL_B_SPLINE_CURVE ( ( 1.000000000000000000, 0.9492530216741911220, 0.9492530216741911220, 1.000000000000000000 ) ) 
 REPRESENTATION_ITEM ( '' )  );
#833 = ORIENTED_EDGE ( 'NONE', *, *, #1488, .F. ) ;
#834 = APPROVAL_PERSON_ORGANIZATION ( #922, #1296, #1194 ) ;
#835 = DIRECTION ( 'NONE',  ( 0.000000000000000000, 0.000000000000000000, -1.000000000000000000 ) ) ;
#836 = DIRECTION ( 'NONE',  ( -0.000000000000000000, -0.000000000000000000, -1.000000000000000000 ) ) ;
#837 = ORIENTED_EDGE ( 'NONE', *, *, #1030, .F. ) ;
#838 = VERTEX_POINT ( 'NONE', #278 ) ;
#839 = CARTESIAN_POINT ( 'NONE',  ( -23.20400000000002194, 4.762500000000000178, 4.192567083542014572 ) ) ;
#840 = DIRECTION ( 'NONE',  ( 0.000000000000000000, 0.000000000000000000, -1.000000000000000000 ) ) ;
#841 = ORIENTED_EDGE ( 'NONE', *, *, #532, .F. ) ;
#842 = DIRECTION ( 'NONE',  ( -1.000000000000000000, 0.000000000000000000, 0.000000000000000000 ) ) ;
#843 = ADVANCED_FACE ( 'NONE', ( #549 ), #1342, .F. ) ;
#844 = EDGE_CURVE ( 'NONE', #980, #862, #1182, .T. ) ;
#845 = LINE ( 'NONE', #984, #539 ) ;
#846 = ORIENTED_EDGE ( 'NONE', *, *, #445, .F. ) ;
#847 = CARTESIAN_POINT ( 'NONE',  ( 18.79599999999999937, -4.192567083542019901, -4.762499999999996625 ) ) ;
#848 = AXIS2_PLACEMENT_3D ( 'NONE', #1133, #556, #1365 ) ;
#849 = CARTESIAN_POINT ( 'NONE',  ( 1.427860723249985142, 1.427860723249984698, 1.427860723249986252 ) ) ;
#850 = ORIENTED_EDGE ( 'NONE', *, *, #953, .F. ) ;
#851 = CARTESIAN_POINT ( 'NONE',  ( 10.68070000000001762, 0.5427092933992275769, -2.019299999999991879 ) ) ;
#852 = CIRCLE ( 'NONE', #570, 2.019299999999998096 ) ;
#853 =( BOUNDED_CURVE ( )  B_SPLINE_CURVE ( 3, ( #423, #777, #1494, #1350 ),
 .UNSPECIFIED., .F., .F. ) 
 B_SPLINE_CURVE_WITH_KNOTS ( ( 4, 4 ),
 ( 5.497787143782137953, 6.283185307179586232 ),
 .UNSPECIFIED. ) 
 CURVE ( )  GEOMETRIC_REPRESENTATION_ITEM ( )  RATIONAL_B_SPLINE_CURVE ( ( 1.000000000000000000, 0.9492530216741911220, 0.9492530216741911220, 1.000000000000000000 ) ) 
 REPRESENTATION_ITEM ( '' )  );
#854 = EDGE_CURVE ( 'NONE', #1368, #1465, #1088, .T. ) ;
#855 = CIRCLE ( 'NONE', #1590, 2.019299999999998096 ) ;
#856 = DIRECTION ( 'NONE',  ( 1.000000000000000000, 0.000000000000000000, 0.000000000000000000 ) ) ;
#857 = AXIS2_PLACEMENT_3D ( 'NONE', #1282, #1027, #763 ) ;
#858 = ORIENTED_EDGE ( 'NONE', *, *, #1723, .F. ) ;
#859 = CARTESIAN_POINT ( 'NONE',  ( -2.019299999999992767, 0.000000000000000000, -4.762500000000000178 ) ) ;
#860 = COORDINATED_UNIVERSAL_TIME_OFFSET ( 6, 0, .BEHIND. ) ;
#861 = DIRECTION ( 'NONE',  ( -0.000000000000000000, -0.000000000000000000, -1.000000000000000000 ) ) ;
#862 = VERTEX_POINT ( 'NONE', #955 ) ;
#863 = VERTEX_POINT ( 'NONE', #1479 ) ;
#864 = CARTESIAN_POINT ( 'NONE',  ( -10.68070000000000697, 2.472929281518241663E-16, 2.019299999999989659 ) ) ;
#865 = PRODUCT_DEFINITION_FORMATION_WITH_SPECIFIED_SOURCE ( 'ANY', '', #1504, .NOT_KNOWN. ) ;
#866 = CARTESIAN_POINT ( 'NONE',  ( 0.000000000000000000, -4.762500000000001954, 1.758165685111628668E-15 ) ) ;
#867 = EDGE_CURVE ( 'NONE', #1134, #1728, #85, .T. ) ;
#868 = CARTESIAN_POINT ( 'NONE',  ( -12.69999999999999929, -4.762500000000001954, 3.516331370223257336E-15 ) ) ;
#869 = ORIENTED_EDGE ( 'NONE', *, *, #978, .T. ) ;
#870 = ORIENTED_EDGE ( 'NONE', *, *, #294, .T. ) ;
#871 = DIRECTION ( 'NONE',  ( -1.000000000000000000, -0.000000000000000000, 3.642463991552350465E-16 ) ) ;
#872 = CARTESIAN_POINT ( 'NONE',  ( -18.79599999999999937, 0.000000000000000000, 2.019299999999979889 ) ) ;
#873 = DIRECTION ( 'NONE',  ( -1.000000000000000000, -0.000000000000000000, 3.642463991552350465E-16 ) ) ;
#874 = ORIENTED_EDGE ( 'NONE', *, *, #1073, .F. ) ;
#875 = FACE_BOUND ( 'NONE', #1155, .T. ) ;
#876 = EDGE_CURVE ( 'NONE', #45, #1106, #166, .T. ) ;
#877 = ORIENTED_EDGE ( 'NONE', *, *, #361, .T. ) ;
#878 = VERTEX_POINT ( 'NONE', #1724 ) ;
#879 = CARTESIAN_POINT ( 'NONE',  ( 1.427860723249990693, -1.427860723249981145, 1.427860723249983144 ) ) ;
#880 = CARTESIAN_POINT ( 'NONE',  ( 11.27213927675001415, -1.427860723249984920, 1.427860723249985142 ) ) ;
#881 = ORIENTED_EDGE ( 'NONE', *, *, #1579, .T. ) ;
#882 = LINE ( 'NONE', #366, #776 ) ;
#883 = VECTOR ( 'NONE', #1013, 1000.000000000000000 ) ;
#884 = CARTESIAN_POINT ( 'NONE',  ( 13.24270929339922809, -2.019299999999992323, -2.019299999999992323 ) ) ;
#885 = ORIENTED_EDGE ( 'NONE', *, *, #1556, .F. ) ;
#886 = ORIENTED_EDGE ( 'NONE', *, *, #798, .T. ) ;
#887 = ADVANCED_FACE ( 'NONE', ( #414, #1490 ), #816, .F. ) ;
#888 = CARTESIAN_POINT ( 'NONE',  ( 2.472929281518241170E-16, 2.019299999999992323, 2.019299999999994100 ) ) ;
#889 = EDGE_CURVE ( 'NONE', #775, #557, #247, .T. ) ;
#890 =( BOUNDED_CURVE ( )  B_SPLINE_CURVE ( 3, ( #24, #442, #591, #471 ),
 .UNSPECIFIED., .F., .F. ) 
 B_SPLINE_CURVE_WITH_KNOTS ( ( 4, 4 ),
 ( 0.000000000000000000, 0.7853981633974503884 ),
 .UNSPECIFIED. ) 
 CURVE ( )  GEOMETRIC_REPRESENTATION_ITEM ( )  RATIONAL_B_SPLINE_CURVE ( ( 1.000000000000000000, 0.9492530216741910110, 0.9492530216741910110, 1.000000000000000000 ) ) 
 REPRESENTATION_ITEM ( '' )  );
#891 = DIRECTION ( 'NONE',  ( -1.000000000000000000, 0.000000000000000000, 0.000000000000000000 ) ) ;
#892 = VECTOR ( 'NONE', #1019, 1000.000000000000000 ) ;
#893 = VERTEX_POINT ( 'NONE', #667 ) ;
#894 = CARTESIAN_POINT ( 'NONE',  ( -18.79599999999999937, -4.192567083542016348, -4.762499999999996625 ) ) ;
#895 = CARTESIAN_POINT ( 'NONE',  ( 1.427860723249985142, 1.427860723249984698, 1.427860723249986252 ) ) ;
#896 = ORIENTED_EDGE ( 'NONE', *, *, #1545, .F. ) ;
#897 = CARTESIAN_POINT ( 'NONE',  ( -13.24270929339922809, -2.019299999999992323, 2.019299999999995876 ) ) ;
#898 = FACE_OUTER_BOUND ( 'NONE', #172, .T. ) ;
#899 = EDGE_CURVE ( 'NONE', #1532, #557, #1694, .T. ) ;
#900 = DIRECTION ( 'NONE',  ( -0.000000000000000000, -1.000000000000000000, -0.000000000000000000 ) ) ;
#901 = FACE_OUTER_BOUND ( 'NONE', #1608, .T. ) ;
#902 = CARTESIAN_POINT ( 'NONE',  ( -2.264282169749965323, -2.264282169749964879, -0.5914392767499992987 ) ) ;
#903 = CARTESIAN_POINT ( 'NONE',  ( -12.69999999999999929, 4.762500000000000178, 3.516331370223257336E-15 ) ) ;
#904 = VERTEX_POINT ( 'NONE', #1638 ) ;
#905 = CARTESIAN_POINT ( 'NONE',  ( -14.12786072324998266, 1.427860723249988251, -1.427860723249985142 ) ) ;
#906 = AXIS2_PLACEMENT_3D ( 'NONE', #342, #1143, #741 ) ;
#907 = CARTESIAN_POINT ( 'NONE',  ( 0.000000000000000000, 2.019299999999992323, -2.019299999999990991 ) ) ;
#908 = CARTESIAN_POINT ( 'NONE',  ( 18.79599999999999937, 4.762500000000000178, -4.762500000000003730 ) ) ;
#909 = CARTESIAN_POINT ( 'NONE',  ( -2.264282169749963991, 2.264282169749963991, 0.5914392767499971892 ) ) ;
#910 = EDGE_CURVE ( 'NONE', #318, #402, #1250, .T. ) ;
#911 = AXIS2_PLACEMENT_3D ( 'NONE', #952, #1232, #1123 ) ;
#912 = ORIENTED_EDGE ( 'NONE', *, *, #511, .T. ) ;
#913 = CARTESIAN_POINT ( 'NONE',  ( 12.69999999999999929, -4.762500000000000178, 2.019299999999992767 ) ) ;
#914 = CARTESIAN_POINT ( 'NONE',  ( 11.27213927675001948, 1.427860723249991581, -1.427860723249991581 ) ) ;
#915 = EDGE_LOOP ( 'NONE', ( #1505, #744, #939, #1021 ) ) ;
#916 =( NAMED_UNIT ( * ) SI_UNIT ( $, .STERADIAN. ) SOLID_ANGLE_UNIT ( ) );
#917 = DIRECTION ( 'NONE',  ( -0.000000000000000000, -0.000000000000000000, -1.000000000000000000 ) ) ;
#918 = LINE ( 'NONE', #117, #286 ) ;
#919 = DIRECTION ( 'NONE',  ( 0.000000000000000000, 0.000000000000000000, -1.000000000000000000 ) ) ;
#920 = CARTESIAN_POINT ( 'NONE',  ( 14.12786072324998621, 1.427860723249987585, -1.427860723249987585 ) ) ;
#921 = ORIENTED_EDGE ( 'NONE', *, *, #1630, .T. ) ;
#922 = PERSON_AND_ORGANIZATION ( #616, #1009 ) ;
#923 = VERTEX_POINT ( 'NONE', #170 ) ;
#924 = DIRECTION ( 'NONE',  ( -0.000000000000000000, -1.000000000000000000, -0.000000000000000000 ) ) ;
#925 = CARTESIAN_POINT ( 'NONE',  ( 14.12786072324998621, -1.427860723249987585, -1.427860723249987585 ) ) ;
#926 = CARTESIAN_POINT ( 'NONE',  ( 12.69999999999999929, -4.762500000000000178, -2.019299999999992767 ) ) ;
#927 = CYLINDRICAL_SURFACE ( 'NONE', #1317, 2.019299999999969675 ) ;
#928 = ORIENTED_EDGE ( 'NONE', *, *, #23, .T. ) ;
#929 = EDGE_CURVE ( 'NONE', #1728, #1548, #845, .T. ) ;
#930 = VERTEX_POINT ( 'NONE', #1001 ) ;
#931 = DIRECTION ( 'NONE',  ( -0.000000000000000000, -1.000000000000000000, -0.000000000000000000 ) ) ;
#932 = DIRECTION ( 'NONE',  ( 0.000000000000000000, 0.000000000000000000, -1.000000000000000000 ) ) ;
#933 = AXIS2_PLACEMENT_3D ( 'NONE', #680, #656, #1347 ) ;
#934 = EDGE_LOOP ( 'NONE', ( #1204, #754, #1087, #1213, #1438, #975, #130 ) ) ;
#935 = AXIS2_PLACEMENT_3D ( 'NONE', #1188, #791, #1451 ) ;
#936 = DIRECTION ( 'NONE',  ( -1.000000000000000000, -0.000000000000000000, 3.642463991552350465E-16 ) ) ;
#937 =( BOUNDED_CURVE ( )  B_SPLINE_CURVE ( 3, ( #1283, #641, #603, #895 ),
 .UNSPECIFIED., .F., .F. ) 
 B_SPLINE_CURVE_WITH_KNOTS ( ( 4, 4 ),
 ( 2.356194490192346613, 3.926990816987242727 ),
 .UNSPECIFIED. ) 
 CURVE ( )  GEOMETRIC_REPRESENTATION_ITEM ( )  RATIONAL_B_SPLINE_CURVE ( ( 1.000000000000000000, 0.8047378541243650485, 0.8047378541243650485, 1.000000000000000000 ) ) 
 REPRESENTATION_ITEM ( '' )  );
#938 = FACE_OUTER_BOUND ( 'NONE', #592, .T. ) ;
#939 = ORIENTED_EDGE ( 'NONE', *, *, #1361, .F. ) ;
#940 = AXIS2_PLACEMENT_3D ( 'NONE', #1549, #1433, #1277 ) ;
#941 = ORIENTED_EDGE ( 'NONE', *, *, #889, .F. ) ;
#942 = EDGE_CURVE ( 'NONE', #22, #1493, #112, .T. ) ;
#943 = VECTOR ( 'NONE', #936, 1000.000000000000000 ) ;
#944 = CARTESIAN_POINT ( 'NONE',  ( -1.427860723249987140, -1.427860723249986696, -1.427860723249985142 ) ) ;
#945 = EDGE_CURVE ( 'NONE', #1074, #1662, #32, .T. ) ;
#946 = VERTEX_POINT ( 'NONE', #160 ) ;
#947 = CARTESIAN_POINT ( 'NONE',  ( 11.27213927675001415, 1.427860723249984920, 1.427860723249985142 ) ) ;
#948 = DIRECTION ( 'NONE',  ( -0.000000000000000000, -1.000000000000000000, -0.000000000000000000 ) ) ;
#949 = ORIENTED_EDGE ( 'NONE', *, *, #876, .T. ) ;
#950 = VECTOR ( 'NONE', #550, 1000.000000000000000 ) ;
#951 = ORIENTED_EDGE ( 'NONE', *, *, #180, .F. ) ;
#952 = CARTESIAN_POINT ( 'NONE',  ( -12.69999999999999929, 0.000000000000000000, -4.762499999999998401 ) ) ;
#953 = EDGE_CURVE ( 'NONE', #893, #1261, #598, .T. ) ;
#954 = DIRECTION ( 'NONE',  ( -0.000000000000000000, -1.000000000000000000, -0.000000000000000000 ) ) ;
#955 = CARTESIAN_POINT ( 'NONE',  ( 12.69999999999999929, 2.019299999999992323, 2.019299999999992767 ) ) ;
#956 = ORIENTED_EDGE ( 'NONE', *, *, #635, .F. ) ;
#957 = ORIENTED_EDGE ( 'NONE', *, *, #1221, .F. ) ;
#958 = PERSON_AND_ORGANIZATION_ROLE ( 'creator' ) ;
#959 = ORIENTED_EDGE ( 'NONE', *, *, #65, .F. ) ;
#960 = CARTESIAN_POINT ( 'NONE',  ( 10.88838585517446766, 1.044107301674436883, -1.811614144825541395 ) ) ;
#961 = CC_DESIGN_PERSON_AND_ORGANIZATION_ASSIGNMENT ( #1072, #804, ( #1504 ) ) ;
#962 = ORIENTED_EDGE ( 'NONE', *, *, #586, .F. ) ;
#963 = DIRECTION ( 'NONE',  ( -0.000000000000000000, -0.000000000000000000, -1.000000000000000000 ) ) ;
#964 = ORIENTED_EDGE ( 'NONE', *, *, #1377, .T. ) ;
#965 = AXIS2_PLACEMENT_3D ( 'NONE', #1333, #1308, #663 ) ;
#966 = CARTESIAN_POINT ( 'NONE',  ( -18.79599999999999937, 4.762500000000000178, -4.762499999999998401 ) ) ;
#967 = PERSON_AND_ORGANIZATION ( #616, #1009 ) ;
#968 = LINE ( 'NONE', #979, #284 ) ;
#969 = ORIENTED_EDGE ( 'NONE', *, *, #1535, .T. ) ;
#970 = AXIS2_PLACEMENT_3D ( 'NONE', #908, #792, #527 ) ;
#971 = CYLINDRICAL_SURFACE ( 'NONE', #1667, 2.019299999999992767 ) ;
#972 = ORIENTED_EDGE ( 'NONE', *, *, #107, .T. ) ;
#973 = CARTESIAN_POINT ( 'NONE',  ( -1.427860723249981811, 1.427860723249989805, -1.427860723249988251 ) ) ;
#974 = ORIENTED_EDGE ( 'NONE', *, *, #1332, .F. ) ;
#975 = ORIENTED_EDGE ( 'NONE', *, *, #577, .T. ) ;
#976 = CARTESIAN_POINT ( 'NONE',  ( -14.96428216974996239, -2.264282169749963991, 0.5914392767500021852 ) ) ;
#977 = PERSON_AND_ORGANIZATION ( #616, #1009 ) ;
#978 = EDGE_CURVE ( 'NONE', #1499, #579, #1717, .T. ) ;
#979 = CARTESIAN_POINT ( 'NONE',  ( 0.000000000000000000, -4.762500000000000178, -2.019299999999990991 ) ) ;
#980 = VERTEX_POINT ( 'NONE', #1251 ) ;
#981 = CIRCLE ( 'NONE', #267, 6.344999999999999751 ) ;
#982 = CARTESIAN_POINT ( 'NONE',  ( -18.79599999999999937, 4.762500000000000178, -4.762499999999998401 ) ) ;
#983 = VERTEX_POINT ( 'NONE', #420 ) ;
#984 = CARTESIAN_POINT ( 'NONE',  ( -18.79599999999999937, 4.762500000000000178, 4.762500000000001954 ) ) ;
#985 = ORIENTED_EDGE ( 'NONE', *, *, #899, .F. ) ;
#986 = ORIENTED_EDGE ( 'NONE', *, *, #1414, .T. ) ;
#987 = CARTESIAN_POINT ( 'NONE',  ( 1.427860723249986696, 1.427860723249987140, -1.427860723249985808 ) ) ;
#988 = CARTESIAN_POINT ( 'NONE',  ( -11.27213927675001592, -1.427860723249988917, -1.427860723249985586 ) ) ;
#989 = ORIENTED_EDGE ( 'NONE', *, *, #1299, .F. ) ;
#990 = CARTESIAN_POINT ( 'NONE',  ( -12.69999999999999929, -4.762500000000001954, 3.516331370223257336E-15 ) ) ;
#991 = DIRECTION ( 'NONE',  ( -0.000000000000000000, -0.000000000000000000, -1.000000000000000000 ) ) ;
#992 = ORIENTED_EDGE ( 'NONE', *, *, #169, .F. ) ;
#993 = CARTESIAN_POINT ( 'NONE',  ( 2.472929281518241170E-16, 2.019299999999992323, 2.019299999999994100 ) ) ;
#994 = CARTESIAN_POINT ( 'NONE',  ( -14.12786072324998621, -1.427860723249986252, -1.427860723249983144 ) ) ;
#995 = VECTOR ( 'NONE', #924, 1000.000000000000000 ) ;
#996 = CARTESIAN_POINT ( 'NONE',  ( -14.12786072324998621, 1.427860723249983810, 1.427860723249987140 ) ) ;
#997 = EDGE_LOOP ( 'NONE', ( #455, #1174, #400, #206, #736, #1456, #1485 ) ) ;
#998 = EDGE_LOOP ( 'NONE', ( #300, #583, #678, #415, #332, #972, #877 ) ) ;
#999 = ADVANCED_FACE ( 'NONE', ( #1498 ), #288, .F. ) ;
#1000 = CARTESIAN_POINT ( 'NONE',  ( 14.12786072324998976, -1.427860723249979813, 1.427860723249979813 ) ) ;
#1001 = CARTESIAN_POINT ( 'NONE',  ( 18.79599999999999937, 4.762500000000000178, 4.192567083542010131 ) ) ;
#1002 = VECTOR ( 'NONE', #480, 1000.000000000000000 ) ;
#1003 = APPLICATION_CONTEXT ( 'configuration controlled 3d designs of mechanical parts and assemblies' ) ;
#1004 = CARTESIAN_POINT ( 'NONE',  ( -23.20400000000002194, 0.000000000000000000, 0.000000000000000000 ) ) ;
#1005 = CARTESIAN_POINT ( 'NONE',  ( -2.019299999999992767, 0.000000000000000000, -2.019299999999998541 ) ) ;
#1006 = ORIENTED_EDGE ( 'NONE', *, *, #619, .T. ) ;
#1007 = ORIENTED_EDGE ( 'NONE', *, *, #620, .F. ) ;
#1008 =( BOUNDED_CURVE ( )  B_SPLINE_CURVE ( 3, ( #295, #1110, #28, #1005 ),
 .UNSPECIFIED., .F., .F. ) 
 B_SPLINE_CURVE_WITH_KNOTS ( ( 4, 4 ),
 ( 5.497787143782135288, 6.283185307179586232 ),
 .UNSPECIFIED. ) 
 CURVE ( )  GEOMETRIC_REPRESENTATION_ITEM ( )  RATIONAL_B_SPLINE_CURVE ( ( 1.000000000000000000, 0.9492530216741907889, 0.9492530216741907889, 1.000000000000000000 ) ) 
 REPRESENTATION_ITEM ( '' )  );
#1009 = ORGANIZATION ( 'UNSPECIFIED', 'UNSPECIFIED', '' ) ;
#1010 = CARTESIAN_POINT ( 'NONE',  ( -2.019299999999980777, -0.5427092933992233581, 2.019299999999974560 ) ) ;
#1011 = LINE ( 'NONE', #1018, #1410 ) ;
#1012 = ADVANCED_FACE ( 'NONE', ( #828 ), #1260, .T. ) ;
#1013 = DIRECTION ( 'NONE',  ( -0.000000000000000000, -0.000000000000000000, -1.000000000000000000 ) ) ;
#1014 = CARTESIAN_POINT ( 'NONE',  ( 14.12786072324998621, -1.427860723249987585, -1.427860723249987585 ) ) ;
#1015 = ORIENTED_EDGE ( 'NONE', *, *, #1434, .T. ) ;
#1016 = EDGE_LOOP ( 'NONE', ( #1107, #912, #1530, #959, #846, #1266 ) ) ;
#1017 = DIRECTION ( 'NONE',  ( 0.000000000000000000, 0.000000000000000000, -1.000000000000000000 ) ) ;
#1018 = CARTESIAN_POINT ( 'NONE',  ( -18.79599999999999937, 2.472929281518213067E-16, -2.019299999999969675 ) ) ;
#1019 = DIRECTION ( 'NONE',  ( -1.000000000000000000, 0.000000000000000000, 0.000000000000000000 ) ) ;
#1020 = VERTEX_POINT ( 'NONE', #1631 ) ;
#1021 = ORIENTED_EDGE ( 'NONE', *, *, #1264, .F. ) ;
#1022 = VECTOR ( 'NONE', #1603, 1000.000000000000000 ) ;
#1023 = CARTESIAN_POINT ( 'NONE',  ( 14.12786072324998621, -1.427860723249987585, -1.427860723249987585 ) ) ;
#1024 = CIRCLE ( 'NONE', #1337, 2.019299999999979889 ) ;
#1025 = DIRECTION ( 'NONE',  ( -0.000000000000000000, -0.000000000000000000, -1.000000000000000000 ) ) ;
#1026 = AXIS2_PLACEMENT_3D ( 'NONE', #552, #1099, #1178 ) ;
#1027 = DIRECTION ( 'NONE',  ( -0.000000000000000000, -1.000000000000000000, -0.000000000000000000 ) ) ;
#1028 = CYLINDRICAL_SURFACE ( 'NONE', #751, 2.019299999999992767 ) ;
#1029 = ORIENTED_EDGE ( 'NONE', *, *, #599, .T. ) ;
#1030 = EDGE_CURVE ( 'NONE', #1199, #50, #1401, .T. ) ;
#1031 = CARTESIAN_POINT ( 'NONE',  ( -14.12786072324998443, -1.427860723249985808, 1.427860723249989139 ) ) ;
#1032 = FACE_OUTER_BOUND ( 'NONE', #19, .T. ) ;
#1033 = CYLINDRICAL_SURFACE ( 'NONE', #1050, 2.019299999999992767 ) ;
#1034 = FACE_OUTER_BOUND ( 'NONE', #1516, .T. ) ;
#1035 = VECTOR ( 'NONE', #377, 1000.000000000000000 ) ;
#1036 =( BOUNDED_CURVE ( )  B_SPLINE_CURVE ( 3, ( #1316, #1185, #1707, #1627 ),
 .UNSPECIFIED., .F., .F. ) 
 B_SPLINE_CURVE_WITH_KNOTS ( ( 4, 4 ),
 ( 3.141592653589793116, 3.926990816987239619 ),
 .UNSPECIFIED. ) 
 CURVE ( )  GEOMETRIC_REPRESENTATION_ITEM ( )  RATIONAL_B_SPLINE_CURVE ( ( 1.000000000000000000, 0.9492530216741912330, 0.9492530216741912330, 1.000000000000000000 ) ) 
 REPRESENTATION_ITEM ( '' )  );
#1037 = ORIENTED_EDGE ( 'NONE', *, *, #12, .F. ) ;
#1038 = ORIENTED_EDGE ( 'NONE', *, *, #1315, .F. ) ;
#1039 = CARTESIAN_POINT ( 'NONE',  ( 12.69999999999999929, -4.762500000000000178, -2.019299999999992767 ) ) ;
#1040 = CARTESIAN_POINT ( 'NONE',  ( 18.79599999999999937, 4.762500000000000178, -4.762500000000003730 ) ) ;
#1041 = CARTESIAN_POINT ( 'NONE',  ( -14.71929999999999161, 0.000000000000000000, 2.019299999999990547 ) ) ;
#1042 = DIRECTION ( 'NONE',  ( -0.000000000000000000, -0.000000000000000000, -1.000000000000000000 ) ) ;
#1043 = CARTESIAN_POINT ( 'NONE',  ( 13.74410730167443973, -1.811614144825543171, -1.811614144825543171 ) ) ;
#1044 = ORIENTED_EDGE ( 'NONE', *, *, #867, .F. ) ;
#1045 = CARTESIAN_POINT ( 'NONE',  ( 14.51161414482553447, -1.044107301674424670, 1.811614144825523631 ) ) ;
#1046 = CIRCLE ( 'NONE', #1353, 2.019299999999998096 ) ;
#1047 = DIRECTION ( 'NONE',  ( -1.000000000000000000, 0.000000000000000000, 0.000000000000000000 ) ) ;
#1048 = CARTESIAN_POINT ( 'NONE',  ( 11.27213927675001948, -1.427860723249991581, -1.427860723249991581 ) ) ;
#1049 = ADVANCED_FACE ( 'NONE', ( #1524 ), #179, .F. ) ;
#1050 = AXIS2_PLACEMENT_3D ( 'NONE', #1571, #900, #672 ) ;
#1051 = LINE ( 'NONE', #926, #264 ) ;
#1052 = DIRECTION ( 'NONE',  ( 0.000000000000000000, 0.000000000000000000, -1.000000000000000000 ) ) ;
#1053 = ORIENTED_EDGE ( 'NONE', *, *, #125, .F. ) ;
#1054 = DATE_TIME_ROLE ( 'creation_date' ) ;
#1055 = CARTESIAN_POINT ( 'NONE',  ( 1.044107301674437327, 1.811614144825543171, -1.811614144825541839 ) ) ;
#1056 = FACE_BOUND ( 'NONE', #1492, .T. ) ;
#1057 = CARTESIAN_POINT ( 'NONE',  ( 0.000000000000000000, 0.000000000000000000, -4.762500000000000178 ) ) ;
#1058 = EDGE_CURVE ( 'NONE', #216, #1539, #450, .T. ) ;
#1059 = AXIS2_PLACEMENT_3D ( 'NONE', #507, #60, #1546 ) ;
#1060 = CARTESIAN_POINT ( 'NONE',  ( -1.427860723249981811, 1.427860723249989805, -1.427860723249988251 ) ) ;
#1061 = ORIENTED_EDGE ( 'NONE', *, *, #1375, .F. ) ;
#1062 = COORDINATED_UNIVERSAL_TIME_OFFSET ( 6, 0, .BEHIND. ) ;
#1063 = ORIENTED_EDGE ( 'NONE', *, *, #1030, .T. ) ;
#1064 = CARTESIAN_POINT ( 'NONE',  ( 18.79599999999999937, 4.762500000000000178, 4.762499999999996625 ) ) ;
#1065 = CARTESIAN_POINT ( 'NONE',  ( 14.71929999999997740, -0.5427092933992255785, -2.019299999999992767 ) ) ;
#1066 = ORIENTED_EDGE ( 'NONE', *, *, #56, .F. ) ;
#1067 = CYLINDRICAL_SURFACE ( 'NONE', #119, 6.344999999999999751 ) ;
#1068 = EDGE_CURVE ( 'NONE', #1190, #250, #352, .T. ) ;
#1069 = FACE_BOUND ( 'NONE', #1391, .T. ) ;
#1070 = EDGE_LOOP ( 'NONE', ( #1495, #985, #29, #676 ) ) ;
#1071 =( BOUNDED_CURVE ( )  B_SPLINE_CURVE ( 3, ( #1685, #1290, #77, #1041 ),
 .UNSPECIFIED., .F., .F. ) 
 B_SPLINE_CURVE_WITH_KNOTS ( ( 4, 4 ),
 ( 2.356194490192346169, 3.141592653589793116 ),
 .UNSPECIFIED. ) 
 CURVE ( )  GEOMETRIC_REPRESENTATION_ITEM ( )  RATIONAL_B_SPLINE_CURVE ( ( 1.000000000000000000, 0.9492530216741912330, 0.9492530216741912330, 1.000000000000000000 ) ) 
 REPRESENTATION_ITEM ( '' )  );
#1072 = PERSON_AND_ORGANIZATION ( #616, #1009 ) ;
#1073 = EDGE_CURVE ( 'NONE', #131, #26, #890, .T. ) ;
#1074 = VERTEX_POINT ( 'NONE', #1649 ) ;
#1075 = DIRECTION ( 'NONE',  ( -0.000000000000000000, -1.000000000000000000, -0.000000000000000000 ) ) ;
#1076 = EDGE_LOOP ( 'NONE', ( #896, #1584, #1726, #281, #1090, #624, #1044, #1207 ) ) ;
#1077 = FACE_OUTER_BOUND ( 'NONE', #368, .T. ) ;
#1078 = CARTESIAN_POINT ( 'NONE',  ( 11.27213927675001415, -1.427860723249984920, 1.427860723249985142 ) ) ;
#1079 = VERTEX_POINT ( 'NONE', #628 ) ;
#1080 = APPLICATION_PROTOCOL_DEFINITION ( 'international standard', 'config_control_design', 1994, #814 ) ;
#1081 = VECTOR ( 'NONE', #1502, 1000.000000000000000 ) ;
#1082 =( BOUNDED_CURVE ( )  B_SPLINE_CURVE ( 3, ( #715, #1240, #31, #313 ),
 .UNSPECIFIED., .F., .F. ) 
 B_SPLINE_CURVE_WITH_KNOTS ( ( 4, 4 ),
 ( 2.356194490192347502, 3.141592653589793116 ),
 .UNSPECIFIED. ) 
 CURVE ( )  GEOMETRIC_REPRESENTATION_ITEM ( )  RATIONAL_B_SPLINE_CURVE ( ( 1.000000000000000000, 0.9492530216741915661, 0.9492530216741915661, 1.000000000000000000 ) ) 
 REPRESENTATION_ITEM ( '' )  );
#1083 = ORIENTED_EDGE ( 'NONE', *, *, #1233, .T. ) ;
#1084 = ADVANCED_FACE ( 'NONE', ( #1034 ), #639, .F. ) ;
#1085 = EDGE_CURVE ( 'NONE', #1261, #893, #681, .T. ) ;
#1086 = LINE ( 'NONE', #1095, #1640 ) ;
#1087 = ORIENTED_EDGE ( 'NONE', *, *, #1425, .T. ) ;
#1088 = LINE ( 'NONE', #807, #1186 ) ;
#1089 = DIRECTION ( 'NONE',  ( 1.000000000000000000, 0.000000000000000000, 0.000000000000000000 ) ) ;
#1090 = ORIENTED_EDGE ( 'NONE', *, *, #1437, .F. ) ;
#1091 = DIRECTION ( 'NONE',  ( -0.000000000000000000, -1.000000000000000000, -0.000000000000000000 ) ) ;
#1092 = ORIENTED_EDGE ( 'NONE', *, *, #599, .F. ) ;
#1093 = CC_DESIGN_PERSON_AND_ORGANIZATION_ASSIGNMENT ( #1330, #1222, ( #63 ) ) ;
#1094 = EDGE_CURVE ( 'NONE', #301, #1661, #257, .T. ) ;
#1095 = CARTESIAN_POINT ( 'NONE',  ( -23.20400000000002194, -4.762500000000000178, -4.192567083542014572 ) ) ;
#1096 = DIRECTION ( 'NONE',  ( 0.000000000000000000, 0.000000000000000000, -1.000000000000000000 ) ) ;
#1097 = ORIENTED_EDGE ( 'NONE', *, *, #1375, .T. ) ;
#1098 = ORIENTED_EDGE ( 'NONE', *, *, #665, .F. ) ;
#1099 = DIRECTION ( 'NONE',  ( -0.000000000000000000, -0.000000000000000000, -1.000000000000000000 ) ) ;
#1100 = SHAPE_DEFINITION_REPRESENTATION ( #1683, #1727 ) ;
#1101 = CARTESIAN_POINT ( 'NONE',  ( -14.96428216974996417, 2.264282169749965323, -0.5914392767499973003 ) ) ;
#1102 = ORIENTED_EDGE ( 'NONE', *, *, #325, .F. ) ;
#1103 = DIRECTION ( 'NONE',  ( -0.000000000000000000, -0.000000000000000000, -1.000000000000000000 ) ) ;
#1104 = AXIS2_PLACEMENT_3D ( 'NONE', #866, #706, #1096 ) ;
#1105 = EDGE_CURVE ( 'NONE', #318, #1662, #712, .T. ) ;
#1106 = VERTEX_POINT ( 'NONE', #485 ) ;
#1107 = ORIENTED_EDGE ( 'NONE', *, *, #393, .F. ) ;
#1108 = CYLINDRICAL_SURFACE ( 'NONE', #1471, 6.344999999999999751 ) ;
#1109 = DATE_AND_TIME ( #185, #1253 ) ;
#1110 = CARTESIAN_POINT ( 'NONE',  ( -1.811614144825531181, 1.044107301674434662, -1.811614144825537620 ) ) ;
#1111 = ORIENTED_EDGE ( 'NONE', *, *, #953, .T. ) ;
#1112 = CYLINDRICAL_SURFACE ( 'NONE', #795, 2.019299999999992323 ) ;
#1113 = DIRECTION ( 'NONE',  ( -1.000000000000000000, 0.000000000000000000, 0.000000000000000000 ) ) ;
#1114 = ORIENTED_EDGE ( 'NONE', *, *, #421, .T. ) ;
#1115 = CARTESIAN_POINT ( 'NONE',  ( 14.96428216974996062, 2.264282169749963547, 0.5914392767499968562 ) ) ;
#1116 = VERTEX_POINT ( 'NONE', #1417 ) ;
#1117 = EDGE_CURVE ( 'NONE', #564, #98, #1071, .T. ) ;
#1118 = ADVANCED_FACE ( 'NONE', ( #618 ), #238, .F. ) ;
#1119 = CARTESIAN_POINT ( 'NONE',  ( -2.019299999999987882, 0.000000000000000000, -4.762500000000001954 ) ) ;
#1120 = ORIENTED_EDGE ( 'NONE', *, *, #854, .T. ) ;
#1121 = LOCAL_TIME ( 11, 22, 29.00000000000000000, #1586 ) ;
#1122 =( BOUNDED_CURVE ( )  B_SPLINE_CURVE ( 3, ( #993, #388, #138, #651 ),
 .UNSPECIFIED., .F., .F. ) 
 B_SPLINE_CURVE_WITH_KNOTS ( ( 4, 4 ),
 ( 3.141592653589793116, 3.926990816987241395 ),
 .UNSPECIFIED. ) 
 CURVE ( )  GEOMETRIC_REPRESENTATION_ITEM ( )  RATIONAL_B_SPLINE_CURVE ( ( 1.000000000000000000, 0.9492530216741911220, 0.9492530216741911220, 1.000000000000000000 ) ) 
 REPRESENTATION_ITEM ( '' )  );
#1123 = DIRECTION ( 'NONE',  ( -1.000000000000000000, 0.000000000000000000, 0.000000000000000000 ) ) ;
#1124 = CARTESIAN_POINT ( 'NONE',  ( -23.20400000000002194, 0.000000000000000000, 0.000000000000000000 ) ) ;
#1125 = EDGE_LOOP ( 'NONE', ( #272, #1463, #1432, #1735, #291, #1686 ) ) ;
#1126 = ORIENTED_EDGE ( 'NONE', *, *, #1567, .F. ) ;
#1127 = CARTESIAN_POINT ( 'NONE',  ( -13.24270929339922631, 2.019299999999992323, 2.019299999999995876 ) ) ;
#1128 = VERTEX_POINT ( 'NONE', #769 ) ;
#1129 = ORIENTED_EDGE ( 'NONE', *, *, #544, .T. ) ;
#1130 = EDGE_CURVE ( 'NONE', #266, #283, #1011, .T. ) ;
#1131 = CARTESIAN_POINT ( 'NONE',  ( -14.71929999999998095, 0.5427092933992255785, -2.019299999999982553 ) ) ;
#1132 = CARTESIAN_POINT ( 'NONE',  ( 0.000000000000000000, -4.762500000000000178, -2.019299999999990991 ) ) ;
#1133 = CARTESIAN_POINT ( 'NONE',  ( 18.79599999999999937, 0.000000000000000000, 0.000000000000000000 ) ) ;
#1134 = VERTEX_POINT ( 'NONE', #1562 ) ;
#1135 = CARTESIAN_POINT ( 'NONE',  ( 0.000000000000000000, -4.762500000000001954, -2.019299999999986106 ) ) ;
#1136 = CARTESIAN_POINT ( 'NONE',  ( -12.15729070660077227, 2.019299999999992323, -2.019299999999989215 ) ) ;
#1137 = ORIENTED_EDGE ( 'NONE', *, *, #1377, .F. ) ;
#1138 = ORIENTED_EDGE ( 'NONE', *, *, #1403, .T. ) ;
#1139 = CARTESIAN_POINT ( 'NONE',  ( 2.019299999999980777, -0.5427092933992215817, 2.019299999999973672 ) ) ;
#1140 = EDGE_CURVE ( 'NONE', #1231, #1199, #1585, .T. ) ;
#1141 =( BOUNDED_CURVE ( )  B_SPLINE_CURVE ( 3, ( #1279, #1171, #1684, #493 ),
 .UNSPECIFIED., .F., .F. ) 
 B_SPLINE_CURVE_WITH_KNOTS ( ( 4, 4 ),
 ( 3.141592653589793116, 3.926990816987239175 ),
 .UNSPECIFIED. ) 
 CURVE ( )  GEOMETRIC_REPRESENTATION_ITEM ( )  RATIONAL_B_SPLINE_CURVE ( ( 1.000000000000000000, 0.9492530216741914550, 0.9492530216741914550, 1.000000000000000000 ) ) 
 REPRESENTATION_ITEM ( '' )  );
#1142 = LINE ( 'NONE', #1297, #1385 ) ;
#1143 = DIRECTION ( 'NONE',  ( -0.000000000000000000, -0.000000000000000000, -1.000000000000000000 ) ) ;
#1144 = CARTESIAN_POINT ( 'NONE',  ( -14.12786072324998443, -1.427860723249985808, 1.427860723249989139 ) ) ;
#1145 = CARTESIAN_POINT ( 'NONE',  ( -18.79599999999999937, 0.000000000000000000, 0.000000000000000000 ) ) ;
#1146 = VERTEX_POINT ( 'NONE', #880 ) ;
#1147 = EDGE_LOOP ( 'NONE', ( #339, #1351, #1038, #157, #1331, #1339 ) ) ;
#1148 = DIRECTION ( 'NONE',  ( -1.000000000000000000, 0.000000000000000000, 0.000000000000000000 ) ) ;
#1149 = EDGE_CURVE ( 'NONE', #1728, #1262, #365, .T. ) ;
#1150 = LINE ( 'NONE', #83, #1355 ) ;
#1151 = DIRECTION ( 'NONE',  ( 0.000000000000000000, 0.000000000000000000, 1.000000000000000000 ) ) ;
#1152 = ORIENTED_EDGE ( 'NONE', *, *, #942, .F. ) ;
#1153 = DIRECTION ( 'NONE',  ( 0.000000000000000000, 0.000000000000000000, -1.000000000000000000 ) ) ;
#1154 = EDGE_LOOP ( 'NONE', ( #149, #1526 ) ) ;
#1155 = EDGE_LOOP ( 'NONE', ( #1129, #317 ) ) ;
#1156 = CARTESIAN_POINT ( 'NONE',  ( 13.74410730167444328, -1.811614144825541617, 1.811614144825541617 ) ) ;
#1157 = CARTESIAN_POINT ( 'NONE',  ( 13.74410730167443617, 1.811614144825543615, 1.811614144825543615 ) ) ;
#1158 = DIRECTION ( 'NONE',  ( 0.000000000000000000, 0.000000000000000000, 1.000000000000000000 ) ) ;
#1159 = PLANE ( 'NONE',  #8 ) ;
#1160 = CARTESIAN_POINT ( 'NONE',  ( -18.79599999999999937, 0.000000000000000000, 1.352922374641292555E-63 ) ) ;
#1161 = ORIENTED_EDGE ( 'NONE', *, *, #1403, .F. ) ;
#1162 = CARTESIAN_POINT ( 'NONE',  ( -10.88838585517446589, 1.044107301674429111, 1.811614144825530293 ) ) ;
#1163 = FACE_OUTER_BOUND ( 'NONE', #89, .T. ) ;
#1164 = VECTOR ( 'NONE', #276, 1000.000000000000000 ) ;
#1165 = CARTESIAN_POINT ( 'NONE',  ( 14.71929999999999694, 2.472929281518248566E-16, 4.762500000000001954 ) ) ;
#1166 = ADVANCED_FACE ( 'NONE', ( #1269 ), #210, .F. ) ;
#1167 = CARTESIAN_POINT ( 'NONE',  ( 14.12786072324998266, 1.427860723249984254, 1.427860723249984254 ) ) ;
#1168 = EDGE_LOOP ( 'NONE', ( #1092, #348 ) ) ;
#1169 = LINE ( 'NONE', #1039, #141 ) ;
#1170 = CARTESIAN_POINT ( 'NONE',  ( 12.69999999999999929, 0.000000000000000000, -4.762500000000001954 ) ) ;
#1171 = CARTESIAN_POINT ( 'NONE',  ( -10.68070000000001940, -0.5427092933992224699, 2.019299999999977668 ) ) ;
#1172 = CARTESIAN_POINT ( 'NONE',  ( -23.20400000000002194, 4.192567083542012796, 4.762500000000001066 ) ) ;
#1173 = CIRCLE ( 'NONE', #1059, 2.019299999999987882 ) ;
#1174 = ORIENTED_EDGE ( 'NONE', *, *, #1058, .T. ) ;
#1175 = DIRECTION ( 'NONE',  ( -0.000000000000000000, -1.000000000000000000, -0.000000000000000000 ) ) ;
#1176 = DIRECTION ( 'NONE',  ( -1.000000000000000000, 0.000000000000000000, 0.000000000000000000 ) ) ;
#1177 = VERTEX_POINT ( 'NONE', #1710 ) ;
#1178 = DIRECTION ( 'NONE',  ( -1.000000000000000000, 0.000000000000000000, 0.000000000000000000 ) ) ;
#1179 = ADVANCED_FACE ( 'NONE', ( #901 ), #1676, .F. ) ;
#1180 = CARTESIAN_POINT ( 'NONE',  ( 12.15729070660077582, -2.019299999999992323, -2.019299999999992323 ) ) ;
#1181 = DIRECTION ( 'NONE',  ( 0.000000000000000000, -0.000000000000000000, -1.000000000000000000 ) ) ;
#1182 =( BOUNDED_CURVE ( )  B_SPLINE_CURVE ( 3, ( #947, #133, #111, #5 ),
 .UNSPECIFIED., .F., .F. ) 
 B_SPLINE_CURVE_WITH_KNOTS ( ( 4, 4 ),
 ( 2.356194490192344837, 3.141592653589793116 ),
 .UNSPECIFIED. ) 
 CURVE ( )  GEOMETRIC_REPRESENTATION_ITEM ( )  RATIONAL_B_SPLINE_CURVE ( ( 1.000000000000000000, 0.9492530216741911220, 0.9492530216741911220, 1.000000000000000000 ) ) 
 REPRESENTATION_ITEM ( '' )  );
#1183 = ORIENTED_EDGE ( 'NONE', *, *, #194, .T. ) ;
#1184 = CALENDAR_DATE ( 2023, 21, 9 ) ;
#1185 = CARTESIAN_POINT ( 'NONE',  ( 10.68070000000001762, 0.5427092933992229140, 2.019299999999970563 ) ) ;
#1186 = VECTOR ( 'NONE', #515, 1000.000000000000000 ) ;
#1187 = AXIS2_PLACEMENT_3D ( 'NONE', #578, #156, #453 ) ;
#1188 = CARTESIAN_POINT ( 'NONE',  ( -18.79599999999999937, 0.000000000000000000, 0.000000000000000000 ) ) ;
#1189 = CARTESIAN_POINT ( 'NONE',  ( 18.79599999999999937, 0.000000000000000000, -1.369275063704359681E-14 ) ) ;
#1190 = VERTEX_POINT ( 'NONE', #84 ) ;
#1191 = CARTESIAN_POINT ( 'NONE',  ( -23.20400000000002194, -4.192567083542019013, -4.762499999999995737 ) ) ;
#1192 = CARTESIAN_POINT ( 'NONE',  ( -14.71929999999999694, 0.000000000000000000, 4.762500000000005507 ) ) ;
#1193 = VERTEX_POINT ( 'NONE', #68 ) ;
#1194 = APPROVAL_ROLE ( '' ) ;
#1195 = ORIENTED_EDGE ( 'NONE', *, *, #13, .F. ) ;
#1196 = CARTESIAN_POINT ( 'NONE',  ( 10.68070000000000164, 0.000000000000000000, 4.762500000000001954 ) ) ;
#1197 = CARTESIAN_POINT ( 'NONE',  ( -10.68070000000000697, 2.472929281518241663E-16, -4.762499999999998401 ) ) ;
#1198 = EDGE_CURVE ( 'NONE', #1193, #318, #1656, .T. ) ;
#1199 = VERTEX_POINT ( 'NONE', #1165 ) ;
#1200 = CARTESIAN_POINT ( 'NONE',  ( -18.79599999999999937, 2.472929281518213067E-16, -2.019299999999969675 ) ) ;
#1201 = AXIS2_PLACEMENT_3D ( 'NONE', #120, #1089, #1052 ) ;
#1202 = EDGE_CURVE ( 'NONE', #161, #1074, #1430, .T. ) ;
#1203 = LINE ( 'NONE', #794, #670 ) ;
#1204 = ORIENTED_EDGE ( 'NONE', *, *, #159, .F. ) ;
#1205 = APPLICATION_PROTOCOL_DEFINITION ( 'international standard', 'config_control_design', 1994, #1003 ) ;
#1206 =( BOUNDED_CURVE ( )  B_SPLINE_CURVE ( 3, ( #1675, #740, #1010, #92 ),
 .UNSPECIFIED., .F., .F. ) 
 B_SPLINE_CURVE_WITH_KNOTS ( ( 4, 4 ),
 ( 2.356194490192346613, 3.141592653589793116 ),
 .UNSPECIFIED. ) 
 CURVE ( )  GEOMETRIC_REPRESENTATION_ITEM ( )  RATIONAL_B_SPLINE_CURVE ( ( 1.000000000000000000, 0.9492530216741912330, 0.9492530216741912330, 1.000000000000000000 ) ) 
 REPRESENTATION_ITEM ( '' )  );
#1207 = ORIENTED_EDGE ( 'NONE', *, *, #194, .F. ) ;
#1208 = FACE_OUTER_BOUND ( 'NONE', #489, .T. ) ;
#1209 = CYLINDRICAL_SURFACE ( 'NONE', #1506, 2.019299999999992767 ) ;
#1210 = CARTESIAN_POINT ( 'NONE',  ( -11.27213927675001415, 1.427860723249985142, 1.427860723249988473 ) ) ;
#1211 = EDGE_LOOP ( 'NONE', ( #1137, #1183, #123, #819 ) ) ;
#1212 = ADVANCED_FACE ( 'NONE', ( #370 ), #824, .F. ) ;
#1213 = ORIENTED_EDGE ( 'NONE', *, *, #481, .T. ) ;
#1214 =( BOUNDED_CURVE ( )  B_SPLINE_CURVE ( 3, ( #47, #1162, #1424, #864 ),
 .UNSPECIFIED., .F., .F. ) 
 B_SPLINE_CURVE_WITH_KNOTS ( ( 4, 4 ),
 ( 2.356194490192346169, 3.141592653589793116 ),
 .UNSPECIFIED. ) 
 CURVE ( )  GEOMETRIC_REPRESENTATION_ITEM ( )  RATIONAL_B_SPLINE_CURVE ( ( 1.000000000000000000, 0.9492530216741912330, 0.9492530216741912330, 1.000000000000000000 ) ) 
 REPRESENTATION_ITEM ( '' )  );
#1215 = DIRECTION ( 'NONE',  ( -1.000000000000000000, 0.000000000000000000, 0.000000000000000000 ) ) ;
#1216 = ORIENTED_EDGE ( 'NONE', *, *, #218, .F. ) ;
#1217 = DIRECTION ( 'NONE',  ( -1.000000000000000000, 0.000000000000000000, 0.000000000000000000 ) ) ;
#1218 = UNCERTAINTY_MEASURE_WITH_UNIT (LENGTH_MEASURE( 1.000000000000000082E-05 ), #122, 'distance_accuracy_value', 'NONE');
#1219 = ORIENTED_EDGE ( 'NONE', *, *, #1733, .T. ) ;
#1220 = CARTESIAN_POINT ( 'NONE',  ( -11.27213927675001415, 1.427860723249985142, 1.427860723249988473 ) ) ;
#1221 = EDGE_CURVE ( 'NONE', #475, #838, #1300, .T. ) ;
#1222 = PERSON_AND_ORGANIZATION_ROLE ( 'creator' ) ;
#1223 = ORIENTED_EDGE ( 'NONE', *, *, #1696, .T. ) ;
#1224 = LINE ( 'NONE', #827, #1164 ) ;
#1225 = DIRECTION ( 'NONE',  ( 0.000000000000000000, 0.000000000000000000, -1.000000000000000000 ) ) ;
#1226 = VERTEX_POINT ( 'NONE', #1435 ) ;
#1227 = ORIENTED_EDGE ( 'NONE', *, *, #1591, .T. ) ;
#1228 = CARTESIAN_POINT ( 'NONE',  ( 18.79599999999999937, 4.762500000000000178, 4.762499999999996625 ) ) ;
#1229 = APPROVAL_STATUS ( 'not_yet_approved' ) ;
#1230 = DIRECTION ( 'NONE',  ( -1.000000000000000000, 0.000000000000000000, 0.000000000000000000 ) ) ;
#1231 = VERTEX_POINT ( 'NONE', #1196 ) ;
#1232 = DIRECTION ( 'NONE',  ( -0.000000000000000000, -0.000000000000000000, -1.000000000000000000 ) ) ;
#1233 = EDGE_CURVE ( 'NONE', #94, #216, #818, .T. ) ;
#1234 = DIRECTION ( 'NONE',  ( 0.000000000000000000, 0.000000000000000000, -1.000000000000000000 ) ) ;
#1235 = EDGE_LOOP ( 'NONE', ( #154, #1267 ) ) ;
#1236 = DIRECTION ( 'NONE',  ( 0.000000000000000000, 0.000000000000000000, -1.000000000000000000 ) ) ;
#1237 = CARTESIAN_POINT ( 'NONE',  ( -14.12786072324998621, 1.427860723249983810, 1.427860723249987140 ) ) ;
#1238 = ORIENTED_EDGE ( 'NONE', *, *, #1288, .F. ) ;
#1239 = CC_DESIGN_DATE_AND_TIME_ASSIGNMENT ( #1394, #303, ( #71 ) ) ;
#1240 = CARTESIAN_POINT ( 'NONE',  ( 14.51161414482553269, 1.044107301674427557, 1.811614144825522965 ) ) ;
#1241 = ADVANCED_FACE ( 'NONE', ( #1032 ), #653, .F. ) ;
#1242 = CARTESIAN_POINT ( 'NONE',  ( -12.15729070660076871, -2.019299999999992323, 2.019299999999995876 ) ) ;
#1243 = ORIENTED_EDGE ( 'NONE', *, *, #66, .T. ) ;
#1244 = CARTESIAN_POINT ( 'NONE',  ( -10.88838585517446411, 1.044107301674431998, -1.811614144825535400 ) ) ;
#1245 = CARTESIAN_POINT ( 'NONE',  ( -2.019299999999992767, 0.000000000000000000, -2.019299999999998541 ) ) ;
#1246 = ORIENTED_EDGE ( 'NONE', *, *, #910, .F. ) ;
#1247 = CIRCLE ( 'NONE', #518, 2.019299999999998096 ) ;
#1248 = CARTESIAN_POINT ( 'NONE',  ( 0.000000000000000000, -4.762500000000000178, 1.758165685111628668E-15 ) ) ;
#1249 = AXIS2_PLACEMENT_3D ( 'NONE', #70, #1042, #220 ) ;
#1250 =( BOUNDED_CURVE ( )  B_SPLINE_CURVE ( 3, ( #192, #152, #431, #563 ),
 .UNSPECIFIED., .F., .F. ) 
 B_SPLINE_CURVE_WITH_KNOTS ( ( 4, 4 ),
 ( 2.356194490192342172, 3.141592653589793116 ),
 .UNSPECIFIED. ) 
 CURVE ( )  GEOMETRIC_REPRESENTATION_ITEM ( )  RATIONAL_B_SPLINE_CURVE ( ( 1.000000000000000000, 0.9492530216741907889, 0.9492530216741907889, 1.000000000000000000 ) ) 
 REPRESENTATION_ITEM ( '' )  );
#1251 = CARTESIAN_POINT ( 'NONE',  ( 11.27213927675001415, 1.427860723249984920, 1.427860723249985142 ) ) ;
#1252 = EDGE_CURVE ( 'NONE', #1177, #893, #785, .T. ) ;
#1253 = LOCAL_TIME ( 11, 22, 29.00000000000000000, #1634 ) ;
#1254 = CARTESIAN_POINT ( 'NONE',  ( -18.79599999999999937, 4.762500000000000178, -4.192567083542014572 ) ) ;
#1255 = EDGE_CURVE ( 'NONE', #1020, #557, #1325, .T. ) ;
#1256 = CARTESIAN_POINT ( 'NONE',  ( -10.88838585517446589, -1.044107301674433330, -1.811614144825534733 ) ) ;
#1257 = ORIENTED_EDGE ( 'NONE', *, *, #1609, .T. ) ;
#1258 = CIRCLE ( 'NONE', #1201, 6.344999999999999751 ) ;
#1259 = CARTESIAN_POINT ( 'NONE',  ( -14.51161414482552914, 1.044107301674433330, -1.811614144825533845 ) ) ;
#1260 = CYLINDRICAL_SURFACE ( 'NONE', #1553, 6.344999999999999751 ) ;
#1261 = VERTEX_POINT ( 'NONE', #1729 ) ;
#1262 = VERTEX_POINT ( 'NONE', #526 ) ;
#1263 = CYLINDRICAL_SURFACE ( 'NONE', #432, 2.019299999999992767 ) ;
#1264 = EDGE_CURVE ( 'NONE', #1262, #22, #1588, .T. ) ;
#1265 = CARTESIAN_POINT ( 'NONE',  ( -12.69999999999999929, 2.019299999999992323, -2.019299999999989659 ) ) ;
#1266 = ORIENTED_EDGE ( 'NONE', *, *, #586, .T. ) ;
#1267 = ORIENTED_EDGE ( 'NONE', *, *, #822, .F. ) ;
#1268 = CARTESIAN_POINT ( 'NONE',  ( 2.264282169749963991, -2.264282169749963991, 0.5914392767499960790 ) ) ;
#1269 = FACE_OUTER_BOUND ( 'NONE', #1147, .T. ) ;
#1270 = CARTESIAN_POINT ( 'NONE',  ( -14.71929999999999161, 0.000000000000000000, -4.762499999999998401 ) ) ;
#1271 = VECTOR ( 'NONE', #1298, 1000.000000000000000 ) ;
#1272 = CARTESIAN_POINT ( 'NONE',  ( 2.019299999999992767, 2.472929281518241663E-16, 2.019299999999985218 ) ) ;
#1273 = ORIENTED_EDGE ( 'NONE', *, *, #242, .T. ) ;
#1274 = ORIENTED_EDGE ( 'NONE', *, *, #652, .F. ) ;
#1275 = ADVANCED_FACE ( 'NONE', ( #898 ), #1459, .F. ) ;
#1276 = VECTOR ( 'NONE', #1521, 1000.000000000000000 ) ;
#1277 = DIRECTION ( 'NONE',  ( -1.000000000000000000, 0.000000000000000000, 0.000000000000000000 ) ) ;
#1278 = AXIS2_PLACEMENT_3D ( 'NONE', #41, #473, #35 ) ;
#1279 = CARTESIAN_POINT ( 'NONE',  ( -10.68070000000000697, 2.472929281518241663E-16, 2.019299999999989659 ) ) ;
#1280 = DIRECTION ( 'NONE',  ( 0.000000000000000000, 0.000000000000000000, -1.000000000000000000 ) ) ;
#1281 = ORIENTED_EDGE ( 'NONE', *, *, #631, .T. ) ;
#1282 = CARTESIAN_POINT ( 'NONE',  ( -12.69999999999999929, -4.762500000000000178, 3.516331370223257336E-15 ) ) ;
#1283 = CARTESIAN_POINT ( 'NONE',  ( 1.427860723249986696, 1.427860723249987140, -1.427860723249985808 ) ) ;
#1284 = ORIENTED_EDGE ( 'NONE', *, *, #125, .T. ) ;
#1285 = ORIENTED_EDGE ( 'NONE', *, *, #798, .F. ) ;
#1286 = CYLINDRICAL_SURFACE ( 'NONE', #490, 2.019299999999992767 ) ;
#1287 = LOCAL_TIME ( 11, 22, 29.00000000000000000, #860 ) ;
#1288 = EDGE_CURVE ( 'NONE', #1661, #98, #637, .T. ) ;
#1289 = CARTESIAN_POINT ( 'NONE',  ( 11.27213927675001415, -1.427860723249984920, 1.427860723249985142 ) ) ;
#1290 = CARTESIAN_POINT ( 'NONE',  ( -14.51161414482553269, -1.044107301674429111, 1.811614144825532291 ) ) ;
#1291 = CARTESIAN_POINT ( 'NONE',  ( -2.019299999999992767, 0.000000000000000000, -2.019299999999998541 ) ) ;
#1292 = DIRECTION ( 'NONE',  ( -0.000000000000000000, -1.000000000000000000, -0.000000000000000000 ) ) ;
#1293 = ORIENTED_EDGE ( 'NONE', *, *, #458, .T. ) ;
#1294 = ORIENTED_EDGE ( 'NONE', *, *, #96, .T. ) ;
#1295 = CARTESIAN_POINT ( 'NONE',  ( 12.69999999999999929, 4.762500000000000178, 0.000000000000000000 ) ) ;
#1296 = APPROVAL ( #660, 'UNSPECIFIED' ) ;
#1297 = CARTESIAN_POINT ( 'NONE',  ( 18.79599999999999937, -4.762500000000000178, -4.762500000000003730 ) ) ;
#1298 = DIRECTION ( 'NONE',  ( 1.000000000000000000, -0.000000000000000000, -0.000000000000000000 ) ) ;
#1299 = EDGE_CURVE ( 'NONE', #1690, #402, #767, .T. ) ;
#1300 =( BOUNDED_CURVE ( )  B_SPLINE_CURVE ( 3, ( #1445, #492, #382, #1362 ),
 .UNSPECIFIED., .F., .F. ) 
 B_SPLINE_CURVE_WITH_KNOTS ( ( 4, 4 ),
 ( 3.141592653589793116, 3.926990816987240951 ),
 .UNSPECIFIED. ) 
 CURVE ( )  GEOMETRIC_REPRESENTATION_ITEM ( )  RATIONAL_B_SPLINE_CURVE ( ( 1.000000000000000000, 0.9492530216741912330, 0.9492530216741912330, 1.000000000000000000 ) ) 
 REPRESENTATION_ITEM ( '' )  );
#1301 = ORIENTED_EDGE ( 'NONE', *, *, #336, .F. ) ;
#1302 = FACE_BOUND ( 'NONE', #1154, .T. ) ;
#1303 = VECTOR ( 'NONE', #963, 1000.000000000000000 ) ;
#1304 = CARTESIAN_POINT ( 'NONE',  ( 10.68070000000001940, -0.5427092933992277990, -2.019299999999991879 ) ) ;
#1305 = ORIENTED_EDGE ( 'NONE', *, *, #773, .F. ) ;
#1306 = AXIS2_PLACEMENT_3D ( 'NONE', #691, #1592, #919 ) ;
#1307 = DIRECTION ( 'NONE',  ( -1.384382429221754876E-16, 0.000000000000000000, -1.000000000000000000 ) ) ;
#1308 = DIRECTION ( 'NONE',  ( -1.000000000000000000, -0.000000000000000000, 3.642463991552350465E-16 ) ) ;
#1309 = DIRECTION ( 'NONE',  ( -0.000000000000000000, -1.000000000000000000, -0.000000000000000000 ) ) ;
#1310 = AXIS2_PLACEMENT_3D ( 'NONE', #1400, #608, #759 ) ;
#1311 = VECTOR ( 'NONE', #292, 1000.000000000000000 ) ;
#1312 = FACE_OUTER_BOUND ( 'NONE', #610, .T. ) ;
#1313 = ADVANCED_FACE ( 'NONE', ( #1468 ), #224, .F. ) ;
#1314 = ORIENTED_EDGE ( 'NONE', *, *, #1202, .F. ) ;
#1315 = EDGE_CURVE ( 'NONE', #904, #1079, #214, .T. ) ;
#1316 = CARTESIAN_POINT ( 'NONE',  ( 10.68070000000000697, 0.000000000000000000, 2.019299999999980777 ) ) ;
#1317 = AXIS2_PLACEMENT_3D ( 'NONE', #809, #675, #522 ) ;
#1318 = CYLINDRICAL_SURFACE ( 'NONE', #1249, 2.019299999999992767 ) ;
#1319 = CYLINDRICAL_SURFACE ( 'NONE', #1426, 6.344999999999999751 ) ;
#1320 = VERTEX_POINT ( 'NONE', #101 ) ;
#1321 = ADVANCED_FACE ( 'NONE', ( #1660 ), #1519, .F. ) ;
#1322 = EDGE_CURVE ( 'NONE', #930, #946, #464, .T. ) ;
#1323 = MECHANICAL_CONTEXT ( 'NONE', #1003, 'mechanical' ) ;
#1324 = CARTESIAN_POINT ( 'NONE',  ( 14.71929999999997918, -0.5427092933992209156, 2.019299999999969231 ) ) ;
#1325 = LINE ( 'NONE', #645, #568 ) ;
#1326 = CARTESIAN_POINT ( 'NONE',  ( -14.71929999999999161, 0.000000000000000000, 2.019299999999990547 ) ) ;
#1327 = FACE_OUTER_BOUND ( 'NONE', #997, .T. ) ;
#1328 = FACE_OUTER_BOUND ( 'NONE', #275, .T. ) ;
#1329 = VERTEX_POINT ( 'NONE', #1119 ) ;
#1330 = PERSON_AND_ORGANIZATION ( #616, #1009 ) ;
#1331 = ORIENTED_EDGE ( 'NONE', *, *, #1706, .T. ) ;
#1332 = EDGE_CURVE ( 'NONE', #1128, #1368, #1046, .T. ) ;
#1333 = CARTESIAN_POINT ( 'NONE',  ( -18.79599999999999937, 0.000000000000000000, 0.000000000000000000 ) ) ;
#1334 = DIRECTION ( 'NONE',  ( -1.000000000000000000, 0.000000000000000000, 0.000000000000000000 ) ) ;
#1335 = CIRCLE ( 'NONE', #315, 6.344999999999999751 ) ;
#1336 = DIRECTION ( 'NONE',  ( 0.000000000000000000, 0.000000000000000000, 1.000000000000000000 ) ) ;
#1337 = AXIS2_PLACEMENT_3D ( 'NONE', #478, #871, #57 ) ;
#1338 = CARTESIAN_POINT ( 'NONE',  ( 2.472929281518247580E-16, 4.762500000000000178, 2.019299999999998985 ) ) ;
#1339 = ORIENTED_EDGE ( 'NONE', *, *, #336, .T. ) ;
#1340 = ORIENTED_EDGE ( 'NONE', *, *, #555, .T. ) ;
#1341 =( BOUNDED_CURVE ( )  B_SPLINE_CURVE ( 3, ( #1436, #617, #1157, #1408 ),
 .UNSPECIFIED., .F., .F. ) 
 B_SPLINE_CURVE_WITH_KNOTS ( ( 4, 4 ),
 ( 3.141592653589793116, 3.926990816987240951 ),
 .UNSPECIFIED. ) 
 CURVE ( )  GEOMETRIC_REPRESENTATION_ITEM ( )  RATIONAL_B_SPLINE_CURVE ( ( 1.000000000000000000, 0.9492530216741912330, 0.9492530216741912330, 1.000000000000000000 ) ) 
 REPRESENTATION_ITEM ( '' )  );
#1342 = CYLINDRICAL_SURFACE ( 'NONE', #1440, 2.019299999999992767 ) ;
#1343 = LOCAL_TIME ( 11, 22, 29.00000000000000000, #1062 ) ;
#1344 = CARTESIAN_POINT ( 'NONE',  ( 12.69999999999999929, 2.019299999999992323, -2.019299999999992767 ) ) ;
#1345 = ORIENTED_EDGE ( 'NONE', *, *, #436, .F. ) ;
#1346 = ORIENTED_EDGE ( 'NONE', *, *, #749, .F. ) ;
#1347 = DIRECTION ( 'NONE',  ( 0.000000000000000000, 0.000000000000000000, -1.000000000000000000 ) ) ;
#1348 = PLANE ( 'NONE',  #1540 ) ;
#1349 = ORIENTED_EDGE ( 'NONE', *, *, #1467, .F. ) ;
#1350 = CARTESIAN_POINT ( 'NONE',  ( -12.69999999999999929, -2.019299999999992323, -2.019299999999989659 ) ) ;
#1351 = ORIENTED_EDGE ( 'NONE', *, *, #403, .F. ) ;
#1352 = CARTESIAN_POINT ( 'NONE',  ( -14.12786072324998621, -1.427860723249986252, -1.427860723249983144 ) ) ;
#1353 = AXIS2_PLACEMENT_3D ( 'NONE', #1383, #186, #21 ) ;
#1354 = DIRECTION ( 'NONE',  ( -0.000000000000000000, -0.000000000000000000, -1.000000000000000000 ) ) ;
#1355 = VECTOR ( 'NONE', #1309, 1000.000000000000000 ) ;
#1356 = ORIENTED_EDGE ( 'NONE', *, *, #42, .T. ) ;
#1357 = ORIENTED_EDGE ( 'NONE', *, *, #42, .F. ) ;
#1358 = DIRECTION ( 'NONE',  ( -0.000000000000000000, -1.000000000000000000, -0.000000000000000000 ) ) ;
#1359 = AXIS2_PLACEMENT_3D ( 'NONE', #457, #615, #625 ) ;
#1360 = CALENDAR_DATE ( 2023, 21, 9 ) ;
#1361 = EDGE_CURVE ( 'NONE', #22, #1548, #1513, .T. ) ;
#1362 = CARTESIAN_POINT ( 'NONE',  ( -1.427860723249984698, -1.427860723249985142, 1.427860723249986918 ) ) ;
#1363 = ORIENTED_EDGE ( 'NONE', *, *, #1630, .F. ) ;
#1364 = CARTESIAN_POINT ( 'NONE',  ( -14.71929999999999161, 0.000000000000000000, -2.019299999999994544 ) ) ;
#1365 = DIRECTION ( 'NONE',  ( 0.000000000000000000, 0.000000000000000000, -1.000000000000000000 ) ) ;
#1366 = LINE ( 'NONE', #839, #1533 ) ;
#1367 = CARTESIAN_POINT ( 'NONE',  ( -12.69999999999999929, 4.762500000000000178, -2.019299999999994544 ) ) ;
#1368 = VERTEX_POINT ( 'NONE', #1367 ) ;
#1369 = LINE ( 'NONE', #699, #601 ) ;
#1370 = DIRECTION ( 'NONE',  ( -0.000000000000000000, -1.000000000000000000, -0.000000000000000000 ) ) ;
#1371 = ORIENTED_EDGE ( 'NONE', *, *, #314, .F. ) ;
#1372 = CARTESIAN_POINT ( 'NONE',  ( 0.000000000000000000, -4.762500000000001954, 1.758165685111628668E-15 ) ) ;
#1373 = CARTESIAN_POINT ( 'NONE',  ( -11.65589269832556241, 1.811614144825543171, -1.811614144825539618 ) ) ;
#1374 = ORIENTED_EDGE ( 'NONE', *, *, #652, .T. ) ;
#1375 = EDGE_CURVE ( 'NONE', #1662, #1397, #1008, .T. ) ;
#1376 = DIRECTION ( 'NONE',  ( -0.000000000000000000, -1.000000000000000000, -0.000000000000000000 ) ) ;
#1377 = EDGE_CURVE ( 'NONE', #533, #946, #1653, .T. ) ;
#1378 =( BOUNDED_CURVE ( )  B_SPLINE_CURVE ( 3, ( #1715, #371, #1731, #397 ),
 .UNSPECIFIED., .F., .F. ) 
 B_SPLINE_CURVE_WITH_KNOTS ( ( 4, 4 ),
 ( 3.141592653589793116, 3.926990816987241395 ),
 .UNSPECIFIED. ) 
 CURVE ( )  GEOMETRIC_REPRESENTATION_ITEM ( )  RATIONAL_B_SPLINE_CURVE ( ( 1.000000000000000000, 0.9492530216741911220, 0.9492530216741911220, 1.000000000000000000 ) ) 
 REPRESENTATION_ITEM ( '' )  );
#1379 = DIRECTION ( 'NONE',  ( 0.000000000000000000, 0.000000000000000000, -1.000000000000000000 ) ) ;
#1380 = AXIS2_PLACEMENT_3D ( 'NONE', #1732, #856, #1379 ) ;
#1381 = ORIENTED_EDGE ( 'NONE', *, *, #758, .T. ) ;
#1382 = LINE ( 'NONE', #1270, #1311 ) ;
#1383 = CARTESIAN_POINT ( 'NONE',  ( -12.69999999999999929, 4.762500000000000178, 3.516331370223257336E-15 ) ) ;
#1384 = ORIENTED_EDGE ( 'NONE', *, *, #12, .T. ) ;
#1385 = VECTOR ( 'NONE', #76, 1000.000000000000000 ) ;
#1386 = DIRECTION ( 'NONE',  ( 0.000000000000000000, 0.000000000000000000, -1.000000000000000000 ) ) ;
#1387 = ORIENTED_EDGE ( 'NONE', *, *, #1233, .F. ) ;
#1388 = DIRECTION ( 'NONE',  ( 0.000000000000000000, 0.000000000000000000, -1.000000000000000000 ) ) ;
#1389 = EDGE_CURVE ( 'NONE', #1320, #1074, #968, .T. ) ;
#1390 =( BOUNDED_CURVE ( )  B_SPLINE_CURVE ( 3, ( #417, #694, #821, #905 ),
 .UNSPECIFIED., .F., .F. ) 
 B_SPLINE_CURVE_WITH_KNOTS ( ( 4, 4 ),
 ( 0.000000000000000000, 0.7853981633974467247 ),
 .UNSPECIFIED. ) 
 CURVE ( )  GEOMETRIC_REPRESENTATION_ITEM ( )  RATIONAL_B_SPLINE_CURVE ( ( 1.000000000000000000, 0.9492530216741912330, 0.9492530216741912330, 1.000000000000000000 ) ) 
 REPRESENTATION_ITEM ( '' )  );
#1391 = EDGE_LOOP ( 'NONE', ( #1216, #1349 ) ) ;
#1392 = ORIENTED_EDGE ( 'NONE', *, *, #269, .T. ) ;
#1393 = CARTESIAN_POINT ( 'NONE',  ( -14.71929999999998095, 0.5427092933992229140, 2.019299999999979001 ) ) ;
#1394 = DATE_AND_TIME ( #1360, #1287 ) ;
#1395 = DIRECTION ( 'NONE',  ( -0.000000000000000000, -1.000000000000000000, -0.000000000000000000 ) ) ;
#1396 = ORIENTED_EDGE ( 'NONE', *, *, #421, .F. ) ;
#1397 = VERTEX_POINT ( 'NONE', #1245 ) ;
#1398 = CIRCLE ( 'NONE', #581, 2.019299999999998096 ) ;
#1399 = CYLINDRICAL_SURFACE ( 'NONE', #940, 2.019299999999992767 ) ;
#1400 = CARTESIAN_POINT ( 'NONE',  ( 0.000000000000000000, 0.000000000000000000, -4.762500000000000178 ) ) ;
#1401 = LINE ( 'NONE', #461, #1303 ) ;
#1402 = CARTESIAN_POINT ( 'NONE',  ( 2.019299999999980777, -0.5427092933992262447, -2.019299999999988771 ) ) ;
#1403 = EDGE_CURVE ( 'NONE', #684, #730, #1474, .T. ) ;
#1404 = CARTESIAN_POINT ( 'NONE',  ( -10.43571783025003441, -2.264282169749964435, -0.5914392767500004089 ) ) ;
#1405 = ORIENTED_EDGE ( 'NONE', *, *, #159, .T. ) ;
#1406 = ORIENTED_EDGE ( 'NONE', *, *, #1609, .F. ) ;
#1407 = CARTESIAN_POINT ( 'NONE',  ( 14.12786072324998976, -1.427860723249979813, 1.427860723249979813 ) ) ;
#1408 = CARTESIAN_POINT ( 'NONE',  ( 14.12786072324998266, 1.427860723249984254, 1.427860723249984254 ) ) ;
#1409 = CARTESIAN_POINT ( 'NONE',  ( -1.427860723249981811, 1.427860723249989805, -1.427860723249988251 ) ) ;
#1410 = VECTOR ( 'NONE', #1693, 1000.000000000000000 ) ;
#1411 = CARTESIAN_POINT ( 'NONE',  ( 18.79599999999999937, -4.762500000000000178, 4.192567083542014572 ) ) ;
#1412 = ORIENTED_EDGE ( 'NONE', *, *, #1619, .T. ) ;
#1413 = ORIENTED_EDGE ( 'NONE', *, *, #1094, .T. ) ;
#1414 = EDGE_CURVE ( 'NONE', #930, #1262, #738, .T. ) ;
#1415 = CIRCLE ( 'NONE', #636, 6.344999999999999751 ) ;
#1416 = VECTOR ( 'NONE', #345, 1000.000000000000000 ) ;
#1417 = CARTESIAN_POINT ( 'NONE',  ( 11.27213927675001948, -1.427860723249991581, -1.427860723249991581 ) ) ;
#1418 =( BOUNDED_CURVE ( )  B_SPLINE_CURVE ( 3, ( #1291, #1554, #211, #78 ),
 .UNSPECIFIED., .F., .F. ) 
 B_SPLINE_CURVE_WITH_KNOTS ( ( 4, 4 ),
 ( 0.000000000000000000, 0.7853981633974495002 ),
 .UNSPECIFIED. ) 
 CURVE ( )  GEOMETRIC_REPRESENTATION_ITEM ( )  RATIONAL_B_SPLINE_CURVE ( ( 1.000000000000000000, 0.9492530216741910110, 0.9492530216741910110, 1.000000000000000000 ) ) 
 REPRESENTATION_ITEM ( '' )  );
#1419 = ORIENTED_EDGE ( 'NONE', *, *, #1252, .F. ) ;
#1420 = DIRECTION ( 'NONE',  ( -0.000000000000000000, -1.000000000000000000, -0.000000000000000000 ) ) ;
#1421 = CARTESIAN_POINT ( 'NONE',  ( 10.88838585517446589, -1.044107301674437105, -1.811614144825541173 ) ) ;
#1422 = VERTEX_POINT ( 'NONE', #320 ) ;
#1423 = ORIENTED_EDGE ( 'NONE', *, *, #749, .T. ) ;
#1424 = CARTESIAN_POINT ( 'NONE',  ( -10.68070000000001940, 0.5427092933992235801, 2.019299999999977668 ) ) ;
#1425 = EDGE_CURVE ( 'NONE', #1658, #1465, #477, .T. ) ;
#1426 = AXIS2_PLACEMENT_3D ( 'NONE', #399, #1625, #1462 ) ;
#1427 = CARTESIAN_POINT ( 'NONE',  ( -18.79599999999999937, 0.000000000000000000, 2.019299999999969675 ) ) ;
#1428 = CARTESIAN_POINT ( 'NONE',  ( -18.79599999999999937, 0.000000000000000000, 0.000000000000000000 ) ) ;
#1429 = DIRECTION ( 'NONE',  ( 0.000000000000000000, 0.000000000000000000, -1.000000000000000000 ) ) ;
#1430 =( BOUNDED_CURVE ( )  B_SPLINE_CURVE ( 3, ( #372, #1055, #510, #907 ),
 .UNSPECIFIED., .F., .F. ) 
 B_SPLINE_CURVE_WITH_KNOTS ( ( 4, 4 ),
 ( 5.497787143782137953, 6.283185307179586232 ),
 .UNSPECIFIED. ) 
 CURVE ( )  GEOMETRIC_REPRESENTATION_ITEM ( )  RATIONAL_B_SPLINE_CURVE ( ( 1.000000000000000000, 0.9492530216741911220, 0.9492530216741911220, 1.000000000000000000 ) ) 
 REPRESENTATION_ITEM ( '' )  );
#1431 = CARTESIAN_POINT ( 'NONE',  ( -23.20400000000002194, -4.762500000000000178, 4.192567083542014572 ) ) ;
#1432 = ORIENTED_EDGE ( 'NONE', *, *, #1556, .T. ) ;
#1433 = DIRECTION ( 'NONE',  ( -0.000000000000000000, -0.000000000000000000, -1.000000000000000000 ) ) ;
#1434 = EDGE_CURVE ( 'NONE', #61, #1329, #201, .T. ) ;
#1435 = CARTESIAN_POINT ( 'NONE',  ( 1.427860723249990693, -1.427860723249981145, 1.427860723249983144 ) ) ;
#1436 = CARTESIAN_POINT ( 'NONE',  ( 12.69999999999999929, 2.019299999999992323, 2.019299999999992767 ) ) ;
#1437 = EDGE_CURVE ( 'NONE', #1548, #802, #1335, .T. ) ;
#1438 = ORIENTED_EDGE ( 'NONE', *, *, #403, .T. ) ;
#1439 = CARTESIAN_POINT ( 'NONE',  ( -2.264282169749963991, -2.264282169749963991, 0.5914392767499988546 ) ) ;
#1440 = AXIS2_PLACEMENT_3D ( 'NONE', #535, #1354, #521 ) ;
#1441 = CARTESIAN_POINT ( 'NONE',  ( -11.27213927675001592, -1.427860723249988917, -1.427860723249985586 ) ) ;
#1442 = ORIENTED_EDGE ( 'NONE', *, *, #469, .F. ) ;
#1443 = VECTOR ( 'NONE', #1230, 1000.000000000000000 ) ;
#1444 = CIRCLE ( 'NONE', #203, 2.019299999999969675 ) ;
#1445 = CARTESIAN_POINT ( 'NONE',  ( 2.472929281518241170E-16, -2.019299999999992323, 2.019299999999994100 ) ) ;
#1446 = DIRECTION ( 'NONE',  ( -1.000000000000000000, 0.000000000000000000, 0.000000000000000000 ) ) ;
#1447 = CARTESIAN_POINT ( 'NONE',  ( -12.69999999999999929, -2.019299999999992323, -2.019299999999989659 ) ) ;
#1448 = CARTESIAN_POINT ( 'NONE',  ( 12.15729070660077227, -2.019299999999992323, 2.019299999999992323 ) ) ;
#1449 = VERTEX_POINT ( 'NONE', #849 ) ;
#1450 = DIRECTION ( 'NONE',  ( -0.000000000000000000, -1.000000000000000000, -0.000000000000000000 ) ) ;
#1451 = DIRECTION ( 'NONE',  ( 0.000000000000000000, 0.000000000000000000, 1.000000000000000000 ) ) ;
#1452 = CARTESIAN_POINT ( 'NONE',  ( 12.69999999999999929, -2.019299999999992323, -2.019299999999992767 ) ) ;
#1453 = CARTESIAN_POINT ( 'NONE',  ( -18.79599999999999937, 0.000000000000000000, 0.000000000000000000 ) ) ;
#1454 = EDGE_CURVE ( 'NONE', #904, #256, #108, .T. ) ;
#1455 = CARTESIAN_POINT ( 'NONE',  ( -11.27213927675001237, 1.427860723249987140, -1.427860723249983588 ) ) ;
#1456 = ORIENTED_EDGE ( 'NONE', *, *, #56, .T. ) ;
#1457 = DIRECTION ( 'NONE',  ( 0.000000000000000000, 0.000000000000000000, 1.000000000000000000 ) ) ;
#1458 = ORIENTED_EDGE ( 'NONE', *, *, #279, .F. ) ;
#1459 = CYLINDRICAL_SURFACE ( 'NONE', #965, 2.019299999999969675 ) ;
#1460 = CARTESIAN_POINT ( 'NONE',  ( 14.71929999999999161, 2.472929281518241663E-16, -2.019300000000006534 ) ) ;
#1461 = DIRECTION ( 'NONE',  ( -0.000000000000000000, -1.000000000000000000, -0.000000000000000000 ) ) ;
#1462 = DIRECTION ( 'NONE',  ( 0.000000000000000000, 0.000000000000000000, -1.000000000000000000 ) ) ;
#1463 = ORIENTED_EDGE ( 'NONE', *, *, #1068, .F. ) ;
#1464 = CARTESIAN_POINT ( 'NONE',  ( 0.000000000000000000, 0.000000000000000000, 0.000000000000000000 ) ) ;
#1465 = VERTEX_POINT ( 'NONE', #1265 ) ;
#1466 = EDGE_CURVE ( 'NONE', #81, #805, #546, .T. ) ;
#1467 = EDGE_CURVE ( 'NONE', #983, #863, #329, .T. ) ;
#1468 = FACE_OUTER_BOUND ( 'NONE', #241, .T. ) ;
#1469 = DIRECTION ( 'NONE',  ( -1.000000000000000000, -0.000000000000000000, 3.642463991552350465E-16 ) ) ;
#1470 = CYLINDRICAL_SURFACE ( 'NONE', #710, 2.019299999999969675 ) ;
#1471 = AXIS2_PLACEMENT_3D ( 'NONE', #1004, #174, #1236 ) ;
#1472 = CARTESIAN_POINT ( 'NONE',  ( 10.68070000000000697, 0.000000000000000000, 2.019299999999980777 ) ) ;
#1473 = ORIENTED_EDGE ( 'NONE', *, *, #1466, .F. ) ;
#1474 =( BOUNDED_CURVE ( )  B_SPLINE_CURVE ( 3, ( #988, #1256, #53, #438 ),
 .UNSPECIFIED., .F., .F. ) 
 B_SPLINE_CURVE_WITH_KNOTS ( ( 4, 4 ),
 ( 5.497787143782136177, 6.283185307179586232 ),
 .UNSPECIFIED. ) 
 CURVE ( )  GEOMETRIC_REPRESENTATION_ITEM ( )  RATIONAL_B_SPLINE_CURVE ( ( 1.000000000000000000, 0.9492530216741910110, 0.9492530216741910110, 1.000000000000000000 ) ) 
 REPRESENTATION_ITEM ( '' )  );
#1475 = ORIENTED_EDGE ( 'NONE', *, *, #1522, .F. ) ;
#1476 = EDGE_CURVE ( 'NONE', #1368, #1128, #213, .T. ) ;
#1477 = CARTESIAN_POINT ( 'NONE',  ( -1.044107301674437327, -1.811614144825543171, -1.811614144825541839 ) ) ;
#1478 = EDGE_LOOP ( 'NONE', ( #1083, #1227 ) ) ;
#1479 = CARTESIAN_POINT ( 'NONE',  ( -12.69999999999999929, -4.762500000000001954, -2.019299999999984330 ) ) ;
#1480 = AXIS2_PLACEMENT_3D ( 'NONE', #1160, #488, #753 ) ;
#1481 = FACE_BOUND ( 'NONE', #1168, .T. ) ;
#1482 = VERTEX_POINT ( 'NONE', #1704 ) ;
#1483 = FACE_BOUND ( 'NONE', #1478, .T. ) ;
#1484 = CALENDAR_DATE ( 2023, 21, 9 ) ;
#1485 = ORIENTED_EDGE ( 'NONE', *, *, #555, .F. ) ;
#1486 =( BOUNDED_CURVE ( )  B_SPLINE_CURVE ( 3, ( #249, #782, #657, #1615 ),
 .UNSPECIFIED., .F., .F. ) 
 B_SPLINE_CURVE_WITH_KNOTS ( ( 4, 4 ),
 ( 5.497787143782137953, 6.283185307179586232 ),
 .UNSPECIFIED. ) 
 CURVE ( )  GEOMETRIC_REPRESENTATION_ITEM ( )  RATIONAL_B_SPLINE_CURVE ( ( 1.000000000000000000, 0.9492530216741911220, 0.9492530216741911220, 1.000000000000000000 ) ) 
 REPRESENTATION_ITEM ( '' )  );
#1487 = DIRECTION ( 'NONE',  ( 0.000000000000000000, 0.000000000000000000, -1.000000000000000000 ) ) ;
#1488 = EDGE_CURVE ( 'NONE', #283, #18, #1511, .T. ) ;
#1489 = LINE ( 'NONE', #1427, #1587 ) ;
#1490 = FACE_OUTER_BOUND ( 'NONE', #1076, .T. ) ;
#1491 = ADVANCED_FACE ( 'NONE', ( #79 ), #1028, .F. ) ;
#1492 = EDGE_LOOP ( 'NONE', ( #949, #593 ) ) ;
#1493 = VERTEX_POINT ( 'NONE', #1411 ) ;
#1494 = CARTESIAN_POINT ( 'NONE',  ( -13.24270929339922809, -2.019299999999992323, -2.019299999999989215 ) ) ;
#1495 = ORIENTED_EDGE ( 'NONE', *, *, #889, .T. ) ;
#1496 = DIRECTION ( 'NONE',  ( -0.000000000000000000, -1.000000000000000000, -0.000000000000000000 ) ) ;
#1497 = AXIS2_PLACEMENT_3D ( 'NONE', #760, #200, #1280 ) ;
#1498 = FACE_OUTER_BOUND ( 'NONE', #54, .T. ) ;
#1499 = VERTEX_POINT ( 'NONE', #612 ) ;
#1500 = CARTESIAN_POINT ( 'NONE',  ( 14.12786072324998266, 1.427860723249984254, 1.427860723249984254 ) ) ;
#1501 = EDGE_CURVE ( 'NONE', #161, #1449, #937, .T. ) ;
#1502 = DIRECTION ( 'NONE',  ( -0.000000000000000000, -0.000000000000000000, -1.000000000000000000 ) ) ;
#1503 = SECURITY_CLASSIFICATION_LEVEL ( 'unclassified' ) ;
#1504 = PRODUCT ( 'REV-21-3420_RevA', 'REV-21-3420_RevA', '', ( #1323 ) ) ;
#1505 = ORIENTED_EDGE ( 'NONE', *, *, #1149, .F. ) ;
#1506 = AXIS2_PLACEMENT_3D ( 'NONE', #1057, #254, #1606 ) ;
#1507 = CYLINDRICAL_SURFACE ( 'NONE', #911, 2.019299999999992767 ) ;
#1508 = LINE ( 'NONE', #1132, #379 ) ;
#1509 = CARTESIAN_POINT ( 'NONE',  ( -11.27213927675001059, -1.427860723249982922, 1.427860723249986252 ) ) ;
#1510 = VERTEX_POINT ( 'NONE', #1167 ) ;
#1511 = CIRCLE ( 'NONE', #1480, 2.019299999999979889 ) ;
#1512 = DATE_AND_TIME ( #175, #1343 ) ;
#1513 = LINE ( 'NONE', #703, #1443 ) ;
#1514 = ORIENTED_EDGE ( 'NONE', *, *, #1501, .F. ) ;
#1515 = DIRECTION ( 'NONE',  ( -0.000000000000000000, -1.000000000000000000, -0.000000000000000000 ) ) ;
#1516 = EDGE_LOOP ( 'NONE', ( #1475, #1520, #1126, #1442, #1294, #37, #1514, #1616 ) ) ;
#1517 = CARTESIAN_POINT ( 'NONE',  ( 0.000000000000000000, 2.019299999999992323, -2.019299999999990991 ) ) ;
#1518 = ORIENTED_EDGE ( 'NONE', *, *, #1322, .F. ) ;
#1519 = CYLINDRICAL_SURFACE ( 'NONE', #427, 2.019299999999992767 ) ;
#1520 = ORIENTED_EDGE ( 'NONE', *, *, #269, .F. ) ;
#1521 = DIRECTION ( 'NONE',  ( 0.000000000000000000, 0.000000000000000000, 1.000000000000000000 ) ) ;
#1522 = EDGE_CURVE ( 'NONE', #1177, #1482, #337, .T. ) ;
#1523 = AXIS2_PLACEMENT_3D ( 'NONE', #1597, #1217, #1336 ) ;
#1524 = FACE_OUTER_BOUND ( 'NONE', #144, .T. ) ;
#1525 = VECTOR ( 'NONE', #425, 1000.000000000000000 ) ;
#1526 = ORIENTED_EDGE ( 'NONE', *, *, #1332, .T. ) ;
#1527 = ORIENTED_EDGE ( 'NONE', *, *, #1198, .F. ) ;
#1528 = CARTESIAN_POINT ( 'NONE',  ( 2.019299999999992767, 2.472929281518241663E-16, -2.019300000000000317 ) ) ;
#1529 = DIRECTION ( 'NONE',  ( -0.000000000000000000, -1.000000000000000000, -0.000000000000000000 ) ) ;
#1530 = ORIENTED_EDGE ( 'NONE', *, *, #1467, .T. ) ;
#1531 = CIRCLE ( 'NONE', #429, 2.019299999999987882 ) ;
#1532 = VERTEX_POINT ( 'NONE', #622 ) ;
#1533 = VECTOR ( 'NONE', #155, 1000.000000000000000 ) ;
#1534 = CARTESIAN_POINT ( 'NONE',  ( -14.12786072324998266, 1.427860723249988251, -1.427860723249985142 ) ) ;
#1535 = EDGE_CURVE ( 'NONE', #805, #81, #1730, .T. ) ;
#1536 = CARTESIAN_POINT ( 'NONE',  ( -14.71929999999999161, 0.000000000000000000, 2.019299999999990547 ) ) ;
#1537 = CARTESIAN_POINT ( 'NONE',  ( -14.12786072324998266, 1.427860723249988251, -1.427860723249985142 ) ) ;
#1538 = EDGE_LOOP ( 'NONE', ( #2, #1642 ) ) ;
#1539 = VERTEX_POINT ( 'NONE', #1272 ) ;
#1540 = AXIS2_PLACEMENT_3D ( 'NONE', #540, #394, #1607 ) ;
#1541 = FACE_OUTER_BOUND ( 'NONE', #934, .T. ) ;
#1542 = DIRECTION ( 'NONE',  ( -0.000000000000000000, -0.000000000000000000, -1.000000000000000000 ) ) ;
#1543 = ORIENTED_EDGE ( 'NONE', *, *, #66, .F. ) ;
#1544 = CARTESIAN_POINT ( 'NONE',  ( -10.68070000000000697, 2.472929281518241663E-16, -2.019299999999996320 ) ) ;
#1545 = EDGE_CURVE ( 'NONE', #501, #533, #981, .T. ) ;
#1546 = DIRECTION ( 'NONE',  ( -1.000000000000000000, 0.000000000000000000, 0.000000000000000000 ) ) ;
#1547 = EDGE_LOOP ( 'NONE', ( #395, #1559, #567, #205, #64, #182 ) ) ;
#1548 = VERTEX_POINT ( 'NONE', #367 ) ;
#1549 = CARTESIAN_POINT ( 'NONE',  ( 12.69999999999999929, 0.000000000000000000, -4.762500000000001954 ) ) ;
#1550 = CARTESIAN_POINT ( 'NONE',  ( 10.68070000000001762, -0.5427092933992233581, 2.019299999999970563 ) ) ;
#1551 = CARTESIAN_POINT ( 'NONE',  ( -2.019299999999992767, 0.000000000000000000, 2.019299999999986106 ) ) ;
#1552 = ORIENTED_EDGE ( 'NONE', *, *, #279, .T. ) ;
#1553 = AXIS2_PLACEMENT_3D ( 'NONE', #1124, #316, #1388 ) ;
#1554 = CARTESIAN_POINT ( 'NONE',  ( -2.019299999999980777, -0.5427092933992253565, -2.019299999999987438 ) ) ;
#1555 = EDGE_CURVE ( 'NONE', #1493, #802, #743, .T. ) ;
#1556 = EDGE_CURVE ( 'NONE', #1190, #684, #576, .T. ) ;
#1557 = DIRECTION ( 'NONE',  ( 0.000000000000000000, 0.000000000000000000, -1.000000000000000000 ) ) ;
#1558 = ORIENTED_EDGE ( 'NONE', *, *, #1437, .T. ) ;
#1559 = ORIENTED_EDGE ( 'NONE', *, *, #698, .T. ) ;
#1560 = CARTESIAN_POINT ( 'NONE',  ( 14.96428216974996062, -2.264282169749962659, 0.5914392767499947468 ) ) ;
#1561 = VECTOR ( 'NONE', #1358, 1000.000000000000000 ) ;
#1562 = CARTESIAN_POINT ( 'NONE',  ( -18.79599999999999937, 4.762500000000000178, 4.192567083542014572 ) ) ;
#1563 = CARTESIAN_POINT ( 'NONE',  ( 0.000000000000000000, 4.762500000000000178, 1.758165685111628668E-15 ) ) ;
#1564 = DIRECTION ( 'NONE',  ( 0.000000000000000000, 0.000000000000000000, -1.000000000000000000 ) ) ;
#1565 = EDGE_LOOP ( 'NONE', ( #1647, #113 ) ) ;
#1566 =( BOUNDED_CURVE ( )  B_SPLINE_CURVE ( 3, ( #679, #1709, #505, #151 ),
 .UNSPECIFIED., .F., .F. ) 
 B_SPLINE_CURVE_WITH_KNOTS ( ( 4, 4 ),
 ( 0.000000000000000000, 0.7853981633974448373 ),
 .UNSPECIFIED. ) 
 CURVE ( )  GEOMETRIC_REPRESENTATION_ITEM ( )  RATIONAL_B_SPLINE_CURVE ( ( 1.000000000000000000, 0.9492530216741915661, 0.9492530216741915661, 1.000000000000000000 ) ) 
 REPRESENTATION_ITEM ( '' )  );
#1567 = EDGE_CURVE ( 'NONE', #980, #517, #1611, .T. ) ;
#1568 = AXIS2_PLACEMENT_3D ( 'NONE', #1464, #1457, #258 ) ;
#1569 = EDGE_CURVE ( 'NONE', #1177, #1116, #655, .T. ) ;
#1570 = DIRECTION ( 'NONE',  ( -1.000000000000000000, 0.000000000000000000, 0.000000000000000000 ) ) ;
#1571 = CARTESIAN_POINT ( 'NONE',  ( -12.69999999999999929, -4.762500000000000178, 3.516331370223257336E-15 ) ) ;
#1572 = CARTESIAN_POINT ( 'NONE',  ( -2.264282169749964879, 2.264282169749964879, -0.5914392767500005199 ) ) ;
#1573 = FACE_OUTER_BOUND ( 'NONE', #1211, .T. ) ;
#1574 = CARTESIAN_POINT ( 'NONE',  ( 10.43571783025002730, 2.264282169749966211, -0.5914392767500031844 ) ) ;
#1575 = ORIENTED_EDGE ( 'NONE', *, *, #1117, .F. ) ;
#1576 =( BOUNDED_CURVE ( )  B_SPLINE_CURVE ( 3, ( #558, #106, #273, #1633 ),
 .UNSPECIFIED., .F., .F. ) 
 B_SPLINE_CURVE_WITH_KNOTS ( ( 4, 4 ),
 ( 2.356194490192346613, 3.141592653589793116 ),
 .UNSPECIFIED. ) 
 CURVE ( )  GEOMETRIC_REPRESENTATION_ITEM ( )  RATIONAL_B_SPLINE_CURVE ( ( 1.000000000000000000, 0.9492530216741912330, 0.9492530216741912330, 1.000000000000000000 ) ) 
 REPRESENTATION_ITEM ( '' )  );
#1577 = ORIENTED_EDGE ( 'NONE', *, *, #169, .T. ) ;
#1578 = LINE ( 'NONE', #234, #62 ) ;
#1579 = EDGE_CURVE ( 'NONE', #378, #48, #832, .T. ) ;
#1580 = CARTESIAN_POINT ( 'NONE',  ( 12.69999999999999929, -4.762500000000001954, 2.019299999999987882 ) ) ;
#1581 = FACE_OUTER_BOUND ( 'NONE', #434, .T. ) ;
#1582 = VECTOR ( 'NONE', #118, 1000.000000000000000 ) ;
#1583 = CARTESIAN_POINT ( 'NONE',  ( 0.000000000000000000, 0.000000000000000000, 4.762500000000003730 ) ) ;
#1584 = ORIENTED_EDGE ( 'NONE', *, *, #436, .T. ) ;
#1585 = CIRCLE ( 'NONE', #714, 2.019299999999998096 ) ;
#1586 = COORDINATED_UNIVERSAL_TIME_OFFSET ( 6, 0, .BEHIND. ) ;
#1587 = VECTOR ( 'NONE', #67, 1000.000000000000000 ) ;
#1588 = LINE ( 'NONE', #1064, #995 ) ;
#1589 = PLANE ( 'NONE',  #460 ) ;
#1590 = AXIS2_PLACEMENT_3D ( 'NONE', #20, #917, #502 ) ;
#1591 = EDGE_CURVE ( 'NONE', #216, #94, #1398, .T. ) ;
#1592 = DIRECTION ( 'NONE',  ( 1.000000000000000000, 0.000000000000000000, 0.000000000000000000 ) ) ;
#1593 = FACE_OUTER_BOUND ( 'NONE', #1628, .T. ) ;
#1594 = ORIENTED_EDGE ( 'NONE', *, *, #1522, .T. ) ;
#1595 = APPROVAL_STATUS ( 'not_yet_approved' ) ;
#1596 = CYLINDRICAL_SURFACE ( 'NONE', #232, 2.019299999999992767 ) ;
#1597 = CARTESIAN_POINT ( 'NONE',  ( 18.79599999999999937, 0.000000000000000000, -1.369275063704359681E-14 ) ) ;
#1598 = FACE_OUTER_BOUND ( 'NONE', #321, .T. ) ;
#1599 = ORIENTED_EDGE ( 'NONE', *, *, #772, .F. ) ;
#1600 = EDGE_CURVE ( 'NONE', #1329, #61, #1173, .T. ) ;
#1601 =( BOUNDED_CURVE ( )  B_SPLINE_CURVE ( 3, ( #1614, #787, #529, #263 ),
 .UNSPECIFIED., .F., .F. ) 
 B_SPLINE_CURVE_WITH_KNOTS ( ( 4, 4 ),
 ( 2.356194490192341728, 3.141592653589793116 ),
 .UNSPECIFIED. ) 
 CURVE ( )  GEOMETRIC_REPRESENTATION_ITEM ( )  RATIONAL_B_SPLINE_CURVE ( ( 1.000000000000000000, 0.9492530216741906779, 0.9492530216741906779, 1.000000000000000000 ) ) 
 REPRESENTATION_ITEM ( '' )  );
#1602 = ORIENTED_EDGE ( 'NONE', *, *, #867, .T. ) ;
#1603 = DIRECTION ( 'NONE',  ( -0.000000000000000000, -0.000000000000000000, -1.000000000000000000 ) ) ;
#1604 = FACE_OUTER_BOUND ( 'NONE', #1016, .T. ) ;
#1605 = EDGE_LOOP ( 'NONE', ( #1689, #1387, #1340, #605, #338, #1219, #215 ) ) ;
#1606 = DIRECTION ( 'NONE',  ( -1.000000000000000000, 0.000000000000000000, 0.000000000000000000 ) ) ;
#1607 = DIRECTION ( 'NONE',  ( 0.000000000000000000, -0.000000000000000000, -1.000000000000000000 ) ) ;
#1608 = EDGE_LOOP ( 'NONE', ( #409, #723, #1246, #658, #755, #55 ) ) ;
#1609 = EDGE_CURVE ( 'NONE', #1106, #131, #1203, .T. ) ;
#1610 = EDGE_LOOP ( 'NONE', ( #1138, #1405, #11, #391, #1006, #1671, #1381 ) ) ;
#1611 =( BOUNDED_CURVE ( )  B_SPLINE_CURVE ( 3, ( #195, #230, #1574, #1688 ),
 .UNSPECIFIED., .F., .F. ) 
 B_SPLINE_CURVE_WITH_KNOTS ( ( 4, 4 ),
 ( 2.356194490192343061, 3.926990816987241839 ),
 .UNSPECIFIED. ) 
 CURVE ( )  GEOMETRIC_REPRESENTATION_ITEM ( )  RATIONAL_B_SPLINE_CURVE ( ( 1.000000000000000000, 0.8047378541243644934, 0.8047378541243644934, 1.000000000000000000 ) ) 
 REPRESENTATION_ITEM ( '' )  );
#1612 = VECTOR ( 'NONE', #931, 1000.000000000000000 ) ;
#1613 = FACE_BOUND ( 'NONE', #1235, .T. ) ;
#1614 = CARTESIAN_POINT ( 'NONE',  ( 1.427860723249990693, -1.427860723249981145, 1.427860723249983144 ) ) ;
#1615 = CARTESIAN_POINT ( 'NONE',  ( 12.69999999999999929, 2.019299999999992323, -2.019299999999992767 ) ) ;
#1616 = ORIENTED_EDGE ( 'NONE', *, *, #631, .F. ) ;
#1617 = LINE ( 'NONE', #223, #287 ) ;
#1618 = EDGE_LOOP ( 'NONE', ( #623, #713, #1293, #604, #40, #189 ) ) ;
#1619 = EDGE_CURVE ( 'NONE', #26, #878, #1486, .T. ) ;
#1620 = CARTESIAN_POINT ( 'NONE',  ( -12.69999999999999929, 2.019299999999992323, 2.019299999999996320 ) ) ;
#1621 = ADVANCED_FACE ( 'NONE', ( #938 ), #927, .F. ) ;
#1622 =( BOUNDED_CURVE ( )  B_SPLINE_CURVE ( 3, ( #9, #99, #243, #410 ),
 .UNSPECIFIED., .F., .F. ) 
 B_SPLINE_CURVE_WITH_KNOTS ( ( 4, 4 ),
 ( 5.497787143782137065, 7.068583470577036287 ),
 .UNSPECIFIED. ) 
 CURVE ( )  GEOMETRIC_REPRESENTATION_ITEM ( )  RATIONAL_B_SPLINE_CURVE ( ( 1.000000000000000000, 0.8047378541243643824, 0.8047378541243643824, 1.000000000000000000 ) ) 
 REPRESENTATION_ITEM ( '' )  );
#1623 = DIRECTION ( 'NONE',  ( 1.000000000000000000, -0.000000000000000000, -0.000000000000000000 ) ) ;
#1624 = VERTEX_POINT ( 'NONE', #649 ) ;
#1625 = DIRECTION ( 'NONE',  ( 1.000000000000000000, -0.000000000000000000, -0.000000000000000000 ) ) ;
#1626 = ORIENTED_EDGE ( 'NONE', *, *, #1569, .F. ) ;
#1627 = CARTESIAN_POINT ( 'NONE',  ( 11.27213927675001415, 1.427860723249984920, 1.427860723249985142 ) ) ;
#1628 = EDGE_LOOP ( 'NONE', ( #121, #1669, #964, #956 ) ) ;
#1629 = LINE ( 'NONE', #982, #1276 ) ;
#1630 = EDGE_CURVE ( 'NONE', #1658, #433, #1665, .T. ) ;
#1631 = CARTESIAN_POINT ( 'NONE',  ( 18.79599999999999937, 4.192567083542019901, -4.762499999999996625 ) ) ;
#1632 = ORIENTED_EDGE ( 'NONE', *, *, #251, .F. ) ;
#1633 = CARTESIAN_POINT ( 'NONE',  ( 2.019299999999992767, 2.472929281518241663E-16, 2.019299999999985218 ) ) ;
#1634 = COORDINATED_UNIVERSAL_TIME_OFFSET ( 6, 0, .BEHIND. ) ;
#1635 = ORIENTED_EDGE ( 'NONE', *, *, #1663, .T. ) ;
#1636 = CARTESIAN_POINT ( 'NONE',  ( -1.427860723249987140, -1.427860723249986696, -1.427860723249985142 ) ) ;
#1637 = AXIS2_PLACEMENT_3D ( 'NONE', #506, #1025, #891 ) ;
#1638 = CARTESIAN_POINT ( 'NONE',  ( -14.12786072324998621, 1.427860723249983810, 1.427860723249987140 ) ) ;
#1639 = EDGE_CURVE ( 'NONE', #305, #775, #1258, .T. ) ;
#1640 = VECTOR ( 'NONE', #307, 1000.000000000000000 ) ;
#1641 = ORIENTED_EDGE ( 'NONE', *, *, #1663, .F. ) ;
#1642 = ORIENTED_EDGE ( 'NONE', *, *, #719, .T. ) ;
#1643 = CARTESIAN_POINT ( 'NONE',  ( -14.12786072324998621, -1.427860723249986252, -1.427860723249983144 ) ) ;
#1644 = APPROVAL_DATE_TIME ( #1512, #1296 ) ;
#1645 = VECTOR ( 'NONE', #1716, 1000.000000000000000 ) ;
#1646 = DIRECTION ( 'NONE',  ( 1.000000000000000000, -0.000000000000000000, -0.000000000000000000 ) ) ;
#1647 = ORIENTED_EDGE ( 'NONE', *, *, #1600, .F. ) ;
#1648 = CYLINDRICAL_SURFACE ( 'NONE', #171, 2.019299999999992767 ) ;
#1649 = CARTESIAN_POINT ( 'NONE',  ( 0.000000000000000000, 2.019299999999992323, -2.019299999999990991 ) ) ;
#1650 = ORIENTED_EDGE ( 'NONE', *, *, #107, .F. ) ;
#1651 = CARTESIAN_POINT ( 'NONE',  ( -23.20400000000002194, 4.192567083542019013, -4.762499999999995737 ) ) ;
#1652 = ADVANCED_FACE ( 'NONE', ( #1328 ), #1739, .F. ) ;
#1653 = LINE ( 'NONE', #446, #514 ) ;
#1654 = ORIENTED_EDGE ( 'NONE', *, *, #137, .T. ) ;
#1655 = CARTESIAN_POINT ( 'NONE',  ( 10.68070000000000697, 0.000000000000000000, -2.019300000000002093 ) ) ;
#1656 =( BOUNDED_CURVE ( )  B_SPLINE_CURVE ( 3, ( #1551, #226, #609, #1702 ),
 .UNSPECIFIED., .F., .F. ) 
 B_SPLINE_CURVE_WITH_KNOTS ( ( 4, 4 ),
 ( 3.141592653589793116, 3.926990816987238286 ),
 .UNSPECIFIED. ) 
 CURVE ( )  GEOMETRIC_REPRESENTATION_ITEM ( )  RATIONAL_B_SPLINE_CURVE ( ( 1.000000000000000000, 0.9492530216741915661, 0.9492530216741915661, 1.000000000000000000 ) ) 
 REPRESENTATION_ITEM ( '' )  );
#1657 = DIRECTION ( 'NONE',  ( -0.000000000000000000, -1.000000000000000000, -0.000000000000000000 ) ) ;
#1658 = VERTEX_POINT ( 'NONE', #530 ) ;
#1659 = CARTESIAN_POINT ( 'NONE',  ( -10.68070000000000697, 2.472929281518241663E-16, -2.019299999999996320 ) ) ;
#1660 = FACE_OUTER_BOUND ( 'NONE', #143, .T. ) ;
#1661 = VERTEX_POINT ( 'NONE', #1192 ) ;
#1662 = VERTEX_POINT ( 'NONE', #1060 ) ;
#1663 = EDGE_CURVE ( 'NONE', #878, #517, #465, .T. ) ;
#1664 = CARTESIAN_POINT ( 'NONE',  ( -14.71929999999999161, 0.000000000000000000, -2.019299999999994544 ) ) ;
#1665 =( BOUNDED_CURVE ( )  B_SPLINE_CURVE ( 3, ( #1455, #408, #801, #1210 ),
 .UNSPECIFIED., .F., .F. ) 
 B_SPLINE_CURVE_WITH_KNOTS ( ( 4, 4 ),
 ( 2.356194490192346169, 3.926990816987242727 ),
 .UNSPECIFIED. ) 
 CURVE ( )  GEOMETRIC_REPRESENTATION_ITEM ( )  RATIONAL_B_SPLINE_CURVE ( ( 1.000000000000000000, 0.8047378541243649375, 0.8047378541243649375, 1.000000000000000000 ) ) 
 REPRESENTATION_ITEM ( '' )  );
#1666 = DIRECTION ( 'NONE',  ( 0.000000000000000000, 0.000000000000000000, -1.000000000000000000 ) ) ;
#1667 = AXIS2_PLACEMENT_3D ( 'NONE', #285, #1103, #1215 ) ;
#1668 = CARTESIAN_POINT ( 'NONE',  ( 12.69999999999999929, 0.000000000000000000, -4.762500000000001954 ) ) ;
#1669 = ORIENTED_EDGE ( 'NONE', *, *, #1545, .T. ) ;
#1670 = CIRCLE ( 'NONE', #1278, 2.019299999999998096 ) ;
#1671 = ORIENTED_EDGE ( 'NONE', *, *, #445, .T. ) ;
#1672 = CIRCLE ( 'NONE', #662, 2.019299999999997208 ) ;
#1673 = FACE_OUTER_BOUND ( 'NONE', #998, .T. ) ;
#1674 = ADVANCED_FACE ( 'NONE', ( #1069, #1481, #386, #1598 ), #1348, .T. ) ;
#1675 = CARTESIAN_POINT ( 'NONE',  ( -1.427860723249984698, -1.427860723249985142, 1.427860723249986918 ) ) ;
#1676 = CYLINDRICAL_SURFACE ( 'NONE', #1497, 2.019299999999992323 ) ;
#1677 = CARTESIAN_POINT ( 'NONE',  ( 12.69999999999999929, -4.762500000000000178, 0.000000000000000000 ) ) ;
#1678 =( BOUNDED_CURVE ( )  B_SPLINE_CURVE ( 3, ( #1289, #191, #1550, #364 ),
 .UNSPECIFIED., .F., .F. ) 
 B_SPLINE_CURVE_WITH_KNOTS ( ( 4, 4 ),
 ( 2.356194490192346613, 3.141592653589793116 ),
 .UNSPECIFIED. ) 
 CURVE ( )  GEOMETRIC_REPRESENTATION_ITEM ( )  RATIONAL_B_SPLINE_CURVE ( ( 1.000000000000000000, 0.9492530216741912330, 0.9492530216741912330, 1.000000000000000000 ) ) 
 REPRESENTATION_ITEM ( '' )  );
#1679 = CARTESIAN_POINT ( 'NONE',  ( -10.43571783025003441, -2.264282169749965323, 0.5914392767499989656 ) ) ;
#1680 = VERTEX_POINT ( 'NONE', #134 ) ;
#1681 = EDGE_LOOP ( 'NONE', ( #708, #1281, #387, #296, #1097, #177, #467 ) ) ;
#1682 = CARTESIAN_POINT ( 'NONE',  ( -12.69999999999999929, 0.000000000000000000, -4.762499999999998401 ) ) ;
#1683 = PRODUCT_DEFINITION_SHAPE ( 'NONE', 'NONE',  #63 ) ;
#1684 = CARTESIAN_POINT ( 'NONE',  ( -10.88838585517446411, -1.044107301674428001, 1.811614144825531403 ) ) ;
#1685 = CARTESIAN_POINT ( 'NONE',  ( -14.12786072324998443, -1.427860723249985808, 1.427860723249989139 ) ) ;
#1686 = ORIENTED_EDGE ( 'NONE', *, *, #218, .T. ) ;
#1687 = CARTESIAN_POINT ( 'NONE',  ( -18.79599999999999937, -4.762500000000000178, -4.762499999999998401 ) ) ;
#1688 = CARTESIAN_POINT ( 'NONE',  ( 11.27213927675001948, 1.427860723249991581, -1.427860723249991581 ) ) ;
#1689 = ORIENTED_EDGE ( 'NONE', *, *, #1058, .F. ) ;
#1690 = VERTEX_POINT ( 'NONE', #1338 ) ;
#1691 = CARTESIAN_POINT ( 'NONE',  ( 1.811614144825535400, -1.044107301674426003, 1.811614144825527850 ) ) ;
#1692 = CARTESIAN_POINT ( 'NONE',  ( 14.12786072324998621, 1.427860723249987585, -1.427860723249987585 ) ) ;
#1693 = DIRECTION ( 'NONE',  ( -1.000000000000000000, -0.000000000000000000, 3.642463991552350465E-16 ) ) ;
#1694 = CIRCLE ( 'NONE', #1380, 6.344999999999999751 ) ;
#1695 = LINE ( 'NONE', #771, #1645 ) ;
#1696 = EDGE_CURVE ( 'NONE', #1422, #1146, #519, .T. ) ;
#1697 = ORIENTED_EDGE ( 'NONE', *, *, #876, .F. ) ;
#1698 = ADVANCED_FACE ( 'NONE', ( #1593 ), #1319, .T. ) ;
#1699 =( BOUNDED_CURVE ( )  B_SPLINE_CURVE ( 3, ( #925, #261, #1065, #1460 ),
 .UNSPECIFIED., .F., .F. ) 
 B_SPLINE_CURVE_WITH_KNOTS ( ( 4, 4 ),
 ( 5.497787143782136177, 6.283185307179586232 ),
 .UNSPECIFIED. ) 
 CURVE ( )  GEOMETRIC_REPRESENTATION_ITEM ( )  RATIONAL_B_SPLINE_CURVE ( ( 1.000000000000000000, 0.9492530216741910110, 0.9492530216741910110, 1.000000000000000000 ) ) 
 REPRESENTATION_ITEM ( '' )  );
#1700 = CARTESIAN_POINT ( 'NONE',  ( 13.24270929339922986, -2.019299999999992323, 2.019299999999992323 ) ) ;
#1701 = DIRECTION ( 'NONE',  ( -0.000000000000000000, -0.000000000000000000, -1.000000000000000000 ) ) ;
#1702 = CARTESIAN_POINT ( 'NONE',  ( -1.427860723249990249, 1.427860723249981811, 1.427860723249983810 ) ) ;
#1703 = CARTESIAN_POINT ( 'NONE',  ( -12.69999999999999929, -4.762500000000000178, 2.019299999999996320 ) ) ;
#1704 = CARTESIAN_POINT ( 'NONE',  ( 2.019299999999992767, 2.472929281518241663E-16, -2.019300000000000317 ) ) ;
#1705 = VERTEX_POINT ( 'NONE', #1472 ) ;
#1706 = EDGE_CURVE ( 'NONE', #98, #18, #240, .T. ) ;
#1707 = CARTESIAN_POINT ( 'NONE',  ( 10.88838585517446056, 1.044107301674428223, 1.811614144825523631 ) ) ;
#1708 = DIRECTION ( 'NONE',  ( -0.000000000000000000, -0.000000000000000000, -1.000000000000000000 ) ) ;
#1709 = CARTESIAN_POINT ( 'NONE',  ( 0.5427092933992253565, -2.019299999999992323, -2.019299999999991435 ) ) ;
#1710 = CARTESIAN_POINT ( 'NONE',  ( 10.68070000000000697, 0.000000000000000000, -2.019300000000002093 ) ) ;
#1711 = CYLINDRICAL_SURFACE ( 'NONE', #857, 2.019299999999992767 ) ;
#1712 = CARTESIAN_POINT ( 'NONE',  ( 11.27213927675001948, -1.427860723249991581, -1.427860723249991581 ) ) ;
#1713 = ORIENTED_EDGE ( 'NONE', *, *, #1255, .T. ) ;
#1714 = DIRECTION ( 'NONE',  ( -0.000000000000000000, -0.000000000000000000, -1.000000000000000000 ) ) ;
#1715 = CARTESIAN_POINT ( 'NONE',  ( -12.69999999999999929, 2.019299999999992323, 2.019299999999996320 ) ) ;
#1716 = DIRECTION ( 'NONE',  ( -0.000000000000000000, -0.000000000000000000, -1.000000000000000000 ) ) ;
#1717 = CIRCLE ( 'NONE', #1104, 2.019299999999987882 ) ;
#1718 = CARTESIAN_POINT ( 'NONE',  ( 12.69999999999999929, -2.019299999999992323, 2.019299999999992767 ) ) ;
#1719 = ORIENTED_EDGE ( 'NONE', *, *, #180, .T. ) ;
#1720 = AXIS2_PLACEMENT_3D ( 'NONE', #304, #559, #840 ) ;
#1721 = CARTESIAN_POINT ( 'NONE',  ( 10.68070000000000697, 0.000000000000000000, -4.762500000000001954 ) ) ;
#1722 = CARTESIAN_POINT ( 'NONE',  ( -2.019299999999998096, 0.000000000000000000, 4.762500000000003730 ) ) ;
#1723 = EDGE_CURVE ( 'NONE', #26, #1510, #289, .T. ) ;
#1724 = CARTESIAN_POINT ( 'NONE',  ( 12.69999999999999929, 2.019299999999992323, -2.019299999999992767 ) ) ;
#1725 = DIRECTION ( 'NONE',  ( 0.000000000000000000, 0.000000000000000000, -1.000000000000000000 ) ) ;
#1726 = ORIENTED_EDGE ( 'NONE', *, *, #1639, .F. ) ;
#1727 = ADVANCED_BREP_SHAPE_REPRESENTATION ( 'REV-21-3420_RevA', ( #355, #1568 ), #298 ) ;
#1728 = VERTEX_POINT ( 'NONE', #516 ) ;
#1729 = CARTESIAN_POINT ( 'NONE',  ( 14.71929999999998806, 2.472929281518237226E-16, -4.762500000000003730 ) ) ;
#1730 = CIRCLE ( 'NONE', #725, 2.019299999999987882 ) ;
#1731 = CARTESIAN_POINT ( 'NONE',  ( -11.65589269832556241, 1.811614144825543615, 1.811614144825547390 ) ) ;
#1732 = CARTESIAN_POINT ( 'NONE',  ( 18.79599999999999937, 0.000000000000000000, 0.000000000000000000 ) ) ;
#1733 = EDGE_CURVE ( 'NONE', #402, #1449, #1122, .T. ) ;
#1734 = ORIENTED_EDGE ( 'NONE', *, *, #748, .F. ) ;
#1735 = ORIENTED_EDGE ( 'NONE', *, *, #758, .F. ) ;
#1736 = FACE_OUTER_BOUND ( 'NONE', #726, .T. ) ;
#1737 =( BOUNDED_CURVE ( )  B_SPLINE_CURVE ( 3, ( #1000, #1560, #340, #1023 ),
 .UNSPECIFIED., .F., .F. ) 
 B_SPLINE_CURVE_WITH_KNOTS ( ( 4, 4 ),
 ( 5.497787143782137953, 7.068583470577031846 ),
 .UNSPECIFIED. ) 
 CURVE ( )  GEOMETRIC_REPRESENTATION_ITEM ( )  RATIONAL_B_SPLINE_CURVE ( ( 1.000000000000000000, 0.8047378541243654926, 0.8047378541243654926, 1.000000000000000000 ) ) 
 REPRESENTATION_ITEM ( '' )  );
#1738 = FACE_OUTER_BOUND ( 'NONE', #810, .T. ) ;
#1739 = CYLINDRICAL_SURFACE ( 'NONE', #498, 2.019299999999992323 ) ;
#1740 = VERTEX_POINT ( 'NONE', #173 ) ;
#1741 = CARTESIAN_POINT ( 'NONE',  ( 14.12786072324998976, -1.427860723249979813, 1.427860723249979813 ) ) ;
ENDSEC;
END-ISO-10303-21;
